{"type":"FeatureCollection","features":[{"type":"Feature","id":"limites_parroquiales.1","geometry":{"type":"MultiPolygon","coordinates":[[[[-79.31820082,-3.72104809],[-79.31801169,-3.72148664],[-79.31803995,-3.72291751],[-79.3180231,-3.72363286],[-79.31777393,-3.72440998],[-79.3174322,-3.72500028],[-79.31654821,-3.7258384],[-79.31605192,-3.72631959],[-79.31557051,-3.72709625],[-79.31457907,-3.7274365],[-79.31411426,-3.72763777],[-79.31209968,-3.72870698],[-79.31087476,-3.72971553],[-79.31033192,-3.73024323],[-79.31025407,-3.73037499],[-79.30992811,-3.73092675],[-79.30975683,-3.73143962],[-79.30903758,-3.73517072],[-79.30894318,-3.73596367],[-79.30827117,-3.73925939],[-79.30788226,-3.74023843],[-79.30653181,-3.74210203],[-79.30539968,-3.74314182],[-79.30418983,-3.74435252],[-79.30310322,-3.7458589],[-79.30224834,-3.7476302],[-79.30193731,-3.74836052],[-79.30119533,-3.74979969],[-79.30116034,-3.74986753],[-79.30046105,-3.75123476],[-79.29965397,-3.75229072],[-79.29791749,-3.75360922],[-79.29689367,-3.75468031],[-79.29501804,-3.75590523],[-79.29441351,-3.75629283],[-79.29029101,-3.75857089],[-79.28860171,-3.75951621],[-79.28593547,-3.76126831],[-79.28340879,-3.76291183],[-79.28264908,-3.76348573],[-79.28059284,-3.76482888],[-79.2803704,-3.76497419],[-79.27973522,-3.76519064],[-79.27896067,-3.76543793],[-79.27835649,-3.76565448],[-79.27796889,-3.76593362],[-79.27758106,-3.76633721],[-79.27714614,-3.76706726],[-79.27669584,-3.76775065],[-79.27523701,-3.76956728],[-79.2747712,-3.77025066],[-79.27447544,-3.7710743],[-79.27439674,-3.77172733],[-79.2739746,-3.77382593],[-79.27290365,-3.77520791],[-79.27200403,-3.77606146],[-79.26964678,-3.77810955],[-79.26862303,-3.77911837],[-79.26804867,-3.77986368],[-79.26776958,-3.78009641],[-79.26660579,-3.78143154],[-79.26640416,-3.78161774],[-79.26590836,-3.78181894],[-79.26542838,-3.78183351],[-79.2645771,-3.78173849],[-79.26406639,-3.78164414],[-79.26364841,-3.78162777],[-79.26321477,-3.78170462],[-79.26267233,-3.78199903],[-79.2624993,-3.78212365],[-79.26228475,-3.78227819],[-79.26183496,-3.7826972],[-79.26147812,-3.7830697],[-79.25904414,-3.78474436],[-79.25721692,-3.78495841],[-79.25560693,-3.78489296],[-79.25508049,-3.78493855],[-79.25435242,-3.78515481],[-79.25350078,-3.78523084],[-79.25309888,-3.78491899],[-79.25269723,-3.78448277],[-79.25214491,-3.78430436],[-79.25135922,-3.78417119],[-79.25098991,-3.78421831],[-79.25056066,-3.78448063],[-79.25028617,-3.78477913],[-79.25008328,-3.78499404],[-79.25002319,-3.78526905],[-79.25011788,-3.78555634],[-79.25021255,-3.78586758],[-79.25018804,-3.78619052],[-79.25015188,-3.78641772],[-79.25000875,-3.7865251],[-79.2496392,-3.78671575],[-79.24944844,-3.786835],[-79.24940054,-3.78695453],[-79.24942393,-3.78716991],[-79.24934015,-3.7873731],[-79.24923255,-3.78758821],[-79.24924368,-3.78795909],[-79.24924799,-3.78879049],[-79.24930643,-3.78934086],[-79.24935352,-3.78960416],[-79.24951991,-3.78978395],[-79.24967426,-3.79001155],[-79.24976907,-3.79023903],[-79.24979253,-3.7904185],[-79.2498039,-3.79069368],[-79.24972013,-3.7908849],[-79.24960071,-3.79105216],[-79.24947486,-3.79144069],[-79.24939055,-3.79193096],[-79.24924688,-3.79230154],[-79.24921899,-3.79233874],[-79.24910358,-3.79249264],[-79.24891256,-3.79273151],[-79.24872172,-3.79287466],[-79.24868569,-3.79304208],[-79.24874488,-3.79320963],[-79.24887567,-3.79331761],[-79.24891126,-3.79337747],[-79.24893479,-3.7935211],[-79.24892269,-3.79362873],[-79.24890467,-3.79369449],[-79.24896371,-3.79394582],[-79.24908235,-3.79417333],[-79.24924886,-3.79428133],[-79.24937963,-3.79438926],[-79.24942703,-3.79450899],[-79.24947418,-3.79474832],[-79.24958077,-3.79504762],[-79.24975906,-3.79521547],[-79.24998504,-3.79535947],[-79.2501397,-3.79544351],[-79.25025837,-3.79564714],[-79.25029359,-3.79589842],[-79.25018601,-3.79611352],[-79.25005477,-3.79620897],[-79.24993548,-3.79631638],[-79.24998757,-3.79706416],[-79.2500346,-3.79736332],[-79.2502005,-3.79777042],[-79.25032331,-3.7979438],[-79.25049739,-3.79818968],[-79.25091335,-3.79860921],[-79.25125807,-3.79893291],[-79.25157908,-3.7992087],[-79.25176904,-3.79949619],[-79.25180439,-3.79968771],[-79.25165488,-3.80000437],[-79.25155921,-3.80020755],[-79.25143977,-3.80037476],[-79.25139182,-3.80053019],[-79.25145086,-3.80078153],[-79.25179547,-3.80115308],[-79.25191401,-3.80144041],[-79.25179407,-3.80184691],[-79.25147204,-3.80210944],[-79.25140021,-3.80227678],[-79.25137609,-3.80243222],[-79.25147083,-3.80269561],[-79.25178581,-3.80300129],[-79.25188058,-3.8032527],[-79.25189163,-3.80367141],[-79.25179577,-3.80397028],[-79.25162869,-3.80414938],[-79.25143756,-3.80442413],[-79.2513895,-3.80463937],[-79.25134123,-3.80495029],[-79.25135262,-3.80520155],[-79.25147121,-3.80546494],[-79.25164951,-3.80562083],[-79.25193514,-3.80572907],[-79.25219703,-3.80577745],[-79.25229435,-3.80584384],[-79.25237087,-3.80597894],[-79.25238972,-3.80612999],[-79.25240223,-3.806281],[-79.25239542,-3.80646734],[-79.25239506,-3.80664402],[-79.25237875,-3.8068175],[-79.25242297,-3.80713841],[-79.25242174,-3.80774929],[-79.25253166,-3.80908441],[-79.25253016,-3.80983104],[-79.25261819,-3.81009805],[-79.25257369,-3.81057777],[-79.25264049,-3.81096254],[-79.25270719,-3.81139257],[-79.25272862,-3.81193562],[-79.25259262,-3.81236522],[-79.25225413,-3.81247022],[-79.25183345,-3.8126277],[-79.25159636,-3.81295709],[-79.25145095,-3.81340541],[-79.25130563,-3.81381418],[-79.25118686,-3.81407783],[-79.25118617,-3.81442088],[-79.25134309,-3.81477747],[-79.25131628,-3.81504132],[-79.25106633,-3.81522554],[-79.25069817,-3.81539634],[-79.25034332,-3.81548797],[-79.24987046,-3.8154606],[-79.24969972,-3.81544708],[-79.24950243,-3.81556542],[-79.24944942,-3.81580282],[-79.249475,-3.81614593],[-79.2492772,-3.81652819],[-79.24897418,-3.81696301],[-79.24848678,-3.81763493],[-79.24817038,-3.81818849],[-79.24784147,-3.81845173],[-79.24744609,-3.81855334],[-79.24743401,-3.81855644],[-79.24689554,-3.81850256],[-79.24642275,-3.81844882],[-79.24604178,-3.81846124],[-79.24550323,-3.81843375],[-79.24514183,-3.81851877],[-79.24501028,-3.81861086],[-79.24486517,-3.81892724],[-79.24482508,-3.819257],[-79.24471941,-3.81953389],[-79.24453518,-3.81969187],[-79.24395687,-3.81984904],[-79.24345713,-3.82013828],[-79.24304924,-3.82046731],[-79.24264128,-3.82082274],[-79.24228579,-3.82123103],[-79.24204846,-3.82165278],[-79.24190326,-3.82199558],[-79.24161968,-3.82256895],[-79.24119861,-3.82292438],[-79.24083013,-3.82325349],[-79.2406457,-3.8235038],[-79.24051385,-3.82374104],[-79.24051331,-3.82400493],[-79.24061778,-3.82430865],[-79.24068272,-3.82467823],[-79.24058995,-3.82507387],[-79.24049736,-3.82539034],[-79.24037158,-3.82587172],[-79.24022648,-3.82616168],[-79.23996337,-3.82635909],[-79.23985792,-3.8265304],[-79.23993632,-3.82674169],[-79.24008011,-3.82708504],[-79.24002647,-3.8276391],[-79.23990757,-3.82795556],[-79.23940786,-3.82820523],[-79.23864588,-3.82824323],[-79.23829154,-3.82808417],[-79.23797649,-3.82797796],[-79.23759541,-3.82804316],[-79.23714848,-3.82818737],[-79.23666186,-3.82847664],[-79.23622754,-3.82888479],[-79.23612839,-3.82918148],[-79.2361539,-3.829551],[-79.23611389,-3.82984118],[-79.23604793,-3.8299994],[-79.23575875,-3.83007798],[-79.23550886,-3.83022258],[-79.23528486,-3.83055198],[-79.23506096,-3.83084184],[-79.23462673,-3.83119719],[-79.23411407,-3.83136766],[-79.23409267,-3.8313765],[-79.2337328,-3.83152522],[-79.23344348,-3.83168293],[-79.23315407,-3.83189348],[-79.2328777,-3.83213039],[-79.23270172,-3.83227023],[-79.23237282,-3.83251696],[-79.23218635,-3.83255977],[-79.2319457,-3.83261502],[-79.23161756,-3.83246591],[-79.23132248,-3.83223439],[-79.23117604,-3.83218501],[-79.23093948,-3.83223732],[-79.23076834,-3.8324217],[-79.2305448,-3.83252677],[-79.23026898,-3.8324998],[-79.22998021,-3.83240685],[-79.22969163,-3.83219512],[-79.22942905,-3.83211541],[-79.22923205,-3.83210181],[-79.22899549,-3.83216728],[-79.22875865,-3.83233835],[-79.22844283,-3.8326016],[-79.22828486,-3.83277279],[-79.22808769,-3.83283836],[-79.22785135,-3.83277189],[-79.22768105,-3.83254724],[-79.22758999,-3.83212481],[-79.22745929,-3.83179466],[-79.22722288,-3.83176778],[-79.22697326,-3.83179365],[-79.22655297,-3.8317532],[-79.22621147,-3.8317525],[-79.22597467,-3.83191034],[-79.22585603,-3.832108],[-79.22561939,-3.83219989],[-79.22539584,-3.8323182],[-79.2251725,-3.83233091],[-79.22498883,-3.83221176],[-79.22472679,-3.83189454],[-79.22453018,-3.8316698],[-79.22410363,-3.83149081],[-79.22374891,-3.83150328],[-79.22342017,-3.83167412],[-79.22311775,-3.83180544],[-79.22268417,-3.83184413],[-79.22232997,-3.83161909],[-79.22205461,-3.831381],[-79.22185804,-3.83115626],[-79.22170041,-3.83114273],[-79.22146352,-3.83136659],[-79.2211338,-3.83199924],[-79.22089675,-3.83228903],[-79.22073869,-3.83251298],[-79.22067243,-3.83277676],[-79.22061893,-3.83323845],[-79.22053924,-3.8336605],[-79.2203285,-3.83392398],[-79.21978916,-3.83430549],[-79.21948652,-3.83454238],[-79.21871707,-3.83502238],[-79.21808597,-3.83528496],[-79.21741557,-3.83550784],[-79.21686023,-3.83560822],[-79.21676235,-3.83567878],[-79.21656843,-3.83576821],[-79.21614733,-3.83570684],[-79.21582259,-3.83559738],[-79.21562997,-3.83562114],[-79.21541306,-3.83575369],[-79.21520772,-3.83610383],[-79.21511116,-3.83623661],[-79.21487043,-3.83624822],[-79.21464191,-3.83617519],[-79.21438935,-3.83607796],[-79.21422085,-3.83607761],[-79.21407636,-3.83611354],[-79.21399173,-3.8362947],[-79.21394299,-3.83658478],[-79.21387264,-3.83688651],[-79.21341447,-3.83712423],[-79.21322826,-3.8373248],[-79.21308448,-3.83774077],[-79.21304096,-3.83805653],[-79.21285473,-3.83827144],[-79.2124688,-3.83829932],[-79.2121542,-3.83839918],[-79.21182505,-3.83861381],[-79.21163873,-3.8388718],[-79.21158417,-3.83918297],[-79.21169454,-3.83951789],[-79.21173697,-3.83973328],[-79.21166496,-3.84000589],[-79.21133579,-3.84022052],[-79.21102108,-3.84037777],[-79.21066304,-3.84073591],[-79.21031951,-3.84099355],[-79.20974765,-3.84109282],[-79.20927584,-3.84119232],[-79.20890407,-3.84127767],[-79.20874655,-3.84143523],[-79.20877451,-3.84173676],[-79.20900248,-3.84206738],[-79.20927327,-3.84242684],[-79.20941546,-3.84277164],[-79.20932115,-3.84345327],[-79.20921984,-3.844056],[-79.20919026,-3.84452963],[-79.20903222,-3.84493125],[-79.20870283,-3.84526071],[-79.20848792,-3.84551865],[-79.2084441,-3.8459779],[-79.20850025,-3.8464661],[-79.20848563,-3.84662394],[-79.20846466,-3.84700848],[-79.20844848,-3.84730573],[-79.20824739,-3.84777903],[-79.20800378,-3.84809432],[-79.20790255,-3.84866831],[-79.20780182,-3.84899827],[-79.20775833,-3.84929962],[-79.20748658,-3.8493995],[-79.20728671,-3.84929862],[-79.20712965,-3.8492265],[-79.20688648,-3.84932648],[-79.20679812,-3.84949004],[-79.20676915,-3.84967657],[-79.20685432,-3.84996384],[-79.20706815,-3.85022266],[-79.20726741,-3.85061069],[-79.20753773,-3.85118543],[-79.20756561,-3.85152999],[-79.20746499,-3.8518169],[-79.20746439,-3.85210399],[-79.2075064,-3.852506],[-79.20750555,-3.85290795],[-79.2074194,-3.85310873],[-79.20729061,-3.85319459],[-79.2070761,-3.85325155],[-79.20677625,-3.85312173],[-79.20649083,-3.85293451],[-79.20629104,-3.85279051],[-79.2061196,-3.85276147],[-79.20591947,-3.85278973],[-79.20571899,-3.85297593],[-79.2055326,-3.85326266],[-79.2053751,-3.85340588],[-79.20517489,-3.85346287],[-79.2048748,-3.85344788],[-79.20464593,-3.85354789],[-79.20448836,-3.8537198],[-79.20444484,-3.85402117],[-79.20440144,-3.85427945],[-79.20421499,-3.85459485],[-79.20400011,-3.85483844],[-79.20375652,-3.85513939],[-79.20364166,-3.85539751],[-79.20364121,-3.85561284],[-79.20369778,-3.85590006],[-79.20414537,-3.85711399],[-79.2043584,-3.8577604],[-79.2044715,-3.85834918],[-79.20454186,-3.85888045],[-79.2046553,-3.85929699],[-79.2047118,-3.85962727],[-79.20465402,-3.85991425],[-79.20450307,-3.8603374],[-79.20443214,-3.86051438],[-79.20441687,-3.86055252],[-79.2044306,-3.86081094],[-79.20454428,-3.861127],[-79.20467232,-3.86141437],[-79.20498633,-3.86160165],[-79.20551472,-3.86178938],[-79.20564327,-3.86183271],[-79.20582859,-3.86204844],[-79.20612814,-3.8623218],[-79.20651371,-3.86245183],[-79.20704226,-3.86258215],[-79.20749946,-3.86264051],[-79.20815898,-3.86261369],[-79.20817127,-3.8626132],[-79.20862891,-3.86245628],[-79.20917222,-3.86234258],[-79.20954386,-3.8623147],[-79.21002956,-3.86241618],[-79.21036536,-3.86243841],[-79.21073723,-3.86231001],[-79.2109664,-3.86206645],[-79.21119567,-3.86177985],[-79.21148185,-3.86160821],[-79.21186792,-3.8615229],[-79.21208221,-3.86155204],[-79.21232473,-3.86176788],[-79.21240999,-3.86201209],[-79.2125089,-3.86254344],[-79.21259426,-3.86273023],[-79.21275126,-3.86283103],[-79.2129228,-3.86281705],[-79.21313739,-3.86270267],[-79.21328075,-3.86248764],[-79.21333863,-3.86215759],[-79.21349648,-3.86184211],[-79.21359682,-3.86169877],[-79.21375422,-3.86161301],[-79.21396845,-3.86167087],[-79.21415378,-3.86190093],[-79.21429635,-3.8620735],[-79.21451042,-3.8622175],[-79.2145315,-3.86223094],[-79.21479266,-3.86188273],[-79.21527939,-3.86148181],[-79.21560894,-3.86109492],[-79.21596723,-3.86060763],[-79.21613993,-3.86003379],[-79.21626969,-3.85948857],[-79.21664238,-3.85895824],[-79.21704343,-3.85854277],[-79.21741614,-3.85799806],[-79.21774551,-3.8576686],[-79.21807455,-3.85752573],[-79.21830357,-3.85733962],[-79.21859747,-3.85690239],[-79.2189274,-3.85631455],[-79.21944265,-3.85595675],[-79.21997188,-3.8557569],[-79.22061509,-3.85570078],[-79.22100147,-3.85545759],[-79.22148798,-3.85517152],[-79.22187404,-3.85507183],[-79.2226748,-3.85487254],[-79.22321818,-3.85473013],[-79.22380461,-3.85450169],[-79.22421924,-3.85441643],[-79.22529863,-3.85423925],[-79.22599889,-3.85425505],[-79.22689907,-3.85434305],[-79.22732765,-3.85443009],[-79.22765644,-3.85438772],[-79.22811386,-3.85434559],[-79.2285716,-3.85415992],[-79.22897223,-3.85391676],[-79.22960162,-3.85365966],[-79.23004513,-3.85343092],[-79.23105368,-3.85295213],[-79.23215537,-3.85235152],[-79.23307076,-3.85199451],[-79.23392858,-3.85185277],[-79.23440061,-3.85165278],[-79.23488696,-3.85142409],[-79.23540901,-3.85124576],[-79.23666709,-3.85104739],[-79.23722464,-3.85096241],[-79.23788225,-3.85086329],[-79.23853997,-3.85070676],[-79.23898334,-3.85054979],[-79.2394555,-3.85030672],[-79.23991292,-3.85025026],[-79.24044172,-3.85025135],[-79.24162052,-3.85037579],[-79.24220587,-3.85067847],[-79.24286227,-3.8511679],[-79.24336151,-3.85164265],[-79.24384642,-3.85213172],[-79.24408868,-3.85247675],[-79.24457363,-3.85295146],[-79.24518752,-3.85326853],[-79.2458585,-3.85362879],[-79.24649416,-3.85379522],[-79.24752328,-3.85373991],[-79.24843805,-3.85368439],[-79.24913836,-3.85368583],[-79.25008112,-3.85393179],[-79.25085213,-3.85429228],[-79.25139448,-3.85465226],[-79.2518083,-3.85495457],[-79.25217676,-3.85503446],[-79.25239347,-3.85497092],[-79.25263987,-3.85492876],[-79.2541007,-3.85493179],[-79.25586236,-3.85524677],[-79.25688101,-3.85551332],[-79.25843415,-3.85606246],[-79.25895573,-3.85643464],[-79.25901247,-3.85650352],[-79.25945559,-3.85704136],[-79.2599981,-3.85755431],[-79.26024385,-3.85783634],[-79.26046705,-3.85874535],[-79.26081355,-3.85959911],[-79.26099093,-3.86007722],[-79.26156209,-3.86113194],[-79.26174803,-3.86157591],[-79.26207764,-3.8623785],[-79.26256864,-3.86317287],[-79.26310272,-3.86366023],[-79.26387507,-3.86391772],[-79.26564993,-3.86404935],[-79.26611157,-3.863966],[-79.26605561,-3.86373788],[-79.2657344,-3.86255013],[-79.26565259,-3.86124982],[-79.26557707,-3.86033817],[-79.26574751,-3.8595471],[-79.2659029,-3.85925065],[-79.26615649,-3.85908158],[-79.26640999,-3.85895487],[-79.26646712,-3.85853106],[-79.26645387,-3.85813535],[-79.26655279,-3.85792358],[-79.26693323,-3.85765582],[-79.26720116,-3.85734549],[-79.26720171,-3.85707697],[-79.26709675,-3.85680119],[-79.26713949,-3.85653276],[-79.26742156,-3.85619416],[-79.26797169,-3.85550282],[-79.26835263,-3.85498072],[-79.26874778,-3.85440207],[-79.26924141,-3.85380955],[-79.26929888,-3.8532161],[-79.26965811,-3.85298365],[-79.26985535,-3.85285688],[-79.2698559,-3.85258837],[-79.26980074,-3.85203712],[-79.26975922,-3.85169783],[-79.26991428,-3.85154269],[-79.27015365,-3.8514584],[-79.27030864,-3.85133154],[-79.27030919,-3.85106304],[-79.27021137,-3.85073778],[-79.27028238,-3.85041288],[-79.27060637,-3.85022983],[-79.27091596,-3.85020218],[-79.2712397,-3.85011804],[-79.27129654,-3.84983555],[-79.27131109,-3.84960945],[-79.27142408,-3.84939771],[-79.2716211,-3.84936985],[-79.27179008,-3.84929954],[-79.27193106,-3.84915849],[-79.27200904,-3.84885481],[-79.27213638,-3.84851589],[-79.27223506,-3.84841716],[-79.27244618,-3.8483752],[-79.27255905,-3.84823411],[-79.27261612,-3.84782439],[-79.27270121,-3.8474995],[-79.27301117,-3.84727407],[-79.27358827,-3.84716216],[-79.2739959,-3.84736082],[-79.2745162,-3.84748909],[-79.27479503,-3.84744657],[-79.27488214,-3.84743327],[-79.27520614,-3.84722196],[-79.2754875,-3.84725079],[-79.27592371,-3.84722342],[-79.27637425,-3.84706888],[-79.27699419,-3.84663202],[-79.27781867,-3.84593417],[-79.27812913,-3.84546844],[-79.27852362,-3.8452007],[-79.27891788,-3.84506018],[-79.27910141,-3.84473553],[-79.27951104,-3.84393081],[-79.27982151,-3.84346508],[-79.28025892,-3.84284415],[-79.28059743,-3.84242085],[-79.28092159,-3.84213888],[-79.28156297,-3.84152542],[-79.28167689,-3.84138043],[-79.28218363,-3.84073526],[-79.28284622,-3.84008653],[-79.28364946,-3.83943805],[-79.28432655,-3.83856324],[-79.28472121,-3.8381966],[-79.28532035,-3.83761129],[-79.28568707,-3.83715982],[-79.28569585,-3.83680443],[-79.28600729,-3.83609564],[-79.28661133,-3.8355086],[-79.28702556,-3.83509416],[-79.28745818,-3.83410881],[-79.28771861,-3.83307121],[-79.28820299,-3.83201677],[-79.28889469,-3.83066861],[-79.2895506,-3.82999512],[-79.28989668,-3.82919993],[-79.2899323,-3.82861173],[-79.29031299,-3.82773008],[-79.29057185,-3.82748838],[-79.29102047,-3.82710862],[-79.29146865,-3.82693649],[-79.29179593,-3.82693715],[-79.29205417,-3.82700689],[-79.29219129,-3.82735319],[-79.29238034,-3.8275612],[-79.29275879,-3.82782149],[-79.29322387,-3.82782242],[-79.293672,-3.82768488],[-79.29417213,-3.82737443],[-79.29465502,-3.82708127],[-79.2949823,-3.82708192],[-79.29548155,-3.82722135],[-79.29567083,-3.82732553],[-79.29606576,-3.82796649],[-79.29654713,-3.82843463],[-79.2972703,-3.82857448],[-79.29804534,-3.82862792],[-79.29873372,-3.82894074],[-79.29894,-3.82914879],[-79.29954212,-3.82954792],[-79.30016165,-3.82984329],[-79.30062506,-3.83069202],[-79.30086452,-3.83155761],[-79.30122505,-3.83216389],[-79.30227143,-3.83438064],[-79.30244238,-3.83503847],[-79.30307878,-3.83550691],[-79.30361251,-3.83564635],[-79.30433596,-3.83564779],[-79.30492209,-3.83542403],[-79.30519786,-3.83533807],[-79.30557682,-3.83533883],[-79.30619597,-3.83582452],[-79.30647104,-3.83610192],[-79.30669433,-3.83643108],[-79.30683185,-3.83658709],[-79.30702366,-3.83666031],[-79.30716438,-3.83674384],[-79.3072886,-3.83678572],[-79.30748741,-3.83683604],[-79.3076697,-3.83684474],[-79.30785205,-3.83683676],[-79.30817533,-3.83680411],[-79.30841568,-3.83678795],[-79.30869355,-3.83682791],[-79.30879804,-3.8367851],[-79.30918398,-3.83675716],[-79.30942689,-3.83678634],[-79.30960238,-3.83690093],[-79.30994997,-3.83640295],[-79.31084805,-3.83521086],[-79.31224929,-3.83216847],[-79.31275087,-3.83113131],[-79.31321812,-3.8300249],[-79.31406613,-3.8279849],[-79.31422335,-3.82686055],[-79.31448348,-3.82597864],[-79.31491561,-3.8252182],[-79.31574292,-3.82496027],[-79.31644913,-3.82496166],[-79.31705158,-3.82518779],[-79.31767073,-3.82569079],[-79.31823862,-3.82596874],[-79.31870332,-3.82615998],[-79.3192718,-3.82614377],[-79.31975432,-3.82602362],[-79.32015093,-3.82581681],[-79.32023232,-3.82555971],[-79.32035893,-3.82515968],[-79.32025687,-3.82448472],[-79.31993142,-3.82354973],[-79.3198291,-3.82303046],[-79.31986523,-3.82214813],[-79.31960811,-3.82150743],[-79.31919501,-3.82135092],[-79.31852383,-3.82103815],[-79.31776652,-3.82072521],[-79.31699204,-3.82039494],[-79.31661362,-3.82011736],[-79.31621865,-3.81949369],[-79.3158584,-3.8187317],[-79.31560124,-3.81810832],[-79.31563733,-3.81726058],[-79.31567378,-3.81623982],[-79.31569912,-3.81432028],[-79.31571417,-3.81317737],[-79.31573357,-3.81207007],[-79.31602809,-3.81120552],[-79.31645969,-3.81070462],[-79.31685711,-3.81006522],[-79.31737411,-3.80992781],[-79.31820091,-3.80992943],[-79.31916596,-3.8096891],[-79.31952835,-3.80936106],[-79.3199255,-3.80886006],[-79.32004699,-3.80839315],[-79.32011734,-3.80763197],[-79.32011922,-3.80666304],[-79.31986282,-3.8056417],[-79.3198984,-3.80505348],[-79.32010632,-3.80443102],[-79.32050471,-3.80328985],[-79.32102295,-3.80251224],[-79.32173082,-3.80166582],[-79.32324757,-3.80116699],[-79.32398827,-3.80115114],[-79.32502179,-3.80115315],[-79.32567671,-3.8009468],[-79.32600427,-3.80079171],[-79.3264356,-3.80042919],[-79.32683245,-3.80008392],[-79.32728128,-3.79956574],[-79.32817855,-3.79875424],[-79.32843697,-3.79872014],[-79.32879849,-3.79882466],[-79.32919412,-3.79911956],[-79.32965857,-3.79943191],[-79.3301058,-3.79976154],[-79.33046695,-3.80005638],[-79.33087999,-3.80026481],[-79.33125894,-3.80024824],[-79.33156979,-3.79983359],[-79.33217421,-3.79902152],[-79.33238172,-3.79858939],[-79.33253764,-3.79813982],[-79.33290009,-3.79775986],[-79.33314175,-3.79748351],[-79.3333841,-3.79686109],[-79.33354069,-3.79604818],[-79.33421615,-3.79411157],[-79.33430308,-3.79369649],[-79.33452839,-3.79297023],[-79.33478751,-3.79259007],[-79.33506357,-3.79234838],[-79.33590797,-3.79214236],[-79.33632135,-3.79214316],[-79.33673473,-3.79216125],[-79.33721708,-3.79212759],[-79.33733786,-3.792024],[-79.33725247,-3.7916432],[-79.33699472,-3.79131394],[-79.3368063,-3.7907599],[-79.33677298,-3.79017156],[-79.33653246,-3.78984234],[-79.336488,-3.78978193],[-79.33608576,-3.78923589],[-79.33591471,-3.78861269],[-79.33536442,-3.78814445],[-79.33481458,-3.78743401],[-79.33457492,-3.78665493],[-79.33440522,-3.78532231],[-79.33430335,-3.78454349],[-79.33430524,-3.78355726],[-79.33435748,-3.78266055],[-79.33435866,-3.78264034],[-79.33480767,-3.7820356],[-79.33598065,-3.78113816],[-79.33641169,-3.78091407],[-79.3369809,-3.78049985],[-79.33768911,-3.77944579],[-79.33782807,-3.77884046],[-79.33770891,-3.77809623],[-79.33790044,-3.77700655],[-79.33848728,-3.77636746],[-79.33883203,-3.7762297],[-79.33936672,-3.77585008],[-79.33967733,-3.77555654],[-79.33969553,-3.77503752],[-79.33959403,-3.77406834],[-79.33959554,-3.77327244],[-79.33988921,-3.77282314],[-79.34033798,-3.77232222],[-79.34070072,-3.77178653],[-79.34114942,-3.77133754],[-79.34152894,-3.77102683],[-79.34168474,-3.77061185],[-79.34185837,-3.76988549],[-79.34196316,-3.76912436],[-79.34175822,-3.76818963],[-79.341553,-3.76741065],[-79.3415364,-3.76708184],[-79.34153775,-3.76637244],[-79.34160789,-3.76571507],[-79.34179863,-3.76504065],[-79.34186845,-3.76455631],[-79.34167994,-3.7640542],[-79.34152609,-3.76343098],[-79.34163067,-3.76277371],[-79.34163247,-3.76182206],[-79.34154808,-3.76090487],[-79.34144651,-3.75997035],[-79.34146535,-3.75910526],[-79.3415876,-3.75822304],[-79.3419339,-3.75725478],[-79.34253871,-3.7562221],[-79.34288409,-3.75574692],[-79.34350977,-3.75505603],[-79.34376851,-3.75484024],[-79.34387482,-3.75489643],[-79.34479734,-3.75343379],[-79.34609548,-3.75087971],[-79.34668326,-3.74891108],[-79.34676808,-3.7481778],[-79.3469144,-3.74801043],[-79.34726961,-3.74769678],[-79.34747909,-3.74723615],[-79.34752174,-3.74673332],[-79.34762714,-3.74614678],[-79.34800389,-3.74547691],[-79.34804667,-3.74491122],[-79.34783979,-3.7439888],[-79.3477373,-3.74302466],[-79.34740628,-3.74155718],[-79.34724177,-3.74029956],[-79.34720211,-3.73918887],[-79.34720408,-3.73814113],[-79.34693395,-3.73757482],[-79.34674772,-3.73677814],[-79.34597952,-3.73484885],[-79.3449391,-3.73346383],[-79.34356361,-3.73281166],[-79.34197848,-3.73270385],[-79.34028909,-3.73257496],[-79.3392894,-3.73173484],[-79.33856062,-3.73104196],[-79.33654161,-3.72871209],[-79.33600064,-3.72797765],[-79.33575166,-3.72726471],[-79.33569037,-3.72657309],[-79.33567045,-3.72609107],[-79.33540068,-3.72533619],[-79.33442447,-3.72311311],[-79.33375902,-3.72202218],[-79.33303228,-3.72023965],[-79.33219915,-3.71958847],[-79.33136562,-3.71914684],[-79.32984306,-3.71906008],[-79.32740336,-3.71861544],[-79.32675789,-3.71800652],[-79.32644468,-3.71764949],[-79.3261153,-3.71775406],[-79.32538817,-3.71750385],[-79.32483103,-3.71740949],[-79.3242273,-3.71739277],[-79.32325126,-3.71776416],[-79.32251772,-3.71835846],[-79.32227449,-3.71855548],[-79.32165443,-3.71898973],[-79.32118969,-3.71915993],[-79.31987288,-3.71965507],[-79.31874213,-3.71999507],[-79.31840041,-3.72058539],[-79.31820082,-3.72104809]]]]},"geometry_name":"geom","properties":{"id":1,"fid":1,"objectid":1,"dpa_parroq":"110159","dpa_despar":"SANTIAGO","dpa_valor":0,"dpa_anio":"2009","dpa_canton":"1101","dpa_provin":"11","dpa_despro":"LOJA","dpa_descan":"LOJA","regional":"Sur","areas":10193.171217932824,"shape_length":60258.11320366859,"shape_area":1.0193171217932825E8}},{"type":"Feature","id":"limites_parroquiales.2","geometry":{"type":"MultiPolygon","coordinates":[[[[-79.32644468,-3.71764949],[-79.32675789,-3.71800652],[-79.32740336,-3.71861544],[-79.32984306,-3.71906008],[-79.33136562,-3.71914684],[-79.33219915,-3.71958847],[-79.33303228,-3.72023965],[-79.33375902,-3.72202218],[-79.33442447,-3.72311311],[-79.33540068,-3.72533619],[-79.33567045,-3.72609107],[-79.33569037,-3.72657309],[-79.33575166,-3.72726471],[-79.33600064,-3.72797765],[-79.33654161,-3.72871209],[-79.33856062,-3.73104196],[-79.3392894,-3.73173484],[-79.34028909,-3.73257496],[-79.34197848,-3.73270385],[-79.34356361,-3.73281166],[-79.3449391,-3.73346383],[-79.34597952,-3.73484885],[-79.34674772,-3.73677814],[-79.34693395,-3.73757482],[-79.34720408,-3.73814113],[-79.34720211,-3.73918887],[-79.34724177,-3.74029956],[-79.34740628,-3.74155718],[-79.3477373,-3.74302466],[-79.34783979,-3.7439888],[-79.34804667,-3.74491122],[-79.34800389,-3.74547691],[-79.34762714,-3.74614678],[-79.34752174,-3.74673332],[-79.34747909,-3.74723615],[-79.34726961,-3.74769678],[-79.3469144,-3.74801043],[-79.34676808,-3.7481778],[-79.34668326,-3.74891108],[-79.34609548,-3.75087971],[-79.34479734,-3.75343379],[-79.34387482,-3.75489643],[-79.34376851,-3.75484024],[-79.34350977,-3.75505603],[-79.34288409,-3.75574692],[-79.34253871,-3.7562221],[-79.3419339,-3.75725478],[-79.3415876,-3.75822304],[-79.34146535,-3.75910526],[-79.34144651,-3.75997035],[-79.34154808,-3.76090487],[-79.34163247,-3.76182206],[-79.34163067,-3.76277371],[-79.34152609,-3.76343098],[-79.34167994,-3.7640542],[-79.34186845,-3.76455631],[-79.34179863,-3.76504065],[-79.34160789,-3.76571507],[-79.34153775,-3.76637244],[-79.3415364,-3.76708184],[-79.341553,-3.76741065],[-79.34175822,-3.76818963],[-79.34196316,-3.76912436],[-79.34185837,-3.76988549],[-79.34168474,-3.77061185],[-79.34152894,-3.77102683],[-79.34114942,-3.77133754],[-79.34070072,-3.77178653],[-79.34033798,-3.77232222],[-79.33988921,-3.77282314],[-79.33959554,-3.77327244],[-79.33959403,-3.77406834],[-79.33969553,-3.77503752],[-79.33967733,-3.77555654],[-79.33936672,-3.77585008],[-79.33883203,-3.7762297],[-79.33848728,-3.77636746],[-79.33790044,-3.77700655],[-79.33770891,-3.77809623],[-79.33782807,-3.77884046],[-79.33768911,-3.77944579],[-79.3369809,-3.78049985],[-79.33641169,-3.78091407],[-79.33598065,-3.78113816],[-79.33480767,-3.7820356],[-79.33435866,-3.78264034],[-79.33435748,-3.78266055],[-79.33430524,-3.78355726],[-79.33430335,-3.78454349],[-79.33440522,-3.78532231],[-79.33457492,-3.78665493],[-79.33481458,-3.78743401],[-79.33536442,-3.78814445],[-79.33591471,-3.78861269],[-79.33608576,-3.78923589],[-79.336488,-3.78978193],[-79.33712998,-3.78962204],[-79.3379694,-3.7893555],[-79.3399529,-3.78907203],[-79.34050586,-3.78907309],[-79.34098264,-3.7889974],[-79.34172651,-3.78886475],[-79.34227996,-3.78859768],[-79.34258502,-3.78859826],[-79.34304257,-3.78863746],[-79.34348073,-3.78882984],[-79.34426152,-3.78932929],[-79.34519428,-3.7901355],[-79.34595549,-3.79090306],[-79.34753507,-3.79247664],[-79.34818164,-3.79339724],[-79.34880921,-3.79424113],[-79.34934168,-3.79496997],[-79.34983647,-3.79548807],[-79.35025479,-3.79608259],[-79.35067289,-3.79683036],[-79.35116697,-3.79769318],[-79.35149022,-3.79815347],[-79.35169864,-3.79886253],[-79.35171558,-3.79997341],[-79.35236115,-3.80141115],[-79.35302647,-3.80248497],[-79.35361639,-3.80309899],[-79.35510338,-3.80323593],[-79.3559419,-3.80346736],[-79.35714138,-3.804389],[-79.35769305,-3.80507954],[-79.35858833,-3.80554093],[-79.35910267,-3.80579091],[-79.35999808,-3.80619483],[-79.36051232,-3.80650224],[-79.36119841,-3.80669509],[-79.36163694,-3.80669593],[-79.36201461,-3.80662643],[-79.36215193,-3.80660114],[-79.36247553,-3.80688902],[-79.36291398,-3.80694735],[-79.36321905,-3.80694793],[-79.36398284,-3.80637478],[-79.36426897,-3.80629871],[-79.36466932,-3.80633777],[-79.36493598,-3.8064915],[-79.36590871,-3.80634013],[-79.36629027,-3.80622594],[-79.36667172,-3.80616921],[-79.36724393,-3.80607453],[-79.36772101,-3.80586475],[-79.36808338,-3.80580799],[-79.36848381,-3.80580874],[-79.36880806,-3.8057519],[-79.36909461,-3.80546515],[-79.36939977,-3.80542742],[-79.36978142,-3.80527493],[-79.37006767,-3.80514138],[-79.37132156,-3.80489286],[-79.37155842,-3.80514307],[-79.37184352,-3.80550721],[-79.3723381,-3.80591004],[-79.37281353,-3.80635106],[-79.37315522,-3.80702152],[-79.37338294,-3.80750035],[-79.37380139,-3.80786474],[-79.37442896,-3.80845919],[-79.374504,-3.80909086],[-79.37450278,-3.8097415],[-79.37484437,-3.81045024],[-79.37524383,-3.81077631],[-79.3753765,-3.81114017],[-79.37535674,-3.81152286],[-79.3752597,-3.81247948],[-79.37529729,-3.81274751],[-79.37550617,-3.81311151],[-79.37613443,-3.81336145],[-79.37664793,-3.81382173],[-79.37700902,-3.81430083],[-79.37714164,-3.81468383],[-79.37773033,-3.81571834],[-79.37814851,-3.81621669],[-79.37875804,-3.81629438],[-79.37902477,-3.81629489],[-79.37927278,-3.81610399],[-79.37955947,-3.8156261],[-79.37965525,-3.81533921],[-79.38005534,-3.81533997],[-79.38032149,-3.81564666],[-79.38054931,-3.81606812],[-79.38054834,-3.81658482],[-79.38037592,-3.81710119],[-79.38010861,-3.81740689],[-79.37989788,-3.818038],[-79.37985889,-3.81849722],[-79.37987659,-3.81922444],[-79.38014256,-3.81962681],[-79.38038972,-3.81989522],[-79.38096111,-3.81999198],[-79.38176116,-3.8200509],[-79.38290383,-3.82030181],[-79.38370357,-3.82051385],[-79.38454126,-3.82082162],[-79.38518887,-3.82091852],[-79.38629347,-3.82113111],[-79.38766526,-3.82109543],[-79.38804632,-3.82109615],[-79.38844565,-3.82149878],[-79.38869242,-3.82197766],[-79.38886195,-3.82301142],[-79.38861266,-3.82387208],[-79.38836374,-3.82456054],[-79.38809595,-3.82511502],[-79.38773315,-3.8255545],[-79.38765607,-3.82601362],[-79.38765471,-3.82674086],[-79.38769168,-3.82735328],[-79.38774749,-3.8280806],[-79.38782301,-3.82844437],[-79.38818432,-3.82880864],[-79.38869839,-3.82898181],[-79.38928874,-3.82913603],[-79.38970757,-3.82928992],[-79.38987844,-3.8296156],[-79.38986535,-3.82979474],[-79.39024119,-3.82979545],[-79.39056033,-3.82991058],[-79.39074279,-3.82993386],[-79.39090206,-3.83014038],[-79.39096967,-3.83057587],[-79.39096895,-3.83096541],[-79.39112783,-3.83140101],[-79.39167406,-3.83206654],[-79.39194679,-3.83259403],[-79.39240241,-3.83293862],[-79.39274384,-3.83332877],[-79.39290266,-3.8337873],[-79.39303875,-3.8342],[-79.39317516,-3.83445233],[-79.39360855,-3.83447604],[-79.39367663,-3.83465947],[-79.39367594,-3.83502608],[-79.3936298,-3.83530095],[-79.39358369,-3.83555291],[-79.39356022,-3.83591948],[-79.39375387,-3.83654585],[-79.39376693,-3.83719187],[-79.39369448,-3.83772294],[-79.39357914,-3.83826823],[-79.39369279,-3.83862736],[-79.39379237,-3.83888598],[-79.39392075,-3.83902977],[-79.39419218,-3.83910207],[-79.39449243,-3.83903085],[-79.3946784,-3.83894508],[-79.3949787,-3.83885949],[-79.39513577,-3.83893158],[-79.39520702,-3.8390609],[-79.39517795,-3.8393336],[-79.39523482,-3.83947728],[-79.39539199,-3.83950628],[-79.39562087,-3.83940623],[-79.39582122,-3.83926303],[-79.39593564,-3.83922018],[-79.39604987,-3.83927783],[-79.39620664,-3.83950784],[-79.39636315,-3.83989573],[-79.3966772,-3.84011167],[-79.39706285,-3.84025596],[-79.39740567,-3.84034274],[-79.39751982,-3.8404578],[-79.39764802,-3.84068776],[-79.39784793,-3.84078863],[-79.39799911,-3.84084414],[-79.39815197,-3.84095253],[-79.39825178,-3.84108196],[-79.39828011,-3.84122553],[-79.39820817,-3.84146945],[-79.39803624,-3.84169885],[-79.39790733,-3.84184214],[-79.39780696,-3.84201425],[-79.39779224,-3.84224391],[-79.39789181,-3.84250252],[-79.39803413,-3.84283297],[-79.39807649,-3.84310579],[-79.39811884,-3.84339303],[-79.39814675,-3.84375199],[-79.39814643,-3.84392424],[-79.39830311,-3.84421167],[-79.39841694,-3.84449903],[-79.39857352,-3.84482951],[-79.39861601,-3.84503056],[-79.3985869,-3.84531765],[-79.39847216,-3.84553277],[-79.39837181,-3.84570484],[-79.39834285,-3.84590579],[-79.39838543,-3.8460638],[-79.39851393,-3.84612146],[-79.3987997,-3.84617943],[-79.39894243,-3.8462802],[-79.39936345,-3.84660398],[-79.39944863,-3.84691997],[-79.39946212,-3.8473507],[-79.39920419,-3.84770911],[-79.3990893,-3.84799603],[-79.39903907,-3.84805809],[-79.39909202,-3.84818106],[-79.39927763,-3.84829627],[-79.39954896,-3.84841163],[-79.39970581,-3.84861291],[-79.39992017,-3.84862768],[-79.40014911,-3.84849892],[-79.40030673,-3.84826949],[-79.4005217,-3.84796839],[-79.40075079,-3.8477535],[-79.40083653,-3.84776802],[-79.40105105,-3.84769665],[-79.40126614,-3.84730941],[-79.40192502,-3.84656412],[-79.40221865,-3.84624167],[-79.40256225,-3.84591213],[-79.40281997,-3.84566853],[-79.40324934,-3.84536789],[-79.403407,-3.84512411],[-79.40377894,-3.84495254],[-79.40402207,-3.84486686],[-79.40413687,-3.84462299],[-79.40412294,-3.844422],[-79.40416639,-3.8441206],[-79.40430983,-3.84384809],[-79.40459595,-3.84370508],[-79.40486763,-3.84363378],[-79.40516772,-3.84366309],[-79.40569705,-3.8433913],[-79.4060692,-3.84310487],[-79.40630614,-3.84250952],[-79.40643534,-3.84220829],[-79.40663568,-3.84206511],[-79.40679291,-3.8420654],[-79.40690709,-3.84215173],[-79.40713549,-3.84231007],[-79.40732111,-3.84241091],[-79.40766442,-3.84225366],[-79.4077934,-3.84208162],[-79.40779895,-3.84204567],[-79.40782231,-3.84189505],[-79.40775101,-3.8417944],[-79.40762251,-3.84173675],[-79.40740839,-3.84159278],[-79.40732284,-3.84147777],[-79.40732329,-3.8412337],[-79.40730934,-3.84103271],[-79.4073099,-3.84073121],[-79.40728179,-3.84048711],[-79.40709649,-3.84021397],[-79.40685413,-3.83988335],[-79.4065831,-3.83959571],[-79.40602654,-3.83913525],[-79.4058269,-3.83889083],[-79.40571311,-3.83858915],[-79.40564218,-3.83830187],[-79.40565703,-3.83800042],[-79.40555737,-3.83779925],[-79.40541459,-3.83771285],[-79.40514314,-3.83765492],[-79.40474354,-3.83732397],[-79.40476021,-3.83669755],[-79.40476101,-3.83626558],[-79.40457748,-3.83583324],[-79.40411723,-3.83553921],[-79.40292119,-3.83445701],[-79.40250756,-3.83386997],[-79.40167335,-3.83295693],[-79.40124266,-3.83223913],[-79.40113136,-3.8314842],[-79.40115179,-3.83059744],[-79.40145372,-3.82986212],[-79.40183093,-3.82903265],[-79.40175794,-3.82786267],[-79.401496,-3.82731501],[-79.40144061,-3.82678661],[-79.40147886,-3.82642819],[-79.40183598,-3.82629677],[-79.40221178,-3.82624088],[-79.40230599,-3.8260901],[-79.40258854,-3.82565665],[-79.40290857,-3.82527989],[-79.40313445,-3.82503504],[-79.40322902,-3.82467671],[-79.40328633,-3.82416735],[-79.40343967,-3.82252611],[-79.40359245,-3.82114903],[-79.40361403,-3.81963961],[-79.40309129,-3.81790275],[-79.40307132,-3.81777429],[-79.4029242,-3.81682696],[-79.40339526,-3.81603537],[-79.40480778,-3.81401911],[-79.40520377,-3.81318966],[-79.40524368,-3.81192555],[-79.40524545,-3.81096328],[-79.40528497,-3.80990673],[-79.40549301,-3.80913349],[-79.40596427,-3.80822872],[-79.40583454,-3.80728506],[-79.4057802,-3.80617174],[-79.40553979,-3.80411466],[-79.40551706,-3.80407083],[-79.40471623,-3.80252818],[-79.40443543,-3.80199938],[-79.40445575,-3.8011692],[-79.40477652,-3.80037733],[-79.40513546,-3.79928364],[-79.40583416,-3.79724716],[-79.40609823,-3.79664387],[-79.40649427,-3.79577664],[-79.40707861,-3.79466451],[-79.40828463,-3.79255351],[-79.4083237,-3.79172336],[-79.40834617,-3.78972337],[-79.40811544,-3.78911564],[-79.40739281,-3.78721216],[-79.40699972,-3.78645667],[-79.40600667,-3.78509635],[-79.40520439,-3.78213252],[-79.40515192,-3.78000033],[-79.40508235,-3.7769624],[-79.40508556,-3.77518885],[-79.40488546,-3.77162237],[-79.40428743,-3.76996085],[-79.40384131,-3.76858665],[-79.40311071,-3.76633599],[-79.40305556,-3.76567552],[-79.40305735,-3.76469434],[-79.40342067,-3.76114783],[-79.40357282,-3.76012922],[-79.40382375,-3.75639374],[-79.40362145,-3.75403484],[-79.40360773,-3.75124232],[-79.40390932,-3.75063909],[-79.40434279,-3.74982855],[-79.40573916,-3.746265],[-79.40613499,-3.745511],[-79.40675696,-3.74430454],[-79.40741652,-3.7430982],[-79.40832025,-3.74191112],[-79.40869729,-3.74113823],[-79.4093559,-3.74046016],[-79.40960091,-3.73998891],[-79.41009038,-3.73936713],[-79.41046994,-3.73719798],[-79.41049031,-3.73631121],[-79.41109431,-3.73467075],[-79.41198119,-3.73237042],[-79.41222613,-3.73195577],[-79.41283054,-3.73007004],[-79.41428178,-3.72728015],[-79.41465872,-3.72656383],[-79.4155832,-3.72544997],[-79.41519879,-3.72424894],[-79.41436473,-3.7231432],[-79.41336049,-3.7219905],[-79.41268075,-3.72119609],[-79.41073359,-3.7192018],[-79.40886263,-3.71790754],[-79.40706842,-3.7169867],[-79.4057378,-3.71653326],[-79.40542907,-3.71603504],[-79.40505919,-3.71510123],[-79.40461222,-3.71399613],[-79.40411855,-3.71301542],[-79.40173999,-3.70990056],[-79.40127657,-3.70933984],[-79.40079766,-3.70877907],[-79.40051946,-3.70851418],[-79.39920531,-3.70753197],[-79.39802945,-3.70714103],[-79.39705445,-3.70695262],[-79.3959553,-3.70693506],[-79.39462413,-3.70680825],[-79.39211593,-3.7069281],[-79.39047533,-3.70670737],[-79.38953146,-3.70644124],[-79.38891286,-3.70606685],[-79.38834065,-3.70575477],[-79.38702657,-3.70474143],[-79.38599142,-3.70357311],[-79.38517314,-3.70235851],[-79.38335061,-3.70000677],[-79.38316545,-3.69966424],[-79.38131171,-3.69745241],[-79.38041553,-3.69651761],[-79.37984436,-3.6956145],[-79.37876346,-3.69408842],[-79.37695747,-3.69117679],[-79.37640274,-3.68976047],[-79.37581682,-3.688453],[-79.37496713,-3.68748719],[-79.37430351,-3.68636621],[-79.37405782,-3.68524597],[-79.3737354,-3.68376789],[-79.37377153,-3.68092184],[-79.37387755,-3.68036451],[-79.37336454,-3.68005806],[-79.37299878,-3.6802206],[-79.37216251,-3.6804057],[-79.37132654,-3.68040415],[-79.37030539,-3.68007568],[-79.36860281,-3.67993258],[-79.36793738,-3.67979138],[-79.36663714,-3.67971125],[-79.3656784,-3.67913404],[-79.36427116,-3.67829164],[-79.36372993,-3.6779796],[-79.36292519,-3.67785368],[-79.3623061,-3.67777477],[-79.36196549,-3.6777897],[-79.36185251,-3.67782004],[-79.36116012,-3.67800594],[-79.35971815,-3.67924749],[-79.3586011,-3.68058292],[-79.35805826,-3.68114181],[-79.35793321,-3.68181033],[-79.35811534,-3.68378582],[-79.35794259,-3.68513856],[-79.35777057,-3.68608694],[-79.35648177,-3.68821523],[-79.35613872,-3.68955207],[-79.3558746,-3.69006481],[-79.35548617,-3.69084171],[-79.35499013,-3.69119849],[-79.35389099,-3.69119645],[-79.35334948,-3.69102438],[-79.35231242,-3.69094467],[-79.35180155,-3.69095926],[-79.35139884,-3.69106741],[-79.35101145,-3.6912844],[-79.3507317,-3.69185932],[-79.3506528,-3.69266789],[-79.35060478,-3.6935232],[-79.35018395,-3.69507766],[-79.34974975,-3.69548118],[-79.34925434,-3.69548026],[-79.3481708,-3.69543158],[-79.34732006,-3.69504119],[-79.34665497,-3.6947289],[-79.34592787,-3.69446316],[-79.34546367,-3.69433788],[-79.34482903,-3.69430558],[-79.34427155,-3.69438231],[-79.34365249,-3.69428784],[-79.34317303,-3.69406919],[-79.34247652,-3.69399014],[-79.34202739,-3.69409817],[-79.3414546,-3.69411262],[-79.3408044,-3.69411141],[-79.34027802,-3.69414154],[-79.33978304,-3.69392287],[-79.33941173,-3.69379777],[-79.33900943,-3.69368816],[-79.33808034,-3.69381084],[-79.33705832,-3.69397998],[-79.33650102,-3.69397893],[-79.33606782,-3.69383815],[-79.33561925,-3.69363515],[-79.33526355,-3.69344785],[-79.33500051,-3.69338517],[-79.33458239,-3.6934621],[-79.33376065,-3.69416041],[-79.33312503,-3.69462578],[-79.33155983,-3.69550929],[-79.33000997,-3.69647063],[-79.32935864,-3.69709146],[-79.32830431,-3.69797596],[-79.32791636,-3.6984729],[-79.32710913,-3.69965332],[-79.32664215,-3.70102102],[-79.32634605,-3.70207797],[-79.32582819,-3.70579397],[-79.32584239,-3.70647827],[-79.32588144,-3.71041305],[-79.32592711,-3.71081747],[-79.32612262,-3.71386606],[-79.32613686,-3.71451928],[-79.32645611,-3.71764587],[-79.32644468,-3.71764949]]]]},"geometry_name":"geom","properties":{"id":2,"fid":2,"objectid":2,"dpa_parroq":"110154","dpa_despar":"GUALEL","dpa_valor":0,"dpa_anio":"2009","dpa_canton":"1101","dpa_provin":"11","dpa_despro":"LOJA","dpa_descan":"LOJA","regional":"Sur","areas":10098.707686733005,"shape_length":53826.536307598966,"shape_area":1.0098707686733004E8}},{"type":"Feature","id":"limites_parroquiales.3","geometry":{"type":"MultiPolygon","coordinates":[[[[-79.33721708,-3.79212759],[-79.33673473,-3.79216125],[-79.33632135,-3.79214316],[-79.33590797,-3.79214236],[-79.33506357,-3.79234838],[-79.33478751,-3.79259007],[-79.33452839,-3.79297023],[-79.33430308,-3.79369649],[-79.33421615,-3.79411157],[-79.33354069,-3.79604818],[-79.3333841,-3.79686109],[-79.33314175,-3.79748351],[-79.33290009,-3.79775986],[-79.33253764,-3.79813982],[-79.33238172,-3.79858939],[-79.33217421,-3.79902152],[-79.33156979,-3.79983359],[-79.33125894,-3.80024824],[-79.33087999,-3.80026481],[-79.33046695,-3.80005638],[-79.3301058,-3.79976154],[-79.32965857,-3.79943191],[-79.32919412,-3.79911956],[-79.32879849,-3.79882466],[-79.32843697,-3.79872014],[-79.32817855,-3.79875424],[-79.32728128,-3.79956574],[-79.32683245,-3.80008392],[-79.3264356,-3.80042919],[-79.32600427,-3.80079171],[-79.32567671,-3.8009468],[-79.32502179,-3.80115315],[-79.32398827,-3.80115114],[-79.32324757,-3.80116699],[-79.32173082,-3.80166582],[-79.32102295,-3.80251224],[-79.32050471,-3.80328985],[-79.32010632,-3.80443102],[-79.3198984,-3.80505348],[-79.31986282,-3.8056417],[-79.32011922,-3.80666304],[-79.32011734,-3.80763197],[-79.32004699,-3.80839315],[-79.3199255,-3.80886006],[-79.31952835,-3.80936106],[-79.31916596,-3.8096891],[-79.31820091,-3.80992943],[-79.31737411,-3.80992781],[-79.31685711,-3.81006522],[-79.31645969,-3.81070462],[-79.31602809,-3.81120552],[-79.31573357,-3.81207007],[-79.31571417,-3.81317737],[-79.31569912,-3.81432028],[-79.31567378,-3.81623982],[-79.31563733,-3.81726058],[-79.31560124,-3.81810832],[-79.3158584,-3.8187317],[-79.31621865,-3.81949369],[-79.31661362,-3.82011736],[-79.31699204,-3.82039494],[-79.31776652,-3.82072521],[-79.31852383,-3.82103815],[-79.31919501,-3.82135092],[-79.31960811,-3.82150743],[-79.31986523,-3.82214813],[-79.3198291,-3.82303046],[-79.31993142,-3.82354973],[-79.32025687,-3.82448472],[-79.32035893,-3.82515968],[-79.32023232,-3.82555971],[-79.32015093,-3.82581681],[-79.31975432,-3.82602362],[-79.3192718,-3.82614377],[-79.31870332,-3.82615998],[-79.31823862,-3.82596874],[-79.31767073,-3.82569079],[-79.31705158,-3.82518779],[-79.31644913,-3.82496166],[-79.31574292,-3.82496027],[-79.31491561,-3.8252182],[-79.31448348,-3.82597864],[-79.31422335,-3.82686055],[-79.31406613,-3.8279849],[-79.31321812,-3.8300249],[-79.31275087,-3.83113131],[-79.31224929,-3.83216847],[-79.31084805,-3.83521086],[-79.30994997,-3.83640295],[-79.30960238,-3.83690093],[-79.3096695,-3.83694475],[-79.31008342,-3.83723266],[-79.31051134,-3.83766417],[-79.31069614,-3.83818135],[-79.31062375,-3.83864059],[-79.31053692,-3.83920029],[-79.31042889,-3.83962355],[-79.31026978,-3.84058508],[-79.30998116,-3.8420057],[-79.31008687,-3.84274523],[-79.31018538,-3.843535],[-79.31059822,-3.84436843],[-79.31103994,-3.84504402],[-79.31189618,-3.84569173],[-79.3135026,-3.84643424],[-79.31384498,-3.84675073],[-79.31428779,-3.8468808],[-79.31480218,-3.84695361],[-79.31535908,-3.84719876],[-79.31613023,-3.84751609],[-79.31671565,-3.84780438],[-79.31724404,-3.84802075],[-79.31768663,-3.8482657],[-79.31842899,-3.84868347],[-79.31922147,-3.84906547],[-79.31973548,-3.84932485],[-79.32023528,-3.84954119],[-79.32066294,-3.85010191],[-79.32079012,-3.85084864],[-79.32101738,-3.85158124],[-79.32117365,-3.85205531],[-79.32178678,-3.85278865],[-79.32198585,-3.85332019],[-79.322271,-3.85366532],[-79.32277049,-3.8540539],[-79.32342057,-3.85416284],[-79.32394953,-3.85409212],[-79.32430702,-3.85400668],[-79.3246644,-3.85396431],[-79.32503576,-3.85407989],[-79.32553505,-3.85456897],[-79.32569177,-3.85482766],[-79.32564851,-3.85501425],[-79.32536226,-3.85521464],[-79.32500459,-3.85541491],[-79.32464696,-3.85557213],[-79.32430399,-3.8555571],[-79.3240753,-3.85555665],[-79.32373225,-3.85557032],[-79.32343199,-3.85562714],[-79.3231313,-3.85591366],[-79.3228447,-3.85628635],[-79.32277276,-3.85654461],[-79.3230648,-3.85702612],[-79.32374937,-3.85777397],[-79.32431962,-3.85850723],[-79.32479013,-3.85909674],[-79.32524612,-3.85978672],[-79.32565098,-3.86072632],[-79.32565163,-3.86072781],[-79.32590809,-3.86113028],[-79.32610745,-3.86150392],[-79.32654917,-3.86220824],[-79.32687709,-3.86262518],[-79.32716177,-3.86321433],[-79.32740364,-3.86377468],[-79.32769498,-3.86462944],[-79.32783685,-3.86516087],[-79.32823585,-3.86577897],[-79.32856333,-3.86641127],[-79.32874809,-3.86695715],[-79.32880441,-3.86737356],[-79.32878924,-3.86783293],[-79.32905949,-3.86849383],[-79.32934473,-3.86881021],[-79.32958718,-3.86908344],[-79.32965784,-3.86949991],[-79.32990021,-3.86978754],[-79.33035739,-3.8698889],[-79.33048586,-3.8699753],[-79.33054887,-3.87009871],[-79.33060689,-3.87021239],[-79.33083509,-3.87045688],[-79.33103008,-3.87056182],[-79.33104925,-3.87057217],[-79.33129229,-3.87054392],[-79.33179289,-3.87035828],[-79.3320934,-3.87017225],[-79.332594,-3.87000094],[-79.33290863,-3.86990109],[-79.33345188,-3.86983038],[-79.33395202,-3.8698888],[-79.33450906,-3.87007654],[-79.33490173,-3.87027111],[-79.3349671,-3.87030129],[-79.33540151,-3.87050178],[-79.3360444,-3.87064659],[-79.33650191,-3.87057571],[-79.33688832,-3.87033242],[-79.33716039,-3.8700602],[-79.33756138,-3.86965903],[-79.33797635,-3.86940143],[-79.33840547,-3.86923],[-79.33873451,-3.86907274],[-79.33903482,-3.86898722],[-79.33944931,-3.86898803],[-79.33984922,-3.86914671],[-79.34075613,-3.86948586],[-79.34134156,-3.86977413],[-79.34204094,-3.87027797],[-79.34269746,-3.87076731],[-79.34309673,-3.87124186],[-79.34348208,-3.87152973],[-79.34423898,-3.87184704],[-79.34511042,-3.8720641],[-79.34614646,-3.87215943],[-79.34703265,-3.87216116],[-79.34767603,-3.8720476],[-79.34849064,-3.87207788],[-79.34913762,-3.87205208],[-79.34917677,-3.87205049],[-79.34970518,-3.87225252],[-79.35030475,-3.87264129],[-79.35070442,-3.87291485],[-79.35120399,-3.87327471],[-79.35144625,-3.87364844],[-79.3514735,-3.87430889],[-79.35145046,-3.87516299],[-79.35146389,-3.87559371],[-79.35146283,-3.87615357],[-79.35157605,-3.87674238],[-79.35177519,-3.87721654],[-79.35181685,-3.87786264],[-79.35172112,-3.87931958],[-79.35171943,-3.88019088],[-79.35171792,-3.88097047],[-79.35192121,-3.88301659],[-79.3520904,-3.88420844],[-79.35231668,-3.88545787],[-79.35239966,-3.88571217],[-79.35240013,-3.88572035],[-79.35246783,-3.88689608],[-79.35222094,-3.88789508],[-79.35218608,-3.88856243],[-79.35218206,-3.88863937],[-79.35214144,-3.88941721],[-79.35264827,-3.89060227],[-79.35391514,-3.89054317],[-79.35485856,-3.89099307],[-79.35553725,-3.89111583],[-79.35562099,-3.89113098],[-79.35606993,-3.89129976],[-79.3571042,-3.89164089],[-79.35715816,-3.89166845],[-79.35746894,-3.89182719],[-79.35773646,-3.89197861],[-79.35779862,-3.89201379],[-79.35789684,-3.89206938],[-79.35896553,-3.8925845],[-79.35901041,-3.89252775],[-79.35905278,-3.89245612],[-79.35911416,-3.89237494],[-79.35917552,-3.89230561],[-79.35924399,-3.89223629],[-79.35933623,-3.89216693],[-79.35940945,-3.89211182],[-79.35948746,-3.89204487],[-79.3595654,-3.89196834],[-79.35963623,-3.89189188],[-79.35970472,-3.89181071],[-79.35978011,-3.8917056],[-79.35982725,-3.89163163],[-79.35988392,-3.89156708],[-79.3599855,-3.89146192],[-79.36007042,-3.89136397],[-79.36021901,-3.89116097],[-79.36028032,-3.89107029],[-79.3603605,-3.8909556],[-79.36042886,-3.89085056],[-79.3604807,-3.89076701],[-79.36052547,-3.89070733],[-79.3605986,-3.89060709],[-79.36075893,-3.89038494],[-79.36082025,-3.89029191],[-79.36088397,-3.89021065],[-79.36095473,-3.8901247],[-79.36101133,-3.89004821],[-79.36107748,-3.88996939],[-79.361134,-3.8898882],[-79.36120223,-3.88975459],[-79.36123744,-3.88965681],[-79.36128683,-3.88953998],[-79.36134559,-3.88941828],[-79.36140703,-3.88935374],[-79.36146843,-3.88930828],[-79.36154651,-3.88925318],[-79.36160781,-3.88916965],[-79.36166441,-3.88909326],[-79.36169975,-3.88902405],[-79.36176545,-3.88884757],[-79.36182193,-3.8887426],[-79.36185484,-3.88867339],[-79.36187592,-3.88861619],[-79.36190662,-3.8885732],[-79.36193959,-3.88851828],[-79.36204346,-3.88839405],[-79.36210004,-3.88832715],[-79.36215671,-3.8882626],[-79.36221795,-3.88815999],[-79.36223018,-3.88810705],[-79.36223666,-3.888079],[-79.36226702,-3.88797407],[-79.36230236,-3.88790486],[-79.36234001,-3.88784995],[-79.36240381,-3.88777828],[-79.36245571,-3.88771137],[-79.36251224,-3.88762303],[-79.36255934,-3.88752528],[-79.36259924,-3.88742507],[-79.36263208,-3.88734401],[-79.36266742,-3.88727481],[-79.36271444,-3.88716982],[-79.36275204,-3.88709348],[-79.36279207,-3.88701949],[-79.36285103,-3.88693361],[-79.36292421,-3.88684992],[-79.36298792,-3.88677589],[-79.36316274,-3.88660612],[-79.36325496,-3.88654626],[-79.36338243,-3.88641475],[-79.36346032,-3.88631922],[-79.36350269,-3.88624289],[-79.36357817,-3.88613777],[-79.36365841,-3.88603511],[-79.36372447,-3.88595629],[-79.36384973,-3.885851],[-79.36390404,-3.88579603],[-79.36397238,-3.88570048],[-79.36405269,-3.88560966],[-79.3641164,-3.88553328],[-79.36417763,-3.88543772],[-79.36421531,-3.88536618],[-79.36423636,-3.88528275],[-79.36424545,-3.88519459],[-79.36423245,-3.88504494],[-79.36423056,-3.8850232],[-79.36427764,-3.88493494],[-79.3643324,-3.88490635],[-79.36451666,-3.88481015],[-79.3646419,-3.8847168],[-79.36470342,-3.88467366],[-79.36473413,-3.88465214],[-79.36483105,-3.88458034],[-79.36491136,-3.88449196],[-79.36495137,-3.88442747],[-79.36497958,-3.88436549],[-79.36501703,-3.88422955],[-79.36508784,-3.88415789],[-79.36522041,-3.88409303],[-79.36530544,-3.8840261],[-79.36538099,-3.88392813],[-79.36541142,-3.88383757],[-79.3654681,-3.88376588],[-79.36551768,-3.88373233],[-79.36557905,-3.88366065],[-79.36567358,-3.88357221],[-79.36573269,-3.88354339],[-79.36579198,-3.88352415],[-79.36586766,-3.88349762],[-79.36593867,-3.88346638],[-79.36600493,-3.88341849],[-79.36606869,-3.88336589],[-79.36612288,-3.8832799],[-79.36612958,-3.88316561],[-79.36613027,-3.88315992],[-79.36614174,-3.88306526],[-79.36619474,-3.88303768],[-79.36627775,-3.88303974],[-79.36630216,-3.88304089],[-79.36637021,-3.88304408],[-79.36651228,-3.88300303],[-79.36652183,-3.88300061],[-79.36659758,-3.88298131],[-79.36669696,-3.88294759],[-79.3667915,-3.88285436],[-79.36686232,-3.8827779],[-79.36697104,-3.88270603],[-79.36707269,-3.88261752],[-79.36714605,-3.88257678],[-79.36726679,-3.88253099],[-79.36738042,-3.88248292],[-79.36751071,-3.88247765],[-79.36762216,-3.88248438],[-79.36773581,-3.88242446],[-79.36782789,-3.88234551],[-79.36794166,-3.88231643],[-79.36806498,-3.88233268],[-79.36814335,-3.88236096],[-79.36823338,-3.88236538],[-79.36827954,-3.88235621],[-79.36838028,-3.88233618],[-79.36849149,-3.88228341],[-79.36857903,-3.88222109],[-79.36858357,-3.88221845],[-79.36869017,-3.88215637],[-79.36874692,-3.88214301],[-79.36878259,-3.88213458],[-79.36894384,-3.88214113],[-79.3691076,-3.88219525],[-79.36925943,-3.88222801],[-79.36937107,-3.8822776],[-79.36940265,-3.88228978],[-79.36953013,-3.88233886],[-79.36961086,-3.88236],[-79.36973887,-3.88236667],[-79.36983618,-3.88237816],[-79.36990972,-3.88238744],[-79.3699666,-3.88239912],[-79.36999327,-3.88240459],[-79.37002357,-3.88241081],[-79.37011133,-3.88242707],[-79.37020858,-3.88242193],[-79.37021829,-3.88241994],[-79.37026776,-3.88240983],[-79.37031036,-3.88240015],[-79.37037909,-3.88238531],[-79.37037909,-3.88238527],[-79.37040043,-3.8823807],[-79.37051178,-3.88235171],[-79.37060182,-3.88234663],[-79.37068241,-3.8823439],[-79.370696,-3.8823441],[-79.37080098,-3.88234584],[-79.37094565,-3.88235716],[-79.37100434,-3.88236532],[-79.37107842,-3.88237568],[-79.37132269,-3.88237715],[-79.37146259,-3.88238375],[-79.3715859,-3.88240235],[-79.37167786,-3.88242917],[-79.37173069,-3.88244459],[-79.37183992,-3.88248224],[-79.37193726,-3.88252475],[-79.37207265,-3.88258614],[-79.37214679,-3.88261405],[-79.37222938,-3.88264504],[-79.37234315,-3.88270256],[-79.37237429,-3.8827183],[-79.37252866,-3.88278679],[-79.37269943,-3.88280276],[-79.37286543,-3.88281882],[-79.37299134,-3.88288978],[-79.37314668,-3.88301614],[-79.37322042,-3.88306584],[-79.37327033,-3.88309822],[-79.37366269,-3.8833417],[-79.37369542,-3.88336501],[-79.37372923,-3.88338904],[-79.37381013,-3.8834562],[-79.37390927,-3.88354628],[-79.37411267,-3.88372898],[-79.3742706,-3.88387082],[-79.37440357,-3.88392272],[-79.37446706,-3.88393972],[-79.3745175,-3.88395323],[-79.37466944,-3.88402171],[-79.37481201,-3.88409261],[-79.37484619,-3.88411158],[-79.3749355,-3.88416113],[-79.37500043,-3.88419733],[-79.37505433,-3.88422734],[-79.37511774,-3.88426324],[-79.37519221,-3.88430538],[-79.37526439,-3.88433592],[-79.37526443,-3.88433594],[-79.37530372,-3.88435255],[-79.3754343,-3.88438544],[-79.37555762,-3.8844016],[-79.37567859,-3.88442019],[-79.37589215,-3.88447495],[-79.37595866,-3.88448892],[-79.3760552,-3.88452265],[-79.37611925,-3.88455181],[-79.37622391,-3.88462842],[-79.3763537,-3.88481859],[-79.37635372,-3.88481861],[-79.37638711,-3.88486754],[-79.37644431,-3.88494823],[-79.37652292,-3.88503601],[-79.37659979,-3.88509448],[-79.37660245,-3.88509629],[-79.37669166,-3.88515835],[-79.37696205,-3.88536265],[-79.37698018,-3.88537634],[-79.37705311,-3.88542686],[-79.37710146,-3.88547108],[-79.37712872,-3.88549147],[-79.37715856,-3.88551375],[-79.37721875,-3.88553973],[-79.37729542,-3.88556004],[-79.37738238,-3.88556763],[-79.37750748,-3.88557871],[-79.37755118,-3.885575],[-79.37762528,-3.88557876],[-79.37768899,-3.88559797],[-79.37774586,-3.88561544],[-79.37781649,-3.88563819],[-79.37785952,-3.88564343],[-79.37785955,-3.88564343],[-79.3779183,-3.8856506],[-79.37801636,-3.88564745],[-79.37808887,-3.88563556],[-79.37815956,-3.8856272],[-79.37825948,-3.88563616],[-79.37827189,-3.88563985],[-79.37833703,-3.88565896],[-79.37852981,-3.88574959],[-79.37860613,-3.88577008],[-79.37862106,-3.88577409],[-79.37871926,-3.8857882],[-79.37881236,-3.88579028],[-79.37887622,-3.88577829],[-79.3789349,-3.88574386],[-79.37899539,-3.88570074],[-79.37900338,-3.88569278],[-79.3790248,-3.88567141],[-79.37906473,-3.88561504],[-79.37907502,-3.88560053],[-79.37914763,-3.88552977],[-79.37923569,-3.88548499],[-79.37927766,-3.88545396],[-79.37928924,-3.8854454],[-79.37934455,-3.88538663],[-79.37936843,-3.88534559],[-79.37938278,-3.88532101],[-79.37942089,-3.88525887],[-79.37948299,-3.88522435],[-79.37949978,-3.88521735],[-79.37953652,-3.88520203],[-79.3796055,-3.88519357],[-79.37968017,-3.88522336],[-79.37971049,-3.88523546],[-79.37978794,-3.88527558],[-79.37980228,-3.88528013],[-79.37987063,-3.88530179],[-79.37997895,-3.88539387],[-79.38002711,-3.88544768],[-79.38006464,-3.88554823],[-79.38013167,-3.88562468],[-79.3801598,-3.88562753],[-79.38023515,-3.88563174],[-79.38028162,-3.88562867],[-79.38030431,-3.88563034],[-79.38032698,-3.88563735],[-79.38034929,-3.88565014],[-79.38037086,-3.88566863],[-79.38039098,-3.88569227],[-79.38042601,-3.88573963],[-79.38046492,-3.88577706],[-79.38051798,-3.88580944],[-79.38054111,-3.88581709],[-79.38058718,-3.88582848],[-79.38063236,-3.88584331],[-79.38068795,-3.88586656],[-79.38073392,-3.88588808],[-79.38075884,-3.88589817],[-79.3807844,-3.88590609],[-79.3808941,-3.88593271],[-79.38092246,-3.88593755],[-79.38095018,-3.88593969],[-79.38097693,-3.8859391],[-79.38100232,-3.88593653],[-79.38107168,-3.88592111],[-79.38115816,-3.88589659],[-79.38119068,-3.88588842],[-79.38122509,-3.88588261],[-79.38132835,-3.88588462],[-79.38138479,-3.88594134],[-79.38140609,-3.88596082],[-79.38142956,-3.88597778],[-79.38145592,-3.88598886],[-79.38148499,-3.88599208],[-79.38154523,-3.8859912],[-79.38157259,-3.88599605],[-79.38159689,-3.88600541],[-79.38161784,-3.88601766],[-79.38167978,-3.88606779],[-79.38171278,-3.88609028],[-79.3818368,-3.88616494],[-79.38185982,-3.88618063],[-79.3819117,-3.88622043],[-79.3819393,-3.88623938],[-79.38196665,-3.88625418],[-79.38199418,-3.88626436],[-79.38202217,-3.88627029],[-79.38205116,-3.88627252],[-79.38211247,-3.88627453],[-79.38221228,-3.88629218],[-79.38227438,-3.88630821],[-79.38235959,-3.8863365],[-79.38239082,-3.88634552],[-79.38242214,-3.88635263],[-79.38245265,-3.88635703],[-79.38248137,-3.88635826],[-79.38252684,-3.8863579],[-79.38255563,-3.88636826],[-79.3825996,-3.8864028],[-79.38266392,-3.88643087],[-79.38271018,-3.88644181],[-79.38273584,-3.88644113],[-79.38282544,-3.88643425],[-79.38285254,-3.88643476],[-79.38287783,-3.88643915],[-79.38290149,-3.88644805],[-79.38294674,-3.88647165],[-79.38296977,-3.88648174],[-79.3829938,-3.88648856],[-79.38301936,-3.88649087],[-79.38304656,-3.88648803],[-79.38307458,-3.88648004],[-79.38310215,-3.88646752],[-79.38315606,-3.88643489],[-79.38318597,-3.88642138],[-79.38321993,-3.88641367],[-79.38325694,-3.88641202],[-79.38329511,-3.88641589],[-79.38333291,-3.88642447],[-79.38340454,-3.88644622],[-79.3834372,-3.88645487],[-79.38346717,-3.88646126],[-79.38349427,-3.88646583],[-79.38356097,-3.88647301],[-79.3836184,-3.88647891],[-79.3836815,-3.88648889],[-79.3837175,-3.88649719],[-79.38375349,-3.88650829],[-79.3837893,-3.88652265],[-79.3838251,-3.88654053],[-79.38386117,-3.88656185],[-79.38393635,-3.8866092],[-79.38397619,-3.88663189],[-79.38411732,-3.88670532],[-79.38424558,-3.8867752],[-79.38427454,-3.88679416],[-79.38429863,-3.88681292],[-79.38438402,-3.88689194],[-79.38441953,-3.88692095],[-79.38445684,-3.88694598],[-79.38449399,-3.88696703],[-79.38461633,-3.88702768],[-79.38473074,-3.88708858],[-79.38476159,-3.88710329],[-79.38480694,-3.88712029],[-79.38483322,-3.88712658],[-79.38486445,-3.88713242],[-79.38489812,-3.88713683],[-79.38493188,-3.88713888],[-79.38496573,-3.88713841],[-79.38500013,-3.8871354],[-79.38507137,-3.88712504],[-79.3851082,-3.88712195],[-79.38514521,-3.88712283],[-79.38518076,-3.88712851],[-79.3852127,-3.88713924],[-79.38523968,-3.88715494],[-79.38526198,-3.88717352],[-79.38528067,-3.88719273],[-79.3853246,-3.88724355],[-79.3853752,-3.88729347],[-79.38540146,-3.88731061],[-79.38543114,-3.88732659],[-79.38546137,-3.88733949],[-79.38554191,-3.88735791],[-79.38560034,-3.88736471],[-79.38564526,-3.88736724],[-79.38566911,-3.88737009],[-79.38569359,-3.8873752],[-79.38571906,-3.88738303],[-79.38574632,-3.88739393],[-79.3858378,-3.88743869],[-79.38592992,-3.8874811],[-79.38602743,-3.88753048],[-79.38606081,-3.88754474],[-79.38609167,-3.88755638],[-79.38611686,-3.88756502],[-79.38615502,-3.88757531],[-79.38623503,-3.88759147],[-79.386303,-3.88759404],[-79.38634145,-3.88759276],[-79.38642043,-3.88758278],[-79.38645087,-3.88757986],[-79.38648176,-3.88757838],[-79.38651291,-3.88757871],[-79.38654433,-3.8875813],[-79.38663966,-3.88759198],[-79.38667162,-3.88759276],[-79.38670368,-3.88759056],[-79.38673547,-3.88758483],[-79.38676745,-3.88757558],[-79.38679971,-3.88756343],[-79.38689667,-3.88751994],[-79.38695641,-3.88749917],[-79.38698523,-3.88749162],[-79.38704252,-3.88748034],[-79.3870989,-3.8874743],[-79.38712726,-3.88747444],[-79.38715642,-3.88747794],[-79.38718684,-3.88748559],[-79.38721752,-3.88749695],[-79.38724721,-3.88751112],[-79.38727473,-3.88752754],[-79.38730035,-3.88754549],[-79.38732427,-3.8875648],[-79.38736876,-3.88760359],[-79.38739052,-3.88762009],[-79.38741265,-3.8876328],[-79.38743604,-3.8876408],[-79.3874617,-3.88764365],[-79.38751843,-3.8876387],[-79.38754499,-3.88763956],[-79.38756757,-3.88764783],[-79.38758672,-3.88766153],[-79.38760344,-3.88767775],[-79.38764783,-3.88772486],[-79.38768962,-3.88776346],[-79.38771534,-3.88778241],[-79.38774582,-3.88780282],[-79.38777784,-3.88782178],[-79.38786726,-3.88786075],[-79.38788347,-3.88786132],[-79.38791634,-3.8878565],[-79.38793481,-3.88785156],[-79.38795103,-3.88784445],[-79.38796518,-3.88783534],[-79.38800397,-3.88779942],[-79.38802037,-3.88779032],[-79.38804073,-3.88778575],[-79.38811258,-3.8877838],[-79.38813555,-3.88778222],[-79.38821777,-3.88777044],[-79.38828054,-3.88776586],[-79.38829882,-3.88776291],[-79.38837001,-3.88773031],[-79.38839173,-3.88772194],[-79.38841272,-3.88771628],[-79.3884337,-3.88771406],[-79.38849931,-3.88772748],[-79.38850903,-3.88773039],[-79.38851353,-3.88773176],[-79.38858943,-3.887732],[-79.38863968,-3.88772875],[-79.38870578,-3.88771956],[-79.38874352,-3.88771547],[-79.38885022,-3.88771359],[-79.38887938,-3.887717],[-79.3889044,-3.88772157],[-79.38893653,-3.88772941],[-79.38897234,-3.88774186],[-79.38900887,-3.88775957],[-79.38904574,-3.88778116],[-79.38915869,-3.88785309],[-79.38919835,-3.88787677],[-79.38923937,-3.88789982],[-79.3892802,-3.88792106],[-79.38931906,-3.88793949],[-79.3894273,-3.88798401],[-79.38955872,-3.88804558],[-79.38960371,-3.8880642],[-79.38976737,-3.88812773],[-79.38983776,-3.88815747],[-79.38985184,-3.88816341],[-79.38988369,-3.88817687],[-79.38996455,-3.88822062],[-79.39004863,-3.88827667],[-79.39010717,-3.88831729],[-79.3901382,-3.88833707],[-79.39017093,-3.88835531],[-79.3902062,-3.88837129],[-79.39024435,-3.88838411],[-79.39037522,-3.88840571],[-79.3904926,-3.88842628],[-79.39052662,-3.88843231],[-79.39065062,-3.88846909],[-79.39074711,-3.88848844],[-79.39087959,-3.8885633],[-79.3909847,-3.88859308],[-79.39109681,-3.88858298],[-79.39119863,-3.88854348],[-79.39127628,-3.88852301],[-79.39139505,-3.88856492],[-79.39151738,-3.88858605],[-79.3916519,-3.88858296],[-79.39174165,-3.88854343],[-79.39183666,-3.88848664],[-79.39195052,-3.88846099],[-79.39205218,-3.88845268],[-79.39216089,-3.88843743],[-79.39225404,-3.88840822],[-79.39231283,-3.88836338],[-79.39235096,-3.88829256],[-79.39239605,-3.88821134],[-79.39250681,-3.88806098],[-79.39255511,-3.88803693],[-79.39262595,-3.88800424],[-79.39270873,-3.88798369],[-79.39277945,-3.88796492],[-79.39282955,-3.88794078],[-79.39291421,-3.88788216],[-79.39299194,-3.88782009],[-79.3930645,-3.887777],[-79.39316802,-3.88774446],[-79.39322498,-3.88771346],[-79.39329757,-3.88765654],[-79.39338049,-3.88761184],[-79.39350119,-3.88758277],[-79.39364099,-3.8875503],[-79.39376004,-3.88749346],[-79.39385521,-3.8873986],[-79.39393468,-3.88732089],[-79.39405549,-3.88728666],[-79.39416764,-3.88725758],[-79.39428319,-3.88724062],[-79.39437103,-3.88725987],[-79.39444681,-3.88727918],[-79.39452971,-3.88724308],[-79.39455396,-3.88722812],[-79.39462472,-3.88718448],[-79.39472128,-3.88716404],[-79.3948212,-3.88717644],[-79.39491598,-3.88719408],[-79.39502961,-3.88724114],[-79.39520963,-3.88736007],[-79.39528769,-3.88741164],[-79.39540477,-3.88744316],[-79.3955478,-3.88746441],[-79.39561382,-3.88746536],[-79.39563244,-3.88746563],[-79.39569951,-3.8874666],[-79.39587029,-3.88743419],[-79.39600829,-3.88739828],[-79.39611531,-3.88736918],[-79.39618777,-3.88733649],[-79.39638794,-3.88727655],[-79.39648803,-3.88724735],[-79.39659496,-3.88721826],[-79.39669158,-3.8872151],[-79.39677947,-3.88720504],[-79.39689166,-3.88715859],[-79.39696937,-3.88710692],[-79.39709022,-3.8870519],[-79.39719728,-3.88699848],[-79.39730262,-3.8869521],[-79.39736996,-3.886909],[-79.39750912,-3.88688636],[-79.39756829,-3.88687674],[-79.39761739,-3.88689029],[-79.39766989,-3.88690478],[-79.39779215,-3.88696054],[-79.39794025,-3.88701463],[-79.39809701,-3.88705671],[-79.39818485,-3.88707777],[-79.39827623,-3.887085],[-79.39835201,-3.88710079],[-79.39843817,-3.88710276],[-79.39850886,-3.88709955],[-79.39858464,-3.88711705],[-79.3986343,-3.88714942],[-79.39864317,-3.8871552],[-79.39869138,-3.88718662],[-79.39877565,-3.88723887],[-79.39891515,-3.88727043],[-79.39906347,-3.88725362],[-79.39917731,-3.88723837],[-79.399317,-3.88721802],[-79.39953067,-3.8872602],[-79.39974782,-3.88727129],[-79.39985295,-3.88729066],[-79.39996321,-3.8873066],[-79.40007009,-3.88730862],[-79.4001615,-3.88729333],[-79.40025123,-3.88726763],[-79.40036508,-3.88724723],[-79.40048062,-3.88723542],[-79.4005824,-3.887215],[-79.40065142,-3.88718574],[-79.40073255,-3.88713923],[-79.40081549,-3.88708241],[-79.40084542,-3.88704221],[-79.40086053,-3.88702191],[-79.40090033,-3.8869736],[-79.40096597,-3.88692525],[-79.40104878,-3.88689095],[-79.40114189,-3.88688598],[-79.40118274,-3.88687873],[-79.40122817,-3.88687068],[-79.40130061,-3.88684495],[-79.40135939,-3.88680699],[-79.40139997,-3.88677361],[-79.40147862,-3.88670132],[-79.40155637,-3.88662803],[-79.40156627,-3.8866172],[-79.40162891,-3.88654862],[-79.40163932,-3.88655562],[-79.40164624,-3.88657562],[-79.40177658,-3.88650785],[-79.40183241,-3.88640908],[-79.40168345,-3.88616704],[-79.40141252,-3.88582197],[-79.40091288,-3.88549082],[-79.40062711,-3.88544721],[-79.40028411,-3.88541786],[-79.39964093,-3.88540226],[-79.39918378,-3.88528655],[-79.39885523,-3.88517108],[-79.39856974,-3.88496957],[-79.39835582,-3.88471074],[-79.39817072,-3.8843371],[-79.3979862,-3.88364768],[-79.3977585,-3.88311605],[-79.39755342,-3.88195999],[-79.39758301,-3.88144323],[-79.39758382,-3.88101254],[-79.39762753,-3.88056757],[-79.39754223,-3.88032338],[-79.39737138,-3.87996414],[-79.39725758,-3.87967678],[-79.39701551,-3.87918823],[-79.39678753,-3.87880016],[-79.3965881,-3.87844086],[-79.3963674,-3.8780026],[-79.39619627,-3.87780129],[-79.39603928,-3.87767179],[-79.39591115,-3.87739876],[-79.39584023,-3.8771115],[-79.39586938,-3.8768101],[-79.39598432,-3.87649448],[-79.39609928,-3.8761645],[-79.39620008,-3.87577707],[-79.39612959,-3.87526013],[-79.39615895,-3.87484381],[-79.39634568,-3.87435606],[-79.39669689,-3.87381838],[-79.39702672,-3.87323041],[-79.39727079,-3.87265662],[-79.39760062,-3.87208301],[-79.39820241,-3.87129454],[-79.39836087,-3.87063445],[-79.39855511,-3.86995291],[-79.39864166,-3.86953675],[-79.39868515,-3.86920661],[-79.39888603,-3.86879071],[-79.39919409,-3.86844041],[-79.39920114,-3.86843236],[-79.39955946,-3.86790185],[-79.39983226,-3.86725635],[-79.39981904,-3.86668205],[-79.3996627,-3.86620802],[-79.39954186,-3.86587041],[-79.3993708,-3.86561169],[-79.39918529,-3.86545341],[-79.39892819,-3.86536677],[-79.39859964,-3.86526566],[-79.39829989,-3.86504977],[-79.39804345,-3.86460425],[-79.39777254,-3.86425916],[-79.39757335,-3.86375632],[-79.39753139,-3.86326813],[-79.39760377,-3.86278015],[-79.39772617,-3.86229946],[-79.3977125,-3.86196923],[-79.39767066,-3.86140927],[-79.39772854,-3.86103612],[-79.39778655,-3.86059117],[-79.39787294,-3.86024678],[-79.3979168,-3.85973006],[-79.39790344,-3.85924192],[-79.39771842,-3.85881088],[-79.39761189,-3.85844461],[-79.39754099,-3.85814298],[-79.39749877,-3.85779835],[-79.39747081,-3.8574681],[-79.39755767,-3.85687965],[-79.39748695,-3.85647754],[-79.39741628,-3.85606107],[-79.3973315,-3.85552974],[-79.39746886,-3.85467579],[-79.39751269,-3.8541734],[-79.39761404,-3.85348452],[-79.3977431,-3.85325507],[-79.3979006,-3.85311181],[-79.39790132,-3.85272417],[-79.39807366,-3.85227947],[-79.39828911,-3.85171996],[-79.39843256,-3.8514331],[-79.39840459,-3.85111722],[-79.39829808,-3.85073658],[-79.39827014,-3.85039198],[-79.39828473,-3.85023407],[-79.39841357,-3.85011946],[-79.39865693,-3.84991896],[-79.39880032,-3.84968953],[-79.39880094,-3.84935936],[-79.39873021,-3.84894287],[-79.39868782,-3.84868438],[-79.39871675,-3.84849781],[-79.39884574,-3.84829704],[-79.39903907,-3.84805809],[-79.3990893,-3.84799603],[-79.39920419,-3.84770911],[-79.39946212,-3.8473507],[-79.39944863,-3.84691997],[-79.39936345,-3.84660398],[-79.39894243,-3.8462802],[-79.3987997,-3.84617943],[-79.39851393,-3.84612146],[-79.39838543,-3.8460638],[-79.39834285,-3.84590579],[-79.39837181,-3.84570484],[-79.39847216,-3.84553277],[-79.3985869,-3.84531765],[-79.39861601,-3.84503056],[-79.39857352,-3.84482951],[-79.39841694,-3.84449903],[-79.39830311,-3.84421167],[-79.39814643,-3.84392424],[-79.39814675,-3.84375199],[-79.39811884,-3.84339303],[-79.39807649,-3.84310579],[-79.39803413,-3.84283297],[-79.39789181,-3.84250252],[-79.39779224,-3.84224391],[-79.39780696,-3.84201425],[-79.39790733,-3.84184214],[-79.39803624,-3.84169885],[-79.39820817,-3.84146945],[-79.39828011,-3.84122553],[-79.39825178,-3.84108196],[-79.39815197,-3.84095253],[-79.39799911,-3.84084414],[-79.39784793,-3.84078863],[-79.39764802,-3.84068776],[-79.39751982,-3.8404578],[-79.39740567,-3.84034274],[-79.39706285,-3.84025596],[-79.3966772,-3.84011167],[-79.39636315,-3.83989573],[-79.39620664,-3.83950784],[-79.39604987,-3.83927783],[-79.39593564,-3.83922018],[-79.39582122,-3.83926303],[-79.39562087,-3.83940623],[-79.39539199,-3.83950628],[-79.39523482,-3.83947728],[-79.39517795,-3.8393336],[-79.39520702,-3.8390609],[-79.39513577,-3.83893158],[-79.3949787,-3.83885949],[-79.3946784,-3.83894508],[-79.39449243,-3.83903085],[-79.39419218,-3.83910207],[-79.39392075,-3.83902977],[-79.39379237,-3.83888598],[-79.39369279,-3.83862736],[-79.39357914,-3.83826823],[-79.39369448,-3.83772294],[-79.39376693,-3.83719187],[-79.39375387,-3.83654585],[-79.39356022,-3.83591948],[-79.39358369,-3.83555291],[-79.3936298,-3.83530095],[-79.39367594,-3.83502608],[-79.39367663,-3.83465947],[-79.39360855,-3.83447604],[-79.39317516,-3.83445233],[-79.39303875,-3.8342],[-79.39290266,-3.8337873],[-79.39274384,-3.83332877],[-79.39240241,-3.83293862],[-79.39194679,-3.83259403],[-79.39167406,-3.83206654],[-79.39112783,-3.83140101],[-79.39096895,-3.83096541],[-79.39096967,-3.83057587],[-79.39090206,-3.83014038],[-79.39074279,-3.82993386],[-79.39056033,-3.82991058],[-79.39024119,-3.82979545],[-79.38986535,-3.82979474],[-79.38987844,-3.8296156],[-79.38970757,-3.82928992],[-79.38928874,-3.82913603],[-79.38869839,-3.82898181],[-79.38818432,-3.82880864],[-79.38782301,-3.82844437],[-79.38774749,-3.8280806],[-79.38769168,-3.82735328],[-79.38765471,-3.82674086],[-79.38765607,-3.82601362],[-79.38773315,-3.8255545],[-79.38809595,-3.82511502],[-79.38836374,-3.82456054],[-79.38861266,-3.82387208],[-79.38886195,-3.82301142],[-79.38869242,-3.82197766],[-79.38844565,-3.82149878],[-79.38804632,-3.82109615],[-79.38766526,-3.82109543],[-79.38629347,-3.82113111],[-79.38518887,-3.82091852],[-79.38454126,-3.82082162],[-79.38370357,-3.82051385],[-79.38290383,-3.82030181],[-79.38176116,-3.8200509],[-79.38096111,-3.81999198],[-79.38038972,-3.81989522],[-79.38014256,-3.81962681],[-79.37987659,-3.81922444],[-79.37985889,-3.81849722],[-79.37989788,-3.818038],[-79.38010861,-3.81740689],[-79.38037592,-3.81710119],[-79.38054834,-3.81658482],[-79.38054931,-3.81606812],[-79.38032149,-3.81564666],[-79.38005534,-3.81533997],[-79.37965525,-3.81533921],[-79.37955947,-3.8156261],[-79.37927278,-3.81610399],[-79.37902477,-3.81629489],[-79.37875804,-3.81629438],[-79.37814851,-3.81621669],[-79.37773033,-3.81571834],[-79.37714164,-3.81468383],[-79.37700902,-3.81430083],[-79.37664793,-3.81382173],[-79.37613443,-3.81336145],[-79.37550617,-3.81311151],[-79.37529729,-3.81274751],[-79.3752597,-3.81247948],[-79.37535674,-3.81152286],[-79.3753765,-3.81114017],[-79.37524383,-3.81077631],[-79.37484437,-3.81045024],[-79.37450278,-3.8097415],[-79.374504,-3.80909086],[-79.37442896,-3.80845919],[-79.37380139,-3.80786474],[-79.37338294,-3.80750035],[-79.37315522,-3.80702152],[-79.37281353,-3.80635106],[-79.3723381,-3.80591004],[-79.37184352,-3.80550721],[-79.37155842,-3.80514307],[-79.37132156,-3.80489286],[-79.37006767,-3.80514138],[-79.36978142,-3.80527493],[-79.36939977,-3.80542742],[-79.36909461,-3.80546515],[-79.36880806,-3.8057519],[-79.36848381,-3.80580874],[-79.36808338,-3.80580799],[-79.36772101,-3.80586475],[-79.36724393,-3.80607453],[-79.36667172,-3.80616921],[-79.36629027,-3.80622594],[-79.36590871,-3.80634013],[-79.36493598,-3.8064915],[-79.36466932,-3.80633777],[-79.36426897,-3.80629871],[-79.36398284,-3.80637478],[-79.36321905,-3.80694793],[-79.36291398,-3.80694735],[-79.36247553,-3.80688902],[-79.36215193,-3.80660114],[-79.36201461,-3.80662643],[-79.36163694,-3.80669593],[-79.36119841,-3.80669509],[-79.36051232,-3.80650224],[-79.35999808,-3.80619483],[-79.35910267,-3.80579091],[-79.35858833,-3.80554093],[-79.35769305,-3.80507954],[-79.35714138,-3.804389],[-79.3559419,-3.80346736],[-79.35510338,-3.80323593],[-79.35361639,-3.80309899],[-79.35302647,-3.80248497],[-79.35236115,-3.80141115],[-79.35171558,-3.79997341],[-79.35169864,-3.79886253],[-79.35149022,-3.79815347],[-79.35116697,-3.79769318],[-79.35067289,-3.79683036],[-79.35025479,-3.79608259],[-79.34983647,-3.79548807],[-79.34934168,-3.79496997],[-79.34880921,-3.79424113],[-79.34818164,-3.79339724],[-79.34753507,-3.79247664],[-79.34595549,-3.79090306],[-79.34519428,-3.7901355],[-79.34426152,-3.78932929],[-79.34348073,-3.78882984],[-79.34304257,-3.78863746],[-79.34258502,-3.78859826],[-79.34227996,-3.78859768],[-79.34172651,-3.78886475],[-79.34098264,-3.7889974],[-79.34050586,-3.78907309],[-79.3399529,-3.78907203],[-79.3379694,-3.7893555],[-79.33712998,-3.78962204],[-79.336488,-3.78978193],[-79.33653246,-3.78984234],[-79.33677298,-3.79017156],[-79.3368063,-3.7907599],[-79.33699472,-3.79131394],[-79.33725247,-3.7916432],[-79.33733786,-3.792024],[-79.33721708,-3.79212759]]]]},"geometry_name":"geom","properties":{"id":3,"fid":3,"objectid":3,"dpa_parroq":"110152","dpa_despar":"CHUQUIRIBAMBA","dpa_valor":0,"dpa_anio":"2009","dpa_canton":"1101","dpa_provin":"11","dpa_despro":"LOJA","dpa_descan":"LOJA","regional":"Sur","areas":7144.192536398642,"shape_length":41370.876225853055,"shape_area":7.144192536398642E7}},{"type":"Feature","id":"limites_parroquiales.5","geometry":{"type":"MultiPolygon","coordinates":[[[[-79.29031299,-3.82773008],[-79.2899323,-3.82861173],[-79.28989668,-3.82919993],[-79.2895506,-3.82999512],[-79.28889469,-3.83066861],[-79.28820299,-3.83201677],[-79.28771861,-3.83307121],[-79.28745818,-3.83410881],[-79.28702556,-3.83509416],[-79.28661133,-3.8355086],[-79.28600729,-3.83609564],[-79.28569585,-3.83680443],[-79.28568707,-3.83715982],[-79.28532035,-3.83761129],[-79.28472121,-3.8381966],[-79.28432655,-3.83856324],[-79.28364946,-3.83943805],[-79.28284622,-3.84008653],[-79.28218363,-3.84073526],[-79.28167689,-3.84138043],[-79.28156297,-3.84152542],[-79.28092159,-3.84213888],[-79.28059743,-3.84242085],[-79.28025892,-3.84284415],[-79.27982151,-3.84346508],[-79.27951104,-3.84393081],[-79.27910141,-3.84473553],[-79.27891788,-3.84506018],[-79.27852362,-3.8452007],[-79.27812913,-3.84546844],[-79.27781867,-3.84593417],[-79.27699419,-3.84663202],[-79.27637425,-3.84706888],[-79.27592371,-3.84722342],[-79.2754875,-3.84725079],[-79.27520614,-3.84722196],[-79.27488214,-3.84743327],[-79.27479503,-3.84744657],[-79.2745162,-3.84748909],[-79.2739959,-3.84736082],[-79.27358827,-3.84716216],[-79.27301117,-3.84727407],[-79.27270121,-3.8474995],[-79.27261612,-3.84782439],[-79.27255905,-3.84823411],[-79.27244618,-3.8483752],[-79.27223506,-3.84841716],[-79.27213638,-3.84851589],[-79.27200904,-3.84885481],[-79.27193106,-3.84915849],[-79.27179008,-3.84929954],[-79.2716211,-3.84936985],[-79.27142408,-3.84939771],[-79.27131109,-3.84960945],[-79.27129654,-3.84983555],[-79.2712397,-3.85011804],[-79.27091596,-3.85020218],[-79.27060637,-3.85022983],[-79.27028238,-3.85041288],[-79.27021137,-3.85073778],[-79.27030919,-3.85106304],[-79.27030864,-3.85133154],[-79.27015365,-3.8514584],[-79.26991428,-3.85154269],[-79.26975922,-3.85169783],[-79.26980074,-3.85203712],[-79.2698559,-3.85258837],[-79.26985535,-3.85285688],[-79.26965811,-3.85298365],[-79.26929888,-3.8532161],[-79.26924141,-3.85380955],[-79.26874778,-3.85440207],[-79.26835263,-3.85498072],[-79.26797169,-3.85550282],[-79.26742156,-3.85619416],[-79.26713949,-3.85653276],[-79.26709675,-3.85680119],[-79.26720171,-3.85707697],[-79.26720116,-3.85734549],[-79.26693323,-3.85765582],[-79.26655279,-3.85792358],[-79.26645387,-3.85813535],[-79.26646712,-3.85853106],[-79.26640999,-3.85895487],[-79.26615649,-3.85908158],[-79.2659029,-3.85925065],[-79.26574751,-3.8595471],[-79.26557707,-3.86033817],[-79.26565259,-3.86124982],[-79.2657344,-3.86255013],[-79.26605561,-3.86373788],[-79.26611157,-3.863966],[-79.26636957,-3.86501748],[-79.26629729,-3.86596418],[-79.26607098,-3.86655728],[-79.26553512,-3.8671356],[-79.26487308,-3.86751578],[-79.26435221,-3.86765604],[-79.26381715,-3.8678528],[-79.26338035,-3.86816281],[-79.26311881,-3.86877704],[-79.26306085,-3.86959657],[-79.26331193,-3.87067108],[-79.26401843,-3.87265813],[-79.26445258,-3.87364828],[-79.26468983,-3.87459559],[-79.26477763,-3.8763976],[-79.26478906,-3.87768364],[-79.26455171,-3.88023402],[-79.26452207,-3.88096879],[-79.26430981,-3.88154778],[-79.26416718,-3.88252259],[-79.26353741,-3.88429486],[-79.26349436,-3.88470462],[-79.26322523,-3.8855944],[-79.26312594,-3.88587352],[-79.26306954,-3.88603217],[-79.2627156,-3.88710546],[-79.2623541,-3.88842607],[-79.26206995,-3.88976802],[-79.2619278,-3.89047431],[-79.26165908,-3.89113798],[-79.26098204,-3.89195624],[-79.26062242,-3.89235824],[-79.25971864,-3.8939674],[-79.25957667,-3.89457482],[-79.25961734,-3.89532386],[-79.25996022,-3.89622198],[-79.26026841,-3.89690097],[-79.26036519,-3.8977208],[-79.26056036,-3.89861154],[-79.26056254,-3.89962495],[-79.26056396,-3.90028619],[-79.26061874,-3.90100702],[-79.26096862,-3.90192637],[-79.26136109,-3.90266202],[-79.26183785,-3.90345442],[-79.2620963,-3.90436645],[-79.26227764,-3.90512995],[-79.26244581,-3.90545534],[-79.26251485,-3.9060914],[-79.26258299,-3.90716561],[-79.26261579,-3.90831743],[-79.2626291,-3.90869903],[-79.26262832,-3.9090806],[-79.26276802,-3.90956136],[-79.26280929,-3.91001368],[-79.26270985,-3.91047984],[-79.26245549,-3.91098805],[-79.26224437,-3.91104416],[-79.26206123,-3.91114269],[-79.26189182,-3.911425],[-79.2618264,-3.91243527],[-79.26175512,-3.91288737],[-79.2616692,-3.91362204],[-79.26155473,-3.9145404],[-79.26149689,-3.9153034],[-79.26203605,-3.9165411],[-79.2622744,-3.91695143],[-79.26272342,-3.91756002],[-79.26307435,-3.91795644],[-79.26395934,-3.91867901],[-79.26573536,-3.92058346],[-79.26624094,-3.92105087],[-79.26680268,-3.92158906],[-79.26760294,-3.92245277],[-79.2681506,-3.92299093],[-79.26836162,-3.92343837],[-79.2684308,-3.92358506],[-79.26837982,-3.92441168],[-79.26825189,-3.92504735],[-79.26791298,-3.92564021],[-79.26753114,-3.92655796],[-79.26652124,-3.9284284],[-79.26625275,-3.92897895],[-79.26580068,-3.92985424],[-79.26551776,-3.93058851],[-79.26535106,-3.93093813],[-79.26505177,-3.93137893],[-79.26463425,-3.93254395],[-79.26463335,-3.93298204],[-79.26432183,-3.93392827],[-79.26423634,-3.93443682],[-79.26447395,-3.9352287],[-79.26520983,-3.93659397],[-79.26527977,-3.93679197],[-79.26564461,-3.93728737],[-79.26589707,-3.93768358],[-79.26612128,-3.93813627],[-79.26576739,-3.93915304],[-79.26563063,-3.94064368],[-79.2654601,-3.94144886],[-79.26555573,-3.94283398],[-79.26561735,-3.94434126],[-79.26562939,-3.94463601],[-79.26558584,-3.94528595],[-79.26573877,-3.94617662],[-79.26580733,-3.9470388],[-79.26579142,-3.94792911],[-79.26631761,-3.94864391],[-79.26634506,-3.94867285],[-79.26661246,-3.94895537],[-79.26749851,-3.94916922],[-79.26831393,-3.9495101],[-79.26893196,-3.95006253],[-79.26936694,-3.95064286],[-79.26980598,-3.95267174],[-79.26988808,-3.95380246],[-79.26998362,-3.95523002],[-79.26986068,-3.95683376],[-79.2698598,-3.95725768],[-79.26964699,-3.95809105],[-79.26954308,-3.95869662],[-79.26953305,-3.95875501],[-79.26932046,-3.95948943],[-79.26881807,-3.96085214],[-79.26870463,-3.96127586],[-79.26836531,-3.96205241],[-79.26799865,-3.9624332],[-79.26773041,-3.96285662],[-79.26748941,-3.96371815],[-79.26721282,-3.96477042],[-79.26708536,-3.96516585],[-79.26673162,-3.96609784],[-79.26663181,-3.96673356],[-79.26630548,-3.96800471],[-79.2662124,-3.96878889],[-79.26616807,-3.96980631],[-79.26585502,-3.97147322],[-79.2657048,-3.97265294],[-79.26553321,-3.97395271],[-79.26547318,-3.97574735],[-79.2653092,-3.97678572],[-79.26530796,-3.97737926],[-79.26526356,-3.97842493],[-79.26531287,-3.9788691],[-79.26533261,-3.97904689],[-79.26630705,-3.98075184],[-79.26644695,-3.98113372],[-79.26690899,-3.98225113],[-79.26745481,-3.98367961],[-79.26805044,-3.98484675],[-79.26841463,-3.98565306],[-79.26866609,-3.98651565],[-79.2687911,-3.9873073],[-79.26863483,-3.98801358],[-79.26838024,-3.9886207],[-79.26836824,-3.98870387],[-79.26843396,-3.98872052],[-79.27004631,-3.98867077],[-79.27146519,-3.98887265],[-79.27234533,-3.98883343],[-79.27236157,-3.98885671],[-79.2723884,-3.98889909],[-79.27242332,-3.98894827],[-79.27246771,-3.9889962],[-79.272515,-3.98902921],[-79.27256368,-3.98904722],[-79.27260021,-3.98905968],[-79.27269891,-3.98909706],[-79.2727421,-3.98911234],[-79.2727921,-3.98913985],[-79.27283807,-3.9891592],[-79.27288798,-3.98918951],[-79.27293665,-3.9892143],[-79.2729826,-3.98924044],[-79.27301632,-3.98926656],[-79.27304721,-3.98930758],[-79.27307133,-3.98935402],[-79.27310492,-3.98939506],[-79.27314401,-3.98943204],[-79.27325444,-3.9895444],[-79.27328804,-3.98958272],[-79.27331745,-3.98964011],[-79.27333481,-3.98969188],[-79.2733548,-3.98973695],[-79.27337206,-3.98979151],[-79.27338797,-3.98984743],[-79.27341346,-3.98988709],[-79.27344029,-3.98993083],[-79.27347521,-3.98998272],[-79.2735197,-3.99002115],[-79.27355869,-3.99006762],[-79.27359236,-3.99011146],[-79.273635,-3.99021789],[-79.27367274,-3.99025622],[-79.27372667,-3.9903001],[-79.27377389,-3.99032634],[-79.27384694,-3.99035669],[-79.27390643,-3.99036939],[-79.27395927,-3.99037782],[-79.27402158,-3.99038103],[-79.2740906,-3.99039917],[-79.2742802,-3.9904153],[-79.27433575,-3.9904184],[-79.27439129,-3.99042557],[-79.27444278,-3.99043545],[-79.27449668,-3.99045129],[-79.27449956,-3.99045211],[-79.27454957,-3.99047971],[-79.27459272,-3.99050991],[-79.27463576,-3.99055648],[-79.27467214,-3.99059752],[-79.27470167,-3.99064397],[-79.27482827,-3.99077138],[-79.27486726,-3.99081378],[-79.27491175,-3.99085629],[-79.27495759,-3.99089337],[-79.27500897,-3.99091003],[-79.27507248,-3.99093901],[-79.27512779,-3.9909734],[-79.27516959,-3.99100767],[-79.27521405,-3.99106111],[-79.275261,-3.99112939],[-79.27528905,-3.99119357],[-79.27531454,-3.99123323],[-79.27534001,-3.99128238],[-79.27536672,-3.99133697],[-79.27539221,-3.99137934],[-79.27546756,-3.99147237],[-79.27551195,-3.99151487],[-79.27553992,-3.99153483],[-79.27556194,-3.99155061],[-79.27560782,-3.99157132],[-79.27566065,-3.99158662],[-79.27571338,-3.99160328],[-79.27577285,-3.99162547],[-79.27582421,-3.99165162],[-79.2758633,-3.9916886],[-79.27596312,-3.99175193],[-79.27601043,-3.99177807],[-79.27606314,-3.99180287],[-79.27612408,-3.99181557],[-79.27617953,-3.99182138],[-79.27623642,-3.99182855],[-79.27640293,-3.99186634],[-79.27643074,-3.99186929],[-79.27651672,-3.99187798],[-79.27658173,-3.99187838],[-79.27664808,-3.99188286],[-79.27670632,-3.99189004],[-79.27676051,-3.99189856],[-79.27682404,-3.99192212],[-79.27687539,-3.99194972],[-79.27692945,-3.99198003],[-79.27696396,-3.99201518],[-79.27696575,-3.992017],[-79.27700888,-3.9920567],[-79.2770535,-3.99208148],[-79.27705952,-3.99208367],[-79.27709938,-3.99209813],[-79.27713386,-3.99208685],[-79.27715651,-3.99207944],[-79.27721343,-3.99207169],[-79.27726765,-3.99206927],[-79.2773185,-3.99206578],[-79.27737616,-3.99206181],[-79.27742902,-3.99206084],[-79.27748051,-3.99206791],[-79.2775427,-3.99208197],[-79.27766456,-3.99211134],[-79.27771864,-3.99213072],[-79.27777811,-3.99215426],[-79.27783759,-3.99217365],[-79.27789715,-3.99219448],[-79.27800935,-3.99223469],[-79.27806478,-3.99225542],[-79.27812289,-3.99228168],[-79.27818506,-3.99230794],[-79.27822805,-3.99232928],[-79.27823507,-3.99233273],[-79.27828658,-3.9923304],[-79.27833524,-3.99235519],[-79.2783784,-3.99238404],[-79.27845809,-3.99242951],[-79.27854882,-3.99244643],[-79.27859898,-3.99244129],[-79.27865183,-3.99244438],[-79.27870052,-3.99245552],[-79.27875192,-3.99246404],[-79.2788495,-3.99247826],[-79.27890359,-3.99248949],[-79.27895498,-3.99250208],[-79.27908809,-3.99254925],[-79.27909975,-3.99255339],[-79.27915519,-3.99256869],[-79.27921208,-3.99257722],[-79.27926482,-3.99259126],[-79.27931351,-3.9926024],[-79.27934977,-3.99261459],[-79.27939332,-3.99262743],[-79.27943525,-3.99264542],[-79.27948392,-3.99266479],[-79.27952304,-3.99268684],[-79.27957711,-3.992713],[-79.27962309,-3.99272693],[-79.27967322,-3.9927368],[-79.27972473,-3.99273574],[-79.27977343,-3.99274018],[-79.27982224,-3.99273775],[-79.2798724,-3.99273804],[-79.27998508,-3.99271838],[-79.28003661,-3.99270782],[-79.28008813,-3.99270132],[-79.28019125,-3.99269385],[-79.28022619,-3.99273625],[-79.28029065,-3.99282374],[-79.28032841,-3.99285528],[-79.28037426,-3.99289101],[-79.28041618,-3.99290629],[-79.28047309,-3.9929093],[-79.28052907,-3.9929157],[-79.28053673,-3.99291658],[-79.28054093,-3.99291618],[-79.28065886,-3.99290508],[-79.28071172,-3.99290139],[-79.28076729,-3.99289491],[-79.28082026,-3.99288435],[-79.28093014,-3.99287147],[-79.28098043,-3.9928486],[-79.28103881,-3.99283272],[-79.28110529,-3.99282219],[-79.28116356,-3.9928158],[-79.28121507,-3.99281338],[-79.28129099,-3.99280847],[-79.28136014,-3.99281025],[-79.28141705,-3.99280928],[-79.28152422,-3.99279901],[-79.28157979,-3.99279533],[-79.2816313,-3.99279291],[-79.28168956,-3.9927933],[-79.28174253,-3.99278003],[-79.28179955,-3.99276812],[-79.2818593,-3.99274537],[-79.28192038,-3.99272814],[-79.28197202,-3.99270935],[-79.2820332,-3.9926894],[-79.28209024,-3.99266935],[-79.28214717,-3.99265745],[-79.28225733,-3.99263687],[-79.28229508,-3.99262981],[-79.28234039,-3.99262412],[-79.28240091,-3.99261964],[-79.28246319,-3.9926336],[-79.28256742,-3.99265471],[-79.2826919,-3.99267595],[-79.28274204,-3.99268302],[-79.282803,-3.99268477],[-79.28286001,-3.99267974],[-79.28291386,-3.99267651],[-79.28292098,-3.99267607],[-79.28299147,-3.9926792],[-79.28304568,-3.99267687],[-79.2831107,-3.99267728],[-79.28316366,-3.99267079],[-79.28323957,-3.99266851],[-79.28329918,-3.99266483],[-79.28338465,-3.99265859],[-79.28344292,-3.99265356],[-79.28351341,-3.99266076],[-79.2835865,-3.99267213],[-79.28364747,-3.99266846],[-79.28376702,-3.99263652],[-79.28381854,-3.99263011],[-79.28387142,-3.99262091],[-79.28393651,-3.99262403],[-79.28399612,-3.99262443],[-79.2840529,-3.99264516],[-79.28408091,-3.99265693],[-79.28410094,-3.99266534],[-79.28415927,-3.99268601],[-79.28416509,-3.99268808],[-79.28422332,-3.99270213],[-79.28428294,-3.99269981],[-79.28432783,-3.99267422],[-79.28434607,-3.99266301],[-79.28437823,-3.99264322],[-79.28444742,-3.99262736],[-79.28446752,-3.99262528],[-79.28450983,-3.99262089],[-79.28456538,-3.99262535],[-79.28462363,-3.99263117],[-79.28468043,-3.99263969],[-79.2847481,-3.99265919],[-79.28480228,-3.99267042],[-79.28487267,-3.99268314],[-79.28492552,-3.99268624],[-79.28498108,-3.99268653],[-79.28503664,-3.99268421],[-79.28503959,-3.99268423],[-79.2850976,-3.99268461],[-79.28515326,-3.99268083],[-79.28522097,-3.99267863],[-79.28527258,-3.99267213],[-79.28533096,-3.99265616],[-79.28537992,-3.99262787],[-79.28542212,-3.99259956],[-79.28545892,-3.99256717],[-79.28548496,-3.99251695],[-79.2855056,-3.992464],[-79.28553039,-3.99240699],[-79.28554843,-3.99234861],[-79.28557312,-3.99229567],[-79.28558029,-3.99227405],[-79.28559251,-3.99223721],[-79.28562531,-3.99218166],[-79.28565832,-3.99211246],[-79.28569245,-3.99206913],[-79.28572215,-3.99203302],[-79.28574029,-3.9920109],[-79.28578533,-3.99196352],[-79.28579553,-3.99194899],[-79.28581955,-3.99191476],[-79.28586313,-3.99187561],[-79.28591501,-3.99182146],[-79.28595859,-3.9917795],[-79.28600628,-3.99175265],[-79.28605107,-3.99173385],[-79.28609585,-3.99172327],[-79.28611386,-3.99172277],[-79.28624767,-3.9917188],[-79.286302,-3.99170417],[-79.28633892,-3.99166084],[-79.28637573,-3.9916243],[-79.28642483,-3.99156752],[-79.2864658,-3.99152691],[-79.28650407,-3.99148087],[-79.2865463,-3.9914362],[-79.28660775,-3.99137529],[-79.28660904,-3.99137358],[-79.28664468,-3.99132653],[-79.28669397,-3.99126551],[-79.28679223,-3.99116805],[-79.28682902,-3.9911438],[-79.28687388,-3.99113585],[-79.28693088,-3.99113217],[-79.28695976,-3.99112346],[-79.28698386,-3.99111618],[-79.28702887,-3.99107965],[-79.28706995,-3.99102675],[-79.28711914,-3.99096988],[-79.28715201,-3.9909251],[-79.28720097,-3.99089274],[-79.28727034,-3.99087679],[-79.28733199,-3.99084897],[-79.28736024,-3.99081612],[-79.28738908,-3.99075902],[-79.28740567,-3.99070607],[-79.28742642,-3.99064489],[-79.2874349,-3.99059174],[-79.28743952,-3.99056938],[-79.28744754,-3.99053054],[-79.28746842,-3.99044893],[-79.28749726,-3.99039184],[-79.28753825,-3.99034309],[-79.28757921,-3.99030249],[-79.2876186,-3.99028168],[-79.28764051,-3.99027015],[-79.28771382,-3.99026244],[-79.2877583,-3.99026271],[-79.28777082,-3.99026283],[-79.28783983,-3.99028784],[-79.28790479,-3.99031275],[-79.28796571,-3.99033359],[-79.28803067,-3.99035443],[-79.28809577,-3.99035891],[-79.288104,-3.99036181],[-79.28818197,-3.99038929],[-79.28820131,-3.99039639],[-79.2882459,-3.99043605],[-79.28826611,-3.99045403],[-79.28831048,-3.99051155],[-79.28837542,-3.99054469],[-79.28844872,-3.99054511],[-79.28861583,-3.99050531],[-79.28868118,-3.99047308],[-79.28873441,-3.99042436],[-79.28875202,-3.99040687],[-79.28878349,-3.99037563],[-79.28884076,-3.99033107],[-79.28886923,-3.99031036],[-79.28890208,-3.99028644],[-79.28896731,-3.99027057],[-79.28902428,-3.99028317],[-79.28908118,-3.99028763],[-79.28912759,-3.99028351],[-79.28916674,-3.99028003],[-79.28917159,-3.99027797],[-79.28922388,-3.99025582],[-79.28928103,-3.99022348],[-79.28934223,-3.9901953],[-79.28940341,-3.99017527],[-79.28946311,-3.99017593],[-79.28957833,-3.99019272],[-79.28964759,-3.990185],[-79.28970057,-3.99016901],[-79.28976578,-3.99016119],[-79.28982684,-3.99015752],[-79.2898919,-3.9901743],[-79.28993236,-3.9902073],[-79.28997436,-3.99024615],[-79.28997684,-3.99024844],[-79.29002955,-3.9902774],[-79.29009462,-3.99029417],[-79.29018006,-3.99029878],[-79.290233,-3.99029907],[-79.29028583,-3.99031175],[-79.29035081,-3.99032853],[-79.29040769,-3.99034113],[-79.29046467,-3.99034966],[-79.29064782,-3.99035085],[-79.29070484,-3.99034301],[-79.29077399,-3.99034343],[-79.29083501,-3.99035613],[-79.29091631,-3.99036073],[-79.29097331,-3.99036112],[-79.2910152,-3.99035234],[-79.29103042,-3.99034921],[-79.29110364,-3.99034556],[-79.29116872,-3.9903542],[-79.29122574,-3.99034636],[-79.29128692,-3.99032632],[-79.29134059,-3.9903014],[-79.29135632,-3.99029409],[-79.29146643,-3.99025797],[-79.29152356,-3.99023792],[-79.29158057,-3.99023008],[-79.29158724,-3.99022793],[-79.29160427,-3.99022236],[-79.29164175,-3.99021005],[-79.29172731,-3.99020245],[-79.29178419,-3.99021505],[-79.29184106,-3.99023587],[-79.29190603,-3.99025672],[-79.29196694,-3.99027755],[-79.29201977,-3.99029014],[-79.29206439,-3.99031085],[-79.29209981,-3.99031874],[-79.29212137,-3.99032354],[-79.29221071,-3.99035682],[-79.29226344,-3.99037348],[-79.29233268,-3.99037806],[-79.29245885,-3.99037063],[-79.29251586,-3.99036288],[-79.29256278,-3.99036045],[-79.29257711,-3.99035967],[-79.29258511,-3.99035923],[-79.29264619,-3.99034733],[-79.29273173,-3.99034787],[-79.29279685,-3.99033607],[-79.29286205,-3.99033241],[-79.29293132,-3.99032052],[-79.29298835,-3.99030862],[-79.29306582,-3.9902887],[-79.29312699,-3.9902768],[-79.29324505,-3.99026945],[-79.29330205,-3.99026975],[-79.29335893,-3.99028244],[-79.29339256,-3.99030494],[-79.29338294,-3.99034389],[-79.29337409,-3.99035463],[-79.29334602,-3.99038858],[-79.29331313,-3.9904415],[-79.29331689,-3.99049468],[-79.2933859,-3.99052376],[-79.29343863,-3.99054042],[-79.29350357,-3.99057356],[-79.29354817,-3.99060657],[-79.29355262,-3.99061632],[-79.29357622,-3.99066803],[-79.29357936,-3.99072427],[-79.29357987,-3.99073351],[-79.29357543,-3.99079065],[-79.29359538,-3.99085616],[-79.29364389,-3.99090961],[-79.29370482,-3.99092638],[-79.29380964,-3.99096467],[-79.29381855,-3.99096794],[-79.29387958,-3.99097657],[-79.2939366,-3.99096466],[-79.29400994,-3.99094465],[-79.29406301,-3.99092866],[-79.29414457,-3.99089655],[-79.29429856,-3.99085389],[-79.29433215,-3.99084458],[-79.29440153,-3.99082049],[-79.29446676,-3.99080046],[-79.29453605,-3.99078044],[-79.29461769,-3.9907524],[-79.29468494,-3.99071918],[-79.29469115,-3.99071611],[-79.2947646,-3.99068389],[-79.29483398,-3.99066386],[-79.29489112,-3.99063559],[-79.29494409,-3.99062367],[-79.29500122,-3.99060362],[-79.29507861,-3.99058778],[-79.29516822,-3.99058019],[-79.29519775,-3.9905769],[-79.29523748,-3.99057247],[-79.29530664,-3.99056881],[-79.2953641,-3.99056143],[-79.29544515,-3.99055743],[-79.29549135,-3.99055229],[-79.29552889,-3.9905474],[-79.29557142,-3.99054187],[-79.2956325,-3.99052997],[-79.29569784,-3.9905018],[-79.29574851,-3.99047677],[-79.2957795,-3.99046146],[-79.29583677,-3.99041691],[-79.29587079,-3.99039585],[-79.29590214,-3.99037644],[-79.2959594,-3.99033596],[-79.2960125,-3.99030351],[-79.2960656,-3.99027532],[-79.29613489,-3.99025123],[-79.29618797,-3.99023108],[-79.29624092,-3.99023147],[-79.29628957,-3.99026041],[-79.29633809,-3.99030971],[-79.29638246,-3.99036722],[-79.29642693,-3.9904166],[-79.29647543,-3.99047412],[-79.29649016,-3.99049477],[-79.29650767,-3.99051931],[-79.29656807,-3.99056872],[-79.29659042,-3.99058624],[-79.29660484,-3.99059755],[-79.29665349,-3.99063057],[-79.29669808,-3.99066358],[-79.29675496,-3.99068025],[-79.29680779,-3.99069293],[-79.2968605,-3.99071772],[-79.29692962,-3.99073451],[-79.29699876,-3.99074315],[-79.29706791,-3.99074357],[-79.29713705,-3.99075221],[-79.29722651,-3.99077328],[-79.29725774,-3.99078131],[-79.29729149,-3.99078997],[-79.29735241,-3.9908108],[-79.29740927,-3.99083163],[-79.29745794,-3.99085235],[-79.29752707,-3.99086506],[-79.29758409,-3.99085324],[-79.29763313,-3.99082902],[-79.29767814,-3.99079249],[-79.29772718,-3.9907642],[-79.29778027,-3.99073591],[-79.29784957,-3.99071182],[-79.2979149,-3.99068772],[-79.29799067,-3.99065368],[-79.29800467,-3.9906474],[-79.29802994,-3.9906327],[-79.29805488,-3.9906182],[-79.29813539,-3.99057062],[-79.29820885,-3.99053433],[-79.29828645,-3.99050212],[-79.2983436,-3.99046977],[-79.29842526,-3.99042943],[-79.29862941,-3.99033671],[-79.29868654,-3.9903126],[-79.29873954,-3.99028838],[-79.29879274,-3.99025196],[-79.29885811,-3.99021149],[-79.2989685,-3.99012636],[-79.29902981,-3.99008588],[-79.299136,-3.99002931],[-79.29920553,-3.98998071],[-79.29926278,-3.9899443],[-79.29931183,-3.98991194],[-79.29937316,-3.98986323],[-79.29942223,-3.98982273],[-79.29947128,-3.98979028],[-79.29952044,-3.98974978],[-79.29956546,-3.98970511],[-79.29961454,-3.98966045],[-79.29967989,-3.98962405],[-79.29975737,-3.98960821],[-79.29982246,-3.98961268],[-79.29988351,-3.98961308],[-79.2999649,-3.98961768],[-79.30003001,-3.98961402],[-79.30008309,-3.98959396],[-79.30013631,-3.98954931],[-79.30016919,-3.98949639],[-79.30020207,-3.98944753],[-79.30023485,-3.98940284],[-79.30027998,-3.98934587],[-79.30030434,-3.98932174],[-79.30032916,-3.98929714],[-79.30035864,-3.98927839],[-79.30038641,-3.98926073],[-79.3004193,-3.9892078],[-79.3004441,-3.98914663],[-79.30048508,-3.98909789],[-79.30049131,-3.98909376],[-79.30053413,-3.98906543],[-79.30059528,-3.98905769],[-79.30066025,-3.98907854],[-79.30071298,-3.98909935],[-79.30074808,-3.98910838],[-79.30077804,-3.98911604],[-79.30084721,-3.98911247],[-79.30089638,-3.98906374],[-79.30092936,-3.98900666],[-79.30095012,-3.98894141],[-79.30097089,-3.98886794],[-79.30098343,-3.98881081],[-79.30099608,-3.98874555],[-79.30102503,-3.98868032],[-79.30107411,-3.98863566],[-79.30114324,-3.9886443],[-79.30119606,-3.98866503],[-79.30125696,-3.98869409],[-79.30133421,-3.98869859],[-79.30139538,-3.98868271],[-79.30144847,-3.9886585],[-79.30150156,-3.98863021],[-79.30155872,-3.98859787],[-79.30158776,-3.98858017],[-79.30161182,-3.98856551],[-79.30162282,-3.98855803],[-79.30166502,-3.98852909],[-79.30172218,-3.98849268],[-79.30177529,-3.98846032],[-79.30184468,-3.98843216],[-79.30187758,-3.9884146],[-79.30189777,-3.98840388],[-79.3019591,-3.98835933],[-79.30196883,-3.98835375],[-79.30200814,-3.98833104],[-79.30206126,-3.98829046],[-79.3021551,-3.98823739],[-79.30217566,-3.98822576],[-79.30222887,-3.9881812],[-79.3022821,-3.98813248],[-79.30232306,-3.98809187],[-79.30236402,-3.98805533],[-79.30241308,-3.9880189],[-79.30245821,-3.987966],[-79.30250324,-3.98791726],[-79.30254421,-3.98787666],[-79.30259327,-3.98784013],[-79.30264231,-3.98781184],[-79.30270753,-3.98779597],[-79.30276456,-3.98778406],[-79.30283382,-3.98777218],[-79.30287834,-3.98776613],[-79.30289084,-3.98776443],[-79.30296832,-3.98774451],[-79.30302426,-3.98773287],[-79.30307852,-3.98770432],[-79.30313579,-3.98765968],[-79.30317271,-3.98761499],[-79.30317755,-3.98761099],[-79.30322178,-3.9875744],[-79.30329108,-3.98755031],[-79.30334415,-3.98753432],[-79.30340937,-3.98751836],[-79.30349898,-3.98751077],[-79.30356408,-3.98751117],[-79.30357936,-3.98751224],[-79.30362917,-3.98751574],[-79.30371047,-3.98752441],[-79.30377556,-3.98752888],[-79.30384482,-3.98752116],[-79.3039549,-3.98749733],[-79.30402821,-3.98749377],[-79.30408927,-3.98748594],[-79.30412718,-3.98747803],[-79.3041463,-3.98747403],[-79.30419939,-3.98744584],[-79.3044378,-3.98732877],[-79.30448374,-3.98732136],[-79.30461835,-3.98732472],[-79.30474207,-3.98736856],[-79.30485501,-3.98739882],[-79.3049029,-3.98740778],[-79.30497347,-3.98742103],[-79.30509185,-3.9874324],[-79.30511822,-3.98743854],[-79.30513487,-3.98744241],[-79.3052103,-3.98745996],[-79.3053151,-3.98750647],[-79.30541988,-3.98756646],[-79.30551656,-3.98762372],[-79.30563495,-3.98763509],[-79.30563495,-3.98763238],[-79.30572954,-3.98757063],[-79.30582942,-3.98751694],[-79.30594236,-3.98755],[-79.30604983,-3.98761271],[-79.30610447,-3.98762331],[-79.30614938,-3.98763208],[-79.30616559,-3.9876294],[-79.30627888,-3.98757855],[-79.30638698,-3.9875142],[-79.30648944,-3.9874768],[-79.30660253,-3.98748001],[-79.30671864,-3.98741569],[-79.30679773,-3.98738554],[-79.30682389,-3.98737557],[-79.30693712,-3.98735446],[-79.30700778,-3.98734255],[-79.30715547,-3.98731766],[-79.30727127,-3.98731274],[-79.30733851,-3.98732663],[-79.30736214,-3.9873579],[-79.30737162,-3.98737043],[-79.30737335,-3.98737273],[-79.30746991,-3.98744626],[-79.30756962,-3.98743318],[-79.30759128,-3.98740618],[-79.30764853,-3.987371],[-79.30769703,-3.98734119],[-79.30770479,-3.98733643],[-79.30778925,-3.98733043],[-79.3078125,-3.98732878],[-79.3078731,-3.98734015],[-79.30793095,-3.987351],[-79.30805171,-3.9873489],[-79.30817883,-3.98731697],[-79.30829476,-3.98729324],[-79.30832475,-3.98729204],[-79.30841327,-3.98728833],[-79.30849594,-3.98728642],[-79.30852378,-3.98727807],[-79.30861841,-3.98719462],[-79.30872638,-3.98714646],[-79.30884773,-3.98711461],[-79.3089502,-3.98707178],[-79.30906899,-3.98701821],[-79.30917695,-3.9869782],[-79.30930888,-3.98697069],[-79.30942479,-3.98696044],[-79.30953276,-3.98690948],[-79.30963792,-3.98687488],[-79.30976467,-3.98684566],[-79.30986985,-3.98680021],[-79.30995579,-3.98673609],[-79.30996715,-3.98672762],[-79.31002148,-3.98662509],[-79.31005981,-3.98650626],[-79.31008473,-3.98645983],[-79.31012498,-3.98638485],[-79.31014579,-3.98635844],[-79.31020352,-3.98628518],[-79.31029542,-3.98621529],[-79.31031499,-3.98619932],[-79.31038463,-3.98614267],[-79.31050869,-3.9861054],[-79.31052907,-3.98610151],[-79.31057372,-3.98609297],[-79.31061922,-3.98608429],[-79.31072447,-3.98604689],[-79.31084843,-3.98601775],[-79.31092906,-3.98599983],[-79.31095626,-3.98599383],[-79.31095963,-3.98599281],[-79.3110615,-3.98596194],[-79.31117478,-3.98591913],[-79.31128547,-3.98586284],[-79.31137467,-3.98578761],[-79.31138758,-3.9857747],[-79.31138821,-3.98577407],[-79.31137799,-3.98566318],[-79.31136401,-3.98564428],[-79.31134584,-3.98561971],[-79.31128946,-3.98558161],[-79.31128469,-3.98557088],[-79.31124948,-3.98549164],[-79.31123882,-3.98546775],[-79.31124981,-3.98541912],[-79.31127446,-3.98534086],[-79.31134217,-3.98525455],[-79.31142865,-3.98519549],[-79.31143406,-3.98519279],[-79.31154449,-3.98517168],[-79.31165227,-3.9851776],[-79.31171911,-3.98520652],[-79.31171914,-3.98520654],[-79.31175977,-3.98522412],[-79.311827,-3.98524062],[-79.31187014,-3.9852408],[-79.31197797,-3.98521426],[-79.31199952,-3.98520354],[-79.31205381,-3.98511458],[-79.31208663,-3.98500921],[-79.31208446,-3.98494527],[-79.31208187,-3.98486858],[-79.31208568,-3.98485408],[-79.31210991,-3.98476184],[-79.312161,-3.98465524],[-79.3121726,-3.98464962],[-79.31226659,-3.98460413],[-79.31227169,-3.98460166],[-79.31236889,-3.98453449],[-79.31237171,-3.9845231],[-79.31239493,-3.98442971],[-79.3123964,-3.98442377],[-79.31240935,-3.98441087],[-79.31244504,-3.98437531],[-79.31248737,-3.98436798],[-79.31249088,-3.98436735],[-79.31258277,-3.9843056],[-79.31265051,-3.98420048],[-79.31269411,-3.98410326],[-79.31271565,-3.98409526],[-79.31276832,-3.98408444],[-79.31283159,-3.98407144],[-79.31293685,-3.98402871],[-79.31298349,-3.98394756],[-79.31299116,-3.98393423],[-79.31304276,-3.98384255],[-79.31306969,-3.98383998],[-79.31311499,-3.98385468],[-79.31318802,-3.98387839],[-79.31330639,-3.98389789],[-79.31341703,-3.98386321],[-79.31344719,-3.98373622],[-79.31344775,-3.98372275],[-79.31345323,-3.98359833],[-79.31345373,-3.9834896],[-79.31345387,-3.98346042],[-79.3134491,-3.98332784],[-79.31344923,-3.98332474],[-79.31345515,-3.98318724],[-79.31347176,-3.98307912],[-79.31350457,-3.98297112],[-79.31356969,-3.98287676],[-79.31366431,-3.98279602],[-79.31373018,-3.98277373],[-79.31377496,-3.98275863],[-79.31380436,-3.98275589],[-79.31382688,-3.9827538],[-79.31388537,-3.98274836],[-79.31401227,-3.9826922],[-79.3141015,-3.98260602],[-79.31414514,-3.98248719],[-79.31417289,-3.98240554],[-79.31418005,-3.98238447],[-79.31420529,-3.98231016],[-79.31422432,-3.98225495],[-79.31426523,-3.98214968],[-79.31428713,-3.9821072],[-79.31432227,-3.98203902],[-79.3144089,-3.98195022],[-79.3145034,-3.98188304],[-79.31451117,-3.98187909],[-79.31460336,-3.98183216],[-79.31462392,-3.98182391],[-79.31473016,-3.98178132],[-79.31482478,-3.98170058],[-79.31485665,-3.98160154],[-79.31486302,-3.98158175],[-79.31485054,-3.98147782],[-79.31481556,-3.98136516],[-79.31480266,-3.9812407],[-79.31483772,-3.98109428],[-79.31488705,-3.98105721],[-79.31491929,-3.98105737],[-79.314924,-3.98108451],[-79.31494786,-3.98122083],[-79.314975,-3.98124693],[-79.31502356,-3.98123365],[-79.31505035,-3.98122555],[-79.3151005,-3.98121039],[-79.31514849,-3.98121311],[-79.31521454,-3.98128052],[-79.31524812,-3.98128729],[-79.31524991,-3.98128765],[-79.31526747,-3.9812746],[-79.31532792,-3.98122966],[-79.31542783,-3.98115978],[-79.31549538,-3.98111885],[-79.31553863,-3.98109264],[-79.31560077,-3.98104158],[-79.31560087,-3.98101724],[-79.31560096,-3.98099556],[-79.31560258,-3.98096509],[-79.31560686,-3.9808847],[-79.31566388,-3.98078489],[-79.31570529,-3.98075609],[-79.31572989,-3.98073898],[-79.31577199,-3.9807097],[-79.31589891,-3.98064268],[-79.3160042,-3.98058366],[-79.31609609,-3.98051919],[-79.31610185,-3.98051486],[-79.31615671,-3.98047353],[-79.31618528,-3.980452],[-79.31624202,-3.98040356],[-79.31622903,-3.9803723],[-79.3162288,-3.98037175],[-79.31621272,-3.98033306],[-79.31618629,-3.98022204],[-79.31619663,-3.98018662],[-79.31622183,-3.98010049],[-79.31629775,-3.98000624],[-79.31640033,-3.97995264],[-79.31651104,-3.97988821],[-79.31656714,-3.97986254],[-79.31661631,-3.97984005],[-79.3166294,-3.97982054],[-79.31661568,-3.97976796],[-79.3166034,-3.97972092],[-79.31660629,-3.97967228],[-79.31667652,-3.97962929],[-79.31668863,-3.9796258],[-79.31680599,-3.97959202],[-79.31684703,-3.97956009],[-79.31682273,-3.979465],[-79.31681607,-3.97941912],[-79.31680701,-3.97935673],[-79.31686147,-3.97923259],[-79.31692658,-3.97914093],[-79.31700499,-3.97906287],[-79.31711535,-3.97907965],[-79.31719575,-3.97916925],[-79.31724482,-3.97918684],[-79.31729518,-3.9792049],[-79.31740826,-3.97921354],[-79.31749518,-3.97924248],[-79.31753199,-3.97925467],[-79.31761399,-3.97927653],[-79.31765573,-3.97928766],[-79.31776864,-3.97933419],[-79.31788158,-3.97936987],[-79.31800294,-3.97933259],[-79.31809209,-3.97928475],[-79.31810282,-3.97927899],[-79.31818671,-3.97920365],[-79.31818886,-3.97919616],[-79.31821682,-3.97909827],[-79.31820078,-3.97906306],[-79.31814983,-3.97901141],[-79.31805042,-3.978965],[-79.31794276,-3.97894823],[-79.31783238,-3.97894231],[-79.31776087,-3.9789503],[-79.31771656,-3.97895527],[-79.31759795,-3.97896281],[-79.31752769,-3.97894484],[-79.31747961,-3.97893254],[-79.31738834,-3.97886987],[-79.31735651,-3.97875884],[-79.31737862,-3.9786454],[-79.31738959,-3.97860753],[-79.31744106,-3.97853746],[-79.31754649,-3.97845412],[-79.31765702,-3.97843029],[-79.31767044,-3.97843032],[-79.31768788,-3.97844139],[-79.31775641,-3.97848485],[-79.31784498,-3.97854742],[-79.31788452,-3.97856296],[-79.31795665,-3.97859131],[-79.31799001,-3.97860442],[-79.31810941,-3.97860503],[-79.31825316,-3.97858461],[-79.31836211,-3.97854179],[-79.31841973,-3.97850275],[-79.31844086,-3.97847368],[-79.31841351,-3.97837907],[-79.31841135,-3.97837161],[-79.31836412,-3.9782705],[-79.3183607,-3.97826317],[-79.3183935,-3.97816051],[-79.31850944,-3.97813679],[-79.31855495,-3.97811872],[-79.31861731,-3.97809396],[-79.31871733,-3.97801332],[-79.31873899,-3.97798633],[-79.31877493,-3.97792512],[-79.31879601,-3.97788923],[-79.31886657,-3.97777326],[-79.31892903,-3.97765728],[-79.31901026,-3.97756295],[-79.31911026,-3.97749316],[-79.31921827,-3.97742601],[-79.31932895,-3.97737243],[-79.31940745,-3.97729437],[-79.31944026,-3.97718628],[-79.31949459,-3.97708375],[-79.31953419,-3.97705189],[-79.31955041,-3.97703884],[-79.31960814,-3.97699238],[-79.31973223,-3.97694154],[-79.31977584,-3.97684098],[-79.31977635,-3.9767227],[-79.31980375,-3.97661731],[-79.31984472,-3.97657345],[-79.31986618,-3.9765148],[-79.31988524,-3.97639484],[-79.31992371,-3.9762987],[-79.31999952,-3.9762125],[-79.32010224,-3.97613186],[-79.32018614,-3.97605381],[-79.32026455,-3.97597575],[-79.32035644,-3.97590857],[-79.32039907,-3.97588903],[-79.32042665,-3.97587643],[-79.32044576,-3.97581968],[-79.32049739,-3.97571714],[-79.3205839,-3.97563639],[-79.3206117,-3.97561524],[-79.3206758,-3.97556649],[-79.32072473,-3.97552322],[-79.32073651,-3.97551281],[-79.32075161,-3.97548028],[-79.32075514,-3.9754296],[-79.32075745,-3.97539647],[-79.32076833,-3.97538901],[-79.32083301,-3.97534462],[-79.32099243,-3.97523535],[-79.32107632,-3.97516535],[-79.32111693,-3.97511958],[-79.32112256,-3.97505204],[-79.32109884,-3.97493561],[-79.32112904,-3.97483023],[-79.32113392,-3.9748212],[-79.32117145,-3.97475174],[-79.32118878,-3.97471966],[-79.32125649,-3.97463073],[-79.32134582,-3.97454184],[-79.32141892,-3.97446105],[-79.32142153,-3.97446106],[-79.32143553,-3.97435022],[-79.32146023,-3.97424483],[-79.32149811,-3.97421524],[-79.32155481,-3.97418579],[-79.32160469,-3.97416297],[-79.32166008,-3.97413762],[-79.32176009,-3.97406232],[-79.32183592,-3.97396806],[-79.32185805,-3.97384639],[-79.32181011,-3.97372991],[-79.3217657,-3.97363978],[-79.32175935,-3.9736269],[-79.32168715,-3.97352917],[-79.32160674,-3.9734422],[-79.32156741,-3.97338759],[-79.32153446,-3.97334185],[-79.32152674,-3.97332882],[-79.32147837,-3.97324688],[-79.32143045,-3.97312226],[-79.32141583,-3.97300675],[-79.32137758,-3.97290566],[-79.32136063,-3.97285965],[-79.32133764,-3.97279724],[-79.32132744,-3.97267822],[-79.32135484,-3.97257283],[-79.32139848,-3.97245672],[-79.3214502,-3.97235147],[-79.32150321,-3.97227355],[-79.32157492,-3.97216815],[-79.32163993,-3.97207921],[-79.32169964,-3.97198483],[-79.32176478,-3.9718769],[-79.32181906,-3.97179346],[-79.32182439,-3.97178524],[-79.32188424,-3.97166925],[-79.3219091,-3.97152868],[-79.32191228,-3.97151503],[-79.32193663,-3.97140982],[-79.32196675,-3.97129639],[-79.3219891,-3.97119516],[-79.32199189,-3.97117284],[-79.32200096,-3.97110022],[-79.32200322,-3.97108211],[-79.32200778,-3.97104562],[-79.32207442,-3.97094936],[-79.32215903,-3.97087737],[-79.32226164,-3.97080551],[-79.32235812,-3.9707396],[-79.3224607,-3.97068582],[-79.32252101,-3.97066484],[-79.32256306,-3.97065022],[-79.32261688,-3.97062202],[-79.32266555,-3.97059644],[-79.32277983,-3.97059098],[-79.32287581,-3.97063982],[-79.32288524,-3.97065181],[-79.32294739,-3.97073076],[-79.32300708,-3.97082167],[-79.32310281,-3.97090678],[-79.32320473,-3.97095564],[-79.32331901,-3.97095018],[-79.32342137,-3.97091457],[-79.32348206,-3.97082427],[-79.32353815,-3.97078351],[-79.32355083,-3.97078216],[-79.32360254,-3.97077668],[-79.32367411,-3.97083123],[-79.32369829,-3.97084967],[-79.323776,-3.97094062],[-79.32381416,-3.97099702],[-79.32381807,-3.97100279],[-79.32384162,-3.9710376],[-79.32388872,-3.97112632],[-79.32390886,-3.97118315],[-79.3239385,-3.97122164],[-79.32395998,-3.97124068],[-79.32405417,-3.97123843],[-79.32409461,-3.97123326],[-79.32410912,-3.97118238],[-79.32417209,-3.97108168],[-79.32426857,-3.97101577],[-79.32436512,-3.97095592],[-79.32445567,-3.97088403],[-79.32447845,-3.97083959],[-79.32447941,-3.97082366],[-79.32448601,-3.97071417],[-79.32448693,-3.9706989],[-79.32455927,-3.97063701],[-79.32466691,-3.97061959],[-79.32466763,-3.9706195],[-79.32475227,-3.97052934],[-79.32483292,-3.97045553],[-79.32493308,-3.97043982],[-79.32504117,-3.97046454],[-79.32505793,-3.97046651],[-79.32514938,-3.97047724],[-79.32517314,-3.9704726],[-79.32526973,-3.9704537],[-79.32537796,-3.97045429],[-79.32548604,-3.97048507],[-79.32560035,-3.97046161],[-79.32571462,-3.97046221],[-79.32581655,-3.97050501],[-79.32585994,-3.97052365],[-79.3258764,-3.97053072],[-79.32593054,-3.97055398],[-79.32603246,-3.97060284],[-79.32612228,-3.97066976],[-79.32623642,-3.97068853],[-79.32635079,-3.97067709],[-79.32645274,-3.97071384],[-79.32656728,-3.97066614],[-79.32666374,-3.97061235],[-79.32676032,-3.97054038],[-79.3268628,-3.97049266],[-79.32695098,-3.97047106],[-79.32696047,-3.97046873],[-79.32698324,-3.97046316],[-79.32705539,-3.97045146],[-79.32707654,-3.9704658],[-79.32709136,-3.97047585],[-79.32711213,-3.97051985],[-79.32711234,-3.9705203],[-79.32707872,-3.97058444],[-79.32703625,-3.97065669],[-79.32705408,-3.97069905],[-79.32707206,-3.97071726],[-79.32716835,-3.97069964],[-79.32739635,-3.97078547],[-79.32749827,-3.97083433],[-79.3276003,-3.97087107],[-79.32764234,-3.9708774],[-79.32771038,-3.9708949],[-79.32771434,-3.9708959],[-79.32775045,-3.97089607],[-79.32778686,-3.97083591],[-79.32778701,-3.97080571],[-79.32779492,-3.97073772],[-79.32779965,-3.97069713],[-79.32782396,-3.97065495],[-79.3278663,-3.97060087],[-79.3279509,-3.97052887],[-79.32800521,-3.97048087],[-79.32805343,-3.97045692],[-79.32816191,-3.97042133],[-79.32818935,-3.9704335],[-79.32822759,-3.97049417],[-79.32824161,-3.97050364],[-79.32837724,-3.97041948],[-79.32842991,-3.97037733],[-79.32845713,-3.97030826],[-79.32851181,-3.97020591],[-79.32855961,-3.97013467],[-79.32857241,-3.9701156],[-79.32865689,-3.97006179],[-79.32866886,-3.97006181],[-79.32867494,-3.97006337],[-79.32869063,-3.9700674],[-79.32874095,-3.97008031],[-79.32876783,-3.97010213],[-79.32877089,-3.97010461],[-79.32883594,-3.97012726],[-79.32886902,-3.9701134],[-79.3289157,-3.97000281],[-79.32896811,-3.96995716],[-79.32902435,-3.96993096],[-79.3290837,-3.96986214],[-79.32909692,-3.96984682],[-79.32918755,-3.96977484],[-79.32929003,-3.96972712],[-79.32941038,-3.96970358],[-79.32952482,-3.96966195],[-79.3296054,-3.96966238],[-79.32964511,-3.96966264],[-79.32976126,-3.9696655],[-79.3297872,-3.96970977],[-79.32978274,-3.96977813],[-79.32978308,-3.96977908],[-79.32980647,-3.96984464],[-79.32985428,-3.96988715],[-79.32996211,-3.9699542],[-79.33007625,-3.96997297],[-79.33008481,-3.96996955],[-79.33010428,-3.96996163],[-79.33015048,-3.96990937],[-79.33016693,-3.9698829],[-79.33023356,-3.9697927],[-79.33030834,-3.96972421],[-79.33038001,-3.96963745],[-79.33039083,-3.96963051],[-79.33048699,-3.96963704],[-79.33051104,-3.96963112],[-79.33059553,-3.96957124],[-79.33064602,-3.96949566],[-79.33065697,-3.96946882],[-79.3306597,-3.96945128],[-79.33064474,-3.96937222],[-79.33064484,-3.96935202],[-79.33064533,-3.96925755],[-79.33067626,-3.96916096],[-79.33068202,-3.96914296],[-79.33073079,-3.96902857],[-79.33077944,-3.96892612],[-79.33083412,-3.96882378],[-79.33091879,-3.96872158],[-79.33100946,-3.96863151],[-79.33103924,-3.96860985],[-79.33110009,-3.96856559],[-79.33114819,-3.96855384],[-79.33122042,-3.9685482],[-79.33129267,-3.96853044],[-79.33131689,-3.96848835],[-79.33138939,-3.96843433],[-79.33142553,-3.96841641],[-79.33148586,-3.96837448],[-79.3315162,-3.9683324],[-79.33159481,-3.96824231],[-79.33164693,-3.96819424],[-79.33164797,-3.96819376],[-79.33175631,-3.96817644],[-79.33170484,-3.96815025],[-79.33178796,-3.96810443],[-79.33186654,-3.96802637],[-79.33198703,-3.96797878],[-79.332101,-3.96803372],[-79.3321221,-3.96812489],[-79.3321295,-3.96815688],[-79.33213037,-3.96816065],[-79.33223831,-3.96821558],[-79.33259325,-3.9681813],[-79.33269572,-3.96813358],[-79.33281609,-3.96809801],[-79.33293061,-3.96806243],[-79.3330032,-3.96796618],[-79.33304002,-3.9678336],[-79.3330372,-3.96782498],[-79.3330283,-3.96779776],[-79.33302733,-3.96779738],[-79.3329502,-3.96776668],[-79.33292646,-3.96770613],[-79.332963,-3.9676278],[-79.33305354,-3.96755591],[-79.33310878,-3.96753869],[-79.33316797,-3.96752024],[-79.33327046,-3.96746646],[-79.3333611,-3.96739457],[-79.33346359,-3.96734079],[-79.3335096,-3.96734188],[-79.33356552,-3.96738359],[-79.33359649,-3.96740348],[-79.33367937,-3.96745671],[-79.33373329,-3.96746297],[-79.33376989,-3.96739675],[-79.33380054,-3.9672883],[-79.33381021,-3.96720523],[-79.33381319,-3.96717963],[-79.33382668,-3.96716623],[-79.33389782,-3.96709561],[-79.33400028,-3.96705385],[-79.33407286,-3.96696366],[-79.334115,-3.9669358],[-79.33416338,-3.9669038],[-79.33419135,-3.96689135],[-79.33428397,-3.96685014],[-79.3343922,-3.96685072],[-79.33441349,-3.96683223],[-79.33441079,-3.96674216],[-79.33443151,-3.96664462],[-79.33441734,-3.96660529],[-79.33440572,-3.96657304],[-79.3343938,-3.96654878],[-79.33438017,-3.96647951],[-79.33437231,-3.96643959],[-79.33442489,-3.96635577],[-79.33445231,-3.96633534],[-79.33446377,-3.9663268],[-79.33462079,-3.96623018],[-79.33472623,-3.96623665],[-79.33481667,-3.96617679],[-79.3348833,-3.96608658],[-79.33490077,-3.9660373],[-79.33492604,-3.96596603],[-79.33498689,-3.96583955],[-79.33507166,-3.9657313],[-79.33515642,-3.9656291],[-79.33518827,-3.96559218],[-79.33522898,-3.96554497],[-79.3353195,-3.9654851],[-79.33539216,-3.96546251],[-79.33543393,-3.96544952],[-79.33555443,-3.96539587],[-79.33564058,-3.96536244],[-79.33572321,-3.96533038],[-79.33577735,-3.96531855],[-79.33588586,-3.96527084],[-79.33594992,-3.96515857],[-79.33596265,-3.9651415],[-79.33593216,-3.96512842],[-79.33589193,-3.96511522],[-79.33585099,-3.96510293],[-79.33582279,-3.96510839],[-79.335768,-3.96513315],[-79.3357325,-3.96514348],[-79.33570196,-3.96514812],[-79.33567459,-3.9651496],[-79.33564558,-3.96515506],[-79.33561466,-3.96515776],[-79.33561019,-3.96515815],[-79.33557551,-3.96516685],[-79.33555215,-3.96518127],[-79.33553078,-3.96519647],[-79.33552628,-3.96519967],[-79.33549956,-3.96523027],[-79.33547365,-3.96526485],[-79.33544384,-3.9652695],[-79.33541251,-3.96526446],[-79.33538282,-3.96525138],[-79.3353571,-3.96523677],[-79.33533554,-3.9652124],[-79.33530599,-3.96517589],[-79.33530029,-3.96516823],[-79.33529201,-3.9651571],[-79.33528363,-3.96514583],[-79.33525639,-3.96512307],[-79.33523075,-3.96511163],[-79.33520257,-3.96510985],[-79.33517033,-3.96511132],[-79.33511095,-3.96508751],[-79.33508358,-3.96508737],[-79.33504656,-3.96508883],[-79.33502159,-3.96510243],[-79.33500137,-3.96512817],[-79.33497619,-3.96516112],[-79.33496023,-3.96518597],[-79.33495758,-3.96519011],[-79.33495277,-3.96520064],[-79.33494618,-3.96521505],[-79.33492505,-3.96524648],[-79.33490007,-3.96526731],[-79.33486214,-3.96527357],[-79.33483487,-3.965267],[-79.3348068,-3.96525555],[-79.33477405,-3.96523731],[-79.33477308,-3.96523676],[-79.33476537,-3.96523161],[-79.33470734,-3.96519277],[-79.33465609,-3.96515532],[-79.33462318,-3.96513409],[-79.33459918,-3.96510981],[-79.33457124,-3.96507892],[-79.33453833,-3.96505769],[-79.33450699,-3.96505835],[-79.33447798,-3.96506706],[-79.33445211,-3.96508229],[-79.33443109,-3.96510323],[-79.33440356,-3.96513374],[-79.33439134,-3.96516519],[-79.33438552,-3.9651942],[-79.33438045,-3.96525162],[-79.3343794,-3.96528552],[-79.33438491,-3.96532108],[-79.33438872,-3.96535264],[-79.33438914,-3.96538557],[-79.33438926,-3.96539542],[-79.3343903,-3.96541648],[-79.33439073,-3.96542535],[-79.33438635,-3.96549886],[-79.33437972,-3.96552788],[-79.33436345,-3.96556176],[-79.33434241,-3.96559065],[-79.33431977,-3.96561159],[-79.33428587,-3.96562915],[-79.3342528,-3.96564111],[-79.3342174,-3.965649],[-79.33418516,-3.96565282],[-79.33414977,-3.96565348],[-79.33412241,-3.96564845],[-79.3340405,-3.96563101],[-79.33399144,-3.96562675],[-79.33397018,-3.96562663],[-79.33393843,-3.96562646],[-79.33391175,-3.96562632],[-79.3338418,-3.96561948],[-79.33376941,-3.96561337],[-79.3337324,-3.96561565],[-79.33369699,-3.96562597],[-79.33366635,-3.96564192],[-79.33358079,-3.96569637],[-79.33355841,-3.96570925],[-79.33352507,-3.96572845],[-79.33349361,-3.96574846],[-79.33347178,-3.96576605],[-79.33344438,-3.96578046],[-79.33338543,-3.96580928],[-79.33334992,-3.96582928],[-79.33330638,-3.96585081],[-79.33324842,-3.96588189],[-79.33317893,-3.96591883],[-79.33310627,-3.96596037],[-79.33308049,-3.96597397],[-79.33304659,-3.96599316],[-79.33301027,-3.96601235],[-79.3329853,-3.96602442],[-79.33291439,-3.96604905],[-79.33288377,-3.96605207],[-79.33285799,-3.96606323],[-79.33283051,-3.96607285],[-79.33280079,-3.96607505],[-79.33275486,-3.96607966],[-79.33272758,-3.96607626],[-79.33269942,-3.96606643],[-79.33267459,-3.96605499],[-79.33263934,-3.96603213],[-79.33262092,-3.96601184],[-79.3326082,-3.96598034],[-79.33260131,-3.96591079],[-79.33259534,-3.965834],[-79.33258695,-3.96575395],[-79.33257602,-3.96568276],[-79.33256898,-3.96564639],[-79.33255474,-3.96560675],[-79.33253482,-3.96556864],[-79.33251572,-3.965529],[-79.33249418,-3.96549414],[-79.33246477,-3.96543331],[-79.33244486,-3.9653961],[-79.33243446,-3.96537713],[-79.33242575,-3.96536125],[-79.33240663,-3.96533118],[-79.3323809,-3.9653182],[-79.33235204,-3.96529861],[-79.33232641,-3.96528309],[-79.33230403,-3.96526198],[-79.33228481,-3.96523526],[-79.33226325,-3.96521252],[-79.33222095,-3.96515329],[-79.33221891,-3.96514888],[-79.33220742,-3.96512415],[-79.33219875,-3.96509176],[-79.33219334,-3.96505132],[-79.33217925,-3.96498013],[-79.33216976,-3.96495343],[-79.33214484,-3.96494036],[-79.3321134,-3.96494744],[-79.33208601,-3.9649586],[-79.33205618,-3.96497219],[-79.33201007,-3.96501957],[-79.33199065,-3.96504775],[-79.33197276,-3.96508],[-79.33195406,-3.9651098],[-79.33193628,-3.96513391],[-79.33192796,-3.96514896],[-79.33192245,-3.96515893],[-79.33190213,-3.96518792],[-79.33187886,-3.96521321],[-79.33187704,-3.96521518],[-79.33185682,-3.96524254],[-79.33183336,-3.96526826],[-79.3318107,-3.96529562],[-79.33176866,-3.9653374],[-79.33174522,-3.96535182],[-79.33171863,-3.96536217],[-79.33169114,-3.96537577],[-79.33166779,-3.96538937],[-79.33163716,-3.96539808],[-79.33157508,-3.96541794],[-79.33154849,-3.96543236],[-79.33149846,-3.96546201],[-79.33146296,-3.96547306],[-79.33142688,-3.96545997],[-79.33140604,-3.96543234],[-79.33139574,-3.96540402],[-79.33138961,-3.96536277],[-79.3313922,-3.9653313],[-79.33139874,-3.96529985],[-79.33142181,-3.96520304],[-79.33143904,-3.96514249],[-79.33144184,-3.96511916],[-79.33144911,-3.96505859],[-79.3314574,-3.96501339],[-79.33146252,-3.96497135],[-79.33146361,-3.96492207],[-79.33146295,-3.96489223],[-79.33145836,-3.96484854],[-79.33145457,-3.96480404],[-79.33144429,-3.96476848],[-79.3314276,-3.96473851],[-79.33141163,-3.96471253],[-79.33139089,-3.96468174],[-79.33136691,-3.9646485],[-79.33135312,-3.96463181],[-79.33132056,-3.96459243],[-79.33129657,-3.96456806],[-79.33126539,-3.96453481],[-79.33124129,-3.96452092],[-79.33121242,-3.96450223],[-79.33118678,-3.96448997],[-79.33116105,-3.96448169],[-79.33112485,-3.96448153],[-79.33109747,-3.96448536],[-79.33105882,-3.96449487],[-79.33103223,-3.96450847],[-79.33100959,-3.96452941],[-79.3309845,-3.96455585],[-79.33095782,-3.96457108],[-79.33091591,-3.96459026],[-79.33088771,-3.9646006],[-79.33082644,-3.96462127],[-79.33079022,-3.96462997],[-79.33076285,-3.96463145],[-79.33073233,-3.96462479],[-79.33071068,-3.96459961],[-79.33070365,-3.96456243],[-79.33069984,-3.96452688],[-79.33070011,-3.9644832],[-79.33070107,-3.96445336],[-79.33070378,-3.9644049],[-79.33070315,-3.96435805],[-79.33070099,-3.96431518],[-79.33070195,-3.96428444],[-79.33070482,-3.9641989],[-79.3307075,-3.9641649],[-79.33071242,-3.96413588],[-79.33072302,-3.96410688],[-79.33073939,-3.96406739],[-79.330754,-3.96405019],[-79.33075718,-3.96404645],[-79.33079431,-3.96402645],[-79.33082971,-3.96401937],[-79.33086867,-3.96400861],[-79.33086999,-3.96400824],[-79.33089504,-3.96399708],[-79.33091758,-3.96398184],[-79.3309387,-3.96395611],[-79.33094211,-3.96391823],[-79.33094064,-3.96388829],[-79.33093279,-3.96385346],[-79.33091691,-3.96382115],[-79.33089455,-3.96379108],[-79.33087291,-3.96376508],[-79.33081597,-3.96373494],[-79.33078151,-3.96372013],[-79.33074695,-3.9637103],[-79.33071401,-3.96370607],[-79.3306842,-3.96370918],[-79.33064718,-3.9637138],[-79.33061168,-3.96372332],[-79.33057953,-3.96372795],[-79.33055054,-3.96372292],[-79.33050253,-3.96368792],[-79.33044645,-3.9636359],[-79.3304192,-3.96361884],[-79.33038069,-3.96360646],[-79.33034925,-3.96361273],[-79.33032023,-3.9636247],[-79.33028877,-3.96364399],[-79.33023062,-3.96367597],[-79.33020403,-3.96369355],[-79.33018537,-3.96371007],[-79.3301585,-3.96373386],[-79.33015144,-3.96374011],[-79.33013447,-3.96376187],[-79.33011181,-3.9637876],[-79.33008592,-3.96381413],[-79.33006398,-3.96384311],[-79.33004224,-3.96386152],[-79.33000432,-3.9638694],[-79.3299601,-3.96387483],[-79.32990695,-3.96388503],[-79.32985462,-3.96389125],[-79.32981194,-3.96389424],[-79.32973315,-3.96389462],[-79.32965996,-3.96388688],[-79.32959003,-3.96386955],[-79.32956357,-3.96386218],[-79.32953633,-3.96384096],[-79.3295228,-3.96380702],[-79.32951495,-3.96376975],[-79.32950234,-3.96373011],[-79.32949449,-3.9636913],[-79.32947781,-3.96365727],[-79.32946753,-3.96361927],[-79.32945659,-3.96355296],[-79.32946241,-3.96352304],[-79.32946663,-3.96348597],[-79.32947733,-3.96344882],[-79.329492,-3.96340852],[-79.32950271,-3.96336414],[-79.32951168,-3.96333432],[-79.32951608,-3.96329147],[-79.32951765,-3.96327618],[-79.32951629,-3.96323576],[-79.3295132,-3.96320745],[-79.32951127,-3.96320036],[-79.32950372,-3.96317261],[-79.32948541,-3.96314509],[-79.32946618,-3.96312479],[-79.32944137,-3.96310521],[-79.32941087,-3.96309375],[-79.32937793,-3.96308392],[-79.32934012,-3.96307968],[-79.32930474,-3.96307943],[-79.32927773,-3.96307707],[-79.32927503,-3.96307684],[-79.32924916,-3.96308727],[-79.3292282,-3.96308952],[-79.32922097,-3.96309029],[-79.32918801,-3.96309502],[-79.3291581,-3.96310102],[-79.32909622,-3.96311464],[-79.32905828,-3.96312577],[-79.32898264,-3.96313023],[-79.32894808,-3.96312356],[-79.32890873,-3.96312167],[-79.32887579,-3.96311347],[-79.32884288,-3.96309305],[-79.32882852,-3.96306716],[-79.32882936,-3.9630082],[-79.32882974,-3.9629969],[-79.32883638,-3.96296454],[-79.32886271,-3.96285806],[-79.3288733,-3.96282987],[-79.32888227,-3.96280005],[-79.32890436,-3.96274195],[-79.32891497,-3.96270652],[-79.32892287,-3.96267488],[-79.32892323,-3.96267344],[-79.32892182,-3.96266665],[-79.32891618,-3.96263942],[-79.32890265,-3.96260783],[-79.32887442,-3.9625858],[-79.32886815,-3.96258144],[-79.32883935,-3.96256141],[-79.3288378,-3.96256049],[-79.32881048,-3.96254435],[-79.32878323,-3.96253127],[-79.32875273,-3.96251818],[-79.32866679,-3.96249016],[-79.32859929,-3.96247365],[-79.32856637,-3.96245812],[-79.32855444,-3.96243305],[-79.32854335,-3.96239821],[-79.32854264,-3.9623898],[-79.32854115,-3.96237072],[-79.32854931,-3.96234415],[-79.3285599,-3.96231595],[-79.32857858,-3.96229338],[-79.32860357,-3.96227336],[-79.32863188,-3.96225406],[-79.32865765,-3.96224453],[-79.3286891,-3.96223094],[-79.32873305,-3.96220953],[-79.32873994,-3.96220617],[-79.32874906,-3.96220225],[-79.32877698,-3.96219024],[-79.32881085,-3.96218073],[-79.32883429,-3.96216712],[-79.32885614,-3.9621366],[-79.32886592,-3.96210994],[-79.32887094,-3.96207767],[-79.32886324,-3.96201055],[-79.32885456,-3.96198467],[-79.32883626,-3.96194738],[-79.32882815,-3.9619376],[-79.3288147,-3.96192138],[-79.32879873,-3.96189711],[-79.32878124,-3.961859],[-79.32875806,-3.96183626],[-79.32873325,-3.96181433],[-79.32868285,-3.96175508],[-79.32866201,-3.96173478],[-79.32864952,-3.96172544],[-79.328638,-3.96171683],[-79.32860356,-3.96169569],[-79.32858027,-3.96167936],[-79.32844701,-3.9616318],[-79.32839169,-3.96160239],[-79.32833954,-3.96156575],[-79.32830997,-3.96153974],[-79.32829643,-3.96150978],[-79.3282974,-3.96147749],[-79.32830962,-3.96144524],[-79.32832587,-3.96142103],[-79.32835654,-3.96139614],[-79.32838322,-3.96138018],[-79.32841712,-3.96136253],[-79.32844937,-3.9613531],[-79.32848235,-3.96134114],[-79.32851219,-3.9613251],[-79.32853968,-3.96130752],[-79.32856717,-3.96129179],[-79.32857196,-3.96128905],[-79.32859703,-3.96126821],[-79.32862537,-3.96123526],[-79.32864082,-3.96120708],[-79.32865943,-3.96117646],[-79.32866526,-3.96114744],[-79.32866486,-3.96107546],[-79.32866339,-3.96104643],[-79.3286668,-3.96100683],[-79.32866628,-3.96095347],[-79.32866168,-3.96091069],[-79.32864987,-3.96087024],[-79.32863309,-3.960841],[-79.32861395,-3.96082152],[-79.3286115,-3.96081876],[-79.32848535,-3.96073394],[-79.32845978,-3.96072667],[-79.32845513,-3.96072534],[-79.32840698,-3.96071457],[-79.32837567,-3.96070312],[-79.32834588,-3.96069727],[-79.32831535,-3.96069712],[-79.32828241,-3.96068963],[-79.32825597,-3.96067412],[-79.32821424,-3.96064808],[-79.32817252,-3.96061951],[-79.32813007,-3.96059347],[-79.32810678,-3.96057633],[-79.32808278,-3.96055684],[-79.32805636,-3.96053165],[-79.32803238,-3.96050248],[-79.32801487,-3.96047893],[-79.32799575,-3.96044815],[-79.32798383,-3.9604181],[-79.32799038,-3.96038583],[-79.32800341,-3.96035683],[-79.3280221,-3.96032784],[-79.32803961,-3.96030834],[-79.32808365,-3.96026113],[-79.32816461,-3.96016544],[-79.32821315,-3.96011399],[-79.32824625,-3.96008829],[-79.32827771,-3.96006909],[-79.32830673,-3.96005794],[-79.32834538,-3.96004608],[-79.32837357,-3.96004378],[-79.32840609,-3.96003954],[-79.32840906,-3.96003915],[-79.32844365,-3.96003127],[-79.32846861,-3.96001929],[-79.32849073,-3.96000704],[-79.32849611,-3.96000406],[-79.32851793,-3.9599872],[-79.32853815,-3.95996146],[-79.32855199,-3.95993002],[-79.32855376,-3.95990018],[-79.3285531,-3.95987269],[-79.32855142,-3.95986444],[-79.32854766,-3.959846],[-79.32851909,-3.95976989],[-79.3285023,-3.95974309],[-79.3284832,-3.95970589],[-79.32847209,-3.95967919],[-79.32846585,-3.95964843],[-79.3284477,-3.95958202],[-79.32844867,-3.95954892],[-79.32845926,-3.95952317],[-79.32847308,-3.95949733],[-79.32849584,-3.95946519],[-79.32851768,-3.95944109],[-79.32854427,-3.95942667],[-79.3285749,-3.95941796],[-79.32860786,-3.95941568],[-79.32864568,-3.95941756],[-79.328677,-3.95942332],[-79.32871724,-3.95942756],[-79.32874694,-3.9594326],[-79.32878151,-3.95944008],[-79.32878676,-3.95944001],[-79.32882094,-3.95943953],[-79.32885563,-3.95943001],[-79.32888383,-3.95942048],[-79.32892249,-3.95940447],[-79.32895,-3.95938282],[-79.32896851,-3.95935772],[-79.32898486,-3.95932972],[-79.32899789,-3.9592999],[-79.32900536,-3.95925633],[-79.32900482,-3.95921183],[-79.32899791,-3.95915603],[-79.32899245,-3.95913992],[-79.32898914,-3.95913014],[-79.32897327,-3.9590953],[-79.3289509,-3.95906776],[-79.32893586,-3.95904569],[-79.32893097,-3.95903851],[-79.32890444,-3.95902471],[-79.32887149,-3.95901886],[-79.32883693,-3.95901381],[-79.32880955,-3.95901448],[-79.32877821,-3.95901994],[-79.32874516,-3.95902222],[-79.32870662,-3.95902196],[-79.32867681,-3.95902262],[-79.32864224,-3.95902165],[-79.32860929,-3.95901977],[-79.32858717,-3.95901334],[-79.32858112,-3.95901158],[-79.32855061,-3.95900492],[-79.32851362,-3.95899345],[-79.32847915,-3.95898515],[-79.32844856,-3.95897613],[-79.32841246,-3.95896946],[-79.32837385,-3.95895952],[-79.32833696,-3.95894724],[-79.3283081,-3.95892846],[-79.32827113,-3.95890804],[-79.32824386,-3.9589031],[-79.32820929,-3.9589005],[-79.32818028,-3.9589084],[-79.32815125,-3.95892435],[-79.32810597,-3.95896215],[-79.32805987,-3.9590079],[-79.32802754,-3.95903748],[-79.32800809,-3.95905527],[-79.32798311,-3.95907213],[-79.32795725,-3.95908248],[-79.32795138,-3.95908405],[-79.32793067,-3.95908957],[-79.32790014,-3.95909593],[-79.32787275,-3.95910058],[-79.32784455,-3.9591101],[-79.32781707,-3.95911728],[-79.32778816,-3.95912437],[-79.32775185,-3.95913144],[-79.32771809,-3.95913128],[-79.32768595,-3.95912868],[-79.32765697,-3.95912284],[-79.32762333,-3.95910486],[-79.32760004,-3.95909026],[-79.32757358,-3.95908197],[-79.32754552,-3.9590641],[-79.32751666,-3.95904207],[-79.32748538,-3.95901687],[-79.32746707,-3.95898771],[-79.32745677,-3.95895939],[-79.32745693,-3.95892385],[-79.32746762,-3.95889312],[-79.32748147,-3.95885689],[-79.32749936,-3.95882383],[-79.32751472,-3.95880053],[-79.32755444,-3.95874743],[-79.3275779,-3.95872252],[-79.32759903,-3.95869516],[-79.32761519,-3.95867178],[-79.32763715,-3.95863474],[-79.3276526,-3.95860575],[-79.32766237,-3.95858517],[-79.32767864,-3.95855091],[-79.32768924,-3.9585219],[-79.32769659,-3.9584937],[-79.32769766,-3.9584541],[-79.32769456,-3.95842578],[-79.32769238,-3.9583935],[-79.3276909,-3.95836438],[-79.3276905,-3.95829574],[-79.32768741,-3.95826661],[-79.32768269,-3.9582383],[-79.3276782,-3.95822478],[-79.32767007,-3.95820029],[-79.32766141,-3.95816302],[-79.32765436,-3.95813153],[-79.32764179,-3.9580692],[-79.32762674,-3.95803436],[-79.32759868,-3.95801486],[-79.32756168,-3.95801306],[-79.32753349,-3.95801771],[-79.32750215,-3.95802],[-79.32743207,-3.95802926],[-79.32739587,-3.95803072],[-79.3273701,-3.95804026],[-79.32735357,-3.95804888],[-79.32733937,-3.95805629],[-79.32731115,-3.95807224],[-79.32728536,-3.9580891],[-79.32727773,-3.95809252],[-79.32725869,-3.95810107],[-79.32722968,-3.95810816],[-79.32719995,-3.95811443],[-79.32717176,-3.95811916],[-79.32713718,-3.95811982],[-79.32710333,-3.95811794],[-79.32707362,-3.95811535],[-79.32703663,-3.95810795],[-79.32697398,-3.95809869],[-79.32694338,-3.95809284],[-79.32691369,-3.95807731],[-79.32688564,-3.95805863],[-79.32685688,-3.95803262],[-79.32683046,-3.9580058],[-79.32681051,-3.95798306],[-79.32679292,-3.95795634],[-79.326781,-3.95792557],[-79.32676594,-3.95789398],[-79.32675636,-3.95786638],[-79.32675147,-3.95783463],[-79.32674713,-3.95780171],[-79.32674023,-3.95773703],[-79.32674135,-3.95767401],[-79.32674474,-3.95764336],[-79.32674991,-3.95758359],[-79.32675492,-3.95755458],[-79.32677382,-3.95747087],[-79.32678953,-3.95740128],[-79.32679283,-3.95737379],[-79.32679064,-3.9573406],[-79.32678118,-3.95729934],[-79.3267725,-3.95727265],[-79.32675815,-3.95724432],[-79.32673741,-3.95721434],[-79.326718,-3.95719468],[-79.326687,-3.95716396],[-79.32666542,-3.95714601],[-79.32664125,-3.95712299],[-79.32662157,-3.95711094],[-79.32661652,-3.95710784],[-79.32658927,-3.95708825],[-79.32654198,-3.95705162],[-79.32651716,-3.95704018],[-79.32649071,-3.95702548],[-79.32642567,-3.95699686],[-79.32639122,-3.95697653],[-79.32636876,-3.95695216],[-79.32635044,-3.95692943],[-79.32633853,-3.95689784],[-79.32632417,-3.95687195],[-79.326309,-3.95684759],[-79.32629556,-3.95681763],[-79.3262861,-3.95677475],[-79.32628523,-3.95675992],[-79.32628392,-3.95673921],[-79.32628408,-3.95670367],[-79.32628909,-3.95667456],[-79.32629412,-3.95663903],[-79.32630067,-3.95660513],[-79.32632033,-3.95654223],[-79.32633254,-3.95651404],[-79.32634963,-3.95647935],[-79.32635855,-3.95645734],[-79.32636266,-3.95644719],[-79.32637417,-3.95641248],[-79.32639058,-3.95635763],[-79.32639388,-3.9563277],[-79.32639169,-3.95629541],[-79.32638627,-3.95625823],[-79.32637829,-3.9562312],[-79.32637599,-3.9562234],[-79.3263585,-3.95619099],[-79.32634577,-3.95616266],[-79.32633077,-3.95609797],[-79.3263077,-3.95606428],[-79.32629333,-3.95604201],[-79.3262733,-3.95601764],[-79.32624537,-3.95598033],[-79.32621338,-3.9559478],[-79.326193,-3.95593381],[-79.32614927,-3.95590381],[-79.32612283,-3.95588838],[-79.32609397,-3.95586716],[-79.32606188,-3.95584115],[-79.32601061,-3.95581256],[-79.32597769,-3.95579305],[-79.32593839,-3.95577262],[-79.32592199,-3.95576374],[-79.32587507,-3.95573831],[-79.32585015,-3.95572605],[-79.32581246,-3.9557049],[-79.32574509,-3.95566896],[-79.32570974,-3.95565179],[-79.32567124,-3.95563544],[-79.32563274,-3.95561583],[-79.32556374,-3.95558313],[-79.32551158,-3.95555291],[-79.3254194,-3.95549503],[-79.32539216,-3.95547635],[-79.32536014,-3.95545594],[-79.32532805,-3.95542666],[-79.32530173,-3.95539586],[-79.32528819,-3.95537233],[-79.32527707,-3.95534563],[-79.32526759,-3.95531323],[-79.32525812,-3.95527605],[-79.32525191,-3.95523073],[-79.32522768,-3.95510055],[-79.32521659,-3.95506417],[-79.32520874,-3.95502934],[-79.3252097,-3.95499977],[-79.32520995,-3.95496152],[-79.32520767,-3.95493159],[-79.32520712,-3.95489442],[-79.32519765,-3.95485398],[-79.32519616,-3.95484597],[-79.32519222,-3.95482485],[-79.3251764,-3.95476495],[-79.32516693,-3.95473102],[-79.32515582,-3.95470351],[-79.32514552,-3.95467355],[-79.32512015,-3.9546168],[-79.32510742,-3.95459091],[-79.32508506,-3.95456166],[-79.32503697,-3.95451942],[-79.32501297,-3.95450065],[-79.32499383,-3.954479],[-79.3249657,-3.95445353],[-79.32494089,-3.95443323],[-79.32489451,-3.95439181],[-79.32486727,-3.95437222],[-79.32481349,-3.9543372],[-79.32476143,-3.95429975],[-79.32472932,-3.95428178],[-79.3246892,-3.95426298],[-79.32465233,-3.95424256],[-79.32462345,-3.95422794],[-79.32449985,-3.95416981],[-79.32446701,-3.95415835],[-79.32439395,-3.95412809],[-79.3243666,-3.95411981],[-79.32433204,-3.95411079],[-79.32429839,-3.95409688],[-79.32426303,-3.95408614],[-79.32419795,-3.95407452],[-79.32416095,-3.95407101],[-79.32408894,-3.95406019],[-79.32399695,-3.95404265],[-79.32395844,-3.95403036],[-79.32392307,-3.95402287],[-79.32385404,-3.95400392],[-79.32379456,-3.95398336],[-79.32375119,-3.95397026],[-79.32372474,-3.95395718],[-79.32369586,-3.95394573],[-79.32364371,-3.95391307],[-79.32361403,-3.95389591],[-79.32359002,-3.95388049],[-79.32356519,-3.95386661],[-79.32354272,-3.95384866],[-79.32351224,-3.95382752],[-79.32348436,-3.95381047],[-79.32344973,-3.95379005],[-79.32342573,-3.95377047],[-79.32339767,-3.95375341],[-79.32337276,-3.95373708],[-79.32335444,-3.95371353],[-79.32333928,-3.95368683],[-79.32331367,-3.95365838],[-79.32328646,-3.95361178],[-79.32327626,-3.95359274],[-79.32326435,-3.95356034],[-79.32325489,-3.95351909],[-79.3232424,-3.95345847],[-79.32322806,-3.9534277],[-79.32321056,-3.9533952],[-79.32315822,-3.95332067],[-79.32314763,-3.95330535],[-79.32302999,-3.95323204],[-79.32299855,-3.95321048],[-79.32298314,-3.9532033],[-79.3229559,-3.95318624],[-79.32289967,-3.95316325],[-79.3228723,-3.95315912],[-79.3228434,-3.95315572],[-79.32281441,-3.95315394],[-79.32277739,-3.95316182],[-79.32275242,-3.95317697],[-79.32272815,-3.95319952],[-79.32269821,-3.95322198],[-79.32267324,-3.95323794],[-79.32261915,-3.95326839],[-79.32259338,-3.95327793],[-79.32255952,-3.95328256],[-79.32252575,-3.95328484],[-79.32249119,-3.95327654],[-79.32242136,-3.95325352],[-79.32239608,-3.95324325],[-79.32235874,-3.95322898],[-79.3223322,-3.95321753],[-79.32230171,-3.95320038],[-79.32227852,-3.95318333],[-79.32225766,-3.95316457],[-79.32223773,-3.95313704],[-79.32221373,-3.95311746],[-79.32213989,-3.95306884],[-79.32213837,-3.95306784],[-79.32211518,-3.95304826],[-79.32209678,-3.95302154],[-79.32206573,-3.9529656],[-79.32204652,-3.95294042],[-79.32202253,-3.95291523],[-79.3219649,-3.9528689],[-79.32194172,-3.95284534],[-79.3219225,-3.95282261],[-79.32187287,-3.95278516],[-79.32183994,-3.95277044],[-79.32183323,-3.95276807],[-79.32177732,-3.95274834],[-79.32174834,-3.95274168],[-79.32168419,-3.95271469],[-79.32165288,-3.95270369],[-79.32164883,-3.95270232],[-79.32162401,-3.95268844],[-79.32159911,-3.95266731],[-79.32156482,-3.95261299],[-79.3215529,-3.95258466],[-79.32155112,-3.95253049],[-79.32154805,-3.95244322],[-79.32154982,-3.95241582],[-79.32155322,-3.9523811],[-79.32157125,-3.95232625],[-79.32158,-3.9522779],[-79.32158454,-3.95225275],[-79.32159271,-3.95221967],[-79.32159773,-3.95218821],[-79.32159788,-3.95215593],[-79.3215892,-3.95212924],[-79.32157728,-3.95210163],[-79.32155979,-3.95206841],[-79.32154465,-3.95203284],[-79.3215384,-3.95200615],[-79.32153287,-3.95197702],[-79.32151861,-3.95195103],[-79.32150758,-3.95193829],[-79.32149211,-3.95192042],[-79.32148646,-3.95191401],[-79.32147621,-3.95190239],[-79.32145942,-3.95187803],[-79.32144274,-3.95184481],[-79.32143001,-3.95181729],[-79.32141971,-3.95178896],[-79.32140211,-3.95176379],[-79.32138624,-3.9517322],[-79.32137757,-3.95169981],[-79.32137215,-3.95166344],[-79.32136987,-3.95163188],[-79.32137013,-3.95159552],[-79.32137462,-3.95150754],[-79.32136586,-3.95148004],[-79.32134034,-3.95145078],[-79.32132031,-3.9514256],[-79.32131488,-3.95139728],[-79.32130053,-3.95136895],[-79.32125568,-3.95132753],[-79.32120839,-3.95129171],[-79.32118359,-3.95126815],[-79.32115795,-3.9512567],[-79.32112827,-3.95123955],[-79.32110426,-3.95122241],[-79.32108666,-3.95119977],[-79.32103627,-3.95116078],[-79.32103299,-3.95115824],[-79.32101052,-3.95113957],[-79.32098732,-3.95112487],[-79.32095925,-3.95110854],[-79.32092958,-3.95108741],[-79.32090072,-3.95106863],[-79.32081816,-3.95102135],[-79.3207965,-3.95100105],[-79.32079583,-3.95097193],[-79.32079364,-3.95094443],[-79.32077213,-3.9508942],[-79.32075786,-3.95086831],[-79.32074189,-3.95084314],[-79.32072267,-3.95081886],[-79.32069948,-3.95079847],[-79.32067141,-3.9507862],[-79.32061356,-3.95076248],[-79.32058874,-3.9507486],[-79.32056637,-3.95072341],[-79.32054715,-3.95069588],[-79.32052883,-3.95067234],[-79.32051286,-3.95064554],[-79.32049131,-3.95061719],[-79.32045561,-3.95054857],[-79.32040932,-3.95046239],[-79.32039253,-3.95044047],[-79.32038111,-3.95042374],[-79.32035823,-3.95039021],[-79.32033251,-3.95037469],[-79.32030363,-3.95036243],[-79.32027962,-3.95034863],[-79.3202539,-3.9503323],[-79.32022665,-3.9503176],[-79.3202067,-3.95029486],[-79.32020199,-3.95026573],[-79.3201925,-3.9502365],[-79.32018779,-3.95020982],[-79.3201856,-3.95017581],[-79.32019296,-3.9501468],[-79.32020284,-3.95011291],[-79.32021506,-3.95007893],[-79.32022737,-3.95004748],[-79.32024445,-3.95001849],[-79.32025666,-3.9499894],[-79.3202656,-3.9499741],[-79.32028635,-3.94993858],[-79.32031033,-3.94989754],[-79.32032498,-3.9498661],[-79.32035429,-3.94979834],[-79.32036173,-3.94976923],[-79.32036188,-3.94974011],[-79.32034995,-3.94971576],[-79.32034151,-3.94970535],[-79.32032831,-3.94968895],[-79.320297,-3.94967424],[-79.32026812,-3.94966442],[-79.32025277,-3.94966315],[-79.3202367,-3.94966182],[-79.32020285,-3.94966157],[-79.32018368,-3.94966302],[-79.32014242,-3.94966615],[-79.32010864,-3.94967323],[-79.32004811,-3.9496826],[-79.32001191,-3.94968478],[-79.31998292,-3.94968464],[-79.31992739,-3.94966978],[-79.31989366,-3.94965506],[-79.31986722,-3.94963792],[-79.31984313,-3.94961834],[-79.31982156,-3.94959641],[-79.31979747,-3.94957448],[-79.31978984,-3.94956587],[-79.31977349,-3.94954766],[-79.3197567,-3.9495233],[-79.31974095,-3.94949585],[-79.31973992,-3.94949406],[-79.31972799,-3.94946971],[-79.31971607,-3.94944301],[-79.31970416,-3.94940898],[-79.31969969,-3.94934829],[-79.31969273,-3.94931952],[-79.31968306,-3.94929237],[-79.3196447,-3.94924853],[-79.31962547,-3.94922896],[-79.31960138,-3.94920947],[-79.31958385,-3.94919659],[-79.31956848,-3.94918109],[-79.3195622,-3.94916969],[-79.31955179,-3.94915285],[-79.31953656,-3.94911465],[-79.31952886,-3.94909284],[-79.31951627,-3.94904191],[-79.31950986,-3.9490059],[-79.31951078,-3.94899541],[-79.31951578,-3.94896875],[-79.31953276,-3.9489422],[-79.31955459,-3.94892533],[-79.31960564,-3.94887949],[-79.3196299,-3.94886019],[-79.31965417,-3.9488361],[-79.3196833,-3.94881445],[-79.3197027,-3.94879514],[-79.31972698,-3.94876616],[-79.31974161,-3.94874196],[-79.3197443,-3.94870317],[-79.31973959,-3.9486716],[-79.3197352,-3.94865698],[-79.31973011,-3.94864002],[-79.31970384,-3.94858643],[-79.31968705,-3.94856207],[-79.31966741,-3.94854211],[-79.31965407,-3.94852854],[-79.31965306,-3.94852753],[-79.31964383,-3.94851821],[-79.31961729,-3.94850351],[-79.31959084,-3.94849369],[-79.31956431,-3.94847899],[-79.31953766,-3.94847631],[-79.31950662,-3.9484228],[-79.31948749,-3.94839844],[-79.31946584,-3.94837407],[-79.31944418,-3.94835214],[-79.31943225,-3.94832779],[-79.3194179,-3.94830344],[-79.31940597,-3.94827674],[-79.31938701,-3.94821593],[-79.31937266,-3.94818678],[-79.31935588,-3.94815754],[-79.31934397,-3.94812595],[-79.31933936,-3.94809194],[-79.31933822,-3.9480744],[-79.31933708,-3.94805794],[-79.31933733,-3.94802247],[-79.31933734,-3.94802158],[-79.31933882,-3.94800073],[-79.31933993,-3.94798515],[-79.31934495,-3.94795124],[-79.3193523,-3.94792458],[-79.31935757,-3.94785424],[-79.31935772,-3.94782277],[-79.31935311,-3.94778876],[-79.3193412,-3.94775473],[-79.31932442,-3.94773037],[-79.3193052,-3.94770601],[-79.31928598,-3.9476792],[-79.31925955,-3.94765961],[-79.3191826,-3.9475986],[-79.31915363,-3.9475838],[-79.31912962,-3.94756919],[-79.31909588,-3.94755683],[-79.31903805,-3.94752253],[-79.31901395,-3.94751027],[-79.31898507,-3.947498],[-79.31895853,-3.94748574],[-79.31892955,-3.94748071],[-79.31890544,-3.94746845],[-79.31888875,-3.94743921],[-79.31888171,-3.94740519],[-79.31886735,-3.94737849],[-79.31885534,-3.94735169],[-79.31882907,-3.9472982],[-79.31881227,-3.94727628],[-79.31879802,-3.94724704],[-79.31878124,-3.94721789],[-79.31877388,-3.94720331],[-79.31873657,-3.94717602],[-79.31870573,-3.94713729],[-79.31870505,-3.94713644],[-79.31866956,-3.94709685],[-79.31863407,-3.94706124],[-79.31859072,-3.94703348],[-79.31855133,-3.9470097],[-79.31851155,-3.94699154],[-79.31850797,-3.9469899],[-79.3184646,-3.94697408],[-79.31840826,-3.94696076],[-79.31835823,-3.94694637],[-79.31831487,-3.94692657],[-79.31823999,-3.94686719],[-79.31820449,-3.94683158],[-79.31818486,-3.94678804],[-79.31818488,-3.94673261],[-79.31820452,-3.94668508],[-79.318223,-3.94662959],[-79.31824004,-3.94657031],[-79.31825581,-3.94651879],[-79.31827949,-3.94647525],[-79.318311,-3.94643173],[-79.31839383,-3.94634861],[-79.31842536,-3.94629722],[-79.31845292,-3.94624573],[-79.31846731,-3.94621106],[-79.31847265,-3.94619821],[-79.3184884,-3.94615474],[-79.31850813,-3.94610722],[-79.31852002,-3.94605967],[-79.31853554,-3.94596615],[-79.31853579,-3.94596466],[-79.31854759,-3.94591323],[-79.31854761,-3.94581828],[-79.31854374,-3.94577071],[-79.31854267,-3.94576377],[-79.31853583,-3.94571924],[-79.31853187,-3.94567175],[-79.3185201,-3.94561639],[-79.31852013,-3.94555697],[-79.31851617,-3.94550949],[-79.31850826,-3.94545802],[-79.3185083,-3.94534715],[-79.31850211,-3.94530955],[-79.31850048,-3.94529966],[-79.31850046,-3.94508191],[-79.31849653,-3.94502258],[-79.31848476,-3.94496712],[-79.31848082,-3.94491177],[-79.31848082,-3.94488352],[-79.31848083,-3.94486031],[-79.31846897,-3.94480485],[-79.31846114,-3.94475736],[-79.31844143,-3.94470587],[-79.31842964,-3.94465837],[-79.31842173,-3.94461088],[-79.31841777,-3.94456339],[-79.31842174,-3.94451583],[-79.31842968,-3.94446042],[-79.31844147,-3.94441694],[-79.31846119,-3.9443734],[-79.31849664,-3.94434173],[-79.31854791,-3.94432592],[-79.31860315,-3.94430215],[-79.31865045,-3.94428633],[-79.3187016,-3.94428237],[-79.31870597,-3.94428307],[-79.31880017,-3.94429821],[-79.31885141,-3.94429036],[-79.31889869,-3.94428639],[-79.31894212,-3.94427454],[-79.31899329,-3.94425873],[-79.31903666,-3.94423096],[-79.31908003,-3.94419931],[-79.31911945,-3.94416367],[-79.31915889,-3.94411618],[-79.31918653,-3.94407663],[-79.31921807,-3.94397369],[-79.31923383,-3.94392625],[-79.31924169,-3.94386685],[-79.3192417,-3.94381938],[-79.31924567,-3.94376784],[-79.31922206,-3.94364517],[-79.31920631,-3.94359766],[-79.31918659,-3.94355015],[-79.3191669,-3.94349476],[-79.31914321,-3.94345122],[-79.31912359,-3.9434037],[-79.31911436,-3.94338362],[-79.31909992,-3.9433522],[-79.31908416,-3.94330867],[-79.31906052,-3.94320173],[-79.31906448,-3.94315427],[-79.31908025,-3.94310284],[-79.31909998,-3.94305532],[-79.31911574,-3.94300778],[-79.31913149,-3.94296432],[-79.31916698,-3.94291682],[-79.31919571,-3.94288439],[-79.31919856,-3.94288117],[-79.31927742,-3.94280202],[-79.31929092,-3.94278996],[-79.31931673,-3.9427669],[-79.31934832,-3.94273868],[-79.31938772,-3.942711],[-79.31943899,-3.94269121],[-79.31948627,-3.94268724],[-79.31953758,-3.94269521],[-79.31960063,-3.94268331],[-79.3196282,-3.94262793],[-79.31963613,-3.94258038],[-79.31963606,-3.94252495],[-79.31963592,-3.9425227],[-79.31963213,-3.94246562],[-79.31962434,-3.94239832],[-79.31961643,-3.94234685],[-79.319581,-3.94218853],[-79.31957482,-3.9421483],[-79.31957309,-3.94213706],[-79.31956131,-3.94208558],[-79.31955339,-3.94203809],[-79.31954555,-3.94190749],[-79.31954558,-3.94180449],[-79.31954968,-3.9417812],[-79.31955742,-3.94173723],[-79.31956143,-3.94166996],[-79.31957068,-3.9415522],[-79.31957325,-3.94151951],[-79.31957716,-3.94145622],[-79.3195772,-3.94139282],[-79.31957324,-3.94134534],[-79.31956147,-3.94128988],[-79.31954573,-3.94123849],[-79.3195299,-3.94118302],[-79.31951814,-3.9411197],[-79.31951025,-3.94101279],[-79.31948266,-3.94089798],[-79.31946692,-3.94084658],[-79.31944332,-3.94080304],[-79.31943048,-3.94078466],[-79.31938218,-3.9407161],[-79.31934483,-3.94066448],[-79.31931717,-3.9406288],[-79.31929754,-3.94058128],[-79.31928871,-3.94055464],[-79.31928179,-3.94053377],[-79.31926991,-3.94048627],[-79.31925415,-3.94044275],[-79.31922264,-3.94039918],[-79.31917534,-3.94036753],[-79.31916708,-3.94036224],[-79.31913199,-3.94033977],[-79.31909261,-3.94031211],[-79.31904925,-3.94029231],[-79.31899804,-3.94028434],[-79.31894289,-3.94026062],[-79.31889954,-3.94023684],[-79.31884829,-3.94019722],[-79.31881677,-3.94015764],[-79.31879705,-3.9401141],[-79.31878131,-3.94005873],[-79.31876555,-3.94001511],[-79.31875763,-3.93996762],[-79.31875769,-3.93984888],[-79.31874977,-3.93980139],[-79.318738,-3.93974593],[-79.31871831,-3.93968657],[-79.31869464,-3.93963507],[-79.31867106,-3.93958763],[-79.31864737,-3.93954798],[-79.31861188,-3.93950839],[-79.31857251,-3.93947277],[-79.31852522,-3.93944111],[-79.31848187,-3.93941335],[-79.31847072,-3.93940872],[-79.31843455,-3.93939363],[-79.31838336,-3.93937382],[-79.31833604,-3.93935401],[-79.31828087,-3.93933816],[-79.31823354,-3.93932233],[-79.31823107,-3.9393217],[-79.3181863,-3.93931039],[-79.31810745,-3.93929856],[-79.31806019,-3.9392906],[-79.31800493,-3.93927873],[-79.31795767,-3.93927077],[-79.31791041,-3.93926678],[-79.31776847,-3.93924308],[-79.31772122,-3.93923113],[-79.31767387,-3.93922326],[-79.31762657,-3.93919549],[-79.31755172,-3.93912028],[-79.31752812,-3.93907674],[-79.31751843,-3.93906279],[-79.31751842,-3.93902201],[-79.31753418,-3.93897457],[-79.31754996,-3.93891916],[-79.31758146,-3.93887953],[-79.31760513,-3.93883997],[-79.31761306,-3.93879251],[-79.31761307,-3.93874494],[-79.31760515,-3.93869745],[-79.3175894,-3.93864994],[-79.31758151,-3.93858663],[-79.31756578,-3.93853116],[-79.31755002,-3.93848365],[-79.31751853,-3.93842825],[-79.31749486,-3.93838072],[-79.31748695,-3.93832536],[-79.3174712,-3.93827786],[-79.31745548,-3.93821299],[-79.31746123,-3.93817818],[-79.31745736,-3.93813061],[-79.31744549,-3.93807922],[-79.31743369,-3.93803561],[-79.31739821,-3.93799602],[-79.31736669,-3.93795246],[-79.31733129,-3.93791287],[-79.31730762,-3.93786544],[-79.31730366,-3.93781786],[-79.31731942,-3.93777042],[-79.31734309,-3.93773086],[-79.31739827,-3.93765166],[-79.31742194,-3.9376121],[-79.31746535,-3.93751706],[-79.31749297,-3.93748148],[-79.31750874,-3.93742997],[-79.31753233,-3.93738643],[-79.31754811,-3.93733103],[-79.31757178,-3.93729147],[-79.31759547,-3.93723997],[-79.31762302,-3.93719644],[-79.31764669,-3.93715688],[-79.31769406,-3.93706193],[-79.31769795,-3.9370104],[-79.31770588,-3.93695896],[-79.31772164,-3.9369154],[-79.31774135,-3.93687195],[-79.31776504,-3.93682443],[-79.31779656,-3.93677693],[-79.31782025,-3.93672543],[-79.31785566,-3.93667007],[-79.31788329,-3.93663042],[-79.31790697,-3.93658689],[-79.31793451,-3.93654733],[-79.31795818,-3.93650777],[-79.31798972,-3.93645231],[-79.31801736,-3.93640878],[-79.31804885,-3.93637322],[-79.3180844,-3.93633757],[-79.3181671,-3.93627027],[-79.31820653,-3.93623075],[-79.31823812,-3.93619111],[-79.31824942,-3.93617864],[-79.31827755,-3.9361476],[-79.318313,-3.93611593],[-79.31835638,-3.93608428],[-79.31839578,-3.9360566],[-79.31844312,-3.93602097],[-79.31848248,-3.93596951],[-79.3184825,-3.93591805],[-79.31846279,-3.93586656],[-79.31844312,-3.93579933],[-79.31843134,-3.93574387],[-79.31841946,-3.93569637],[-79.31841948,-3.93564492],[-79.31843136,-3.93560136],[-79.31845107,-3.93555781],[-79.31847231,-3.93552581],[-79.31848259,-3.93551031],[-79.31852204,-3.93546282],[-79.31855749,-3.93542717],[-79.31859691,-3.93539162],[-79.31864425,-3.935356],[-79.31867972,-3.93531637],[-79.31871125,-3.93526498],[-79.31875067,-3.93522536],[-79.3187783,-3.93518581],[-79.31880981,-3.93514617],[-79.31884526,-3.9351145],[-79.3188847,-3.93506702],[-79.3189281,-3.93502352],[-79.31896751,-3.93498788],[-79.3190266,-3.93493247],[-79.31905423,-3.93489292],[-79.31907785,-3.93483356],[-79.31908069,-3.93481104],[-79.31908581,-3.93477018],[-79.31907,-3.93471083],[-79.31904246,-3.93465543],[-79.31903789,-3.93464702],[-79.31901878,-3.93461188],[-79.31899122,-3.93457222],[-79.31891241,-3.93449311],[-79.31884936,-3.93441386],[-79.31880997,-3.93434659],[-79.31878629,-3.93430305],[-79.31877054,-3.93425554],[-79.31873511,-3.93414071],[-79.31870751,-3.93407347],[-79.31868784,-3.93400615],[-79.31867994,-3.9339507],[-79.31867607,-3.93390321],[-79.31867811,-3.93387618],[-79.31867996,-3.93385177],[-79.3186997,-3.93379239],[-79.31871547,-3.93374088],[-79.31872731,-3.93367362],[-79.31872385,-3.93364739],[-79.31871942,-3.93361429],[-79.31871159,-3.9335668],[-79.31870766,-3.93350737],[-79.31869974,-3.93345988],[-79.31869975,-3.93340843],[-79.31869583,-3.93334503],[-79.31869187,-3.93329755],[-79.31869192,-3.93318279],[-79.31868402,-3.93307986],[-79.31868404,-3.93302841],[-79.31868459,-3.93302208],[-79.318688,-3.93298085],[-79.31869596,-3.93292155],[-79.31871561,-3.93286606],[-79.31872751,-3.93281065],[-79.31874326,-3.93259293],[-79.31874323,-3.93256028],[-79.31874328,-3.93253361],[-79.31874725,-3.93248605],[-79.31873542,-3.93232379],[-79.31873545,-3.93226438],[-79.31873153,-3.93220107],[-79.31873155,-3.93214166],[-79.31872763,-3.93207835],[-79.31872766,-3.93201903],[-79.3187237,-3.93197145],[-79.31872373,-3.93191213],[-79.31872762,-3.93186068],[-79.31872771,-3.93172603],[-79.31872377,-3.9316667],[-79.31870012,-3.93156375],[-79.3186844,-3.93150041],[-79.31867253,-3.93144496],[-79.31865284,-3.93138559],[-79.31863664,-3.93134008],[-79.31863315,-3.93133021],[-79.31862524,-3.93127476],[-79.31862138,-3.93122728],[-79.31862924,-3.93116788],[-79.31864501,-3.93111646],[-79.31868844,-3.93101355],[-79.31870168,-3.93096223],[-79.31873575,-3.93085919],[-79.31874358,-3.93081164],[-79.31873571,-3.93069687],[-79.3187341,-3.93069126],[-79.31871604,-3.93062955],[-79.31869245,-3.93058202],[-79.31867274,-3.93053451],[-79.31866087,-3.93047914],[-79.31866884,-3.93036829],[-79.31868461,-3.93031687],[-79.31871217,-3.93026538],[-79.31875162,-3.93017041],[-79.31875948,-3.93006743],[-79.3187595,-3.930012],[-79.31875556,-3.92995665],[-79.31875955,-3.92989724],[-79.31876741,-3.92983784],[-79.31877534,-3.92979039],[-79.31879509,-3.92973886],[-79.31882658,-3.92969536],[-79.31886997,-3.92965584],[-79.31890938,-3.92962806],[-79.3189567,-3.9296004],[-79.3189961,-3.92957271],[-79.31903948,-3.92954106],[-79.31908671,-3.9295133],[-79.31913402,-3.9294935],[-79.31918527,-3.92948565],[-79.31923651,-3.92948168],[-79.31929172,-3.92947375],[-79.31932248,-3.92946863],[-79.31933901,-3.92946589],[-79.31940604,-3.92944613],[-79.31944942,-3.92940651],[-79.31947303,-3.92935502],[-79.31948885,-3.92923234],[-79.31949672,-3.92912148],[-79.31949278,-3.92906613],[-79.31948304,-3.92903673],[-79.31947309,-3.92900668],[-79.31945968,-3.92895918],[-79.3194337,-3.92889582],[-79.31940224,-3.92877712],[-79.31938648,-3.92873359],[-79.31937066,-3.92867812],[-79.31935888,-3.92862276],[-79.31935493,-3.92857129],[-79.31934704,-3.92851186],[-79.31935497,-3.9284644],[-79.31937074,-3.92841289],[-79.31939442,-3.92836935],[-79.31943378,-3.92831789],[-79.31948114,-3.92827042],[-79.31952839,-3.92823479],[-79.31956788,-3.92821109],[-79.31966241,-3.92817149],[-79.31970971,-3.92815567],[-79.31974837,-3.92813454],[-79.31975307,-3.92813197],[-79.31980038,-3.9281082],[-79.31984377,-3.92806858],[-79.31988323,-3.92801323],[-79.31989505,-3.92795782],[-79.31989894,-3.92790239],[-79.31989425,-3.92785889],[-79.31989031,-3.92780345],[-79.31988531,-3.92776997],[-79.3198832,-3.92775587],[-79.31987141,-3.92770837],[-79.31985963,-3.92765698],[-79.31984387,-3.92761336],[-79.31981623,-3.92756981],[-79.31978478,-3.9275342],[-79.31974928,-3.92750257],[-79.31971775,-3.92746688],[-79.31968226,-3.92743127],[-79.31965073,-3.92739169],[-79.31963498,-3.92734418],[-79.31962717,-3.92728873],[-79.31964682,-3.92723334],[-79.31965475,-3.9271819],[-79.31966265,-3.92710668],[-79.3196705,-3.92705126],[-79.31968627,-3.92699983],[-79.31971786,-3.9269602],[-79.31976907,-3.92692856],[-79.31981639,-3.92690478],[-79.31988339,-3.92689687],[-79.31995434,-3.92689692],[-79.3200253,-3.926893],[-79.3200765,-3.92688695],[-79.32009231,-3.92688508],[-79.32014751,-3.92688113],[-79.32020659,-3.9268732],[-79.32025785,-3.92685738],[-79.32030119,-3.92684156],[-79.32034059,-3.92681785],[-79.32038791,-3.92679407],[-79.32039883,-3.92678189],[-79.32042337,-3.92675454],[-79.320451,-3.92671489],[-79.32048251,-3.92667137],[-79.32053768,-3.92659227],[-79.32055819,-3.92655713],[-79.32056533,-3.92654476],[-79.32057712,-3.92650119],[-79.32056929,-3.9264537],[-79.32055353,-3.92641017],[-79.32054854,-3.9263951],[-79.32053384,-3.92635072],[-79.32051018,-3.92629533],[-79.32049443,-3.9262518],[-79.32047474,-3.92618846],[-79.32045504,-3.92613696],[-79.32043137,-3.92608555],[-79.32039588,-3.92604596],[-79.32035257,-3.92600238],[-79.32031707,-3.92597075],[-79.32027372,-3.92594697],[-79.32023039,-3.92591134],[-79.32018308,-3.92588755],[-79.32013973,-3.92586377],[-79.32010034,-3.92584],[-79.32005307,-3.92579252],[-79.32004641,-3.92578285],[-79.32001761,-3.92574108],[-79.3199979,-3.92568959],[-79.31999008,-3.9256421],[-79.31999793,-3.92558668],[-79.32001768,-3.92552731],[-79.32002948,-3.92547976],[-79.32006888,-3.92545208],[-79.32011864,-3.92542026],[-79.3201539,-3.92539754],[-79.32016742,-3.9253888],[-79.32020682,-3.92536112],[-79.32025022,-3.92531753],[-79.32027779,-3.92526215],[-79.32031119,-3.92516157],[-79.32031145,-3.92503272],[-79.32030153,-3.92500483],[-79.32028181,-3.92496129],[-79.32027398,-3.9249138],[-79.32029371,-3.92486628],[-79.32032522,-3.92482275],[-79.32035672,-3.92478321],[-79.32039225,-3.92475543],[-79.32043167,-3.92471988],[-79.32045963,-3.92469174],[-79.32047497,-3.92467629],[-79.32052232,-3.92464066],[-79.32055777,-3.9246051],[-79.32059325,-3.92455761],[-79.32061694,-3.92451009],[-79.32064061,-3.92446655],[-79.32065243,-3.92441114],[-79.32065631,-3.92435969],[-79.32065634,-3.92431978],[-79.32065636,-3.92429232],[-79.32066036,-3.92422903],[-79.3206564,-3.92418155],[-79.32065248,-3.92411426],[-79.32064457,-3.9240192],[-79.32066039,-3.92389652],[-79.32066824,-3.92379751],[-79.32066439,-3.92374216],[-79.3206644,-3.9236946],[-79.32067223,-3.92364714],[-79.3206999,-3.92359176],[-79.32073141,-3.92354426],[-79.32075896,-3.92350461],[-79.32079057,-3.92345322],[-79.32081419,-3.92339386],[-79.32083787,-3.92335032],[-79.32087723,-3.92329885],[-79.32091148,-3.92324917],[-79.32091272,-3.92324738],[-79.32092856,-3.92320382],[-79.32094907,-3.92316606],[-79.32095215,-3.92316028],[-79.32096799,-3.92311673],[-79.32097588,-3.92304151],[-79.32097976,-3.92299404],[-79.32096887,-3.92294744],[-79.32095879,-3.92289823],[-79.32095516,-3.92284337],[-79.32095093,-3.92277948],[-79.32095492,-3.92271619],[-79.32095494,-3.92266075],[-79.32092335,-3.92256574],[-79.320884,-3.92247866],[-79.32086825,-3.92242718],[-79.32087223,-3.92237573],[-79.32089189,-3.92231238],[-79.32092342,-3.9222609],[-79.32095107,-3.92221339],[-79.32097058,-3.92217089],[-79.32097467,-3.92216198],[-79.32099046,-3.92209862],[-79.32105178,-3.92196174],[-79.32107151,-3.9219578],[-79.32111879,-3.92195383],[-79.32116606,-3.92195383],[-79.3212173,-3.92194598],[-79.32126065,-3.92192617],[-79.32133953,-3.92187867],[-79.32139863,-3.92186288],[-79.32146168,-3.921847],[-79.32154836,-3.92181534],[-79.32161145,-3.92178373],[-79.32165483,-3.92174809],[-79.32168237,-3.92170854],[-79.32165879,-3.92166102],[-79.32163123,-3.92161746],[-79.32160358,-3.92157789],[-79.32157206,-3.92153831],[-79.32154449,-3.92149874],[-79.32153313,-3.92148351],[-79.32150902,-3.92145119],[-79.32147749,-3.92141559],[-79.32144205,-3.92135619],[-79.32141449,-3.92131264],[-79.32139081,-3.9212691],[-79.32136326,-3.92122156],[-79.32133958,-3.92117404],[-79.32132383,-3.92112653],[-79.3213081,-3.92106718],[-79.32129235,-3.92101967],[-79.32128052,-3.92094839],[-79.32128054,-3.92089296],[-79.3212884,-3.92083365],[-79.32129238,-3.9207822],[-79.32130815,-3.92073069],[-79.32132789,-3.92067132],[-79.32134762,-3.9206199],[-79.32137518,-3.92057239],[-79.32141461,-3.92052888],[-79.32146976,-3.9205091],[-79.32151082,-3.92050084],[-79.32152894,-3.92049719],[-79.32156538,-3.92050721],[-79.32161765,-3.92048489],[-79.32168327,-3.92049162],[-79.32173328,-3.92052066],[-79.32177322,-3.92053521],[-79.32185438,-3.92056314],[-79.32188886,-3.92056872],[-79.32194673,-3.92053294],[-79.32198217,-3.92050516],[-79.32206889,-3.92045379],[-79.32210829,-3.92042601],[-79.32214771,-3.92039046],[-79.32219898,-3.92037067],[-79.32226199,-3.92038255],[-79.32231716,-3.92039044],[-79.32238811,-3.92039049],[-79.32243541,-3.92037856],[-79.32248274,-3.92034692],[-79.32253792,-3.92030733],[-79.32257337,-3.92027575],[-79.32261287,-3.92024409],[-79.32265622,-3.92022428],[-79.32271138,-3.92019654],[-79.32275078,-3.92016885],[-79.32279017,-3.92014515],[-79.32283751,-3.92011341],[-79.3228809,-3.92006991],[-79.32293213,-3.92002634],[-79.32295581,-3.9199828],[-79.32297948,-3.91994324],[-79.32300707,-3.91987601],[-79.32303858,-3.9198324],[-79.3230701,-3.9197849],[-79.32312136,-3.91976908],[-79.32316864,-3.9197652],[-79.3232317,-3.91974932],[-79.32325933,-3.91970977],[-79.32327116,-3.9196464],[-79.32328692,-3.91960284],[-79.32328298,-3.91954351],[-79.32326723,-3.91949601],[-79.32325537,-3.91943666],[-79.3232751,-3.91938913],[-79.32330669,-3.91934959],[-79.32333423,-3.91930995],[-79.32335398,-3.91924659],[-79.32337372,-3.9191912],[-79.32337761,-3.91913577],[-79.32338556,-3.91908036],[-79.32340136,-3.91901311],[-79.3234092,-3.91896556],[-79.32342108,-3.91892208],[-79.32344073,-3.91886271],[-79.32343679,-3.91881125],[-79.32342896,-3.91876367],[-79.3234014,-3.9187202],[-79.32337383,-3.91868452],[-79.3233423,-3.91864892],[-79.32333979,-3.9186464],[-79.3233068,-3.91861331],[-79.32326743,-3.91858158],[-79.32314128,-3.91849451],[-79.32310578,-3.91846279],[-79.32306247,-3.91841929],[-79.32302303,-3.91837572],[-79.32299944,-3.91832819],[-79.32299151,-3.91828857],[-79.32295217,-3.91819363],[-79.32294822,-3.91814217],[-79.32295169,-3.9181174],[-79.32295607,-3.91808675],[-79.32300894,-3.91803368],[-79.32303105,-3.91801148],[-79.32306649,-3.9179799],[-79.32311382,-3.91795214],[-79.32312759,-3.91794462],[-79.32315717,-3.91792845],[-79.32320442,-3.9178968],[-79.32324782,-3.91784923],[-79.32325566,-3.91780177],[-79.32325966,-3.9177345],[-79.32325967,-3.91771004],[-79.32325967,-3.91768693],[-79.32326365,-3.91763151],[-79.32327941,-3.91758406],[-79.32331095,-3.9175286],[-79.3233464,-3.91749304],[-79.3233858,-3.91746527],[-79.32344098,-3.91742966],[-79.32347644,-3.91739012],[-79.32350805,-3.91734262],[-79.3235356,-3.91729511],[-79.32357903,-3.91723579],[-79.32360261,-3.91719613],[-79.32363023,-3.91716056],[-79.32365788,-3.91711305],[-79.32368148,-3.91706164],[-79.32369723,-3.91701809],[-79.3237249,-3.91695873],[-79.32374457,-3.91689538],[-79.32376431,-3.91683989],[-79.32378402,-3.91679643],[-79.32381553,-3.91675282],[-79.323851,-3.9167093],[-79.32387397,-3.91666983],[-79.32387449,-3.91666893],[-79.32387865,-3.91666179],[-79.3238944,-3.91661833],[-79.32389615,-3.91659536],[-79.32389838,-3.91656679],[-79.32389499,-3.91653784],[-79.3238905,-3.91649949],[-79.32386682,-3.91645206],[-79.32384324,-3.91640454],[-79.32381559,-3.91636099],[-79.32378805,-3.91630948],[-79.32375258,-3.91626202],[-79.32372891,-3.9162145],[-79.32371711,-3.91617097],[-79.32372498,-3.9161076],[-79.32373686,-3.91606404],[-79.32376046,-3.91601263],[-79.32377235,-3.91596509],[-79.32378418,-3.91590181],[-79.32379202,-3.91585426],[-79.32378024,-3.91579889],[-79.32377233,-3.91574742],[-79.32376453,-3.91568799],[-79.32377635,-3.9156286],[-79.3237842,-3.91557716],[-79.32378033,-3.91552968],[-79.32378422,-3.91547425],[-79.32379215,-3.91542679],[-79.32379999,-3.91537924],[-79.32381182,-3.91531597],[-79.32381579,-3.91526443],[-79.32382374,-3.91520901],[-79.32383554,-3.91516156],[-79.32385133,-3.9150982],[-79.32387494,-3.91504281],[-79.32388684,-3.91499138],[-79.32390261,-3.91493589],[-79.32390398,-3.91492983],[-79.32391833,-3.91486466],[-79.32394198,-3.91478947],[-79.32394595,-3.914742],[-79.32394597,-3.91468657],[-79.32394204,-3.91462317],[-79.32393809,-3.91457171],[-79.32394207,-3.91451637],[-79.32395783,-3.91447282],[-79.32397359,-3.91442528],[-79.3239854,-3.91436987],[-79.32400019,-3.9143179],[-79.32400907,-3.91428672],[-79.324017,-3.91423528],[-79.32402093,-3.91416005],[-79.32401414,-3.91412581],[-79.32400917,-3.91410071],[-79.32401305,-3.91404926],[-79.3240131,-3.91398198],[-79.32402102,-3.91393841],[-79.32404068,-3.91387506],[-79.32405735,-3.91382056],[-79.32406825,-3.91377392],[-79.32409365,-3.91372695],[-79.3241274,-3.91368876],[-79.3241668,-3.91366063],[-79.32421016,-3.9136316],[-79.32426142,-3.91361705],[-79.32430996,-3.91361579],[-79.32435858,-3.91361706],[-79.32440979,-3.91362368],[-79.32442783,-3.91362501],[-79.32446372,-3.91362767],[-79.32451755,-3.91363167],[-79.32456221,-3.91363429],[-79.32462271,-3.91363559],[-79.32467386,-3.913629],[-79.3247199,-3.91361715],[-79.32477109,-3.91359338],[-79.32481447,-3.91355648],[-79.32483553,-3.91351556],[-79.32486181,-3.91347465],[-79.32487892,-3.91342585],[-79.32488281,-3.9133744],[-79.32488281,-3.91334229],[-79.32488281,-3.91332557],[-79.32487363,-3.9132807],[-79.32486049,-3.91323184],[-79.32488426,-3.91319666],[-79.32488812,-3.91319093],[-79.32493283,-3.91316462],[-79.32498402,-3.9131422],[-79.32502742,-3.91313958],[-79.32506683,-3.91310791],[-79.32510627,-3.91306431],[-79.32514832,-3.91301819],[-79.32519035,-3.9129812],[-79.32523497,-3.91295352],[-79.32527967,-3.91293508],[-79.32533226,-3.91292976],[-79.32534327,-3.91293004],[-79.3253861,-3.91293113],[-79.32543471,-3.91293376],[-79.32547549,-3.91292464],[-79.325482,-3.91292318],[-79.32553982,-3.91291923],[-79.32559626,-3.91292459],[-79.3256528,-3.91292588],[-79.32566658,-3.91292283],[-79.32570667,-3.91291405],[-79.32575263,-3.91289289],[-79.32580652,-3.91286523],[-79.32586566,-3.9128309],[-79.32590508,-3.91279399],[-79.32593396,-3.91275706],[-79.32596026,-3.91270955],[-79.32597999,-3.91265542],[-79.32599043,-3.91261321],[-79.32601411,-3.91257103],[-79.32605351,-3.91254199],[-79.32611138,-3.91251036],[-79.32614816,-3.91248394],[-79.32619417,-3.91243909],[-79.3262191,-3.91240215],[-79.32624539,-3.91235726],[-79.32626646,-3.91230983],[-79.3262809,-3.91224773],[-79.32628873,-3.91220163],[-79.32629595,-3.91215983],[-79.32630057,-3.91213301],[-79.32633216,-3.91209871],[-79.32637021,-3.91206831],[-79.32641854,-3.91205041],[-79.32643067,-3.91204592],[-79.32648195,-3.91202215],[-79.32653449,-3.91199576],[-79.3265765,-3.91197332],[-79.32662643,-3.91194828],[-79.32667635,-3.91192587],[-79.32670398,-3.91188758],[-79.32673027,-3.91184404],[-79.32676047,-3.91177682],[-79.32678679,-3.91172009],[-79.32679733,-3.91167254],[-79.32679782,-3.91165152],[-79.3267986,-3.91161847],[-79.32679467,-3.9115604],[-79.32679468,-3.91151021],[-79.32679866,-3.91145352],[-79.32680787,-3.91139413],[-79.32682103,-3.91134396],[-79.32683023,-3.91128728],[-79.32686339,-3.91123047],[-79.32686565,-3.91122658],[-79.32688799,-3.91117644],[-79.3269143,-3.91111835],[-79.32695113,-3.91107085],[-79.32699573,-3.91101017],[-79.32702418,-3.91096592],[-79.32704969,-3.91090466],[-79.32704575,-3.91085184],[-79.32703388,-3.9107991],[-79.32702731,-3.91075161],[-79.32701949,-3.91070014],[-79.32701815,-3.91064868],[-79.32702346,-3.91060112],[-79.32701033,-3.91055235],[-79.32699321,-3.91050882],[-79.32699846,-3.9104534],[-79.32701952,-3.91040985],[-79.32705104,-3.91036362],[-79.32707867,-3.91032271],[-79.32710054,-3.91028323],[-79.32713203,-3.91024938],[-79.32717017,-3.91022034],[-79.32722138,-3.91018735],[-79.32726077,-3.91016229],[-79.32730682,-3.91014122],[-79.32735405,-3.91011744],[-79.32739616,-3.91008578],[-79.32742507,-3.91003827],[-79.32744605,-3.9099921],[-79.32746837,-3.90995254],[-79.32752308,-3.90986865],[-79.32756431,-3.90974525],[-79.32758518,-3.90954979],[-79.32754959,-3.90941595],[-79.32751408,-3.90924095],[-79.32744793,-3.90901959],[-79.32743784,-3.9089424],[-79.32748921,-3.90886533],[-79.32753543,-3.90880883],[-79.32761241,-3.90873695],[-79.3277457,-3.90868063],[-79.32788913,-3.90868091],[-79.3280376,-3.90872237],[-79.32804568,-3.90872877],[-79.32810921,-3.90877911],[-79.32823731,-3.90875878],[-79.32839627,-3.90867678],[-79.32847841,-3.90858434],[-79.3285389,-3.90836294],[-79.32858748,-3.90817625],[-79.32849513,-3.90814265],[-79.32849329,-3.90814124],[-79.32806709,-3.90781518],[-79.32778665,-3.90760673],[-79.32711522,-3.90701895],[-79.32549165,-3.90575369],[-79.3243403,-3.90490513],[-79.32358811,-3.90402764],[-79.32305739,-3.90331395],[-79.32215122,-3.90182001],[-79.32179791,-3.90109181],[-79.3212377,-3.90033349],[-79.32082524,-3.89960514],[-79.32044207,-3.89901052],[-79.31971312,-3.89762088],[-79.31934514,-3.8968184],[-79.31924243,-3.89643216],[-79.31913952,-3.89614986],[-79.31885912,-3.89591177],[-79.31820927,-3.89562837],[-79.31766287,-3.89536003],[-79.31686576,-3.89479427],[-79.31572229,-3.89371556],[-79.31536907,-3.89292797],[-79.31492723,-3.8921105],[-79.3147809,-3.89136789],[-79.31464916,-3.89071433],[-79.31465869,-3.88963797],[-79.3144976,-3.88888043],[-79.31421785,-3.88833053],[-79.31380507,-3.88776553],[-79.31356899,-3.88754236],[-79.31348308,-3.88753327],[-79.31314041,-3.88749694],[-79.31254901,-3.88755515],[-79.31175102,-3.88743478],[-79.31083471,-3.88734386],[-79.31009591,-3.88719392],[-79.30887742,-3.88669409],[-79.30816888,-3.88618789],[-79.30763778,-3.88566716],[-79.30719596,-3.88483486],[-79.3070205,-3.88386948],[-79.3070076,-3.88293408],[-79.30710606,-3.88173912],[-79.30730112,-3.88028451],[-79.30734781,-3.87909688],[-79.30740777,-3.87868127],[-79.30734423,-3.87718904],[-79.30721194,-3.87680273],[-79.30719801,-3.87637217],[-79.30733195,-3.87592704],[-79.30752491,-3.87552655],[-79.30788061,-3.87505217],[-79.30816241,-3.87457765],[-79.30827463,-3.87388747],[-79.30831983,-3.87345702],[-79.30849752,-3.8733089],[-79.30873446,-3.87308667],[-79.30889802,-3.87259704],[-79.30895905,-3.87164696],[-79.30906457,-3.8706079],[-79.30918338,-3.87032604],[-79.30913302,-3.86963556],[-79.3090446,-3.86950179],[-79.30864579,-3.86933765],[-79.30824762,-3.86887661],[-79.30790855,-3.86841569],[-79.30771729,-3.86796989],[-79.30768852,-3.86756897],[-79.30752642,-3.86731626],[-79.30717215,-3.86706316],[-79.30687713,-3.86676562],[-79.30655307,-3.86618595],[-79.30646469,-3.86602245],[-79.30613326,-3.86545021],[-79.30604543,-3.86496586],[-79.30603091,-3.86488581],[-79.30585492,-3.86418765],[-79.30569298,-3.86386069],[-79.30535382,-3.86344432],[-79.30477808,-3.86307198],[-79.30454176,-3.86298242],[-79.30433475,-3.86301171],[-79.30397967,-3.86317431],[-79.30335789,-3.86366302],[-79.30298799,-3.86384042],[-79.30249986,-3.86401761],[-79.3019825,-3.86401657],[-79.30146541,-3.86388189],[-79.30119957,-3.86377743],[-79.30082274,-3.86372473],[-79.30060094,-3.86376883],[-79.30029036,-3.86384246],[-79.29986204,-3.86367827],[-79.29888788,-3.86296364],[-79.29829773,-3.86241316],[-79.29755997,-3.86174356],[-79.29699983,-3.86097038],[-79.29646912,-3.86024185],[-79.29620417,-3.85970682],[-79.29584375,-3.85883756],[-79.2955343,-3.858347],[-79.29519543,-3.85781185],[-79.29498941,-3.85733632],[-79.29475349,-3.85705377],[-79.29419238,-3.8567557],[-79.29324677,-3.8565608],[-79.29244891,-3.85638105],[-79.29182872,-3.85608285],[-79.29113489,-3.85563605],[-79.29081761,-3.85537558],[-79.29059643,-3.8551079],[-79.29043405,-3.85500366],[-79.2903743,-3.85501989],[-79.29027136,-3.85504787],[-79.28996021,-3.8554184],[-79.28960454,-3.85587797],[-79.28939721,-3.85608538],[-79.2891901,-3.856174],[-79.28890943,-3.85608439],[-79.28859949,-3.8558462],[-79.28842213,-3.85583101],[-79.28822972,-3.85596422],[-79.28765196,-3.85661633],[-79.28707407,-3.8573278],[-79.2866446,-3.85772782],[-79.2861264,-3.85817216],[-79.28573441,-3.85829756],[-79.28546841,-3.85826733],[-79.28544406,-3.858102],[-79.28542465,-3.8579703],[-79.28564753,-3.85740659],[-79.2858552,-3.85703584],[-79.28599,-3.85616017],[-79.28606466,-3.85577426],[-79.28609552,-3.85512111],[-79.28614141,-3.85434917],[-79.28603184,-3.85371795],[-79.28601765,-3.85342101],[-79.28609248,-3.8529609],[-79.28625564,-3.85266427],[-79.28650732,-3.85247178],[-79.28683274,-3.85235366],[-79.28718785,-3.85216137],[-79.28773517,-3.85195464],[-79.28816467,-3.85152495],[-79.28838744,-3.85100576],[-79.28855108,-3.85048646],[-79.28875857,-3.85020479],[-79.28895863,-3.84994536],[-79.28919335,-3.84977907],[-79.28931389,-3.84969369],[-79.28953557,-3.84970899],[-79.28969792,-3.84982808],[-79.29009713,-3.84978437],[-79.29037783,-3.84982945],[-79.29052536,-3.84997822],[-79.29052506,-3.85012668],[-79.2909242,-3.85009779],[-79.29102818,-3.84986048],[-79.29099921,-3.84954861],[-79.29110313,-3.84932612],[-79.29128087,-3.84914832],[-79.29151774,-3.8489558],[-79.29175434,-3.84889687],[-79.29215364,-3.84880861],[-79.29250856,-3.84872027],[-79.29277455,-3.84875045],[-79.29295154,-3.84894381],[-79.2933201,-3.84943451],[-79.29377734,-3.84992537],[-79.29405753,-3.85025256],[-79.29452985,-3.85058013],[-79.2947953,-3.85089245],[-79.29514193,-3.85125687],[-79.29539293,-3.85140585],[-79.2955853,-3.85128746],[-79.29577795,-3.8510503],[-79.29594126,-3.85069433],[-79.29583878,-3.85018933],[-79.2956473,-3.84984744],[-79.29560356,-3.84955042],[-79.29597467,-3.84874944],[-79.29607883,-3.84840818],[-79.2963748,-3.84821576],[-79.29668562,-3.84802337],[-79.29699641,-3.84781619],[-79.29711504,-3.84763824],[-79.29729292,-3.84737134],[-79.29811516,-3.84643022],[-79.29842618,-3.84611905],[-79.29896034,-3.84508088],[-79.29933109,-3.84447287],[-79.29976102,-3.84382047],[-79.30014625,-3.84336099],[-79.30039803,-3.84310909],[-79.3015459,-3.84191622],[-79.30213807,-3.84145715],[-79.30277468,-3.84093877],[-79.3033079,-3.84037567],[-79.30387049,-3.83991653],[-79.30438849,-3.83957609],[-79.30503962,-3.83919136],[-79.30536539,-3.83889506],[-79.30673454,-3.83794016],[-79.30710463,-3.83765881],[-79.3073118,-3.8375256],[-79.3077394,-3.83731417],[-79.30824022,-3.83701369],[-79.30869355,-3.83682791],[-79.30841568,-3.83678795],[-79.30817533,-3.83680411],[-79.30785205,-3.83683676],[-79.3076697,-3.83684474],[-79.30748741,-3.83683604],[-79.3072886,-3.83678572],[-79.30716438,-3.83674384],[-79.30702366,-3.83666031],[-79.30683185,-3.83658709],[-79.30669433,-3.83643108],[-79.30647104,-3.83610192],[-79.30619597,-3.83582452],[-79.30557682,-3.83533883],[-79.30519786,-3.83533807],[-79.30492209,-3.83542403],[-79.30433596,-3.83564779],[-79.30361251,-3.83564635],[-79.30307878,-3.83550691],[-79.30244238,-3.83503847],[-79.30227143,-3.83438064],[-79.30122505,-3.83216389],[-79.30086452,-3.83155761],[-79.30062506,-3.83069202],[-79.30016165,-3.82984329],[-79.29954212,-3.82954792],[-79.29894,-3.82914879],[-79.29873372,-3.82894074],[-79.29804534,-3.82862792],[-79.2972703,-3.82857448],[-79.29654713,-3.82843463],[-79.29606576,-3.82796649],[-79.29567083,-3.82732553],[-79.29548155,-3.82722135],[-79.2949823,-3.82708192],[-79.29465502,-3.82708127],[-79.29417213,-3.82737443],[-79.293672,-3.82768488],[-79.29322387,-3.82782242],[-79.29275879,-3.82782149],[-79.29238034,-3.8275612],[-79.29219129,-3.82735319],[-79.29205417,-3.82700689],[-79.29179593,-3.82693715],[-79.29146865,-3.82693649],[-79.29102047,-3.82710862],[-79.29057185,-3.82748838],[-79.29031299,-3.82773008]]]]},"geometry_name":"geom","properties":{"id":5,"fid":5,"objectid":5,"dpa_parroq":"110160","dpa_despar":"TAQUIL","dpa_valor":0,"dpa_anio":"2009","dpa_canton":"1101","dpa_provin":"11","dpa_despro":"LOJA","dpa_descan":"LOJA","regional":"Sur","areas":9220.65511066329,"shape_length":56747.31379271963,"shape_area":9.22065511066329E7}},{"type":"Feature","id":"limites_parroquiales.6","geometry":{"type":"MultiPolygon","coordinates":[[[[-79.51551408,-3.78910625],[-79.51502806,-3.78914848],[-79.5140063,-3.78905341],[-79.51320586,-3.78906638],[-79.51259089,-3.78930938],[-79.51204713,-3.78968174],[-79.51181772,-3.79011203],[-79.5117738,-3.79072932],[-79.51200091,-3.79163422],[-79.51195738,-3.79202177],[-79.51157061,-3.79253795],[-79.5112552,-3.79309734],[-79.51077559,-3.79357746],[-79.50997447,-3.79400679],[-79.50895937,-3.79419168],[-79.50788772,-3.79401757],[-79.50728471,-3.79375673],[-79.5071879,-3.79371485],[-79.5064876,-3.79368491],[-79.50636936,-3.79362826],[-79.50591637,-3.79341116],[-79.50524545,-3.79292184],[-79.50472457,-3.79245432],[-79.50412538,-3.79182159],[-79.50356823,-3.7916627],[-79.50285376,-3.79157532],[-79.50223658,-3.79120026],[-79.50202222,-3.79083807],[-79.50166559,-3.79050257],[-79.50136861,-3.79009539],[-79.50100016,-3.78972395],[-79.50044066,-3.78963928],[-79.49999999,-3.78971027],[-79.49961842,-3.79002059],[-79.49933174,-3.79054635],[-79.49912813,-3.79123972],[-79.49905602,-3.79162235],[-79.49884078,-3.79216019],[-79.49799445,-3.79268498],[-79.49698161,-3.79312576],[-79.49576551,-3.79403266],[-79.49516851,-3.79498848],[-79.49471534,-3.79539435],[-79.49416742,-3.79550105],[-79.49365544,-3.79550016],[-79.49336937,-3.79567908],[-79.49315419,-3.79615711],[-79.49311763,-3.79664742],[-79.49286576,-3.79769952],[-79.49273384,-3.79823754],[-79.49266094,-3.79908661],[-79.4926477,-3.79985208],[-79.49252763,-3.800426],[-79.4919791,-3.80087954],[-79.49131186,-3.80114148],[-79.49063242,-3.80155892],[-79.48959524,-3.80228671],[-79.48832021,-3.80284662],[-79.48752257,-3.8027615],[-79.48708248,-3.80248565],[-79.48649957,-3.80217361],[-79.48547597,-3.80194459],[-79.48511932,-3.80162102],[-79.48486974,-3.80134547],[-79.48442925,-3.80129685],[-79.48409568,-3.80140391],[-79.48375009,-3.80157076],[-79.4832857,-3.80158188],[-79.4825596,-3.80144904],[-79.48228554,-3.80155619],[-79.48192794,-3.80178283],[-79.48084434,-3.80180483],[-79.47956984,-3.80205375],[-79.47906952,-3.80218444],[-79.47829624,-3.80180035],[-79.47771346,-3.80141658],[-79.47741591,-3.80135626],[-79.476916,-3.8012477],[-79.4763203,-3.80142604],[-79.47606986,-3.80165287],[-79.47541476,-3.80177132],[-79.47502183,-3.80177063],[-79.47453328,-3.80197311],[-79.47419936,-3.8022715],[-79.47367529,-3.80236628],[-79.47277088,-3.80206564],[-79.47253275,-3.80206522],[-79.47206819,-3.80218401],[-79.47160291,-3.80268551],[-79.47063778,-3.80306654],[-79.46919552,-3.80391318],[-79.46865846,-3.80461792],[-79.46832441,-3.80496416],[-79.46787135,-3.8053102],[-79.4669663,-3.80538036],[-79.46570307,-3.80600005],[-79.46449878,-3.80694278],[-79.46313905,-3.80824404],[-79.46274536,-3.8086739],[-79.46237565,-3.80900816],[-79.46176812,-3.80917452],[-79.46125597,-3.80923341],[-79.46073208,-3.80923245],[-79.46004158,-3.80915945],[-79.45937487,-3.80912237],[-79.45889872,-3.80904977],[-79.45850567,-3.80910887],[-79.45818402,-3.80920398],[-79.45737306,-3.80993212],[-79.45619223,-3.81105427],[-79.45514279,-3.81194941],[-79.45359482,-3.81199449],[-79.45293989,-3.81201722],[-79.45192749,-3.81218283],[-79.45134366,-3.81239707],[-79.44949744,-3.8127406],[-79.44847361,-3.81265503],[-79.44805703,-3.81254662],[-79.44775972,-3.81234273],[-79.44717702,-3.81193504],[-79.44691532,-3.81179106],[-79.44661779,-3.81170682],[-79.44622486,-3.81170611],[-79.44589142,-3.81171744],[-79.44529557,-3.81200342],[-79.4448187,-3.81233743],[-79.44446144,-3.81237266],[-79.44419972,-3.81224063],[-79.44410477,-3.81207301],[-79.44410531,-3.81177143],[-79.44410602,-3.8113793],[-79.44396382,-3.81098436],[-79.44331011,-3.81032536],[-79.44275111,-3.80998944],[-79.44246613,-3.80953445],[-79.44226477,-3.80894799],[-79.44207499,-3.80852906],[-79.44180156,-3.80831328],[-79.44020622,-3.80820272],[-79.43923063,-3.80777039],[-79.43867102,-3.80775741],[-79.43800438,-3.80768443],[-79.43762379,-3.80743258],[-79.43698189,-3.80683338],[-79.43531694,-3.80570609],[-79.4344499,-3.80452045],[-79.43411709,-3.80418493],[-79.43300059,-3.80266395],[-79.43206184,-3.80162168],[-79.43088414,-3.80103347],[-79.43034861,-3.80088898],[-79.42988398,-3.80104362],[-79.42941937,-3.80116236],[-79.42913388,-3.8010183],[-79.42900337,-3.80074299],[-79.42896946,-3.79977415],[-79.42906589,-3.79910457],[-79.42919787,-3.79854267],[-79.4293298,-3.79801665],[-79.42919975,-3.79750213],[-79.42904628,-3.79677227],[-79.42864528,-3.79465455],[-79.42849093,-3.79440312],[-79.42814653,-3.79392407],[-79.42765912,-3.79350455],[-79.42670812,-3.79265365],[-79.42600639,-3.7922218],[-79.42423393,-3.79132153],[-79.42188963,-3.79059963],[-79.41948683,-3.7893155],[-79.41934417,-3.78919561],[-79.41803536,-3.78870286],[-79.41728518,-3.78872543],[-79.4168442,-3.78898771],[-79.41568781,-3.78977496],[-79.41447264,-3.79015551],[-79.41400783,-3.7904058],[-79.41344777,-3.79065592],[-79.41195771,-3.79161001],[-79.41136228,-3.79165676],[-79.41063649,-3.7913923],[-79.40974442,-3.79088833],[-79.40868694,-3.78966645],[-79.40811544,-3.78911564],[-79.40834617,-3.78972337],[-79.4083237,-3.79172336],[-79.40828463,-3.79255351],[-79.40707861,-3.79466451],[-79.40649427,-3.79577664],[-79.40609823,-3.79664387],[-79.40583416,-3.79724716],[-79.40513546,-3.79928364],[-79.40477652,-3.80037733],[-79.40445575,-3.8011692],[-79.40443543,-3.80199938],[-79.40471623,-3.80252818],[-79.40551706,-3.80407083],[-79.40553979,-3.80411466],[-79.4057802,-3.80617174],[-79.40583454,-3.80728506],[-79.40596427,-3.80822872],[-79.40549301,-3.80913349],[-79.40528497,-3.80990673],[-79.40524545,-3.81096328],[-79.40524368,-3.81192555],[-79.40520377,-3.81318966],[-79.40480778,-3.81401911],[-79.40339526,-3.81603537],[-79.4029242,-3.81682696],[-79.40307132,-3.81777429],[-79.40309129,-3.81790275],[-79.40361403,-3.81963961],[-79.40359245,-3.82114903],[-79.40343967,-3.82252611],[-79.40328633,-3.82416735],[-79.40322902,-3.82467671],[-79.40313445,-3.82503504],[-79.40290857,-3.82527989],[-79.40258854,-3.82565665],[-79.40230599,-3.8260901],[-79.40221178,-3.82624088],[-79.40183598,-3.82629677],[-79.40147886,-3.82642819],[-79.40144061,-3.82678661],[-79.401496,-3.82731501],[-79.40175794,-3.82786267],[-79.40183093,-3.82903265],[-79.40145372,-3.82986212],[-79.40115179,-3.83059744],[-79.40113136,-3.8314842],[-79.40124266,-3.83223913],[-79.40167335,-3.83295693],[-79.40250756,-3.83386997],[-79.40292119,-3.83445701],[-79.40411723,-3.83553921],[-79.40457748,-3.83583324],[-79.40476101,-3.83626558],[-79.40476021,-3.83669755],[-79.40474354,-3.83732397],[-79.40514314,-3.83765492],[-79.40541459,-3.83771285],[-79.40555737,-3.83779925],[-79.40565703,-3.83800042],[-79.40564218,-3.83830187],[-79.40571311,-3.83858915],[-79.4058269,-3.83889083],[-79.40602654,-3.83913525],[-79.4065831,-3.83959571],[-79.40685413,-3.83988335],[-79.40709649,-3.84021397],[-79.40728179,-3.84048711],[-79.4073099,-3.84073121],[-79.40730934,-3.84103271],[-79.40732329,-3.8412337],[-79.40732284,-3.84147777],[-79.40740839,-3.84159278],[-79.40762251,-3.84173675],[-79.40775101,-3.8417944],[-79.40782231,-3.84189505],[-79.40779895,-3.84204567],[-79.4077934,-3.84208162],[-79.40766442,-3.84225366],[-79.40732111,-3.84241091],[-79.40713549,-3.84231007],[-79.40690709,-3.84215173],[-79.40679291,-3.8420654],[-79.40663568,-3.84206511],[-79.40643534,-3.84220829],[-79.40630614,-3.84250952],[-79.4060692,-3.84310487],[-79.40569705,-3.8433913],[-79.40516772,-3.84366309],[-79.40486763,-3.84363378],[-79.40459595,-3.84370508],[-79.40430983,-3.84384809],[-79.40416639,-3.8441206],[-79.40412294,-3.844422],[-79.40413687,-3.84462299],[-79.40402207,-3.84486686],[-79.40377894,-3.84495254],[-79.403407,-3.84512411],[-79.40324934,-3.84536789],[-79.40281997,-3.84566853],[-79.40256225,-3.84591213],[-79.40221865,-3.84624167],[-79.40192502,-3.84656412],[-79.40126614,-3.84730941],[-79.40105105,-3.84769665],[-79.40083653,-3.84776802],[-79.40075079,-3.8477535],[-79.4005217,-3.84796839],[-79.40030673,-3.84826949],[-79.40014911,-3.84849892],[-79.39992017,-3.84862768],[-79.39970581,-3.84861291],[-79.39954896,-3.84841163],[-79.39927763,-3.84829627],[-79.39909202,-3.84818106],[-79.39903907,-3.84805809],[-79.39884574,-3.84829704],[-79.39871675,-3.84849781],[-79.39868782,-3.84868438],[-79.39873021,-3.84894287],[-79.39880094,-3.84935936],[-79.39880032,-3.84968953],[-79.39865693,-3.84991896],[-79.39841357,-3.85011946],[-79.39828473,-3.85023407],[-79.39827014,-3.85039198],[-79.39829808,-3.85073658],[-79.39840459,-3.85111722],[-79.39843256,-3.8514331],[-79.39828911,-3.85171996],[-79.39807366,-3.85227947],[-79.39790132,-3.85272417],[-79.3979006,-3.85311181],[-79.3977431,-3.85325507],[-79.39761404,-3.85348452],[-79.39751269,-3.8541734],[-79.39746886,-3.85467579],[-79.3973315,-3.85552974],[-79.39741628,-3.85606107],[-79.39748695,-3.85647754],[-79.39755767,-3.85687965],[-79.39747081,-3.8574681],[-79.39749877,-3.85779835],[-79.39754099,-3.85814298],[-79.39761189,-3.85844461],[-79.39771842,-3.85881088],[-79.39790344,-3.85924192],[-79.3979168,-3.85973006],[-79.39787294,-3.86024678],[-79.39778655,-3.86059117],[-79.39772854,-3.86103612],[-79.39767066,-3.86140927],[-79.3977125,-3.86196923],[-79.39772617,-3.86229946],[-79.39760377,-3.86278015],[-79.39753139,-3.86326813],[-79.39757335,-3.86375632],[-79.39777254,-3.86425916],[-79.39804345,-3.86460425],[-79.39829989,-3.86504977],[-79.39859964,-3.86526566],[-79.39892819,-3.86536677],[-79.39918529,-3.86545341],[-79.3993708,-3.86561169],[-79.39954186,-3.86587041],[-79.3996627,-3.86620802],[-79.39981904,-3.86668205],[-79.39983226,-3.86725635],[-79.39955946,-3.86790185],[-79.39920114,-3.86843236],[-79.39919409,-3.86844041],[-79.39888603,-3.86879071],[-79.39868515,-3.86920661],[-79.39864166,-3.86953675],[-79.39855511,-3.86995291],[-79.39836087,-3.87063445],[-79.39820241,-3.87129454],[-79.39760062,-3.87208301],[-79.39727079,-3.87265662],[-79.39702672,-3.87323041],[-79.39669689,-3.87381838],[-79.39634568,-3.87435606],[-79.39615895,-3.87484381],[-79.39612959,-3.87526013],[-79.39620008,-3.87577707],[-79.39609928,-3.8761645],[-79.39598432,-3.87649448],[-79.39586938,-3.8768101],[-79.39584023,-3.8771115],[-79.39591115,-3.87739876],[-79.39603928,-3.87767179],[-79.39619627,-3.87780129],[-79.3963674,-3.8780026],[-79.3965881,-3.87844086],[-79.39678753,-3.87880016],[-79.39701551,-3.87918823],[-79.39725758,-3.87967678],[-79.39737138,-3.87996414],[-79.39754223,-3.88032338],[-79.39762753,-3.88056757],[-79.39758382,-3.88101254],[-79.39758301,-3.88144323],[-79.39755342,-3.88195999],[-79.3977585,-3.88311605],[-79.3979862,-3.88364768],[-79.39817072,-3.8843371],[-79.39835582,-3.88471074],[-79.39856974,-3.88496957],[-79.39885523,-3.88517108],[-79.39918378,-3.88528655],[-79.39964093,-3.88540226],[-79.40028411,-3.88541786],[-79.40062711,-3.88544721],[-79.40091288,-3.88549082],[-79.40141252,-3.88582197],[-79.40168345,-3.88616704],[-79.40183241,-3.88640908],[-79.40177658,-3.88650785],[-79.40164624,-3.88657562],[-79.40167219,-3.88665053],[-79.40169552,-3.88679758],[-79.40171454,-3.88691683],[-79.4017592,-3.88710682],[-79.40181667,-3.88736919],[-79.40185197,-3.88756497],[-79.40186234,-3.88762249],[-79.40186541,-3.88778527],[-79.40186747,-3.88788475],[-79.40182813,-3.88815598],[-79.40178161,-3.88835484],[-79.40171656,-3.88853558],[-79.40162388,-3.8887434],[-79.40156008,-3.8888518],[-79.40151322,-3.8889331],[-79.40135184,-3.88916792],[-79.40117134,-3.88939366],[-79.4010394,-3.88952906],[-79.4009024,-3.88966445],[-79.40074402,-3.8897998],[-79.40058674,-3.88994419],[-79.4005415,-3.88998748],[-79.40044524,-3.89007957],[-79.40030598,-3.890224],[-79.40010748,-3.89044066],[-79.39994847,-3.89061218],[-79.3999073,-3.89065732],[-79.39977539,-3.89078367],[-79.39963842,-3.89090097],[-79.39944001,-3.89107242],[-79.39934751,-3.89115235],[-79.39924161,-3.89124386],[-79.39909506,-3.89137019],[-79.3989502,-3.89149652],[-79.39878044,-3.89169515],[-79.39860957,-3.89188473],[-79.39860828,-3.89188588],[-79.39829447,-3.89216448],[-79.39811811,-3.89226822],[-79.39806462,-3.89229969],[-79.39789108,-3.89241692],[-79.39773104,-3.89253418],[-79.39757884,-3.89266954],[-79.39742991,-3.8928682],[-79.39737277,-3.8929878],[-79.397322,-3.89309408],[-79.39723804,-3.89329848],[-79.39723663,-3.89330191],[-79.39716925,-3.89351882],[-79.39712497,-3.89372673],[-79.39708335,-3.89393317],[-79.39708123,-3.89394369],[-79.39699845,-3.89426909],[-79.39690331,-3.89458542],[-79.3967671,-3.89490168],[-79.39670429,-3.89508242],[-79.39669541,-3.89511967],[-79.39666118,-3.89526321],[-79.396663,-3.89527028],[-79.3966302,-3.89529513],[-79.39655824,-3.89535233],[-79.39649935,-3.89540205],[-79.39647932,-3.8954204],[-79.39647472,-3.89542461],[-79.396451,-3.89544835],[-79.39640254,-3.89550315],[-79.39637619,-3.89553665],[-79.3963585,-3.89556076],[-79.39634097,-3.89558985],[-79.39632804,-3.89562084],[-79.39632077,-3.8956542],[-79.39631936,-3.89568783],[-79.39632344,-3.89571895],[-79.39633231,-3.89574501],[-79.39634334,-3.89576538],[-79.3963631,-3.89579156],[-79.39645088,-3.89584209],[-79.39648705,-3.895856],[-79.3965298,-3.89586956],[-79.39658127,-3.89588421],[-79.39670771,-3.89591746],[-79.39677152,-3.89593124],[-79.39682859,-3.89593985],[-79.39687874,-3.89594275],[-79.39692295,-3.89593958],[-79.39696259,-3.89593061],[-79.39699917,-3.89591784],[-79.39703059,-3.89590539],[-79.39707026,-3.89588967],[-79.39707561,-3.89588789],[-79.39710702,-3.89587744],[-79.39714531,-3.89586748],[-79.3971853,-3.89586068],[-79.39719565,-3.89585998],[-79.39722726,-3.89585768],[-79.39727093,-3.89585958],[-79.39731593,-3.89586663],[-79.39736093,-3.89587847],[-79.39740403,-3.89589401],[-79.39744379,-3.89591254],[-79.39747977,-3.8959335],[-79.39751187,-3.89595662],[-79.39754,-3.89598154],[-79.39756435,-3.89600827],[-79.39758519,-3.89603707],[-79.39760287,-3.89606776],[-79.39761766,-3.89609953],[-79.39763003,-3.89613156],[-79.39764032,-3.89616305],[-79.39764783,-3.89619463],[-79.39765137,-3.89622502],[-79.39765103,-3.8962602],[-79.39764683,-3.8962932],[-79.39763975,-3.89632384],[-79.3976306,-3.89635087],[-79.39761903,-3.89637535],[-79.39760449,-3.89639929],[-79.39759755,-3.89640825],[-79.39758075,-3.89642996],[-79.39754564,-3.89647532],[-79.39751858,-3.89659491],[-79.39751905,-3.89663552],[-79.39752572,-3.89667822],[-79.3975386,-3.89672518],[-79.39755731,-3.89677757],[-79.39758053,-3.89683378],[-79.39760671,-3.89689134],[-79.39763066,-3.89694104],[-79.39768555,-3.89705491],[-79.39770607,-3.89710306],[-79.39772328,-3.89714813],[-79.39775202,-3.89723274],[-79.39777157,-3.8972983],[-79.39777671,-3.89731553],[-79.3977875,-3.89735581],[-79.39778798,-3.8973576],[-79.39780673,-3.89743849],[-79.39781333,-3.89747467],[-79.39782113,-3.89753926],[-79.3978226,-3.89756883],[-79.39782312,-3.89762789],[-79.39782255,-3.89774075],[-79.39781898,-3.89781634],[-79.39781964,-3.89785234],[-79.39782353,-3.89788571],[-79.39782924,-3.8979143],[-79.39783818,-3.8979495],[-79.39784022,-3.89796361],[-79.39783676,-3.89798576],[-79.39782898,-3.89800293],[-79.39774289,-3.89815632],[-79.3977187,-3.89818729],[-79.39759516,-3.89838058],[-79.39754793,-3.89845112],[-79.3975353,-3.89846792],[-79.39751067,-3.89849391],[-79.39749117,-3.89851087],[-79.39747143,-3.89852802],[-79.39744636,-3.89855212],[-79.39742235,-3.89857993],[-79.39741269,-3.8985942],[-79.39739715,-3.8986241],[-79.39739104,-3.89864044],[-79.39738647,-3.89865266],[-79.39738085,-3.89867517],[-79.39737927,-3.89869804],[-79.39738102,-3.89872454],[-79.39738538,-3.89875186],[-79.39738832,-3.89876477],[-79.39739119,-3.89877738],[-79.39739897,-3.89880253],[-79.39743499,-3.89889611],[-79.39745116,-3.89893361],[-79.39750007,-3.89904708],[-79.39750635,-3.89905975],[-79.39752394,-3.89908917],[-79.39759659,-3.89919349],[-79.39763816,-3.89925778],[-79.39768032,-3.89934124],[-79.39772774,-3.89945039],[-79.39774736,-3.89950189],[-79.39775317,-3.8995255],[-79.39775633,-3.8995662],[-79.39775708,-3.8996003],[-79.39775615,-3.89961694],[-79.39775213,-3.89964704],[-79.39774659,-3.89967253],[-79.39773853,-3.89969856],[-79.39772839,-3.89972486],[-79.39770416,-3.89977573],[-79.39769269,-3.89979705],[-79.39767797,-3.89981954],[-79.39765983,-3.89984148],[-79.39764242,-3.89985953],[-79.39762537,-3.89987478],[-79.39753402,-3.89994922],[-79.39748019,-3.89998764],[-79.39742304,-3.90002605],[-79.39739626,-3.90004671],[-79.39737424,-3.90007064],[-79.39736576,-3.90008201],[-79.39735428,-3.90010125],[-79.39734479,-3.90012213],[-79.39733547,-3.90014906],[-79.39732919,-3.90018115],[-79.39732769,-3.90021316],[-79.39733052,-3.90024301],[-79.39734256,-3.90030353],[-79.39734807,-3.90033809],[-79.39735079,-3.90037816],[-79.39735066,-3.90039896],[-79.3973468,-3.90043892],[-79.39734007,-3.90047372],[-79.39733537,-3.90048913],[-79.39730555,-3.90058679],[-79.39725259,-3.90074106],[-79.39722858,-3.90082087],[-79.39720821,-3.90087491],[-79.39719671,-3.90090952],[-79.39718674,-3.90094658],[-79.39717892,-3.90098409],[-79.39716873,-3.90104096],[-79.39716107,-3.90109303],[-79.39715491,-3.90115813],[-79.39715238,-3.90121501],[-79.39715272,-3.90127081],[-79.39715848,-3.90141199],[-79.39715633,-3.90150423],[-79.3971476,-3.90169222],[-79.39714803,-3.90174829],[-79.39715203,-3.9017747],[-79.39715613,-3.90179913],[-79.39715804,-3.90188387],[-79.39717225,-3.90203311],[-79.39718244,-3.90212447],[-79.39718869,-3.90219846],[-79.39720065,-3.90230112],[-79.39720352,-3.90235439],[-79.39720473,-3.90242566],[-79.39720388,-3.90244817],[-79.39719794,-3.90254221],[-79.39718734,-3.90267052],[-79.39717891,-3.90274077],[-79.39717701,-3.90275659],[-79.39717092,-3.90283299],[-79.3971562,-3.90290359],[-79.397154,-3.90292186],[-79.39715177,-3.90296146],[-79.39715156,-3.90302233],[-79.39715533,-3.90307686],[-79.39716717,-3.9031495],[-79.39718208,-3.90321582],[-79.3972141,-3.90332467],[-79.39724877,-3.90342214],[-79.397258,-3.90344422],[-79.39726392,-3.90345463],[-79.39726855,-3.90346106],[-79.39728044,-3.90347754],[-79.39731557,-3.90351731],[-79.39737102,-3.9035734],[-79.39740078,-3.90360013],[-79.3974397,-3.90363168],[-79.39747144,-3.90365615],[-79.39749689,-3.90367311],[-79.39759394,-3.90372521],[-79.39763619,-3.90376454],[-79.39768167,-3.90385515],[-79.39768943,-3.90389333],[-79.39769323,-3.90392942],[-79.39769082,-3.90401171],[-79.39767256,-3.90405173],[-79.39764104,-3.90410467],[-79.39762821,-3.90412372],[-79.39761005,-3.9041557],[-79.39759192,-3.90417764],[-79.39755388,-3.90419955],[-79.39751388,-3.90420734],[-79.39746403,-3.90419304],[-79.39740012,-3.90418062],[-79.39733622,-3.90417019],[-79.39728875,-3.90417607],[-79.39727425,-3.90417785],[-79.39722822,-3.9041897],[-79.39717613,-3.90421546],[-79.39714205,-3.90423737],[-79.39711391,-3.90426526],[-79.39709784,-3.90428522],[-79.39706958,-3.90432921],[-79.39704941,-3.90437728],[-79.39702898,-3.90445911],[-79.39702722,-3.90448955],[-79.39703045,-3.90454572],[-79.39704414,-3.90459196],[-79.39705597,-3.9046201],[-79.39707184,-3.90465233],[-79.39712525,-3.90474097],[-79.39716863,-3.90484351],[-79.39720669,-3.90500302],[-79.39722134,-3.90506255],[-79.39723711,-3.90510481],[-79.39724488,-3.90513892],[-79.39725856,-3.90518715],[-79.39726431,-3.90524142],[-79.39726614,-3.90527552],[-79.39726391,-3.9053116],[-79.39725969,-3.90535174],[-79.39725153,-3.90537976],[-79.39723534,-3.90541988],[-79.39716104,-3.90547563],[-79.39707067,-3.9055554],[-79.39699433,-3.90564125],[-79.39691198,-3.90571905],[-79.3968758,-3.90575696],[-79.3967832,-3.90587281],[-79.39670269,-3.90597467],[-79.39665648,-3.90603264],[-79.39658795,-3.90613053],[-79.3965345,-3.90622476],[-79.39653348,-3.90622656],[-79.39649715,-3.90629459],[-79.39647256,-3.90639483],[-79.39647043,-3.90642485],[-79.39648397,-3.90650527],[-79.39649567,-3.90655549],[-79.39650552,-3.90658363],[-79.3965436,-3.90667911],[-79.3965706,-3.90673252],[-79.39660033,-3.90677481],[-79.3966112,-3.90678586],[-79.39666791,-3.90684141],[-79.39670171,-3.90687167],[-79.39675538,-3.9069141],[-79.39684679,-3.90700091],[-79.39687452,-3.90705125],[-79.39696467,-3.90718001],[-79.39698944,-3.90722446],[-79.39710438,-3.90738774],[-79.39710773,-3.90739178],[-79.39713609,-3.90742605],[-79.39718368,-3.9074965],[-79.39725467,-3.90766746],[-79.39732552,-3.9078605],[-79.39736697,-3.90793907],[-79.39744329,-3.90805353],[-79.39748582,-3.9081283],[-79.39753711,-3.90824298],[-79.39757851,-3.90834561],[-79.39765952,-3.90850656],[-79.39772461,-3.90864948],[-79.39777403,-3.90875203],[-79.39785529,-3.90887292],[-79.39795655,-3.90898787],[-79.39804969,-3.90906103],[-79.39805417,-3.90906415],[-79.39809573,-3.90909304],[-79.3981474,-3.90914749],[-79.39816713,-3.90918578],[-79.3981924,-3.90925122],[-79.39821607,-3.90930643],[-79.39824541,-3.90940894],[-79.39825694,-3.9095013],[-79.39825471,-3.90953747],[-79.39826599,-3.9096659],[-79.39827151,-3.90974622],[-79.3982748,-3.90981288],[-79.39828488,-3.90986471],[-79.39828857,-3.90991084],[-79.39830606,-3.90999724],[-79.39835915,-3.91015605],[-79.39839639,-3.91027269],[-79.39841991,-3.91035512],[-79.39843641,-3.91048646],[-79.39844405,-3.91053866],[-79.39845979,-3.91059494],[-79.39845624,-3.91066475],[-79.39845323,-3.91068518],[-79.39844032,-3.91072478],[-79.39843493,-3.9107413],[-79.39840873,-3.91078927],[-79.39837047,-3.91083324],[-79.39833637,-3.9108651],[-79.39829217,-3.91091105],[-79.39821548,-3.91103904],[-79.39819931,-3.91106904],[-79.39819508,-3.91111316],[-79.39820284,-3.91115333],[-79.39822256,-3.91119967],[-79.39833536,-3.91139694],[-79.39844398,-3.91161826],[-79.39852611,-3.91194587],[-79.39858181,-3.91234353],[-79.39856141,-3.91241764],[-79.39855345,-3.91243626],[-79.39853907,-3.91246969],[-79.39850275,-3.91253365],[-79.39848865,-3.91256374],[-79.39846839,-3.91261172],[-79.39846075,-3.91263919],[-79.39844998,-3.91267788],[-79.3984377,-3.91274405],[-79.39842944,-3.91277813],[-79.39841931,-3.91280416],[-79.39841114,-3.91283823],[-79.39839679,-3.91290431],[-79.39838325,-3.91298505],[-79.39838031,-3.91300258],[-79.39838214,-3.91303071],[-79.39839072,-3.91306726],[-79.39839047,-3.91310335],[-79.39839427,-3.91313953],[-79.39839412,-3.91317362],[-79.39840173,-3.91324191],[-79.39840357,-3.91327004],[-79.39840936,-3.91330215],[-79.39841109,-3.91334023],[-79.39840292,-3.91337639],[-79.39840079,-3.91340641],[-79.39840842,-3.91346466],[-79.39839803,-3.91353283],[-79.39838367,-3.91360298],[-79.3983755,-3.91363507],[-79.39834114,-3.91371115],[-79.39832287,-3.91375515],[-79.39830064,-3.91379915],[-79.39828852,-3.91382725],[-79.39827837,-3.91386124],[-79.39823601,-3.91392925],[-79.39820181,-3.91396717],[-79.39816365,-3.91400716],[-79.39813341,-3.91404508],[-79.3980851,-3.91411706],[-79.39806288,-3.914155],[-79.39804064,-3.91420506],[-79.39802444,-3.91424509],[-79.3980122,-3.91429119],[-79.39800193,-3.91433928],[-79.39798731,-3.91445365],[-79.39797904,-3.91449569],[-79.39797469,-3.91455392],[-79.39798256,-3.91458604],[-79.39798638,-3.91461417],[-79.39800003,-3.91467641],[-79.39801372,-3.91472464],[-79.39802555,-3.91475288],[-79.39805303,-3.91483731],[-79.39805682,-3.91487946],[-79.39805261,-3.91491951],[-79.39803444,-3.91495357],[-79.39800829,-3.91497549],[-79.39798422,-3.91499136],[-79.39795222,-3.9150093],[-79.3979242,-3.91501919],[-79.3978094,-3.91507052],[-79.39778992,-3.91507862],[-79.39776388,-3.91509051],[-79.39773386,-3.91510637],[-79.39769769,-3.9151403],[-79.39758921,-3.91527538],[-79.39756692,-3.91529804],[-79.39754272,-3.91533606],[-79.39751654,-3.91537201],[-79.39746404,-3.91547211],[-79.39744785,-3.91551015],[-79.39743363,-3.91555416],[-79.39739928,-3.9156202],[-79.39737519,-3.91565018],[-79.39733704,-3.91568004],[-79.39731099,-3.91569392],[-79.39726299,-3.91569771],[-79.39721105,-3.91569535],[-79.39716107,-3.91569915],[-79.3971091,-3.91570682],[-79.39708108,-3.91571274],[-79.39700296,-3.91574035],[-79.39697294,-3.91576426],[-79.39694874,-3.91579623],[-79.39692256,-3.91583624],[-79.39691176,-3.9158625],[-79.39688389,-3.91595823],[-79.39688374,-3.91598447],[-79.39688147,-3.91603864],[-79.39689276,-3.91616518],[-79.39690249,-3.91620933],[-79.39694379,-3.91631594],[-79.39697941,-3.91638437],[-79.3970228,-3.91648294],[-79.39703463,-3.91651109],[-79.39704591,-3.9165332],[-79.39706422,-3.91657752],[-79.39707604,-3.91661173],[-79.39708926,-3.916668],[-79.39709551,-3.91669605],[-79.3970993,-3.91674028],[-79.39709705,-3.91678441],[-79.39709688,-3.91678736],[-79.39709482,-3.91682248],[-79.39709059,-3.91687067],[-79.39708626,-3.91691877],[-79.39707798,-3.91696687],[-79.39707375,-3.91701307],[-79.39706955,-3.91704308],[-79.39706333,-3.91709525],[-79.39705305,-3.91714732],[-79.39705082,-3.91718548],[-79.39704452,-3.9172296],[-79.3970403,-3.91726975],[-79.39703409,-3.91731585],[-79.39702974,-3.91738005],[-79.39702751,-3.91741613],[-79.3970234,-3.91744823],[-79.39701303,-3.9175003],[-79.39699879,-3.91755444],[-79.39699657,-3.91758455],[-79.39699246,-3.91761457],[-79.39698429,-3.91765063],[-79.39698121,-3.91766121],[-79.39697206,-3.91769275],[-79.3969639,-3.91772077],[-79.39695166,-3.91776488],[-79.39693744,-3.91780889],[-79.3969272,-3.91784297],[-79.39691299,-3.917883],[-79.39689273,-3.91792908],[-79.39687059,-3.91797308],[-79.39684233,-3.9180111],[-79.39681615,-3.91804704],[-79.39679612,-3.91806898],[-79.39676391,-3.91810292],[-79.3967318,-3.91813288],[-79.39670771,-3.9181568],[-79.3966755,-3.91819074],[-79.39665227,-3.91821509],[-79.39663932,-3.91822866],[-79.396583,-3.91830053],[-79.39656079,-3.91833458],[-79.39653854,-3.91838256],[-79.39653237,-3.91841067],[-79.3965201,-3.9184688],[-79.39650985,-3.91851083],[-79.39650364,-3.91855495],[-79.39650337,-3.91860315],[-79.39650322,-3.91863128],[-79.39650494,-3.91867342],[-79.39650876,-3.91870553],[-79.39651256,-3.91873963],[-79.39652108,-3.9187766],[-79.3965223,-3.91878189],[-79.39653607,-3.91883011],[-79.39654974,-3.91888431],[-79.39656144,-3.91893461],[-79.39657523,-3.91897479],[-79.39659102,-3.91900901],[-79.39660867,-3.91905326],[-79.39662444,-3.91909543],[-79.39664416,-3.91913969],[-79.39666201,-3.91917391],[-79.39668966,-3.91922027],[-79.39671938,-3.91926256],[-79.39675118,-3.91930087],[-79.39677697,-3.91932914],[-79.39679484,-3.91935332],[-79.39681468,-3.91938555],[-79.39683641,-3.91941778],[-79.39685239,-3.91944377],[-79.39696925,-3.91940466],[-79.39699149,-3.9194009],[-79.39703725,-3.91939294],[-79.39712515,-3.91938542],[-79.39720708,-3.91938594],[-79.39732087,-3.91939656],[-79.39743279,-3.91940121],[-79.3975467,-3.9193979],[-79.39764468,-3.91938841],[-79.3977507,-3.91936492],[-79.39786661,-3.91935149],[-79.39796275,-3.91931993],[-79.39805089,-3.91927434],[-79.39812509,-3.91922655],[-79.3982294,-3.91915495],[-79.39832952,-3.91911137],[-79.39845555,-3.91908195],[-79.3985569,-3.91906715],[-79.39858759,-3.91906267],[-79.39868955,-3.91904514],[-79.39877557,-3.91902559],[-79.39885765,-3.91899798],[-79.39896367,-3.91898046],[-79.39907957,-3.91896911],[-79.39921347,-3.91896584],[-79.39936317,-3.91898675],[-79.39951492,-3.91901977],[-79.39963464,-3.91903447],[-79.39973063,-3.91903104],[-79.39984669,-3.91898948],[-79.39994284,-3.9189459],[-79.40005884,-3.91893454],[-79.4001746,-3.91895122],[-79.40023212,-3.9189562],[-79.40029848,-3.91896195],[-79.40042833,-3.91895668],[-79.40051645,-3.91892511],[-79.40061459,-3.91888153],[-79.40073469,-3.91884206],[-79.40080888,-3.91879427],[-79.40087323,-3.91871436],[-79.40092361,-3.91864446],[-79.40096794,-3.91858251],[-79.4010716,-3.9184741],[-79.40107468,-3.9184675],[-79.40109094,-3.91843959],[-79.40110567,-3.91841004],[-79.40112526,-3.91838051],[-79.40113999,-3.91835757],[-79.40115411,-3.91833985],[-79.40115957,-3.91833301],[-79.40117915,-3.91830998],[-79.40120695,-3.91827721],[-79.40122491,-3.9182559],[-79.40125269,-3.91822801],[-79.40127877,-3.91820012],[-79.40130006,-3.91817882],[-79.40132288,-3.91815743],[-79.40135554,-3.91812466],[-79.40137682,-3.91810662],[-79.40139964,-3.91808857],[-79.40142417,-3.91806556],[-79.40146332,-3.9180262],[-79.40149111,-3.91800003],[-79.40151727,-3.91797377],[-79.40153846,-3.91795572],[-79.40156623,-3.91793769],[-79.40160059,-3.91790818],[-79.40163325,-3.91787207],[-79.40166591,-3.91783921],[-79.40169532,-3.9178097],[-79.4017149,-3.91779002],[-79.40176388,-3.91774408],[-79.40180637,-3.91770148],[-79.40185047,-3.91766214],[-79.40189782,-3.91762433],[-79.40193866,-3.9175981],[-79.40197291,-3.91757845],[-79.40199581,-3.91756203],[-79.40202033,-3.91754562],[-79.4020481,-3.91752759],[-79.40208074,-3.91750631],[-79.40211012,-3.91749153],[-79.40212855,-3.9174843],[-79.40213949,-3.91748001],[-79.40216562,-3.91747346],[-79.40219508,-3.91746529],[-79.40222768,-3.91746038],[-79.40226037,-3.91746035],[-79.40229144,-3.91745543],[-79.40232242,-3.91745215],[-79.40235673,-3.91744887],[-79.40239429,-3.91744397],[-79.40240743,-3.91744245],[-79.4024368,-3.91743907],[-79.40248084,-3.91743246],[-79.40252002,-3.91742594],[-79.40255549,-3.91742332],[-79.40256415,-3.91742268],[-79.40257072,-3.91742178],[-79.40260008,-3.91741768],[-79.40263116,-3.91741277],[-79.40266052,-3.91740622],[-79.40269151,-3.91739805],[-79.40271926,-3.91738816],[-79.40274378,-3.91737672],[-79.4027683,-3.91736031],[-79.40279283,-3.91734227],[-79.40282223,-3.91731763],[-79.40284343,-3.91729633],[-79.40287283,-3.9172717],[-79.40290087,-3.91724824],[-79.40290223,-3.91724716],[-79.40292513,-3.91723074],[-79.4029327,-3.91722488],[-79.40295453,-3.91720774],[-79.40298221,-3.91718319],[-79.40300837,-3.91715856],[-79.4030329,-3.91713889],[-79.40305572,-3.91711759],[-79.40308512,-3.91709296],[-79.40311128,-3.91706832],[-79.40313743,-3.91705028],[-79.40316024,-3.91703387],[-79.40319783,-3.91700934],[-79.40322074,-3.91699292],[-79.40325013,-3.91697318],[-79.40328114,-3.91695027],[-79.40330891,-3.91693386],[-79.40333829,-3.91691746],[-79.40344117,-3.91679611],[-79.4034722,-3.91676651],[-79.40350485,-3.916737],[-79.40354245,-3.9167075],[-79.40358005,-3.91668288],[-79.40360277,-3.91666827],[-79.4036839,-3.91661534],[-79.40375162,-3.91656528],[-79.40381085,-3.91652479],[-79.40386649,-3.9164842],[-79.40394773,-3.91642323],[-79.4040068,-3.91637622],[-79.40403845,-3.91634969],[-79.40406741,-3.9163228],[-79.40409312,-3.91629454],[-79.40410233,-3.91628299],[-79.40411912,-3.91625788],[-79.40414641,-3.91620774],[-79.40417255,-3.91614611],[-79.40421187,-3.91606407],[-79.40422497,-3.91604276],[-79.40424808,-3.91601151],[-79.40427371,-3.91598036],[-79.40429952,-3.91595165],[-79.40438531,-3.91586292],[-79.4044342,-3.9158196],[-79.40450724,-3.91576159],[-79.40454332,-3.91573064],[-79.40460484,-3.91567117],[-79.40473637,-3.91553748],[-79.40475677,-3.91551365],[-79.40477933,-3.91548439],[-79.40482376,-3.91541864],[-79.40486329,-3.91536608],[-79.40489815,-3.91531388],[-79.40493012,-3.91526248],[-79.40494818,-3.91523638],[-79.40497923,-3.91519629],[-79.40505666,-3.9151041],[-79.4050878,-3.91506229],[-79.40510341,-3.91504704],[-79.4051403,-3.91501473],[-79.40515987,-3.91499506],[-79.40532084,-3.91481947],[-79.40537064,-3.91476856],[-79.40542342,-3.91471006],[-79.40550183,-3.91462439],[-79.40556751,-3.91455759],[-79.40566731,-3.91444311],[-79.40571873,-3.91439148],[-79.40578288,-3.91432306],[-79.40586953,-3.91421434],[-79.40596046,-3.91407814],[-79.40600676,-3.91401691],[-79.40606039,-3.91394042],[-79.40610588,-3.91388235],[-79.40612855,-3.91384894],[-79.4061607,-3.91379591],[-79.40620829,-3.9137214],[-79.40626435,-3.91364536],[-79.40628124,-3.91361871],[-79.4063051,-3.91357209],[-79.40631234,-3.91355185],[-79.40631833,-3.91352889],[-79.40632252,-3.91350349],[-79.40632344,-3.91349029],[-79.406325,-3.91342834],[-79.40632401,-3.9133805],[-79.40632513,-3.91336187],[-79.40632796,-3.91334225],[-79.40633277,-3.91332011],[-79.4063393,-3.91329552],[-79.40634808,-3.91326976],[-79.40636011,-3.91324392],[-79.4063827,-3.91320128],[-79.40640682,-3.91315946],[-79.40642099,-3.91313805],[-79.40644301,-3.91311114],[-79.40646052,-3.91309237],[-79.40649768,-3.9130587],[-79.40654151,-3.91302361],[-79.40661435,-3.91297401],[-79.40667953,-3.91293552],[-79.40677884,-3.91288714],[-79.40680418,-3.91287028],[-79.40683096,-3.91285008],[-79.40684079,-3.91284087],[-79.40686172,-3.91281613],[-79.40694261,-3.91270813],[-79.40700901,-3.91263482],[-79.40702751,-3.91261243],[-79.40705974,-3.91257098],[-79.40710867,-3.91250189],[-79.40715579,-3.91244166],[-79.40717645,-3.9124171],[-79.4072194,-3.91237088],[-79.40724637,-3.91234516],[-79.40730175,-3.91229743],[-79.40736847,-3.91224818],[-79.40741382,-3.91221453],[-79.40746719,-3.91218099],[-79.40755206,-3.91210745],[-79.40760615,-3.91207138],[-79.40765528,-3.91204253],[-79.40769747,-3.9120144],[-79.40775247,-3.91197345],[-79.4077936,-3.91193862],[-79.40785944,-3.91187906],[-79.40796002,-3.91178284],[-79.4079805,-3.91176018],[-79.40800171,-3.91173337],[-79.40803304,-3.91168758],[-79.40805147,-3.91165551],[-79.40806548,-3.91162623],[-79.40807354,-3.91160391],[-79.40808425,-3.91155871],[-79.40809673,-3.91148268],[-79.40810224,-3.91142527],[-79.40811686,-3.91116855],[-79.40813486,-3.91107508],[-79.40814006,-3.91103955],[-79.40814704,-3.91101695],[-79.4081531,-3.91100457],[-79.40817034,-3.91097793],[-79.40818876,-3.91095282],[-79.40824309,-3.91088429],[-79.40827325,-3.9108422],[-79.40828705,-3.91082523],[-79.40830158,-3.9108106],[-79.40832809,-3.91078796],[-79.40834865,-3.91077325],[-79.40837939,-3.91075387],[-79.40839869,-3.91073962],[-79.40842855,-3.91071037],[-79.40845472,-3.91067922],[-79.40847188,-3.91065131],[-79.40849529,-3.91060388],[-79.40852682,-3.91054579],[-79.40856036,-3.9104764],[-79.40858158,-3.91044226],[-79.40862238,-3.91039079],[-79.40864521,-3.91036379],[-79.40873272,-3.91027199],[-79.4087965,-3.91021025],[-79.4088075,-3.91019833],[-79.40888369,-3.91009954],[-79.40889244,-3.91008627],[-79.40890636,-3.91005808],[-79.40892202,-3.91001732],[-79.40893751,-3.90996924],[-79.4089518,-3.90993481],[-79.40896621,-3.90988338],[-79.40897797,-3.90980663],[-79.40898108,-3.90979295],[-79.40909538,-3.90962664],[-79.40912024,-3.90961246],[-79.40929557,-3.9095078],[-79.40948592,-3.90936012],[-79.40950775,-3.90934145],[-79.40952778,-3.90932105],[-79.40956098,-3.90928276],[-79.40958373,-3.90925378],[-79.40960603,-3.90922271],[-79.40962626,-3.90919119],[-79.40964252,-3.90916201],[-79.40964876,-3.90914855],[-79.40966125,-3.90911122],[-79.40966996,-3.90907624],[-79.40969168,-3.90897391],[-79.40975835,-3.90861845],[-79.40977269,-3.90850896],[-79.40977632,-3.90844756],[-79.40978578,-3.90839649],[-79.40978717,-3.90838732],[-79.40980427,-3.90835314],[-79.40984735,-3.90823672],[-79.40984794,-3.90823581],[-79.40986527,-3.90821224],[-79.40988097,-3.90819482],[-79.40992057,-3.90815754],[-79.40996964,-3.9081088],[-79.41000591,-3.90806926],[-79.41002063,-3.90804569],[-79.41005534,-3.9079763],[-79.41008798,-3.90790636],[-79.41009909,-3.90788613],[-79.41011489,-3.90786319],[-79.410138,-3.90783339],[-79.41017508,-3.90779448],[-79.4101952,-3.90777055],[-79.41021209,-3.9077449],[-79.41022465,-3.90771744],[-79.41023435,-3.9076868],[-79.41025686,-3.90758872],[-79.41026447,-3.9075635],[-79.41028834,-3.90751182],[-79.41031692,-3.90744495],[-79.410321,-3.90742986],[-79.41032337,-3.90741268],[-79.4103244,-3.90739405],[-79.4103233,-3.90735607],[-79.41032153,-3.90733825],[-79.41031502,-3.90730803],[-79.41029046,-3.9072464],[-79.41028339,-3.9072217],[-79.4102801,-3.90719944],[-79.41028092,-3.9071498],[-79.41028463,-3.90708831],[-79.41028882,-3.90706589],[-79.41030058,-3.90703643],[-79.41032154,-3.90699767],[-79.41032725,-3.90697869],[-79.41032945,-3.90695907],[-79.41032895,-3.90693773],[-79.41032523,-3.90690354],[-79.41031821,-3.90685686],[-79.4103178,-3.90683552],[-79.41032126,-3.90681391],[-79.41033024,-3.90677531],[-79.41033912,-3.90674955],[-79.41034445,-3.90674115],[-79.41037232,-3.90671353],[-79.41038296,-3.90670614],[-79.41048814,-3.90665172],[-79.41051788,-3.90663911],[-79.41056734,-3.90662338],[-79.41061454,-3.90661316],[-79.41063922,-3.90661031],[-79.41069909,-3.90660934],[-79.4107217,-3.90660649],[-79.41073251,-3.90660253],[-79.41074351,-3.90659604],[-79.41075433,-3.90658702],[-79.41076444,-3.90657573],[-79.41077329,-3.90656255],[-79.41078097,-3.90654809],[-79.41078757,-3.90653309],[-79.41079726,-3.90650318],[-79.41080035,-3.90648799],[-79.41080632,-3.90642524],[-79.41081198,-3.90638501],[-79.41082842,-3.90630935],[-79.41084933,-3.90620367],[-79.41089111,-3.90605652],[-79.4109037,-3.90601847],[-79.41091356,-3.90599425],[-79.41100124,-3.9058622],[-79.4110228,-3.90583729],[-79.4110478,-3.9058064],[-79.4110859,-3.90575366],[-79.4111487,-3.90563739],[-79.41118838,-3.90555644],[-79.4111967,-3.90553665],[-79.41120286,-3.90551641],[-79.41121012,-3.90548468],[-79.41123394,-3.90536408],[-79.4112394,-3.90533027],[-79.41124509,-3.90527602],[-79.41125025,-3.90516642],[-79.41126093,-3.90509021],[-79.41126718,-3.90506535],[-79.41128684,-3.90500425],[-79.41132737,-3.90490187],[-79.41133713,-3.90488082],[-79.41136053,-3.9048417],[-79.41142526,-3.90474868],[-79.41153196,-3.90460554],[-79.4115649,-3.90456609],[-79.41160724,-3.90450603],[-79.41163984,-3.90445707],[-79.41167606,-3.90439565],[-79.41170694,-3.90434832],[-79.41176705,-3.90427382],[-79.41181191,-3.90421567],[-79.41183474,-3.90418976],[-79.41185377,-3.90417053],[-79.41187894,-3.9041477],[-79.41192646,-3.90410791],[-79.411962,-3.90407361],[-79.41198419,-3.90405457],[-79.4120336,-3.90401551],[-79.41205623,-3.90399936],[-79.41206831,-3.90399224],[-79.41209409,-3.90397945],[-79.41212049,-3.90396819],[-79.41219149,-3.90394373],[-79.41223456,-3.90392563],[-79.41227124,-3.90390698],[-79.41230028,-3.90388633],[-79.41231976,-3.90386819],[-79.41232734,-3.90385934],[-79.41235172,-3.90382421],[-79.41236147,-3.90380614],[-79.41236799,-3.90378861],[-79.4123727,-3.90377134],[-79.41237307,-3.90376928],[-79.41238399,-3.90370716],[-79.4123935,-3.90367652],[-79.41239495,-3.90367373],[-79.41240661,-3.9036514],[-79.41243351,-3.90361546],[-79.41245326,-3.90359614],[-79.41247021,-3.90358406],[-79.41254999,-3.90353393],[-79.41256389,-3.90352459],[-79.41260021,-3.9035002],[-79.41265177,-3.90347],[-79.41272108,-3.90343143],[-79.41276723,-3.90340773],[-79.41281288,-3.90338774],[-79.41284517,-3.9033736],[-79.41290473,-3.90335156],[-79.41293727,-3.90333598],[-79.41295782,-3.90332236],[-79.41297631,-3.90330639],[-79.41299102,-3.90329077],[-79.4130301,-3.90324147],[-79.41304463,-3.90322052],[-79.41306197,-3.90319224],[-79.41308266,-3.90315376],[-79.41309639,-3.90313389],[-79.41316793,-3.90305869],[-79.41319462,-3.90303731],[-79.41325693,-3.90299139],[-79.41330785,-3.90296517],[-79.41332506,-3.90295806],[-79.41335957,-3.90294628],[-79.41346876,-3.90291502],[-79.41349164,-3.90290683],[-79.41353129,-3.90288945],[-79.41355851,-3.90287395],[-79.41358791,-3.9028523],[-79.41361776,-3.90282731],[-79.41365943,-3.90278805],[-79.413693,-3.90275049],[-79.41371177,-3.90272466],[-79.41373173,-3.90269332],[-79.41377003,-3.9026281],[-79.41380953,-3.90254859],[-79.4138351,-3.90250125],[-79.41386148,-3.90245536],[-79.41388685,-3.90241453],[-79.41391999,-3.90236558],[-79.41394382,-3.90233262],[-79.41400292,-3.90226635],[-79.41403533,-3.90222409],[-79.41406973,-3.90217405],[-79.41409313,-3.90213213],[-79.41414704,-3.90204714],[-79.41420282,-3.90197336],[-79.41424415,-3.90192569],[-79.41430712,-3.90185997],[-79.41435107,-3.90180823],[-79.41437138,-3.90178196],[-79.4143972,-3.90174312],[-79.41446319,-3.90165073],[-79.41449018,-3.90161659],[-79.41454062,-3.90155809],[-79.41456184,-3.90152964],[-79.41457618,-3.90151321],[-79.41459152,-3.90149886],[-79.41471606,-3.90139482],[-79.41478603,-3.90133988],[-79.4148157,-3.90131851],[-79.41490242,-3.90126332],[-79.41493495,-3.90124611],[-79.41506283,-3.9011883],[-79.41525002,-3.90109686],[-79.41531166,-3.90106912],[-79.4154023,-3.90103339],[-79.41556105,-3.90097979],[-79.41566323,-3.90094399],[-79.41570603,-3.90092743],[-79.41580101,-3.90088429],[-79.41590268,-3.90083122],[-79.41595117,-3.90080346],[-79.41602057,-3.90076642],[-79.41605041,-3.90074857],[-79.41607808,-3.90072999],[-79.41610306,-3.90071033],[-79.41612597,-3.90068839],[-79.41613626,-3.90067675],[-79.41615431,-3.90065282],[-79.41618691,-3.90060504],[-79.41621761,-3.90055599],[-79.41623458,-3.90053396],[-79.41634294,-3.90041687],[-79.41639597,-3.90037157],[-79.41644006,-3.90033964],[-79.4164936,-3.90030592],[-79.41653785,-3.90028574],[-79.4165738,-3.90027261],[-79.41662326,-3.90025814],[-79.4166985,-3.90022889],[-79.41681077,-3.90018787],[-79.41685357,-3.90017067],[-79.41693306,-3.9001304],[-79.41695902,-3.9001148],[-79.41699166,-3.90009253],[-79.41700455,-3.90008233],[-79.41703288,-3.90005535],[-79.41705074,-3.90003377],[-79.41706655,-3.9000082],[-79.41708056,-3.89998038],[-79.4170971,-3.89994324],[-79.41713329,-3.89985269],[-79.41716162,-3.8997756],[-79.41717328,-3.89975193],[-79.41718583,-3.89973116],[-79.41720451,-3.8997065],[-79.41722779,-3.89968285],[-79.41724871,-3.89966625],[-79.4172863,-3.89964109],[-79.41732056,-3.89962036],[-79.41734318,-3.89961045],[-79.41737759,-3.89959939],[-79.4174129,-3.89959096],[-79.41743695,-3.8995882],[-79.4174492,-3.89958804],[-79.41752545,-3.89959307],[-79.4175566,-3.89959304],[-79.41766495,-3.89957995],[-79.41769845,-3.8995745],[-79.41773025,-3.89956732],[-79.41775242,-3.89955796],[-79.4177801,-3.89953848],[-79.41789844,-3.89942701],[-79.41792558,-3.899405],[-79.41796525,-3.89937876],[-79.41797796,-3.89937263],[-79.4179903,-3.8993684],[-79.41801471,-3.8993642],[-79.41808998,-3.89936253],[-79.41812348,-3.8993597],[-79.41815671,-3.89935705],[-79.41816644,-3.89935508],[-79.41818482,-3.8993486],[-79.41819438,-3.89934383],[-79.41821746,-3.89932787],[-79.4182621,-3.89928906],[-79.41827472,-3.89928013],[-79.41829941,-3.89926851],[-79.41836952,-3.89924079],[-79.41837952,-3.89923548],[-79.41840693,-3.89921563],[-79.41842118,-3.89920264],[-79.41843418,-3.89918647],[-79.41844556,-3.89916533],[-79.41845823,-3.89913027],[-79.41846818,-3.89910804],[-79.41848136,-3.89908799],[-79.41849769,-3.89907111],[-79.41850707,-3.89906416],[-79.41851743,-3.89905857],[-79.41852888,-3.89905426],[-79.41860995,-3.89903704],[-79.41862184,-3.89903327],[-79.4186331,-3.89902768],[-79.41864419,-3.89901957],[-79.41866549,-3.89899682],[-79.41869528,-3.89895337],[-79.41871011,-3.89891895],[-79.41872026,-3.8988865],[-79.41872299,-3.89887113],[-79.41872409,-3.89885675],[-79.41872349,-3.89884373],[-79.41872144,-3.89883134],[-79.41871338,-3.89880618],[-79.41868675,-3.89874744],[-79.41867215,-3.89870879],[-79.41866714,-3.89868726],[-79.41866699,-3.89867632],[-79.41866854,-3.89866529],[-79.41867668,-3.89864233],[-79.41869086,-3.89861812],[-79.41870973,-3.89859428],[-79.41871992,-3.89858417],[-79.41873029,-3.89857624],[-79.41875048,-3.89856533],[-79.41876949,-3.8985584],[-79.41878804,-3.89855627],[-79.41880623,-3.89855884],[-79.41882395,-3.89856448],[-79.41884141,-3.8985721],[-79.41890573,-3.8986046],[-79.41892426,-3.89861115],[-79.41894451,-3.89861652],[-79.418978,-3.89862246],[-79.41901149,-3.89862388],[-79.41903175,-3.89862094],[-79.41904139,-3.89861761],[-79.41905086,-3.89861274],[-79.41906014,-3.89860643],[-79.41907863,-3.89859073],[-79.41913619,-3.89853196],[-79.41915784,-3.89850542],[-79.41920903,-3.89843606],[-79.41922698,-3.89841475],[-79.41926415,-3.8983772],[-79.41930248,-3.89834255],[-79.41936211,-3.89828569],[-79.41938565,-3.89826077],[-79.41945206,-3.89818466],[-79.41949248,-3.89814431],[-79.41959094,-3.89807233],[-79.41962412,-3.89804481],[-79.41964794,-3.89802188],[-79.41966572,-3.89799967],[-79.41967872,-3.89797889],[-79.4196836,-3.89796896],[-79.41968659,-3.89795928],[-79.41968742,-3.89794979],[-79.41968654,-3.89794038],[-79.41968216,-3.89792184],[-79.41967866,-3.89791297],[-79.41967346,-3.89790482],[-79.41966609,-3.89789766],[-79.41964567,-3.89788406],[-79.41952308,-3.89781094],[-79.41946533,-3.89778125],[-79.41944802,-3.89776911],[-79.41943701,-3.8977614],[-79.41942272,-3.89774826],[-79.41941616,-3.89774065],[-79.41940539,-3.89772317],[-79.41940189,-3.89771367],[-79.41939975,-3.89770381],[-79.41939914,-3.89769386],[-79.41939979,-3.89768382],[-79.41940424,-3.89766312],[-79.41942481,-3.89759307],[-79.41944261,-3.89755621],[-79.41946005,-3.89752541],[-79.41947477,-3.89750373],[-79.41948848,-3.89748793],[-79.41951153,-3.89746701],[-79.41951861,-3.89746058],[-79.41961815,-3.89738327],[-79.41966261,-3.89734736],[-79.41969644,-3.89731478],[-79.41972414,-3.8972848],[-79.41975031,-3.89725248],[-79.41976494,-3.89723062],[-79.41979187,-3.89717397],[-79.41981112,-3.89713937],[-79.41982683,-3.89711525],[-79.41987737,-3.89705123],[-79.41991111,-3.89701874],[-79.41995766,-3.89696818],[-79.41998131,-3.89693721],[-79.42000343,-3.89690406],[-79.42003144,-3.89685383],[-79.42006015,-3.89681165],[-79.4200765,-3.89678138],[-79.42008934,-3.89675175],[-79.42012962,-3.89663977],[-79.42013533,-3.89661763],[-79.42014571,-3.89655986],[-79.42015823,-3.89650635],[-79.42016814,-3.89640662],[-79.42017541,-3.89637172],[-79.4201881,-3.89632454],[-79.42020178,-3.8962807],[-79.42021137,-3.8962554],[-79.42022357,-3.89623263],[-79.4202391,-3.89621186],[-79.42024749,-3.89620329],[-79.42026624,-3.89618912],[-79.42028931,-3.89617705],[-79.42031698,-3.8961658],[-79.4203468,-3.89615663],[-79.42036121,-3.89615376],[-79.42042263,-3.89614791],[-79.42050511,-3.89614417],[-79.42059715,-3.89613322],[-79.42062201,-3.89612812],[-79.42063265,-3.89612334],[-79.42064275,-3.89611586],[-79.42065258,-3.89610484],[-79.42066161,-3.89609129],[-79.42066893,-3.8960763],[-79.42067382,-3.89606093],[-79.42067802,-3.896032],[-79.42067743,-3.8960074],[-79.4206719,-3.89598089],[-79.42065776,-3.89593682],[-79.42064655,-3.89590895],[-79.42063256,-3.89588125],[-79.42059522,-3.8958176],[-79.42058263,-3.89579213],[-79.42057459,-3.89577587],[-79.42055486,-3.89573198],[-79.42053471,-3.89567442],[-79.42052299,-3.89563425],[-79.42051809,-3.89560855],[-79.42050757,-3.895503],[-79.42050627,-3.89547587],[-79.42050829,-3.89545344],[-79.42051074,-3.89544332],[-79.42054579,-3.89533179],[-79.42056245,-3.89528226],[-79.42058472,-3.89522216],[-79.42071093,-3.89489711],[-79.42071612,-3.8948956],[-79.4207457,-3.89488704],[-79.4207576,-3.89488227],[-79.42078247,-3.89486993],[-79.42080843,-3.89485433],[-79.42083268,-3.89483729],[-79.42086272,-3.89481175],[-79.42087886,-3.89479505],[-79.42090494,-3.89476408],[-79.42091252,-3.89475659],[-79.42093218,-3.89474008],[-79.42094066,-3.89473416],[-79.42094651,-3.89473006],[-79.42099167,-3.89470338],[-79.42102015,-3.89468851],[-79.42104701,-3.89467572],[-79.421069,-3.89466681],[-79.42108693,-3.89466124],[-79.42110296,-3.89465774],[-79.42112478,-3.89465521],[-79.42113439,-3.89465409],[-79.42115033,-3.89465376],[-79.42119867,-3.89465575],[-79.42127413,-3.89465607],[-79.42129421,-3.89465349],[-79.42130547,-3.89465016],[-79.42133062,-3.89463872],[-79.4213929,-3.8946043],[-79.42141822,-3.89459241],[-79.42149795,-3.89456642],[-79.42156437,-3.89453878],[-79.4215941,-3.8945288],[-79.42162608,-3.89452036],[-79.42171111,-3.89450126],[-79.42185459,-3.8944791],[-79.42189557,-3.89447067],[-79.42194439,-3.89445847],[-79.42200863,-3.89443987],[-79.42212303,-3.89441024],[-79.42215438,-3.89440098],[-79.42218457,-3.89439019],[-79.42224287,-3.89436461],[-79.4222999,-3.89434137],[-79.42230757,-3.89433824],[-79.4223382,-3.89432771],[-79.42237838,-3.89431793],[-79.42239276,-3.89431631],[-79.42240909,-3.89431446],[-79.42242457,-3.89431558],[-79.4224532,-3.89432115],[-79.42252007,-3.89433719],[-79.42255877,-3.89434287],[-79.42258749,-3.89434392],[-79.42260145,-3.89434259],[-79.42262667,-3.8943373],[-79.42263766,-3.89433397],[-79.42266064,-3.89432425],[-79.42270697,-3.89429947],[-79.42273771,-3.8942809],[-79.42278937,-3.89424446],[-79.42282831,-3.89421966],[-79.42285085,-3.8942065],[-79.42287662,-3.89419479],[-79.42291887,-3.89418185],[-79.42297868,-3.89416894],[-79.42300309,-3.894165],[-79.42308793,-3.89415467],[-79.42320979,-3.894136],[-79.42328321,-3.89411597],[-79.42334401,-3.89410153],[-79.42336302,-3.89409596],[-79.42338113,-3.89408884],[-79.42345891,-3.89404965],[-79.42359929,-3.89399574],[-79.42362074,-3.89398611],[-79.42364886,-3.89397169],[-79.42367518,-3.89395619],[-79.42373603,-3.8939156],[-79.42375677,-3.89390036],[-79.42377977,-3.89388042],[-79.42383443,-3.89382861],[-79.42386005,-3.89380162],[-79.42388152,-3.89377643],[-79.4239791,-3.89364738],[-79.42398344,-3.89364116],[-79.42400113,-3.89361586],[-79.42400898,-3.8936024],[-79.42402056,-3.89357665],[-79.42403178,-3.89354682],[-79.42404853,-3.89349413],[-79.42406922,-3.8934098],[-79.42408017,-3.89337907],[-79.42409716,-3.89334437],[-79.42412127,-3.89330734],[-79.42414826,-3.89327185],[-79.42418734,-3.89322481],[-79.4242338,-3.89317271],[-79.42424969,-3.89315249],[-79.424296,-3.89308746],[-79.42431222,-3.89306288],[-79.42437591,-3.89296643],[-79.42439315,-3.89294457],[-79.42441318,-3.89292318],[-79.42443419,-3.89290332],[-79.42445863,-3.89288474],[-79.42448468,-3.89286797],[-79.42451893,-3.89284859],[-79.42454263,-3.89283696],[-79.42456345,-3.89282841],[-79.42463318,-3.89280503],[-79.42466768,-3.89279632],[-79.42469933,-3.89278994],[-79.42472632,-3.8927845],[-79.42476442,-3.89277896],[-79.42486952,-3.89276695],[-79.42492703,-3.89275635],[-79.4249414,-3.8927537],[-79.4249976,-3.89274476],[-79.42504534,-3.89273418],[-79.42511921,-3.89271207],[-79.42514705,-3.89270118],[-79.42523897,-3.89266039],[-79.42532314,-3.89262093],[-79.42540633,-3.8925765],[-79.42545158,-3.89254846],[-79.4254926,-3.89252078],[-79.42551532,-3.892504],[-79.42553607,-3.89248477],[-79.42557072,-3.89244622],[-79.42561558,-3.89238671],[-79.42569047,-3.89229804],[-79.425719,-3.89225858],[-79.42591204,-3.89201992],[-79.42600924,-3.89189449],[-79.42603658,-3.89186831],[-79.42605227,-3.89185577],[-79.42606384,-3.89184797],[-79.42607048,-3.89184351],[-79.42611969,-3.89181475],[-79.42614718,-3.89180097],[-79.42617656,-3.89178818],[-79.42620719,-3.89177757],[-79.42627277,-3.89175942],[-79.42630763,-3.89175243],[-79.42641011,-3.89174702],[-79.42646999,-3.8917446],[-79.42650908,-3.89173608],[-79.42652341,-3.89172941],[-79.42657528,-3.89167878],[-79.42675506,-3.89169259],[-79.42701872,-3.89168024],[-79.42708948,-3.89167442],[-79.42717957,-3.89166701],[-79.4272498,-3.89166123],[-79.42731284,-3.89165122],[-79.42740778,-3.8916315],[-79.42761513,-3.89158893],[-79.42780681,-3.89155113],[-79.42808386,-3.89150118],[-79.42824445,-3.8914748],[-79.42839774,-3.89145239],[-79.42840358,-3.8914517],[-79.42852986,-3.89143672],[-79.42874122,-3.89141668],[-79.42883119,-3.89140654],[-79.428919,-3.89139413],[-79.42901132,-3.89137848],[-79.42911356,-3.8913585],[-79.42922705,-3.89133222],[-79.42935182,-3.89129736],[-79.42948607,-3.89125321],[-79.42961969,-3.89120453],[-79.42974061,-3.89115755],[-79.42983937,-3.89111677],[-79.4299184,-3.8910811],[-79.42998266,-3.89104785],[-79.430038,-3.89101432],[-79.43015655,-3.89093821],[-79.43023605,-3.89089269],[-79.43032987,-3.89084538],[-79.43043448,-3.89080145],[-79.43046572,-3.89079106],[-79.43054647,-3.89076422],[-79.43077943,-3.8906999],[-79.43089664,-3.89066575],[-79.43102196,-3.89062611],[-79.43116602,-3.89057817],[-79.43150947,-3.89045962],[-79.43167219,-3.89040205],[-79.43178283,-3.89036147],[-79.43201764,-3.89027536],[-79.43204215,-3.89026618],[-79.43219482,-3.89025261],[-79.4321956,-3.89025254],[-79.43236394,-3.89022427],[-79.43245934,-3.89019868],[-79.43256753,-3.8901665],[-79.43267349,-3.89013234],[-79.4327653,-3.89010013],[-79.43284306,-3.89006971],[-79.43291019,-3.89004026],[-79.43307648,-3.88995258],[-79.43315005,-3.8898961],[-79.43331595,-3.8897292],[-79.43338306,-3.88966349],[-79.43344773,-3.88960247],[-79.4335041,-3.8895522],[-79.43354828,-3.88951647],[-79.43358588,-3.88948987],[-79.43367071,-3.88943359],[-79.43372426,-3.88939661],[-79.43384895,-3.88930569],[-79.43389071,-3.88927378],[-79.43405375,-3.88916116],[-79.43439929,-3.88887975],[-79.43454243,-3.88877395],[-79.43460888,-3.88872361],[-79.43483936,-3.8885429],[-79.43492628,-3.8884784],[-79.43501327,-3.88842141],[-79.43509736,-3.88837662],[-79.43525461,-3.8883071],[-79.43532797,-3.88827178],[-79.43539953,-3.88823158],[-79.43547165,-3.88818433],[-79.43554523,-3.88812903],[-79.43561593,-3.88806956],[-79.43567798,-3.88801089],[-79.43572724,-3.88795727],[-79.43576497,-3.88790941],[-79.43579395,-3.88786732],[-79.43581689,-3.88783046],[-79.43583604,-3.88779586],[-79.4359144,-3.88763368],[-79.43593934,-3.88758868],[-79.43596779,-3.88754063],[-79.43606276,-3.88738351],[-79.4360759,-3.88736177],[-79.43611192,-3.88730558],[-79.43619424,-3.88719938],[-79.43629295,-3.88722986],[-79.43631598,-3.88724257],[-79.43633648,-3.88725888],[-79.43642626,-3.8873484],[-79.43647813,-3.88739489],[-79.43654439,-3.88744873],[-79.43661678,-3.88750222],[-79.43668486,-3.88754585],[-79.43674072,-3.88757263],[-79.43678707,-3.8875842],[-79.43682948,-3.88758482],[-79.43687253,-3.88757812],[-79.43691811,-3.88756645],[-79.43702216,-3.88753644],[-79.43708315,-3.88752217],[-79.43715205,-3.88751127],[-79.4372294,-3.88750544],[-79.43731296,-3.88750415],[-79.43739985,-3.8875063],[-79.43764986,-3.88752051],[-79.43779194,-3.88752403],[-79.4378708,-3.88752806],[-79.43796191,-3.88753619],[-79.43805265,-3.88754622],[-79.43816923,-3.8875609],[-79.43819155,-3.88756673],[-79.43820611,-3.88757689],[-79.43822364,-3.88759429],[-79.43824448,-3.88761811],[-79.43826622,-3.88764591],[-79.43828715,-3.8876758],[-79.43834964,-3.88776933],[-79.43837479,-3.8878023],[-79.43840615,-3.88783916],[-79.43844542,-3.88788102],[-79.4384909,-3.88792478],[-79.43853981,-3.88796647],[-79.43858944,-3.88800265],[-79.43863621,-3.88803285],[-79.43870816,-3.88807621],[-79.43874189,-3.88809527],[-79.43878956,-3.88811968],[-79.43903173,-3.88823788],[-79.43911359,-3.88828117],[-79.43919355,-3.88832599],[-79.43937299,-3.88843096],[-79.43947778,-3.88849084],[-79.43959094,-3.88855155],[-79.43982078,-3.88866493],[-79.4399128,-3.88871394],[-79.43997809,-3.88875864],[-79.44003553,-3.88881265],[-79.44022011,-3.88900978],[-79.44035599,-3.88914749],[-79.44050116,-3.88928432],[-79.44064005,-3.88940124],[-79.44076027,-3.88949253],[-79.44085019,-3.88955573],[-79.44093798,-3.88960835],[-79.4410396,-3.88962753],[-79.44107993,-3.88962869],[-79.44117988,-3.88962589],[-79.44124129,-3.88962564],[-79.44130476,-3.88963127],[-79.44136289,-3.88964784],[-79.4414102,-3.88967795],[-79.44144786,-3.88971546],[-79.44147858,-3.88975215],[-79.44150554,-3.88978159],[-79.4415326,-3.8898066],[-79.44156425,-3.88983189],[-79.44160453,-3.88986063],[-79.44165688,-3.88989003],[-79.44172472,-3.88991548],[-79.44180906,-3.88993399],[-79.44199035,-3.88996236],[-79.44206919,-3.88998014],[-79.44214685,-3.89000398],[-79.44219581,-3.89002152],[-79.44223593,-3.89003589],[-79.44234418,-3.89007706],[-79.44245817,-3.89012466],[-79.44255946,-3.89017495],[-79.44263437,-3.89022483],[-79.44268948,-3.89027421],[-79.4427842,-3.89037278],[-79.44283489,-3.89042144],[-79.44288775,-3.89046839],[-79.44294313,-3.89051298],[-79.44300365,-3.89055687],[-79.44307281,-3.89060194],[-79.44324271,-3.89070309],[-79.44333931,-3.89076232],[-79.4434394,-3.89082762],[-79.44362052,-3.89094932],[-79.44374634,-3.89102923],[-79.44380362,-3.89106967],[-79.44386692,-3.8911207],[-79.44398981,-3.89122448],[-79.44407469,-3.89129056],[-79.44410947,-3.891324],[-79.44414487,-3.8913682],[-79.44418043,-3.89142108],[-79.44421463,-3.89147784],[-79.44430141,-3.89163663],[-79.44432645,-3.89167945],[-79.4443541,-3.89172128],[-79.44438922,-3.89176819],[-79.4444345,-3.89182426],[-79.44448598,-3.89188522],[-79.44463037,-3.89205044],[-79.44467808,-3.89210841],[-79.44473018,-3.89217651],[-79.44478137,-3.89224931],[-79.44482446,-3.89231912],[-79.44485523,-3.89238085],[-79.44487111,-3.89241654],[-79.44488106,-3.89243887],[-79.44491228,-3.89250006],[-79.44495609,-3.89256861],[-79.4450072,-3.89263707],[-79.44505689,-3.89269522],[-79.44509958,-3.8927369],[-79.44518525,-3.8928114],[-79.44523998,-3.8928673],[-79.44529568,-3.89293459],[-79.44534057,-3.89300576],[-79.44536773,-3.89307472],[-79.44538805,-3.89314231],[-79.44541718,-3.89321074],[-79.4455599,-3.893375],[-79.4455523,-3.89339534],[-79.44573521,-3.89359818],[-79.44590792,-3.89382739],[-79.44602242,-3.89399038],[-79.4461234,-3.89416239],[-79.44641142,-3.89466716],[-79.44713907,-3.89583596],[-79.44859559,-3.89486339],[-79.44950154,-3.89459981],[-79.45014319,-3.89444942],[-79.45099183,-3.89458362],[-79.45201058,-3.89452866],[-79.45274621,-3.89456791],[-79.45374534,-3.89492973],[-79.45517838,-3.89527341],[-79.45635575,-3.89518508],[-79.45694999,-3.89543252],[-79.45759164,-3.89547213],[-79.45823422,-3.89539698],[-79.45914436,-3.89603496],[-79.45983208,-3.89609265],[-79.46051988,-3.89535858],[-79.46231076,-3.89490661],[-79.46329377,-3.89486653],[-79.46368358,-3.89430446],[-79.4641879,-3.89385719],[-79.46540303,-3.89284797],[-79.46541698,-3.89279609],[-79.46476136,-3.89236549],[-79.46422434,-3.89202087],[-79.46363844,-3.89167616],[-79.4633458,-3.89133199],[-79.46331317,-3.89127871],[-79.46327413,-3.89121497],[-79.46298346,-3.89110271],[-79.46273268,-3.89106137],[-79.46251606,-3.89104967],[-79.46218986,-3.89104256],[-79.46196475,-3.89099277],[-79.46167468,-3.89086979],[-79.4615758,-3.89082918],[-79.46138682,-3.89077096],[-79.46093817,-3.89070764],[-79.46073579,-3.89068973],[-79.46053894,-3.89069778],[-79.46026108,-3.8907433],[-79.46001178,-3.89078472],[-79.45975285,-3.89081382],[-79.45950081,-3.89077275],[-79.4593869,-3.89072759],[-79.45926272,-3.89068965],[-79.4591916,-3.89068184],[-79.45906144,-3.89067736],[-79.45906096,-3.89067735],[-79.45896098,-3.89065545],[-79.45876151,-3.89061177],[-79.45860719,-3.89057798],[-79.45845168,-3.89050973],[-79.45826559,-3.89039544],[-79.4581256,-3.89028793],[-79.45764408,-3.8899792],[-79.45755212,-3.8899453],[-79.45736707,-3.88980153],[-79.45721052,-3.88963746],[-79.45694541,-3.88925651],[-79.45677035,-3.88892112],[-79.45673402,-3.88883362],[-79.45664565,-3.88862083],[-79.45652454,-3.88827613],[-79.45636332,-3.8879575],[-79.45616373,-3.88754375],[-79.45608239,-3.88701826],[-79.45602631,-3.88691243],[-79.45597183,-3.88671853],[-79.45594679,-3.88664221],[-79.45594022,-3.88662216],[-79.4558703,-3.88650048],[-79.45578672,-3.88641252],[-79.45568632,-3.88631683],[-79.45562986,-3.88626834],[-79.45543749,-3.8861092],[-79.45542991,-3.88610293],[-79.45533148,-3.88601273],[-79.45521783,-3.88587564],[-79.45516063,-3.88579143],[-79.45503375,-3.88554792],[-79.45499059,-3.88541606],[-79.45493481,-3.88524568],[-79.45486247,-3.88511469],[-79.45463413,-3.88471979],[-79.45459135,-3.88462746],[-79.45454816,-3.88451961],[-79.45447178,-3.88432889],[-79.45439528,-3.88416036],[-79.45425473,-3.88391068],[-79.4542412,-3.88385458],[-79.45420004,-3.88368395],[-79.45416974,-3.88360973],[-79.45402262,-3.88325939],[-79.45399794,-3.88316881],[-79.45397456,-3.88300056],[-79.45398358,-3.88279312],[-79.45399462,-3.8827169],[-79.45402472,-3.88264133],[-79.454117,-3.88240964],[-79.45411137,-3.88235894],[-79.45408427,-3.88223576],[-79.45405453,-3.88215043],[-79.45402574,-3.88208102],[-79.45398344,-3.8819791],[-79.45391115,-3.88182649],[-79.45379702,-3.88155696],[-79.45374166,-3.88140213],[-79.45372979,-3.88136404],[-79.45366163,-3.88114523],[-79.45359678,-3.88090745],[-79.45357607,-3.88080847],[-79.4535614,-3.88065796],[-79.45356484,-3.88059801],[-79.45357341,-3.88054159],[-79.45359893,-3.88041783],[-79.45362646,-3.88023086],[-79.45365909,-3.87976969],[-79.45363987,-3.87969863],[-79.45356285,-3.87941383],[-79.45353372,-3.87928943],[-79.45333001,-3.87837031],[-79.45330097,-3.87820051],[-79.45329942,-3.87811423],[-79.45332993,-3.87797398],[-79.45334009,-3.87792729],[-79.45345361,-3.87754178],[-79.45347002,-3.87748258],[-79.45350521,-3.87734256],[-79.4535568,-3.87714568],[-79.45361974,-3.87694639],[-79.45368896,-3.87660955],[-79.45371136,-3.87627235],[-79.45372117,-3.87618535],[-79.45374394,-3.87598329],[-79.45376309,-3.87584921],[-79.45378157,-3.87574171],[-79.45382863,-3.87551245],[-79.4538633,-3.87535814],[-79.45391936,-3.87518153],[-79.45395731,-3.87505427],[-79.45399946,-3.87489888],[-79.45410158,-3.87449482],[-79.45412242,-3.87442369],[-79.45414621,-3.8743645],[-79.45419755,-3.87427025],[-79.45427792,-3.87412273],[-79.45434262,-3.87399651],[-79.4544704,-3.87373999],[-79.45451784,-3.87364892],[-79.45462028,-3.87346408],[-79.45468259,-3.87334679],[-79.45472228,-3.87327209],[-79.45484354,-3.8729358],[-79.45486191,-3.87288473],[-79.45487577,-3.87283827],[-79.45490454,-3.87266342],[-79.45489871,-3.87245324],[-79.4548717,-3.8720569],[-79.45486207,-3.87175365],[-79.45486262,-3.8716491],[-79.45486685,-3.87140602],[-79.45486614,-3.87097661],[-79.45487868,-3.87079269],[-79.45488142,-3.87076711],[-79.45491814,-3.8705495],[-79.45492312,-3.87051996],[-79.45498737,-3.87023428],[-79.45501475,-3.87003175],[-79.45503554,-3.86983816],[-79.45506114,-3.86953673],[-79.45506921,-3.86944175],[-79.45497722,-3.86897085],[-79.45496234,-3.86889469],[-79.45495801,-3.8686004],[-79.45496791,-3.86849028],[-79.45497841,-3.86837352],[-79.45499063,-3.86823772],[-79.45499775,-3.86808264],[-79.45504517,-3.86785166],[-79.45510583,-3.86771738],[-79.45517826,-3.86759516],[-79.45525768,-3.86749618],[-79.45536768,-3.86740812],[-79.4554361,-3.86736402],[-79.45587725,-3.86708863],[-79.45598805,-3.86700916],[-79.45606201,-3.86693659],[-79.45612469,-3.86685665],[-79.45612591,-3.86685555],[-79.45612594,-3.86685506],[-79.45616165,-3.86680952],[-79.45617603,-3.86672092],[-79.45618057,-3.8665538],[-79.45616647,-3.86653244],[-79.4561511,-3.86651721],[-79.45611316,-3.86648377],[-79.45610105,-3.86647368],[-79.45607385,-3.86636912],[-79.45608587,-3.86633984],[-79.4561597,-3.8661922],[-79.45618093,-3.86615218],[-79.45620594,-3.86611496],[-79.45631724,-3.86600664],[-79.45642162,-3.86599707],[-79.4564798,-3.86598885],[-79.45654681,-3.86597577],[-79.45661518,-3.865956],[-79.45667691,-3.8659279],[-79.45672569,-3.86589045],[-79.45676304,-3.86584621],[-79.45679293,-3.86579833],[-79.4568185,-3.86574972],[-79.45686495,-3.86565467],[-79.45688899,-3.86560968],[-79.45691427,-3.86556794],[-79.4569409,-3.86553055],[-79.4569686,-3.86549822],[-79.45704347,-3.86542167],[-79.45706251,-3.86539882],[-79.45707885,-3.86537543],[-79.45707915,-3.8653749],[-79.45709285,-3.86535077],[-79.45711001,-3.86531366],[-79.45713488,-3.86525986],[-79.45714409,-3.86524496],[-79.45715375,-3.86523539],[-79.45716528,-3.86523053],[-79.45718014,-3.86522974],[-79.45721118,-3.86523465],[-79.45727393,-3.86524456],[-79.45730157,-3.86524543],[-79.45733057,-3.86524177],[-79.45736084,-3.86523233],[-79.45738995,-3.86521756],[-79.457489,-3.86510943],[-79.45749578,-3.86509801],[-79.45751503,-3.86505644],[-79.4575812,-3.8648811],[-79.45760469,-3.86481885],[-79.45763065,-3.86475496],[-79.45765433,-3.86470083],[-79.4576772,-3.86465294],[-79.45772798,-3.86455428],[-79.45778742,-3.86444713],[-79.45779343,-3.86443711],[-79.45781812,-3.864396],[-79.4579058,-3.86425815],[-79.45793109,-3.86421515],[-79.45795296,-3.86417133],[-79.45797114,-3.86412596],[-79.45800263,-3.86403703],[-79.45801936,-3.86399745],[-79.45803671,-3.86396212],[-79.45805369,-3.86393113],[-79.45807031,-3.86390358],[-79.4580899,-3.86387621],[-79.45811679,-3.86384497],[-79.45815476,-3.86380687],[-79.45820616,-3.86376302],[-79.45827279,-3.86371557],[-79.45832817,-3.8636827],[-79.45835436,-3.86366715],[-79.45844214,-3.86362074],[-79.45852514,-3.86357992],[-79.45870167,-3.86349731],[-79.45874484,-3.86347551],[-79.45878243,-3.86345387],[-79.45881389,-3.86343141],[-79.4588395,-3.86340722],[-79.45886233,-3.86337959],[-79.45897599,-3.8632171],[-79.45904026,-3.86307288],[-79.45906305,-3.86296611],[-79.45907163,-3.86290364],[-79.45907908,-3.86281729],[-79.45908835,-3.86276738],[-79.45910388,-3.86272063],[-79.45910474,-3.86271803],[-79.45913131,-3.86266563],[-79.45917139,-3.86260484],[-79.45922645,-3.86253286],[-79.45929078,-3.86245737],[-79.45935672,-3.8623884],[-79.45941841,-3.86233362],[-79.45947566,-3.86229085],[-79.45952983,-3.86225532],[-79.45958293,-3.86222277],[-79.45984692,-3.86206752],[-79.45985801,-3.86206],[-79.45990516,-3.86203305],[-79.45995897,-3.86199772],[-79.46014104,-3.86184042],[-79.46029028,-3.86171481],[-79.46035801,-3.86165452],[-79.46041267,-3.86160108],[-79.46050946,-3.86150105],[-79.46070164,-3.86132776],[-79.4608041,-3.86118298],[-79.46078459,-3.86106538],[-79.46077174,-3.86099879],[-79.46076218,-3.86090888],[-79.46076429,-3.86078996],[-79.46078337,-3.86064114],[-79.46081266,-3.86048012],[-79.46084237,-3.8603296],[-79.46086501,-3.8602062],[-79.46091128,-3.85991101],[-79.46091599,-3.85988364],[-79.46094276,-3.85972802],[-79.46095803,-3.85965353],[-79.46097317,-3.85959152],[-79.46098884,-3.85954018],[-79.46100531,-3.85949788],[-79.46102238,-3.85946364],[-79.46103963,-3.85943645],[-79.46109096,-3.85938409],[-79.46128807,-3.85922519],[-79.46137319,-3.85915372],[-79.46140292,-3.85912546],[-79.46141414,-3.85911254],[-79.46145471,-3.85907563],[-79.4615131,-3.85900665],[-79.46155915,-3.85893791],[-79.46159735,-3.85887169],[-79.4617025,-3.85868142],[-79.46188599,-3.85833629],[-79.46192059,-3.85826843],[-79.46194708,-3.85821187],[-79.46196661,-3.85816307],[-79.46198191,-3.85811625],[-79.46199623,-3.85806554],[-79.46201615,-3.85800471],[-79.46204906,-3.85792727],[-79.46209884,-3.85783077],[-79.46215647,-3.8577295],[-79.46220966,-3.8576416],[-79.46224939,-3.85758026],[-79.46228071,-3.85753745],[-79.46231202,-3.85750025],[-79.46235081,-3.85745782],[-79.46239979,-3.85740961],[-79.46246066,-3.85735718],[-79.46270406,-3.85718868],[-79.46277139,-3.85714883],[-79.46281844,-3.85712435],[-79.46306699,-3.85699499],[-79.46323805,-3.85690243],[-79.46328987,-3.85687593],[-79.46344728,-3.85680984],[-79.46358694,-3.85660516],[-79.46359027,-3.85652369],[-79.46359108,-3.8565037],[-79.46359439,-3.85647088],[-79.46360184,-3.85643037],[-79.46361589,-3.85637921],[-79.46364121,-3.85631541],[-79.46368322,-3.8562369],[-79.46374416,-3.85614395],[-79.46381466,-3.85604704],[-79.46388243,-3.85595889],[-79.4639382,-3.85588882],[-79.46411199,-3.85568004],[-79.46415089,-3.85562956],[-79.46418465,-3.85558096],[-79.46421265,-3.85553335],[-79.4642347,-3.85548537],[-79.46425055,-3.85543611],[-79.46426045,-3.85538594],[-79.46426432,-3.85533539],[-79.46426261,-3.85528456],[-79.46424454,-3.85512828],[-79.46424196,-3.85510591],[-79.46423695,-3.85503591],[-79.46423698,-3.85496681],[-79.46424081,-3.85493136],[-79.46424394,-3.85490243],[-79.46425764,-3.85484386],[-79.46427728,-3.85479126],[-79.46430185,-3.85474491],[-79.46432929,-3.85470544],[-79.46435717,-3.85467347],[-79.46438395,-3.85464919],[-79.46441172,-3.85463061],[-79.46444317,-3.85461548],[-79.46448065,-3.85460153],[-79.46452154,-3.85458927],[-79.46452443,-3.8545884],[-79.46457398,-3.85457574],[-79.46468981,-3.85454918],[-79.46475656,-3.85453185],[-79.46482818,-3.85451009],[-79.46486878,-3.85449648],[-79.46489872,-3.85448644],[-79.46508432,-3.85442003],[-79.46519773,-3.85438858],[-79.46533803,-3.85411065],[-79.46537402,-3.85403936],[-79.46541127,-3.8539527],[-79.46546309,-3.85382501],[-79.46548785,-3.85377622],[-79.46551503,-3.85373213],[-79.46557939,-3.85364227],[-79.46565835,-3.85354094],[-79.46589287,-3.85325667],[-79.46612135,-3.85297537],[-79.46617856,-3.85290321],[-79.46622288,-3.85284361],[-79.46625385,-3.85279546],[-79.466274,-3.85275507],[-79.46628622,-3.8527181],[-79.46629322,-3.85268113],[-79.46629679,-3.85264496],[-79.46629829,-3.85261132],[-79.46629916,-3.85252921],[-79.46629964,-3.85244668],[-79.46629982,-3.85241517],[-79.46630168,-3.8523799],[-79.46630589,-3.85233957],[-79.46631552,-3.85229265],[-79.46633399,-3.85223752],[-79.46636354,-3.852174],[-79.46640067,-3.85210786],[-79.46644048,-3.85204626],[-79.4664792,-3.85199478],[-79.46651809,-3.85195234],[-79.46655939,-3.85191624],[-79.46660536,-3.85188413],[-79.46665674,-3.8518551],[-79.46671414,-3.85182889],[-79.46675068,-3.85181657],[-79.46691576,-3.85176088],[-79.46707009,-3.85172193],[-79.46716618,-3.85169993],[-79.46724382,-3.85168008],[-79.46728433,-3.85166785],[-79.46731049,-3.85165995],[-79.46736409,-3.85164015],[-79.46738523,-3.85163052],[-79.46740483,-3.85162159],[-79.46743331,-3.85160473],[-79.46743943,-3.85160014],[-79.46747005,-3.85158298],[-79.46751832,-3.85153797],[-79.4675223,-3.8515348],[-79.46756324,-3.85149979],[-79.46761879,-3.85144888],[-79.46768175,-3.85138894],[-79.46774254,-3.85132891],[-79.467881,-3.85118609],[-79.46792502,-3.85114367],[-79.46797119,-3.85110224],[-79.46801889,-3.85106244],[-79.46803508,-3.85104996],[-79.46806731,-3.85102509],[-79.46811437,-3.85099162],[-79.4681579,-3.85096376],[-79.46819666,-3.85094275],[-79.46823423,-3.85092853],[-79.46827503,-3.85092083],[-79.468401,-3.85092428],[-79.46843034,-3.85092509],[-79.46855817,-3.85093671],[-79.46860841,-3.85093454],[-79.46866263,-3.85092813],[-79.46869404,-3.85092192],[-79.46871973,-3.85091684],[-79.46877819,-3.85090066],[-79.46883576,-3.85088069],[-79.46889001,-3.85085836],[-79.46893876,-3.85083484],[-79.46898166,-3.85081105],[-79.46901871,-3.8507876],[-79.46905017,-3.85076469],[-79.46907713,-3.85074122],[-79.46910104,-3.85071558],[-79.46912387,-3.85068596],[-79.46914544,-3.85065574],[-79.46918272,-3.85060349],[-79.46922604,-3.85054687],[-79.4692745,-3.85048654],[-79.46932115,-3.85043137],[-79.46942497,-3.85032403],[-79.46946492,-3.85029145],[-79.4694999,-3.85026529],[-79.46964865,-3.85015839],[-79.4697022,-3.85012304],[-79.46975646,-3.8500913],[-79.4698117,-3.85006418],[-79.46986936,-3.85004113],[-79.46993107,-3.85002098],[-79.469998,-3.85000265],[-79.47006844,-3.84998677],[-79.47013995,-3.84997406],[-79.47021065,-3.84996487],[-79.47035077,-3.84995029],[-79.47055863,-3.84992308],[-79.47062374,-3.84991561],[-79.47068776,-3.84991057],[-79.47075305,-3.8499086],[-79.47096299,-3.84992001],[-79.47120685,-3.8499522],[-79.47145629,-3.84997905],[-79.4715326,-3.8499864],[-79.47178271,-3.85001048],[-79.47193962,-3.85002342],[-79.47210995,-3.85003539],[-79.47233718,-3.85005136],[-79.47239254,-3.85005797],[-79.47256112,-3.85009183],[-79.47288363,-3.84999491],[-79.47295516,-3.84996873],[-79.47306212,-3.84992415],[-79.47311672,-3.84990309],[-79.4731304,-3.8498986],[-79.47318284,-3.84988141],[-79.47326797,-3.84985805],[-79.47337579,-3.84983274],[-79.47349504,-3.84980772],[-79.47361096,-3.84978614],[-79.47371255,-3.84977022],[-79.47399254,-3.84973573],[-79.47409134,-3.84972053],[-79.47418672,-3.84970017],[-79.47427366,-3.84967356],[-79.47435006,-3.84964331],[-79.47441449,-3.84961313],[-79.47451299,-3.84956275],[-79.47455931,-3.84954384],[-79.47461119,-3.84952928],[-79.4746674,-3.8495188],[-79.47472494,-3.84951203],[-79.47478167,-3.84950843],[-79.47483786,-3.84950835],[-79.47489457,-3.84951225],[-79.47495209,-3.84952013],[-79.47505974,-3.84953877],[-79.47510466,-3.84954491],[-79.47514391,-3.84954769],[-79.4751793,-3.84954694],[-79.4752128,-3.84954239],[-79.47524622,-3.84953259],[-79.47528128,-3.84951593],[-79.47531896,-3.84949158],[-79.47535619,-3.84946216],[-79.47538902,-3.84943102],[-79.47541447,-3.84940095],[-79.47543361,-3.84937277],[-79.47544896,-3.84934666],[-79.47547444,-3.84929769],[-79.47548565,-3.84927021],[-79.47551654,-3.84916428],[-79.47554574,-3.84914941],[-79.47556954,-3.84912974],[-79.47560677,-3.84910457],[-79.47566219,-3.84907853],[-79.47573832,-3.84905597],[-79.4757554,-3.84905268],[-79.47583055,-3.84903823],[-79.4759324,-3.84902629],[-79.47603767,-3.84901952],[-79.47614294,-3.84901012],[-79.47624499,-3.84898905],[-79.47634077,-3.84894961],[-79.47642748,-3.84889623],[-79.4765024,-3.84883613],[-79.4765327,-3.84880608],[-79.47656383,-3.8487752],[-79.47661472,-3.84871524],[-79.47661503,-3.84871482],[-79.47663342,-3.84869007],[-79.47669964,-3.84860099],[-79.47673575,-3.84854896],[-79.47676555,-3.84850235],[-79.4768174,-3.8484073],[-79.47682976,-3.8483924],[-79.47684301,-3.84838492],[-79.47685913,-3.84838314],[-79.47687965,-3.84838598],[-79.47690593,-3.84839444],[-79.47693921,-3.84841014],[-79.47697942,-3.84843382],[-79.47702231,-3.84846401],[-79.47706241,-3.84849836],[-79.47709548,-3.84853477],[-79.47712188,-3.84857244],[-79.47714333,-3.84861074],[-79.47716136,-3.8486492],[-79.47720095,-3.84874419],[-79.47721085,-3.84876795],[-79.4772109,-3.84876803],[-79.47723392,-3.84880832],[-79.47726707,-3.84884727],[-79.47731392,-3.84888326],[-79.47737437,-3.84891285],[-79.47744745,-3.84893242],[-79.47753135,-3.84893917],[-79.47762131,-3.8489349],[-79.47771173,-3.84892259],[-79.47779828,-3.84890483],[-79.4779688,-3.84886146],[-79.47805789,-3.84883982],[-79.47814715,-3.84881991],[-79.47823209,-3.84880269],[-79.47830909,-3.84878909],[-79.47837664,-3.84877935],[-79.47843409,-3.84877348],[-79.47848181,-3.84877167],[-79.47852431,-3.84877346],[-79.47856707,-3.84877815],[-79.47871919,-3.84880348],[-79.47896479,-3.84866121],[-79.47902402,-3.84862188],[-79.47907649,-3.84858309],[-79.47919497,-3.84848744],[-79.47926287,-3.84842941],[-79.47932762,-3.84836947],[-79.479384,-3.84831025],[-79.47943435,-3.84824821],[-79.47948345,-3.8481783],[-79.47963776,-3.84793276],[-79.47966178,-3.84789796],[-79.47968588,-3.84786303],[-79.47973335,-3.84780198],[-79.47978297,-3.84774546],[-79.47980971,-3.84771847],[-79.479837,-3.84769093],[-79.47987391,-3.84765905],[-79.47989417,-3.84764156],[-79.47995231,-3.84760242],[-79.48000998,-3.84757683],[-79.48001758,-3.847575],[-79.4800688,-3.84756265],[-79.48013085,-3.84755625],[-79.48013522,-3.84755614],[-79.48026717,-3.84755279],[-79.48033624,-3.84754911],[-79.48040306,-3.84753982],[-79.48047017,-3.84752204],[-79.48054117,-3.84749286],[-79.48061814,-3.84745167],[-79.48069682,-3.84740677],[-79.48077162,-3.84736856],[-79.48083757,-3.84734526],[-79.48089467,-3.84733523],[-79.48094356,-3.84733459],[-79.48105687,-3.84735931],[-79.48116829,-3.84738835],[-79.48121654,-3.84739468],[-79.48126668,-3.84739721],[-79.48131279,-3.84739404],[-79.48135107,-3.8473838],[-79.48138676,-3.84736677],[-79.48147841,-3.84731574],[-79.4817285,-3.84718614],[-79.48179087,-3.84714981],[-79.48185298,-3.84710823],[-79.48192087,-3.84705725],[-79.4822076,-3.84682443],[-79.48231371,-3.84674558],[-79.4824098,-3.84668471],[-79.48249676,-3.84664073],[-79.48257785,-3.84660949],[-79.48265604,-3.84658738],[-79.48273359,-3.84657233],[-79.48281248,-3.84656297],[-79.48289398,-3.84655796],[-79.48297636,-3.8465573],[-79.48305703,-3.84656097],[-79.48320647,-3.84657417],[-79.48327409,-3.84657302],[-79.48333705,-3.84655984],[-79.4833976,-3.84653237],[-79.48345836,-3.84648915],[-79.4835214,-3.84642949],[-79.4835851,-3.84635617],[-79.4836471,-3.8462728],[-79.48370552,-3.84618274],[-79.4837607,-3.84608806],[-79.48381354,-3.84599048],[-79.48386441,-3.84589172],[-79.48389181,-3.84583409],[-79.4839114,-3.84579287],[-79.48395254,-3.84569518],[-79.48398575,-3.84559974],[-79.48401086,-3.8455079],[-79.484019,-3.84546675],[-79.48402803,-3.84542111],[-79.48403762,-3.84534027],[-79.48403816,-3.84532978],[-79.48404145,-3.84526558],[-79.48404148,-3.84519649],[-79.48403298,-3.8450137],[-79.48407286,-3.84496457],[-79.48409063,-3.84494769],[-79.4841102,-3.84493163],[-79.48413012,-3.84491737],[-79.4841495,-3.8449061],[-79.48416851,-3.84489818],[-79.48418796,-3.84489387],[-79.4842084,-3.84489337],[-79.48423019,-3.84489657],[-79.48425349,-3.84490339],[-79.48427824,-3.8449133],[-79.48430316,-3.84492555],[-79.48432663,-3.84493889],[-79.48434759,-3.84495294],[-79.48436647,-3.84496907],[-79.48438408,-3.84498945],[-79.48444091,-3.84507764],[-79.48446553,-3.84510925],[-79.48449231,-3.84513841],[-79.48451919,-3.84516297],[-79.48454481,-3.84518138],[-79.48456813,-3.84519394],[-79.48456991,-3.8451949],[-79.48459591,-3.84520516],[-79.48462417,-3.84521326],[-79.48465712,-3.84521658],[-79.4846971,-3.84521185],[-79.48474575,-3.84519675],[-79.48474912,-3.8451953],[-79.48480216,-3.84517261],[-79.48490299,-3.84512113],[-79.48499564,-3.84507384],[-79.48505547,-3.8450488],[-79.48510699,-3.84503668],[-79.48515435,-3.84503731],[-79.48516084,-3.84503888],[-79.48520358,-3.84504924],[-79.48522197,-3.84505632],[-79.48525883,-3.84507051],[-79.48531775,-3.84509747],[-79.4854302,-3.84515211],[-79.48547933,-3.84517391],[-79.48552342,-3.84518954],[-79.48556257,-3.84519766],[-79.4855984,-3.84519836],[-79.48563281,-3.84519218],[-79.48566686,-3.84517994],[-79.48569895,-3.8451639],[-79.48572689,-3.84514649],[-79.48578262,-3.84509875],[-79.48591072,-3.84505408],[-79.48591114,-3.84505394],[-79.48606569,-3.84500004],[-79.48615963,-3.84497878],[-79.48625132,-3.84496483],[-79.48633849,-3.84495757],[-79.48638486,-3.84495677],[-79.48641916,-3.84495618],[-79.48649281,-3.84496029],[-79.48655888,-3.844969],[-79.48661774,-3.84498213],[-79.48667227,-3.84499986],[-79.4867258,-3.84502311],[-79.48673206,-3.84502637],[-79.48678148,-3.84505214],[-79.4868395,-3.84508716],[-79.48689993,-3.84512787],[-79.48707231,-3.84525533],[-79.48711341,-3.84528091],[-79.48715075,-3.8452968],[-79.48719341,-3.8453071],[-79.48733927,-3.84532309],[-79.48738119,-3.84532769],[-79.48750591,-3.84526786],[-79.48754078,-3.8452483],[-79.48757143,-3.84522818],[-79.48759812,-3.84520671],[-79.48762094,-3.84518342],[-79.4876398,-3.84515948],[-79.48765443,-3.84513645],[-79.48766473,-3.84511512],[-79.48767125,-3.84509207],[-79.48767473,-3.84506296],[-79.48767507,-3.84502407],[-79.48766849,-3.84497396],[-79.48765059,-3.8449117],[-79.48761912,-3.84483866],[-79.48759258,-3.8447864],[-79.48758161,-3.8447648],[-79.48752598,-3.84466007],[-79.48751351,-3.84463264],[-79.48750625,-3.84461165],[-79.48750089,-3.84458993],[-79.48749697,-3.84456632],[-79.48749485,-3.84454117],[-79.48749499,-3.84451495],[-79.48749702,-3.84448872],[-79.48750048,-3.84446386],[-79.48750556,-3.84444072],[-79.48751461,-3.84441632],[-79.48753042,-3.84438704],[-79.4875845,-3.84430375],[-79.48761593,-3.84424982],[-79.48764521,-3.84418792],[-79.48766982,-3.84411878],[-79.48768769,-3.84404266],[-79.48769693,-3.84395975],[-79.48769754,-3.84386832],[-79.48768962,-3.84376656],[-79.48768024,-3.84369526],[-79.48765959,-3.84353833],[-79.48765159,-3.8434278],[-79.48765653,-3.84332978],[-79.4876728,-3.8432438],[-79.48769231,-3.84318193],[-79.48769679,-3.8431677],[-79.48772528,-3.84309938],[-79.48775735,-3.84303884],[-79.48779219,-3.842986],[-79.48782946,-3.84294048],[-79.48786081,-3.84290882],[-79.4878696,-3.84289995],[-79.48791324,-3.84286132],[-79.48800441,-3.84278569],[-79.48801669,-3.842775],[-79.48804093,-3.84275392],[-79.48806501,-3.84272928],[-79.48807918,-3.84270895],[-79.48808795,-3.84268934],[-79.48809501,-3.84266729],[-79.48810127,-3.8426418],[-79.48811236,-3.8425786],[-79.48811577,-3.84253918],[-79.4881154,-3.84249269],[-79.48811054,-3.84243923],[-79.48810811,-3.84241791],[-79.48809875,-3.84233584],[-79.48809827,-3.84229858],[-79.48810219,-3.84227091],[-79.4881084,-3.84225248],[-79.48810952,-3.84224913],[-79.48811937,-3.84222998],[-79.48814257,-3.84219746],[-79.48817649,-3.842158],[-79.48833425,-3.84215321],[-79.48835748,-3.84215206],[-79.48838152,-3.84215086],[-79.48842249,-3.84214614],[-79.48845186,-3.84213814],[-79.48847223,-3.84212696],[-79.48848756,-3.84211306],[-79.48850136,-3.84209717],[-79.48852411,-3.8420642],[-79.4885317,-3.84204848],[-79.48853669,-3.84202759],[-79.48853927,-3.84199477],[-79.48853945,-3.8419453],[-79.48853703,-3.8418847],[-79.48853156,-3.84182103],[-79.48852641,-3.84178549],[-79.48850852,-3.84166199],[-79.48850733,-3.84162537],[-79.48851044,-3.84159688],[-79.48851669,-3.84157528],[-79.48852518,-3.84155947],[-79.48853654,-3.84154909],[-79.48855204,-3.84154378],[-79.48857302,-3.84154355],[-79.48860227,-3.84154948],[-79.48864258,-3.84156293],[-79.48875712,-3.84160872],[-79.48875921,-3.84160949],[-79.48881212,-3.84162899],[-79.48882073,-3.84163216],[-79.48888148,-3.84165027],[-79.488938,-3.8416633],[-79.48898948,-3.84167271],[-79.48903557,-3.84167948],[-79.48907743,-3.84168299],[-79.48911615,-3.84168225],[-79.48915334,-3.84167535],[-79.48919164,-3.84165751],[-79.48923411,-3.84162286],[-79.48928265,-3.84156868],[-79.48938516,-3.84143918],[-79.48941245,-3.84140754],[-79.48941773,-3.84140343],[-79.48957538,-3.84126993],[-79.48964068,-3.84123397],[-79.48973145,-3.84117987],[-79.48979544,-3.84113938],[-79.48998772,-3.84100714],[-79.48998929,-3.84100479],[-79.49000681,-3.84097858],[-79.4900362,-3.8409346],[-79.49006073,-3.84091258],[-79.49009327,-3.84089428],[-79.49013687,-3.84088224],[-79.49017536,-3.84088269],[-79.49019074,-3.84088287],[-79.49032846,-3.84088448],[-79.49039438,-3.84087519],[-79.49045095,-3.84086073],[-79.49052365,-3.84083906],[-79.49060428,-3.8408109],[-79.4906861,-3.84077649],[-79.49076684,-3.84073567],[-79.49084535,-3.8406877],[-79.49092018,-3.84063221],[-79.49098845,-3.84056821],[-79.49104683,-3.84049461],[-79.49109398,-3.8404123],[-79.49113545,-3.84032917],[-79.49117844,-3.84025509],[-79.49122833,-3.84019712],[-79.49128261,-3.84015208],[-79.4913367,-3.84011392],[-79.49148005,-3.84000683],[-79.49151551,-3.83996439],[-79.49152113,-3.83995726],[-79.49155711,-3.83991173],[-79.49160982,-3.83983821],[-79.49166382,-3.83974914],[-79.49171117,-3.83965046],[-79.49175195,-3.83955051],[-79.49178777,-3.83945796],[-79.49188114,-3.83924985],[-79.49188772,-3.83923478],[-79.49189955,-3.83920767],[-79.4919192,-3.83916265],[-79.49195272,-3.83909732],[-79.49200184,-3.839019],[-79.49206708,-3.83893338],[-79.49213989,-3.83885066],[-79.49220943,-3.83878178],[-79.49226722,-3.83873459],[-79.49231545,-3.83870546],[-79.49235897,-3.83868763],[-79.49240203,-3.83867487],[-79.49249823,-3.83865089],[-79.49255516,-3.83863435],[-79.49261579,-3.8386142],[-79.49267624,-3.83859124],[-79.49279014,-3.83854225],[-79.4928487,-3.83852028],[-79.49291086,-3.8385024],[-79.49297166,-3.83848876],[-79.49310036,-3.83846701],[-79.49313891,-3.83845876],[-79.49318683,-3.83844473],[-79.4932381,-3.83842149],[-79.49328391,-3.8383854],[-79.49331776,-3.83833445],[-79.49334407,-3.83827417],[-79.49336975,-3.83821155],[-79.49340073,-3.83815345],[-79.49343917,-3.83810477],[-79.49348578,-3.83807004],[-79.49354073,-3.8380525],[-79.49359971,-3.83805106],[-79.49365749,-3.83806328],[-79.4937094,-3.83808644],[-79.49375329,-3.83811699],[-79.49378726,-3.83815106],[-79.49381007,-3.83818619],[-79.49382234,-3.83822645],[-79.49382495,-3.83827738],[-79.49381943,-3.83834239],[-79.49379845,-3.83849646],[-79.49379058,-3.83857323],[-79.49378775,-3.83864232],[-79.49379162,-3.83869821],[-79.49379422,-3.83870689],[-79.49380325,-3.83873694],[-79.49382221,-3.83876185],[-79.49384739,-3.83877781],[-79.49387879,-3.83878899],[-79.49388224,-3.8387897],[-79.49392011,-3.83879756],[-79.49397574,-3.8388048],[-79.49404874,-3.8388119],[-79.4942296,-3.83882578],[-79.49460925,-3.83885042],[-79.49469153,-3.83885672],[-79.49476238,-3.8388638],[-79.49482026,-3.83887187],[-79.49492719,-3.8388915],[-79.49513395,-3.83892695],[-79.49514141,-3.83892823],[-79.49534063,-3.83894957],[-79.49548862,-3.83896782],[-79.49555775,-3.8389788],[-79.49563434,-3.83899476],[-79.49571218,-3.83901751],[-79.49578551,-3.83904848],[-79.49585261,-3.83908776],[-79.49591204,-3.8391348],[-79.49596345,-3.83918915],[-79.49600818,-3.83924874],[-79.49604832,-3.83931166],[-79.49611087,-3.83941791],[-79.49612336,-3.83943913],[-79.49616323,-3.83950025],[-79.49620752,-3.83955694],[-79.49625678,-3.83960614],[-79.49631082,-3.8396444],[-79.49636948,-3.83966964],[-79.49640725,-3.83967854],[-79.49643059,-3.83968404],[-79.4964919,-3.83969129],[-79.49661001,-3.83969855],[-79.49666852,-3.83970653],[-79.49672819,-3.83972219],[-79.49678991,-3.83974662],[-79.49685504,-3.83978038],[-79.49692367,-3.83982301],[-79.49699156,-3.8398707],[-79.49705378,-3.83991856],[-79.49710665,-3.83996333],[-79.49715321,-3.84000745],[-79.49719778,-3.84005474],[-79.49734055,-3.84022628],[-79.49740834,-3.84026177],[-79.4974085,-3.84026184],[-79.49748054,-3.84029101],[-79.49753004,-3.84029915],[-79.49758371,-3.84029861],[-79.49764441,-3.84028985],[-79.49765029,-3.84028849],[-79.49771359,-3.84027379],[-79.4977351,-3.84026762],[-79.49775316,-3.84026245],[-79.49778846,-3.84026251],[-79.49780953,-3.84024629],[-79.49792906,-3.84021204],[-79.49799195,-3.84019053],[-79.49804926,-3.84016332],[-79.49810082,-3.84012742],[-79.49814565,-3.84008364],[-79.49818265,-3.84003414],[-79.49821146,-3.83998074],[-79.49823515,-3.83992417],[-79.49828182,-3.83980388],[-79.49831202,-3.83973529],[-79.49835114,-3.83965397],[-79.4983646,-3.83962785],[-79.49838997,-3.83958879],[-79.49840491,-3.8395496],[-79.49845314,-3.839456],[-79.49849976,-3.83936256],[-79.49853384,-3.83928738],[-79.49857725,-3.8391802],[-79.4985965,-3.83913854],[-79.49861889,-3.83910177],[-79.49864713,-3.83906944],[-79.49868328,-3.8390412],[-79.49872681,-3.83901722],[-79.49877646,-3.83899841],[-79.49883095,-3.83898476],[-79.4988894,-3.83897545],[-79.49895091,-3.83896905],[-79.49920169,-3.83895149],[-79.49925672,-3.83894607],[-79.49930508,-3.83893983],[-79.49934552,-3.83893248],[-79.49937984,-3.83892242],[-79.49941057,-3.83890755],[-79.49943978,-3.83888653],[-79.49946746,-3.83886035],[-79.49949336,-3.83883064],[-79.49956718,-3.83873129],[-79.49959605,-3.83869688],[-79.49972757,-3.83855603],[-79.49976186,-3.83851621],[-79.49979552,-3.83847078],[-79.4998236,-3.8384228],[-79.49984584,-3.83837482],[-79.4998633,-3.83832873],[-79.49989108,-3.83824792],[-79.49990789,-3.83821323],[-79.49992973,-3.83818233],[-79.49995327,-3.83815678],[-79.49997347,-3.83813846],[-79.50000015,-3.83812331],[-79.5000975,-3.83811272],[-79.50022876,-3.83812245],[-79.50037219,-3.83811764],[-79.50049859,-3.8380248],[-79.50065175,-3.83786373],[-79.5008073,-3.83773187],[-79.50093864,-3.8376952],[-79.50105532,-3.83769523],[-79.50117038,-3.83770203],[-79.50117929,-3.83770259],[-79.50132809,-3.83766894],[-79.50154443,-3.83752977],[-79.50164655,-3.83746384],[-79.50169425,-3.83742739],[-79.50175263,-3.83730042],[-79.50178505,-3.83726179],[-79.50185711,-3.83717589],[-79.50202241,-3.83708068],[-79.50206643,-3.83708157],[-79.50213909,-3.83708315],[-79.50218544,-3.83710356],[-79.50227764,-3.83714416],[-79.50248435,-3.83715638],[-79.50264471,-3.83709778],[-79.50276878,-3.8369977],[-79.5028247,-3.83689271],[-79.50283299,-3.8368818],[-79.50289193,-3.83680429],[-79.50303047,-3.83666219],[-79.50314721,-3.83663535],[-79.50329547,-3.83665243],[-79.50339583,-3.83667605],[-79.50340968,-3.83667931],[-79.50341617,-3.83668209],[-79.50355804,-3.83674279],[-79.50373789,-3.83681853],[-79.50391295,-3.83680636],[-79.5040831,-3.83666222],[-79.50422649,-3.83647672],[-79.5043903,-3.83632063],[-79.50441615,-3.83629599],[-79.50457173,-3.83619841],[-79.50463642,-3.83617139],[-79.50469617,-3.83614649],[-79.50475097,-3.83612365],[-79.50479749,-3.83610427],[-79.50480023,-3.83610313],[-79.50504821,-3.83604215],[-79.50516229,-3.83603801],[-79.50524891,-3.83603491],[-79.50553574,-3.8359495],[-79.50574236,-3.83590799],[-79.50596357,-3.83591534],[-79.50615566,-3.83594461],[-79.50617357,-3.83594802],[-79.50620098,-3.83595322],[-79.50628446,-3.83596908],[-79.50645469,-3.83598375],[-79.50686652,-3.83598276],[-79.50699915,-3.83598525],[-79.50707193,-3.8359725],[-79.5072706,-3.8359377],[-79.50739118,-3.83590852],[-79.50743048,-3.835899],[-79.50743985,-3.83589941],[-79.50744354,-3.83589957],[-79.50763464,-3.83590744],[-79.50776252,-3.8359127],[-79.50779219,-3.83591642],[-79.50791816,-3.83593224],[-79.50798134,-3.83594447],[-79.50807709,-3.83597457],[-79.50828617,-3.83591353],[-79.50837608,-3.83583536],[-79.50840761,-3.83578748],[-79.50846608,-3.83569869],[-79.50852801,-3.83557323],[-79.50853981,-3.83554932],[-79.50856866,-3.83548888],[-79.50859575,-3.83543212],[-79.50871728,-3.83533936],[-79.50882669,-3.83528077],[-79.50885761,-3.83525912],[-79.50891773,-3.83521717],[-79.50899761,-3.83515606],[-79.50923373,-3.83497544],[-79.50937719,-3.8348583],[-79.50949387,-3.83475812],[-79.50956678,-3.83466536],[-79.50967863,-3.83454573],[-79.5096981,-3.83453627],[-79.50983913,-3.8344676],[-79.50989824,-3.83443836],[-79.50993131,-3.834422],[-79.5099971,-3.83438946],[-79.5101697,-3.83433577],[-79.51030095,-3.83429919],[-79.51041523,-3.83428782],[-79.51045373,-3.83429625],[-79.51073852,-3.83435865],[-79.51092568,-3.83442699],[-79.5109425,-3.83443624],[-79.51108129,-3.83451245],[-79.51118093,-3.83458579],[-79.51123101,-3.83462549],[-79.51127498,-3.83466034],[-79.5113122,-3.83468985],[-79.51144346,-3.83475094],[-79.51162335,-3.83480705],[-79.51182512,-3.83480704],[-79.51201719,-3.83469234],[-79.51212415,-3.83458979],[-79.51220439,-3.83447987],[-79.5123672,-3.83441151],[-79.51252766,-3.83440663],[-79.51277734,-3.83445392],[-79.5129864,-3.83456136],[-79.51321973,-3.83469326],[-79.51322465,-3.834695],[-79.51322653,-3.83469608],[-79.51322721,-3.83469591],[-79.51339232,-3.83475425],[-79.51352364,-3.83477627],[-79.51362324,-3.8347665],[-79.51377331,-3.83473158],[-79.51388757,-3.83462172],[-79.51390457,-3.83452895],[-79.51388761,-3.8343409],[-79.51390914,-3.834199],[-79.51390947,-3.83419687],[-79.51401153,-3.83406257],[-79.51416956,-3.83400397],[-79.51432272,-3.83399664],[-79.51449049,-3.83403573],[-79.51463879,-3.83407967],[-79.51475782,-3.83413097],[-79.51484782,-3.83415537],[-79.51500859,-3.83417582],[-79.51511437,-3.83418541],[-79.51514286,-3.83418799],[-79.51533186,-3.83420514],[-79.51547289,-3.83418802],[-79.51560416,-3.83413923],[-79.51572575,-3.83406356],[-79.5158608,-3.83390987],[-79.51601397,-3.83374626],[-79.51614768,-3.83358515],[-79.51627167,-3.83342647],[-79.51630085,-3.83337027],[-79.51630226,-3.83333436],[-79.51631029,-3.83314963],[-79.51631112,-3.83313485],[-79.51631977,-3.83298055],[-79.51631706,-3.83277456],[-79.51628374,-3.83257466],[-79.51625137,-3.83249394],[-79.51623193,-3.83244544],[-79.5161955,-3.83227014],[-79.5162235,-3.83200886],[-79.51623602,-3.83184286],[-79.51625153,-3.83176569],[-79.51626998,-3.83167382],[-79.51638652,-3.83154182],[-79.51647853,-3.83143745],[-79.51654603,-3.83134226],[-79.5166778,-3.83125026],[-79.51684007,-3.83122287],[-79.51700841,-3.83122316],[-79.51717673,-3.8312419],[-79.5172105,-3.8312345],[-79.51732982,-3.83120835],[-79.51747377,-3.83115633],[-79.51763604,-3.83112894],[-79.51773703,-3.83113834],[-79.51785321,-3.83121233],[-79.51798388,-3.83123667],[-79.51802603,-3.83122855],[-79.5180388,-3.83122609],[-79.51804292,-3.83121991],[-79.51813488,-3.83117285],[-79.51820853,-3.8310623],[-79.51833424,-3.83093647],[-79.51847833,-3.83079837],[-79.51854887,-3.83071548],[-79.51854893,-3.83068322],[-79.51854901,-3.83063554],[-79.51861343,-3.83055264],[-79.51872153,-3.83054049],[-79.51874813,-3.8305375],[-79.51892569,-3.83051629],[-79.51906961,-3.83047965],[-79.5191677,-3.83039988],[-79.51919359,-3.83032058],[-79.51921385,-3.83025854],[-79.51924777,-3.8301141],[-79.51923817,-3.8300638],[-79.51922957,-3.83001876],[-79.51921744,-3.8299511],[-79.51925738,-3.82986201],[-79.5193187,-3.82980677],[-79.51934023,-3.82974225],[-79.5193893,-3.82968699],[-79.51946884,-3.82971173],[-79.51954557,-3.82978907],[-79.51954828,-3.8297918],[-79.51963403,-3.82976735],[-79.51975345,-3.82973682],[-79.51982252,-3.82972826],[-79.51987591,-3.82972166],[-79.52008729,-3.82961134],[-79.52022215,-3.82950704],[-79.52028243,-3.82946417],[-79.5203386,-3.82942424],[-79.52050389,-3.82942145],[-79.5205046,-3.8294215],[-79.52065997,-3.82943402],[-79.5208039,-3.82939122],[-79.52086913,-3.82935149],[-79.52087437,-3.8293483],[-79.52098771,-3.82929316],[-79.52107658,-3.8292349],[-79.52122058,-3.82914906],[-79.52130633,-3.82912154],[-79.52145949,-3.82905109],[-79.52148219,-3.82904296],[-79.52157894,-3.82900826],[-79.52168308,-3.8289654],[-79.52180869,-3.82889798],[-79.52191591,-3.82884282],[-79.52202312,-3.82879381],[-79.5221028,-3.82873861],[-79.52222838,-3.82868349],[-79.52224296,-3.82867535],[-79.52236012,-3.82860993],[-79.52246125,-3.82854247],[-79.52257467,-3.82843813],[-79.52270041,-3.82829385],[-79.52273434,-3.82814326],[-79.52273776,-3.82808491],[-79.52273806,-3.82807978],[-79.52274065,-3.82803566],[-79.52275317,-3.82786967],[-79.52278103,-3.82768832],[-79.52278125,-3.82756097],[-79.52278127,-3.8275469],[-79.52282403,-3.827473],[-79.52284881,-3.82743018],[-79.52294995,-3.82735657],[-79.52303892,-3.82723067],[-79.52311559,-3.82714779],[-79.52322901,-3.82704653],[-79.52338835,-3.82694228],[-79.52339228,-3.82693987],[-79.52353848,-3.8268503],[-79.52369166,-3.82677371],[-79.52386629,-3.82667562],[-79.52394904,-3.8266112],[-79.5239828,-3.82655592],[-79.52398293,-3.82648521],[-79.52397086,-3.82638373],[-79.52395267,-3.82627917],[-79.52398046,-3.82613472],[-79.52400199,-3.82607941],[-79.52400199,-3.82607622],[-79.52400211,-3.8260087],[-79.52400225,-3.82592569],[-79.52404523,-3.82585198],[-79.52411271,-3.82576601],[-79.52419547,-3.82569851],[-79.52421395,-3.82568759],[-79.52433028,-3.82561881],[-79.5244467,-3.82555137],[-79.52455394,-3.82549007],[-79.52460173,-3.8254549],[-79.52465813,-3.82541339],[-79.52474404,-3.82529363],[-79.52474422,-3.82518603],[-79.52470353,-3.82510784],[-79.52468016,-3.82506294],[-79.52459766,-3.82497978],[-79.52453349,-3.824917],[-79.52449377,-3.82487815],[-79.52446846,-3.82485352],[-79.52440515,-3.82479191],[-79.52440463,-3.82479057],[-79.52435944,-3.824675],[-79.52434737,-3.8245766],[-79.5243384,-3.82444745],[-79.52436916,-3.82436142],[-79.52439992,-3.82426924],[-79.52434187,-3.82421073],[-79.52422862,-3.82421053],[-79.5241897,-3.82420366],[-79.52415824,-3.82419811],[-79.52412468,-3.82413964],[-79.52411568,-3.82403202],[-79.52411279,-3.82393056],[-79.52414966,-3.82384761],[-79.5241957,-3.8237739],[-79.52421113,-3.82369707],[-79.52421126,-3.82362328],[-79.52424818,-3.82351266],[-79.52428807,-3.82345124],[-79.52434024,-3.82337447],[-79.52440767,-3.82331925],[-79.52447815,-3.82327325],[-79.52451518,-3.82325597],[-79.52457004,-3.82323037],[-79.52462215,-3.82318742],[-79.52465902,-3.82310447],[-79.52476325,-3.82301241],[-79.52479836,-3.82301583],[-79.52482751,-3.82301867],[-79.52490416,-3.82294194],[-79.52496549,-3.82287749],[-79.52501466,-3.82276074],[-79.52505764,-3.82268395],[-79.52512824,-3.82256725],[-79.52515593,-3.82248428],[-79.52518631,-3.82240569],[-79.52520819,-3.8223491],[-79.52523895,-3.82226307],[-79.52522999,-3.82213085],[-79.52518429,-3.82200779],[-79.52507743,-3.82185388],[-79.52503868,-3.82176419],[-79.5250256,-3.82173389],[-79.52499821,-3.82164161],[-79.52498614,-3.82153706],[-79.5249864,-3.82138948],[-79.52498666,-3.82123269],[-79.52501133,-3.8211282],[-79.52504531,-3.82094379],[-79.52509951,-3.8208328],[-79.52510981,-3.8208117],[-79.52515285,-3.82070416],[-79.52519296,-3.82051362],[-79.52519316,-3.82039986],[-79.52519318,-3.82038937],[-79.52519325,-3.82034484],[-79.52519342,-3.82024921],[-79.52527941,-3.82007719],[-79.52542663,-3.81989913],[-79.52552778,-3.81981322],[-79.52559532,-3.8196965],[-79.52573017,-3.8195922],[-79.52583441,-3.81949092],[-79.52584521,-3.81948413],[-79.52590723,-3.81944512],[-79.52594165,-3.81942347],[-79.52601522,-3.81936211],[-79.52613782,-3.81926394],[-79.52626661,-3.81911966],[-79.52633114,-3.81897527],[-79.52634974,-3.81883695],[-79.52628263,-3.81870463],[-79.52622165,-3.81856618],[-79.52615443,-3.81849535],[-79.52612576,-3.81847201],[-79.52607496,-3.81843065],[-79.52606523,-3.8184188],[-79.52600165,-3.81834136],[-79.52601073,-3.81822541],[-79.52601104,-3.81822147],[-79.52603573,-3.81810161],[-79.52608484,-3.81802484],[-79.5262003,-3.81799676],[-79.52621038,-3.81799431],[-79.52624101,-3.81798206],[-79.52628696,-3.81795755],[-79.52629055,-3.81795656],[-79.52637576,-3.8179331],[-79.52638757,-3.81791833],[-79.52641257,-3.81788705],[-79.52647689,-3.81786564],[-79.5265901,-3.81788428],[-79.52672776,-3.81793063],[-79.52688688,-3.81795243],[-79.52691859,-3.81795767],[-79.52709646,-3.81798707],[-79.5271805,-3.81795812],[-79.52727322,-3.81792618],[-79.52737688,-3.81786517],[-79.52755369,-3.81777981],[-79.52755547,-3.81777814],[-79.52765132,-3.81768819],[-79.52771855,-3.81755369],[-79.52772494,-3.81738237],[-79.52771301,-3.81722937],[-79.52765839,-3.81711302],[-79.52757337,-3.81695377],[-79.52751876,-3.8168313],[-79.52750974,-3.81675469],[-79.52750681,-3.81672982],[-79.52750074,-3.81667829],[-79.52756192,-3.81652542],[-79.52776313,-3.81641563],[-79.5278252,-3.81639323],[-79.5278456,-3.81638588],[-79.52798257,-3.81633646],[-79.52815938,-3.81625109],[-79.52824476,-3.81619617],[-79.52829788,-3.8161316],[-79.52833022,-3.81609229],[-79.52835476,-3.81598831],[-79.52847074,-3.81584777],[-79.52859274,-3.8157562],[-79.52875741,-3.81564022],[-79.52893431,-3.81549978],[-79.52903806,-3.81538982],[-79.52921497,-3.81524327],[-79.52939172,-3.8151885],[-79.52961734,-3.81505427],[-79.52978199,-3.81495664],[-79.5299039,-3.8149079],[-79.52998675,-3.81488586],[-79.53008674,-3.81485926],[-79.53029405,-3.81474948],[-79.53042824,-3.81464568],[-79.53059285,-3.81456642],[-79.53073907,-3.81455443],[-79.53086504,-3.81444635],[-79.53090989,-3.81440787],[-79.53097711,-3.8142856],[-79.53108701,-3.81413893],[-79.53125158,-3.81408414],[-79.53151352,-3.81408459],[-79.53165364,-3.81407871],[-79.53181221,-3.81397496],[-79.53186714,-3.81391386],[-79.53198314,-3.81376109],[-79.53201984,-3.81366936],[-79.53215404,-3.81356557],[-79.5323491,-3.81349247],[-79.53250758,-3.81343767],[-79.53264171,-3.81337059],[-79.53274343,-3.81331808],[-79.53283902,-3.8132375],[-79.53305359,-3.81310086],[-79.53332563,-3.81292762],[-79.5333857,-3.8129007],[-79.53345477,-3.81284539],[-79.5335077,-3.81280301],[-79.53375164,-3.81264433],[-79.53394069,-3.81252227],[-79.5341298,-3.8123635],[-79.53427623,-3.81222913],[-79.53439222,-3.81208247],[-79.53444115,-3.81196629],[-79.53455718,-3.81180128],[-79.53475229,-3.81169758],[-79.5350031,-3.81163757],[-79.535057,-3.81162468],[-79.53537381,-3.81160074],[-79.53562366,-3.8115461],[-79.5357944,-3.81144848],[-79.53580751,-3.81143605],[-79.53584969,-3.811421],[-79.53587974,-3.81136754],[-79.53591033,-3.81133854],[-79.53598963,-3.81127136],[-79.53611158,-3.81120426],[-79.53619707,-3.81108203],[-79.53621553,-3.81097192],[-79.53625233,-3.81082512],[-79.53634394,-3.81068454],[-79.53642331,-3.81058065],[-79.53648433,-3.81051956],[-79.53661237,-3.81045247],[-79.53668559,-3.81038529],[-79.53669182,-3.81029963],[-79.53675298,-3.810159],[-79.53680182,-3.81009789],[-79.53690558,-3.80997569],[-79.53697279,-3.80985954],[-79.5369791,-3.80973105],[-79.53691836,-3.8096208],[-79.53691831,-3.80962034],[-79.53690636,-3.80951676],[-79.53693695,-3.80943726],[-79.53702238,-3.80935174],[-79.5370103,-3.80929053],[-79.53705033,-3.80919715],[-79.53706534,-3.80916212],[-79.53712035,-3.80905208],[-79.53719356,-3.80899101],[-79.53731545,-3.8089545],[-79.53748001,-3.80890583],[-79.5375288,-3.80887532],[-79.53762634,-3.80883265],[-79.53770575,-3.80879813],[-79.53776655,-3.8087717],[-79.53792511,-3.80866795],[-79.53800445,-3.80858242],[-79.538096,-3.80847855],[-79.53816327,-3.80831957],[-79.53821833,-3.80818504],[-79.53821851,-3.8080749],[-79.53826131,-3.80798318],[-79.53847619,-3.80764539],[-79.53863745,-3.80737108],[-79.53865383,-3.80719344],[-79.53865437,-3.80687338],[-79.53865454,-3.80677348],[-79.53886401,-3.8065154],[-79.53904722,-3.80638204],[-79.53921821,-3.80625757],[-79.53942744,-3.80614486],[-79.53970109,-3.80596766],[-79.53984617,-3.80575792],[-79.54000737,-3.80551592],[-79.54024911,-3.80519328],[-79.54039435,-3.80488664],[-79.54062009,-3.80451552],[-79.5407329,-3.80437035],[-79.54088532,-3.80417616],[-79.54091016,-3.80414452],[-79.54099085,-3.80396698],[-79.54099126,-3.8037247],[-79.54105591,-3.80353098],[-79.5411045,-3.80332109],[-79.54124984,-3.80294983],[-79.54134657,-3.80280463],[-79.54152383,-3.8025788],[-79.54171716,-3.802353],[-79.54189437,-3.80215947],[-79.54215194,-3.80198224],[-79.54252181,-3.80196671],[-79.54279517,-3.80196717],[-79.54300431,-3.80190292],[-79.54311502,-3.80180317],[-79.54316535,-3.80175782],[-79.54335847,-3.80166124],[-79.54356781,-3.80148392],[-79.54379172,-3.80137854],[-79.54384139,-3.80135516],[-79.54389087,-3.80134621],[-79.54419525,-3.80129115],[-79.54450093,-3.80119476],[-79.54457952,-3.8011217],[-79.5447264,-3.80098516],[-79.54493557,-3.80090475],[-79.54506932,-3.80090498],[-79.54519285,-3.80090519],[-79.54522983,-3.8009099],[-79.54545007,-3.80093793],[-79.5457074,-3.80090606],[-79.54598092,-3.80080961],[-79.54606178,-3.80053516],[-79.54609424,-3.80035754],[-79.54609455,-3.80017112],[-79.54609457,-3.80016371],[-79.54607881,-3.79996986],[-79.54607913,-3.79977916],[-79.54607915,-3.79976544],[-79.54607932,-3.79966297],[-79.54617629,-3.79937239],[-79.5463052,-3.79921109],[-79.54639681,-3.7990801],[-79.54641803,-3.79904976],[-79.54642865,-3.79901089],[-79.54644518,-3.79895041],[-79.54646657,-3.79887217],[-79.5465423,-3.79876387],[-79.54657939,-3.79871083],[-79.54657944,-3.79868315],[-79.54661815,-3.79859902],[-79.54662029,-3.79858574],[-79.54638352,-3.79860232],[-79.54603452,-3.79862679],[-79.54506275,-3.79853898],[-79.54410531,-3.79843686],[-79.54344796,-3.79834963],[-79.54304804,-3.798191],[-79.54273882,-3.79806015],[-79.54238388,-3.79790991],[-79.54198491,-3.79717703],[-79.5416425,-3.79680316],[-79.5413569,-3.79667346],[-79.54104222,-3.79680214],[-79.54072709,-3.79721796],[-79.54048393,-3.79731807],[-79.53985501,-3.79733134],[-79.53898334,-3.79721501],[-79.53808343,-3.79689764],[-79.53751193,-3.79676743],[-79.53694795,-3.79641473],[-79.53686327,-3.7957685],[-79.53662091,-3.79539482],[-79.53610681,-3.79514987],[-79.53556407,-3.79491924],[-79.53480729,-3.79447289],[-79.53419363,-3.79392627],[-79.5335089,-3.79314982],[-79.53316628,-3.79289078],[-79.5328233,-3.79286149],[-79.53248019,-3.79290401],[-79.53165873,-3.79269442],[-79.53108765,-3.79232016],[-79.53068782,-3.79210412],[-79.53025917,-3.79201724],[-79.52984457,-3.79208832],[-79.52965837,-3.79231773],[-79.52940058,-3.79263312],[-79.52915752,-3.79267581],[-79.52894334,-3.79254622],[-79.52875818,-3.79217261],[-79.52844451,-3.79171266],[-79.52815889,-3.79158294],[-79.52782995,-3.79169726],[-79.52757277,-3.79163937],[-79.5272445,-3.79138041],[-79.52690159,-3.79130798],[-79.5265157,-3.79129301],[-79.52583687,-3.79125593],[-79.52540851,-3.79101116],[-79.52503726,-3.79079517],[-79.52459469,-3.7904929],[-79.52423785,-3.7902195],[-79.52411884,-3.79021361],[-79.52393771,-3.79020463],[-79.52346588,-3.79031868],[-79.52312257,-3.79049038],[-79.52275055,-3.79071945],[-79.52219311,-3.79073287],[-79.52166456,-3.79057403],[-79.52115052,-3.79028602],[-79.52072202,-3.790113],[-79.51985813,-3.78963055],[-79.51928708,-3.78925628],[-79.5187873,-3.78898266],[-79.51837297,-3.78888142],[-79.51802974,-3.78901007],[-79.51762922,-3.78919602],[-79.51734353,-3.7891094],[-79.51704388,-3.78882173],[-79.5167728,-3.78853414],[-79.51648712,-3.78843313],[-79.51614392,-3.7885474],[-79.515929,-3.78884852],[-79.51551408,-3.78910625]]]]},"geometry_name":"geom","properties":{"id":6,"fid":6,"objectid":6,"dpa_parroq":"110153","dpa_despar":"EL CISNE","dpa_valor":0,"dpa_anio":"2009","dpa_canton":"1101","dpa_provin":"11","dpa_despro":"LOJA","dpa_descan":"LOJA","regional":"Sur","areas":10836.834183971241,"shape_length":65861.3253592427,"shape_area":1.0836834183971241E8}},{"type":"Feature","id":"limites_parroquiales.7","geometry":{"type":"MultiPolygon","coordinates":[[[[-79.10699586,-4.23857809],[-79.10678042,-4.23928432],[-79.10662252,-4.23954232],[-79.10623484,-4.240216],[-79.10600441,-4.24090443],[-79.1058885,-4.24153572],[-79.10549245,-4.24271893],[-79.10544616,-4.24411113],[-79.10550041,-4.24531702],[-79.10570563,-4.24617156],[-79.10575548,-4.24654507],[-79.10585078,-4.24680213],[-79.10629574,-4.24791072],[-79.10683661,-4.24903566],[-79.10670562,-4.24945388],[-79.10605981,-4.25044272],[-79.10571453,-4.25131746],[-79.10552761,-4.2517476],[-79.10535494,-4.25220652],[-79.10528146,-4.25301015],[-79.10521529,-4.25376356],[-79.10535687,-4.25433808],[-79.10546967,-4.25498428],[-79.1054394,-4.25567319],[-79.10548074,-4.25630486],[-79.10550812,-4.25680732],[-79.10582715,-4.25789182],[-79.10601032,-4.25899752],[-79.10605094,-4.25993062],[-79.10629215,-4.26069198],[-79.1065389,-4.26210641],[-79.10699387,-4.26315538],[-79.10726394,-4.26380198],[-79.1074267,-4.26448419],[-79.10775481,-4.26478643],[-79.10836883,-4.26510372],[-79.10976838,-4.26578182],[-79.11109685,-4.26628746],[-79.1121398,-4.26662016],[-79.11325438,-4.26689563],[-79.11384759,-4.26696169],[-79.1142047,-4.26709173],[-79.11437585,-4.26727879],[-79.11417786,-4.26765701],[-79.11392147,-4.26789714],[-79.1131662,-4.26945223],[-79.11268396,-4.27051046],[-79.11224893,-4.27187373],[-79.11218307,-4.2726601],[-79.112224,-4.27312271],[-79.11217971,-4.27369676],[-79.11202703,-4.27473704],[-79.11211093,-4.27551237],[-79.11219523,-4.27611547],[-79.11209313,-4.27694771],[-79.11189906,-4.27737067],[-79.11132513,-4.27818744],[-79.11033702,-4.27881656],[-79.10943465,-4.27946024],[-79.1089468,-4.28014804],[-79.10834433,-4.28095037],[-79.10794854,-4.2820044],[-79.10770262,-4.28316646],[-79.10751463,-4.28402723],[-79.10747,-4.28473046],[-79.10711576,-4.28633005],[-79.10722762,-4.28736379],[-79.10721116,-4.28823933],[-79.10739599,-4.28867043],[-79.10772889,-4.2899272],[-79.10799865,-4.29070297],[-79.10824007,-4.29137821],[-79.10863918,-4.2918816],[-79.10892374,-4.29245646],[-79.10975719,-4.29368578],[-79.11036992,-4.29453418],[-79.11092601,-4.29516713],[-79.11142536,-4.29561334],[-79.11182482,-4.29597317],[-79.11196051,-4.29613167],[-79.11249336,-4.29559937],[-79.11379179,-4.29477964],[-79.11518556,-4.29394099],[-79.11614072,-4.29315865],[-79.11745843,-4.29224327],[-79.11866099,-4.2916338],[-79.11992044,-4.29115845],[-79.12097933,-4.2908261],[-79.12197067,-4.29082855],[-79.1233634,-4.29041093],[-79.12424139,-4.28999203],[-79.12508097,-4.28970704],[-79.12601527,-4.28965187],[-79.1265866,-4.28990209],[-79.12712019,-4.28997997],[-79.12778824,-4.28967538],[-79.12807448,-4.28956124],[-79.12911404,-4.28934371],[-79.13027717,-4.28927],[-79.13136347,-4.28942578],[-79.13248749,-4.28975387],[-79.13393572,-4.29004452],[-79.13504111,-4.29020032],[-79.13586074,-4.29025972],[-79.13714688,-4.29055953],[-79.13924337,-4.29083258],[-79.140139,-4.291007],[-79.14072906,-4.29141037],[-79.14164269,-4.29202504],[-79.14194719,-4.29223633],[-79.14246104,-4.2926012],[-79.14303217,-4.2929471],[-79.14377529,-4.29312114],[-79.14494672,-4.29355462],[-79.14549923,-4.29372821],[-79.14645286,-4.29355828],[-79.14717781,-4.29336865],[-79.14815044,-4.29323703],[-79.14908439,-4.293335],[-79.14992301,-4.29343274],[-79.15081856,-4.29364544],[-79.15169501,-4.29387725],[-79.15256183,-4.29413771],[-79.15311427,-4.29433045],[-79.15362927,-4.29421685],[-79.15431715,-4.29358694],[-79.15511896,-4.29314867],[-79.1559775,-4.2928828],[-79.15702651,-4.29269393],[-79.15786595,-4.2924663],[-79.15855257,-4.29235313],[-79.15912425,-4.29246934],[-79.15975256,-4.29281535],[-79.16037143,-4.29313265],[-79.16120979,-4.2933452],[-79.16183865,-4.29346153],[-79.1628486,-4.29367454],[-79.16355354,-4.2938676],[-79.1646781,-4.29398514],[-79.16593582,-4.29423697],[-79.16685065,-4.29435402],[-79.1676506,-4.29470044],[-79.16789781,-4.29496899],[-79.16889779,-4.29536372],[-79.16994519,-4.29586388],[-79.17080271,-4.2960382],[-79.17124118,-4.29605836],[-79.17154588,-4.29619309],[-79.1720028,-4.29648127],[-79.17242189,-4.29661624],[-79.17326096,-4.29654171],[-79.17388987,-4.2966389],[-79.17491925,-4.29669878],[-79.17570123,-4.29658585],[-79.17645477,-4.29638664],[-79.17706595,-4.29592878],[-79.17798264,-4.29528023],[-79.17945256,-4.2944799],[-79.18011963,-4.29457718],[-79.1807859,-4.29499984],[-79.18177599,-4.29555725],[-79.18263282,-4.29603776],[-79.18352797,-4.2964227],[-79.18553764,-4.29716435],[-79.18628091,-4.29728095],[-79.18753873,-4.29749447],[-79.1884533,-4.29774548],[-79.18889115,-4.29803358],[-79.18929111,-4.29820681],[-79.18972982,-4.29811215],[-79.19053083,-4.29799922],[-79.19131293,-4.29782882],[-79.19269657,-4.29724835],[-79.19384148,-4.29683],[-79.19511869,-4.29690957],[-79.19612919,-4.29691198],[-79.19708173,-4.29722046],[-79.19807292,-4.2973185],[-79.19893091,-4.29728224],[-79.19997056,-4.29704547],[-79.20086778,-4.29656911],[-79.20178457,-4.2958631],[-79.20260607,-4.29515689],[-79.2034083,-4.29452716],[-79.20468738,-4.29380286],[-79.20592808,-4.29319333],[-79.20650063,-4.29294584],[-79.20697742,-4.29287044],[-79.20872281,-4.29250128],[-79.20961878,-4.29254168],[-79.2096364,-4.29254696],[-79.21013321,-4.292696],[-79.21081823,-4.2932718],[-79.2117307,-4.2944223],[-79.2125668,-4.29564922],[-79.21296512,-4.29651142],[-79.2133826,-4.29735455],[-79.21370522,-4.29800605],[-79.21386667,-4.29826482],[-79.21424662,-4.29885904],[-79.21487478,-4.29928159],[-79.21558002,-4.29937893],[-79.21593957,-4.29935722],[-79.21595171,-4.29935646],[-79.21649532,-4.29932364],[-79.21746806,-4.29915366],[-79.2184029,-4.2988879],[-79.2192423,-4.29867932],[-79.22013915,-4.29835606],[-79.22105496,-4.2980711],[-79.22145565,-4.29793804],[-79.22312444,-4.29772185],[-79.22388155,-4.29771242],[-79.22442093,-4.29770573],[-79.22527931,-4.29753547],[-79.22684294,-4.2974434],[-79.22852081,-4.29740902],[-79.22955989,-4.29742101],[-79.23045599,-4.2974231],[-79.23118272,-4.29755621],[-79.23191268,-4.29760789],[-79.23262883,-4.29771526],[-79.23346773,-4.29771721],[-79.23449709,-4.29781525],[-79.23524017,-4.29802754],[-79.2364027,-4.29824077],[-79.23698328,-4.29865361],[-79.23783993,-4.29922978],[-79.23863944,-4.2997867],[-79.23982056,-4.3002105],[-79.24109784,-4.30027086],[-79.24193702,-4.30015796],[-79.24266193,-4.29998739],[-79.24467376,-4.29982934],[-79.24528412,-4.29973508],[-79.24581821,-4.29964054],[-79.24635239,-4.29948869],[-79.24688661,-4.29931764],[-79.24715355,-4.29931826],[-79.24520569,-4.30067272],[-79.24474769,-4.30086307],[-79.24411783,-4.3011487],[-79.24320118,-4.30179734],[-79.24268511,-4.30235124],[-79.24253131,-4.30290592],[-79.24262446,-4.30386316],[-79.24285164,-4.30457183],[-79.24331579,-4.30586486],[-79.2440564,-4.30716807],[-79.24443563,-4.30806852],[-79.24449007,-4.30927448],[-79.24459333,-4.30997332],[-79.24483915,-4.31087347],[-79.24569525,-4.31169845],[-79.24676254,-4.31189234],[-79.24815426,-4.31195295],[-79.24958457,-4.31182225],[-79.25053774,-4.3118819],[-79.25166257,-4.31192278],[-79.25220598,-4.31191446],[-79.25247127,-4.31184555],[-79.25315833,-4.31155998],[-79.25388901,-4.31095875],[-79.25500624,-4.31015744],[-79.25644577,-4.30910566],[-79.25704719,-4.30873381],[-79.25761983,-4.30846237],[-79.2582921,-4.30839213],[-79.25933624,-4.30826533],[-79.2601799,-4.30829595],[-79.26079537,-4.308039],[-79.26133948,-4.3077244],[-79.2615397,-4.3077105],[-79.2615913,-4.3077886],[-79.2616822,-4.30792619],[-79.26160929,-4.30855762],[-79.26163661,-4.30911755],[-79.26202885,-4.30955626],[-79.26245706,-4.30991612],[-79.26282823,-4.31018974],[-79.26292771,-4.31046274],[-79.26295487,-4.31109438],[-79.2628966,-4.31156799],[-79.26273809,-4.31209875],[-79.26285094,-4.31278803],[-79.26331379,-4.31361451],[-79.26332742,-4.31391601],[-79.26312599,-4.31446104],[-79.26273888,-4.31490517],[-79.26245201,-4.31527774],[-79.26223587,-4.31600937],[-79.26200572,-4.3165974],[-79.26148993,-4.31702688],[-79.26103165,-4.31732727],[-79.26068032,-4.31776431],[-79.26023516,-4.3185815],[-79.26000397,-4.31961454],[-79.25977259,-4.32074807],[-79.25982807,-4.32150904],[-79.26019873,-4.32201229],[-79.26061302,-4.32219986],[-79.26067737,-4.32215816],[-79.26114288,-4.32185655],[-79.26173038,-4.32134112],[-79.26218833,-4.32118427],[-79.26305314,-4.32135132],[-79.26346795,-4.32129488],[-79.26408306,-4.32121014],[-79.26454149,-4.32085231],[-79.26485618,-4.32080997],[-79.26535638,-4.3209403],[-79.26621378,-4.32121499],[-79.26731456,-4.32136107],[-79.26870829,-4.32160114],[-79.26950867,-4.32178957],[-79.27028071,-4.32187746],[-79.27108167,-4.32180751],[-79.27202554,-4.32178096],[-79.27414814,-4.32222363],[-79.27486998,-4.32236163],[-79.27547036,-4.32247785],[-79.27645646,-4.32275285],[-79.27751357,-4.32324333],[-79.27829996,-4.32330255],[-79.27904402,-4.32308891],[-79.27943017,-4.32308979],[-79.28058078,-4.3233436],[-79.28203862,-4.32369142],[-79.2842683,-4.32422765],[-79.28576215,-4.32446787],[-79.28626259,-4.32448338],[-79.28937986,-4.32459089],[-79.29143186,-4.32464579],[-79.29211847,-4.3245612],[-79.29261931,-4.32440442],[-79.29324981,-4.32384598],[-79.29435283,-4.32300151],[-79.29506908,-4.32245761],[-79.29579864,-4.3223444],[-79.29634146,-4.32261839],[-79.29684811,-4.32305739],[-79.2970757,-4.32361772],[-79.2972878,-4.32469485],[-79.29752862,-4.32571463],[-79.29772811,-4.32604526],[-79.29815702,-4.32608928],[-79.2985434,-4.32596096],[-79.2994161,-4.32580502],[-79.30061719,-4.3258795],[-79.30113185,-4.32595242],[-79.30188886,-4.32637043],[-79.30220906,-4.32706737],[-79.30242098,-4.32823065],[-79.30238837,-4.33002498],[-79.30250187,-4.33042721],[-79.30305887,-4.33075861],[-79.30415247,-4.33094052],[-79.30490992,-4.33115754],[-79.3059524,-4.33182023],[-79.30689421,-4.33274108],[-79.30723601,-4.33337348],[-79.30726344,-4.3339047],[-79.30699023,-4.33457882],[-79.30695943,-4.33556925],[-79.30709569,-4.33658335],[-79.30705708,-4.33696232],[-79.3075724,-4.33732992],[-79.30850794,-4.33834924],[-79.30887205,-4.33877969],[-79.30908519,-4.3391719],[-79.30944929,-4.33960236],[-79.30958665,-4.34010811],[-79.30961009,-4.34090425],[-79.30984086,-4.34183354],[-79.30980203,-4.34231365],[-79.30961178,-4.34295765],[-79.30948431,-4.34366504],[-79.30948248,-4.34448638],[-79.30996494,-4.34547945],[-79.31021613,-4.34574536],[-79.31054305,-4.34591036],[-79.3108702,-4.34597427],[-79.31115952,-4.34607599],[-79.31153678,-4.34625376],[-79.31183837,-4.34649454],[-79.31190097,-4.34664632],[-79.31208893,-4.34703847],[-79.3125282,-4.34763336],[-79.31313069,-4.34841814],[-79.31363943,-4.34891844],[-79.31410478,-4.34910902],[-79.31467106,-4.34919873],[-79.31528758,-4.34935177],[-79.31594185,-4.34949224],[-79.31623102,-4.34965715],[-79.31662036,-4.35006235],[-79.3171351,-4.35069535],[-79.31758685,-4.35134081],[-79.31771127,-4.35199819],[-79.31767469,-4.35219632],[-79.31817692,-4.35213024],[-79.31906359,-4.35213222],[-79.31960699,-4.35214778],[-79.32004973,-4.35242153],[-79.32059211,-4.35289649],[-79.32103482,-4.35318458],[-79.32150622,-4.35342968],[-79.32172029,-4.35363116],[-79.32173424,-4.35378908],[-79.32160503,-4.35401846],[-79.32163306,-4.35427693],[-79.32184698,-4.35456451],[-79.32221878,-4.35456534],[-79.32297692,-4.35448091],[-79.32336386,-4.35412287],[-79.32399411,-4.35367926],[-79.32439566,-4.35316336],[-79.32462525,-4.35281935],[-79.32526348,-4.35199531],[-79.32553623,-4.3515222],[-79.32602331,-4.35115002],[-79.32640984,-4.35096426],[-79.32688287,-4.35047723],[-79.32718498,-4.34965961],[-79.32754375,-4.34910053],[-79.32768765,-4.34869892],[-79.3281542,-4.34790323],[-79.32861257,-4.34755971],[-79.32920037,-4.34690063],[-79.32963058,-4.34637046],[-79.33048982,-4.34584118],[-79.33122014,-4.34539778],[-79.33163561,-4.34506853],[-79.33169013,-4.34491455],[-79.33172195,-4.34482467],[-79.33170813,-4.34460933],[-79.33147394,-4.34379771],[-79.33154589,-4.3435969],[-79.33164632,-4.34345353],[-79.33147687,-4.34246265],[-79.33149259,-4.34181668],[-79.33169386,-4.34132904],[-79.33179474,-4.34098473],[-79.33178135,-4.34056837],[-79.33170492,-4.33955611],[-79.33159228,-4.33875197],[-79.33130681,-4.33849294],[-79.33099301,-4.33811899],[-79.33057916,-4.33773049],[-79.33025141,-4.33718425],[-79.33002367,-4.33669566],[-79.32994097,-4.33634528],[-79.32981229,-4.33622851],[-79.32945211,-4.33585239],[-79.32886043,-4.33520393],[-79.3281917,-4.33441297],[-79.32767736,-4.33377762],[-79.3270863,-4.33283149],[-79.32636699,-4.33160035],[-79.32544048,-4.3307829],[-79.32465818,-4.33033787],[-79.32401427,-4.32999669],[-79.32366104,-4.32938116],[-79.32301844,-4.32844139],[-79.32285992,-4.32724381],[-79.32308025,-4.32599049],[-79.32301671,-4.3255697],[-79.32267937,-4.32506743],[-79.32208543,-4.32398215],[-79.32174899,-4.32305926],[-79.32105733,-4.32245912],[-79.32083252,-4.32208651],[-79.32107484,-4.32181201],[-79.32172806,-4.32159506],[-79.32282414,-4.32151659],[-79.32411493,-4.32085613],[-79.32501957,-4.31988741],[-79.32589154,-4.31912899],[-79.32711747,-4.31861395],[-79.32785297,-4.31762061],[-79.32822554,-4.31676398],[-79.32890444,-4.31584331],[-79.32982626,-4.31438927],[-79.33007808,-4.31345957],[-79.33030599,-4.31242465],[-79.33027652,-4.31114648],[-79.32987492,-4.31054698],[-79.32935278,-4.30979352],[-79.32927314,-4.30937273],[-79.32935536,-4.30861251],[-79.32930858,-4.30790057],[-79.32950494,-4.30654201],[-79.330006,-4.30586361],[-79.33024906,-4.30526556],[-79.33052527,-4.30423074],[-79.33067179,-4.30355158],[-79.33100427,-4.3028759],[-79.33085093,-4.30265357],[-79.3306085,-4.3023372],[-79.330581,-4.30184908],[-79.33043927,-4.30124581],[-79.3300399,-4.30077121],[-79.32955414,-4.30056917],[-79.32915381,-4.3005252],[-79.32853204,-4.30040182],[-79.32791815,-4.29991238],[-79.32700351,-4.29966634],[-79.32643192,-4.29946411],[-79.32614659,-4.299162],[-79.32613358,-4.29857339],[-79.3261349,-4.29795611],[-79.32622174,-4.29748257],[-79.32623694,-4.29706629],[-79.32603744,-4.29675002],[-79.32562355,-4.29637589],[-79.32518866,-4.29579352],[-79.32447643,-4.2945143],[-79.32409186,-4.29381003],[-79.32412179,-4.29320716],[-79.32429488,-4.29251848],[-79.32443161,-4.29212399],[-79.32477583,-4.29165105],[-79.32496248,-4.2913069],[-79.32510634,-4.29091961],[-79.32530685,-4.29077651],[-79.3253794,-4.29028859],[-79.32533765,-4.28977167],[-79.3251527,-4.28932624],[-79.32498188,-4.288967],[-79.32495403,-4.28862238],[-79.3250404,-4.28836418],[-79.32532015,-4.28795565],[-79.3255062,-4.28786995],[-79.32569232,-4.28778422],[-79.32587865,-4.28756928],[-79.32595074,-4.28731103],[-79.32630915,-4.28689551],[-79.32688302,-4.28603545],[-79.32722746,-4.28546196],[-79.32760041,-4.28493163],[-79.32794447,-4.28454478],[-79.3283241,-4.28422261],[-79.32876746,-4.28418049],[-79.32945399,-4.28413892],[-79.33011238,-4.28386762],[-79.33059988,-4.28326577],[-79.33062144,-4.2831842],[-79.32880434,-4.28307369],[-79.32648109,-4.28262343],[-79.32339331,-4.28218685],[-79.32180345,-4.28201452],[-79.32050421,-4.28178141],[-79.32027514,-4.28164277],[-79.32029129,-4.28124369],[-79.32052233,-4.28049204],[-79.32069314,-4.27927974],[-79.32066521,-4.278067],[-79.32025377,-4.27742137],[-79.31943748,-4.27661372],[-79.31781865,-4.27568912],[-79.31580172,-4.27503998],[-79.31462613,-4.27422382],[-79.31407777,-4.27327091],[-79.31408639,-4.2728181],[-79.31422547,-4.27214297],[-79.31473107,-4.27166824],[-79.31534372,-4.27120908],[-79.31552827,-4.27071828],[-79.31542299,-4.26991983],[-79.31501204,-4.26904397],[-79.31471553,-4.26828345],[-79.31478063,-4.26648761],[-79.3149061,-4.26502963],[-79.31463963,-4.26453016],[-79.31392236,-4.26389921],[-79.31322002,-4.26342183],[-79.31291519,-4.26297598],[-79.31273352,-4.26214668],[-79.31241408,-4.26137846],[-79.3120486,-4.26070225],[-79.31181341,-4.25986512],[-79.31164661,-4.2592354],[-79.31138716,-4.2590046],[-79.31100526,-4.25883492],[-79.31050146,-4.25848073],[-79.31044108,-4.25812754],[-79.31024281,-4.25788152],[-79.30964723,-4.25755785],[-79.30905231,-4.25691184],[-79.30867112,-4.25643514],[-79.30825318,-4.25525993],[-79.30790364,-4.25429212],[-79.30750699,-4.25387676],[-79.30683498,-4.25353758],[-79.30622414,-4.25318317],[-79.3059651,-4.25276815],[-79.30576778,-4.25210766],[-79.30527226,-4.25145418],[-79.30492131,-4.25111572],[-79.30457146,-4.25028605],[-79.30377805,-4.24951676],[-79.30295398,-4.24879352],[-79.30200702,-4.24833092],[-79.30113575,-4.24820618],[-79.30024895,-4.24820422],[-79.29947672,-4.24824091],[-79.29893754,-4.24792591],[-79.29889646,-4.24790191],[-79.29876073,-4.24704202],[-79.29877335,-4.24529867],[-79.29793016,-4.2453397],[-79.29687451,-4.24556244],[-79.29638603,-4.24577321],[-79.29605547,-4.24614326],[-79.29568514,-4.24661913],[-79.2951046,-4.24671056],[-79.2942473,-4.24670867],[-79.29378513,-4.24694597],[-79.29336172,-4.24756737],[-79.29279294,-4.24830764],[-79.29209258,-4.24890195],[-79.29165655,-4.24925849],[-79.29111542,-4.24944267],[-79.29042961,-4.24940141],[-79.28991548,-4.24929435],[-79.28924363,-4.2489221],[-79.28862555,-4.24809978],[-79.28821167,-4.24737718],[-79.2878297,-4.247138],[-79.28743408,-4.24711068],[-79.28705135,-4.24721572],[-79.28677397,-4.24740048],[-79.28603536,-4.24739886],[-79.28535015,-4.24710601],[-79.28486285,-4.24680037],[-79.28405847,-4.24670589],[-79.28372866,-4.24674485],[-79.28323365,-4.24693576],[-79.28248087,-4.24737108],[-79.28184771,-4.24740939],[-79.28108279,-4.24738119],[-79.28070027,-4.24739357],[-79.28040976,-4.2475386],[-79.27976207,-4.24818599],[-79.27926052,-4.24834376],[-79.27848915,-4.24824274],[-79.2781859,-4.24820231],[-79.27788231,-4.24830757],[-79.27745957,-4.24861117],[-79.27672035,-4.24890083],[-79.27604764,-4.24891257],[-79.27559956,-4.24875268],[-79.27491482,-4.24826121],[-79.27434851,-4.24787596],[-79.27383432,-4.24779536],[-79.27216608,-4.24770553],[-79.26996387,-4.24752847],[-79.26902749,-4.24749988],[-79.26811116,-4.24734554],[-79.26764952,-4.24737099],[-79.26705551,-4.24758154],[-79.26651433,-4.24776567],[-79.26560462,-4.24761797],[-79.26481428,-4.24715277],[-79.26440627,-4.24676784],[-79.26388562,-4.24662765],[-79.26358229,-4.24661372],[-79.26314672,-4.24675837],[-79.26281657,-4.24695626],[-79.2622229,-4.24702111],[-79.26164308,-4.24679473],[-79.26103745,-4.24631668],[-79.2605233,-4.24620959],[-79.25962614,-4.24633998],[-79.25924351,-4.2464053],[-79.25803623,-4.24662105],[-79.25641433,-4.24644526],[-79.25480555,-4.24630923],[-79.25411991,-4.24622823],[-79.25308707,-4.24620585],[-79.252412,-4.24619123],[-79.25220031,-4.24621477],[-79.25180476,-4.24626349],[-79.25129733,-4.24657253],[-79.25054353,-4.24653361],[-79.24972782,-4.24654415],[-79.24929499,-4.24667965],[-79.24879979,-4.24705076],[-79.24816893,-4.24730992],[-79.24738395,-4.24738878],[-79.24629633,-4.2474111],[-79.24585112,-4.24755895],[-79.24535605,-4.24786801],[-79.24472479,-4.24830083],[-79.24401947,-4.24868384],[-79.2430176,-4.24904138],[-79.24218276,-4.24933109],[-79.24181169,-4.24945429],[-79.24104506,-4.24963864],[-79.24042727,-4.24957521],[-79.2399827,-4.24942528],[-79.23950075,-4.24941176],[-79.23915454,-4.24948545],[-79.23815269,-4.24983054],[-79.23694738,-4.24997046],[-79.23620559,-4.25010526],[-79.23504391,-4.25009021],[-79.23433934,-4.2501382],[-79.23390666,-4.25019925],[-79.23330076,-4.25033433],[-79.23270736,-4.25043223],[-79.23236128,-4.25044386],[-79.23189816,-4.25030013],[-79.23152779,-4.25012557],[-79.23095935,-4.25009943],[-79.22995834,-4.25008474],[-79.22898213,-4.25003285],[-79.22832695,-4.25010579],[-79.22798047,-4.2503035],[-79.22744837,-4.25060006],[-79.22682835,-4.25063241],[-79.22665114,-4.25064165],[-79.22611986,-4.25057839],[-79.22540342,-4.25042786],[-79.22495124,-4.2503988],[-79.2245064,-4.25037018],[-79.22440251,-4.25036353],[-79.22408356,-4.25036885],[-79.2231048,-4.25038533],[-79.22244933,-4.25059474],[-79.22150328,-4.25085932],[-79.22065001,-4.25109308],[-79.21949988,-4.25143783],[-79.21843644,-4.25170833],[-79.2172992,-4.25181736],[-79.21637874,-4.25170977],[-79.21577352,-4.25154706],[-79.21515639,-4.25121063],[-79.21466254,-4.25099859],[-79.21413189,-4.25066237],[-79.21371228,-4.25041322],[-79.21326766,-4.25027576],[-79.21263761,-4.2501874],[-79.21215636,-4.24986373],[-79.21173703,-4.24949053],[-79.21131153,-4.24911111],[-79.2110157,-4.24877546],[-79.21044856,-4.24819101],[-79.20990542,-4.24791678],[-79.20922615,-4.24772909],[-79.20855934,-4.24749182],[-79.2081644,-4.24726758],[-79.20779469,-4.24680766],[-79.20751186,-4.24619904],[-79.20737049,-4.24586993],[-79.20717408,-4.24529876],[-79.20687916,-4.24456604],[-79.20653414,-4.24413098],[-79.20565868,-4.24326048],[-79.2048688,-4.24281198],[-79.20400426,-4.24257424],[-79.20334338,-4.24245482],[-79.20291129,-4.24225528],[-79.20239243,-4.24217969],[-79.20166305,-4.2422772],[-79.20068629,-4.24247344],[-79.19923952,-4.24284227],[-79.19836718,-4.24330551],[-79.19761237,-4.24371318],[-79.19694403,-4.24414586],[-79.19544616,-4.24523416],[-79.19417202,-4.24576469],[-79.19354742,-4.24598036],[-79.19285511,-4.24609041],[-79.19195285,-4.24613794],[-79.1910996,-4.24635923],[-79.19007322,-4.24662976],[-79.18833628,-4.24689245],[-79.18768142,-4.24682887],[-79.18634679,-4.24681334],[-79.18527141,-4.24689765],[-79.18342263,-4.24743299],[-79.18259406,-4.24766678],[-79.18158025,-4.24785048],[-79.1804557,-4.24783542],[-79.17930665,-4.24772104],[-79.17882684,-4.2477335],[-79.17821288,-4.24774948],[-79.17776787,-4.24779803],[-79.17679219,-4.24753522],[-79.17607593,-4.24731019],[-79.17494053,-4.24664995],[-79.1741138,-4.24610205],[-79.17297192,-4.24557207],[-79.17240414,-4.24528537],[-79.17168763,-4.245172],[-79.17024157,-4.24524303],[-79.16880807,-4.24522722],[-79.16792468,-4.24513206],[-79.16755397,-4.24511876],[-79.16636795,-4.24496708],[-79.16596047,-4.24481724],[-79.16520758,-4.24441845],[-79.164343,-4.24420545],[-79.16313816,-4.24418399],[-79.16291565,-4.24420827],[-79.16239629,-4.24434349],[-79.16188963,-4.2443423],[-79.16103695,-4.24432786],[-79.16065439,-4.24410364],[-79.15977802,-4.24365489],[-79.15906189,-4.24338023],[-79.15824657,-4.24325423],[-79.15761008,-4.24328371],[-79.15628811,-4.24313168],[-79.15547262,-4.24308013],[-79.15480568,-4.24291722],[-79.15378042,-4.24272866],[-79.15310702,-4.24267122],[-79.15271175,-4.24259585],[-79.15185942,-4.24244492],[-79.15087132,-4.24221924],[-79.14948785,-4.24195537],[-79.14812327,-4.24154888],[-79.14738216,-4.24138582],[-79.14630746,-4.24120954],[-79.14462708,-4.24108147],[-79.14323692,-4.24104708],[-79.14244586,-4.24110723],[-79.14130868,-4.24121615],[-79.14045569,-4.24135056],[-79.13971092,-4.24145382],[-79.13900131,-4.24155894],[-79.13756426,-4.2418047],[-79.13658908,-4.24173113],[-79.13572005,-4.24174687],[-79.13474493,-4.24165548],[-79.13253819,-4.24117834],[-79.13179388,-4.2409629],[-79.13046436,-4.24074602],[-79.12982594,-4.24074448],[-79.12874478,-4.24049263],[-79.12762814,-4.24025845],[-79.12628225,-4.23973073],[-79.12470915,-4.23920003],[-79.12313599,-4.23869862],[-79.12191383,-4.23824163],[-79.12109907,-4.23783021],[-79.12047864,-4.23772185],[-79.11962666,-4.23804024],[-79.11771967,-4.23829377],[-79.11624766,-4.23834357],[-79.11466963,-4.23823291],[-79.11394286,-4.23810651],[-79.11255966,-4.23808534],[-79.11172599,-4.23817232],[-79.11099846,-4.23834859],[-79.10972128,-4.23850568],[-79.10856842,-4.23857405],[-79.10746877,-4.23864258],[-79.10699586,-4.23857809]]]]},"geometry_name":"geom","properties":{"id":7,"fid":7,"objectid":7,"dpa_parroq":"110161","dpa_despar":"VILCABAMBA","dpa_valor":0,"dpa_anio":"2009","dpa_canton":"1101","dpa_provin":"11","dpa_despro":"LOJA","dpa_descan":"LOJA","regional":"Sur","areas":15932.528899173965,"shape_length":78290.26938039718,"shape_area":1.5932528899173966E8}},{"type":"Feature","id":"limites_parroquiales.8","geometry":{"type":"MultiPolygon","coordinates":[[[[-79.21595171,-4.29935646],[-79.21602711,-4.29971744],[-79.21642634,-4.30021601],[-79.2168628,-4.30109747],[-79.21709049,-4.30157647],[-79.21739345,-4.30247676],[-79.21771472,-4.30370243],[-79.21784503,-4.30506167],[-79.2179578,-4.30575098],[-79.21813742,-4.3064117],[-79.21819322,-4.30700517],[-79.21819167,-4.30767503],[-79.21838103,-4.30823055],[-79.21860805,-4.30899665],[-79.21898782,-4.30966744],[-79.21925274,-4.31052936],[-79.21938543,-4.31085503],[-79.21954367,-4.312511],[-79.21940739,-4.31371647],[-79.21942386,-4.31482659],[-79.21965066,-4.31568842],[-79.21970669,-4.3161862],[-79.21996246,-4.31688539],[-79.22022796,-4.3174985],[-79.22096945,-4.31839979],[-79.22155876,-4.31914762],[-79.22201516,-4.31966548],[-79.22260413,-4.32056643],[-79.22294596,-4.32116053],[-79.22335415,-4.32189839],[-79.22333211,-4.32318069],[-79.22315768,-4.32438608],[-79.22298454,-4.32505559],[-79.22264064,-4.32536102],[-79.22221972,-4.32597246],[-79.22180805,-4.32672755],[-79.22144284,-4.32798991],[-79.2209643,-4.32879263],[-79.22079136,-4.32936644],[-79.22086601,-4.33005564],[-79.22089853,-4.33052802],[-79.22090289,-4.33059163],[-79.22118803,-4.33095594],[-79.22149272,-4.33112892],[-79.22214973,-4.33146542],[-79.22291087,-4.33211796],[-79.22334853,-4.33250179],[-79.22399563,-4.33300093],[-79.22479467,-4.33374925],[-79.22523253,-4.33405653],[-79.22561256,-4.33461249],[-79.22561117,-4.33520581],[-79.22558381,-4.33552635],[-79.22549034,-4.33591693],[-79.22534531,-4.33616358],[-79.22520424,-4.33665313],[-79.22531078,-4.33695244],[-79.22551282,-4.33719216],[-79.22576268,-4.3373602],[-79.22609569,-4.3376481],[-79.22626176,-4.3379715],[-79.22626073,-4.33841408],[-79.22616414,-4.33895216],[-79.22611508,-4.33956211],[-79.22626375,-4.34005551],[-79.22632791,-4.3402684],[-79.22669562,-4.34099895],[-79.22690324,-4.3414002],[-79.22699779,-4.34173536],[-79.22704433,-4.34222592],[-79.22698382,-4.3426325],[-79.22681597,-4.3430508],[-79.22639753,-4.34362399],[-79.226242,-4.34388679],[-79.22616979,-4.34419767],[-79.22619723,-4.34519658],[-79.22621908,-4.34604596],[-79.22620588,-4.34659621],[-79.22610908,-4.34721799],[-79.22600128,-4.34745698],[-79.22597044,-4.34790551],[-79.226148,-4.34843225],[-79.22635289,-4.34892693],[-79.22636126,-4.34894715],[-79.22646712,-4.3495455],[-79.22647721,-4.35032308],[-79.22650415,-4.35156127],[-79.22656209,-4.35224327],[-79.22656154,-4.35248249],[-79.22653732,-4.35264992],[-79.22647737,-4.3528053],[-79.22640569,-4.35288883],[-79.22628634,-4.35296033],[-79.22621439,-4.35315157],[-79.22615407,-4.35346247],[-79.22615908,-4.35387518],[-79.2262419,-4.35412656],[-79.22631288,-4.354354],[-79.22638358,-4.35468912],[-79.22641886,-4.35489258],[-79.22638249,-4.35515567],[-79.2263105,-4.35537081],[-79.22625037,-4.3556099],[-79.22618969,-4.35606435],[-79.22622391,-4.35672235],[-79.22620467,-4.35730246],[-79.22629864,-4.35788886],[-79.22635731,-4.35828377],[-79.22640363,-4.35885805],[-79.22632467,-4.35949786],[-79.22618047,-4.35999995],[-79.22595287,-4.36050183],[-79.22558242,-4.36093158],[-79.22503326,-4.36134898],[-79.22449654,-4.36153908],[-79.22387691,-4.36151372],[-79.22348378,-4.36145296],[-79.22325744,-4.36141654],[-79.22306644,-4.36155964],[-79.2229221,-4.36212151],[-79.22284919,-4.36271948],[-79.22285412,-4.36315609],[-79.22288864,-4.36368251],[-79.22308956,-4.36440075],[-79.22361152,-4.36543072],[-79.22419379,-4.36612593],[-79.2251154,-4.36697146],[-79.22598326,-4.36787069],[-79.22664822,-4.36890102],[-79.22683776,-4.36937995],[-79.22724701,-4.37020032],[-79.22782714,-4.37181664],[-79.22836129,-4.37271509],[-79.22869949,-4.37333194],[-79.22887728,-4.37375105],[-79.22913742,-4.3746249],[-79.22938503,-4.37576192],[-79.22949155,-4.37621858],[-79.22956789,-4.37654586],[-79.22980496,-4.37709671],[-79.23012552,-4.37759986],[-79.2305302,-4.37782816],[-79.23070853,-4.37801995],[-79.23087463,-4.37833137],[-79.23092133,-4.37873819],[-79.23088478,-4.379085],[-79.23089013,-4.37935416],[-79.23096099,-4.37961752],[-79.23102023,-4.37977316],[-79.23109144,-4.37989296],[-79.23124612,-4.38000098],[-79.23153214,-4.38000166],[-79.23186573,-4.38003833],[-79.23210371,-4.38020638],[-79.23216261,-4.38049362],[-79.23217379,-4.38080468],[-79.23201809,-4.38113925],[-79.23195821,-4.38125872],[-79.2319098,-4.3815816],[-79.23202852,-4.38177329],[-79.23230161,-4.38220457],[-79.23271147,-4.38276179],[-79.23324633,-4.38337312],[-79.23337688,-4.38360073],[-79.23338812,-4.38388785],[-79.23354183,-4.3844026],[-79.23393366,-4.38502557],[-79.23437324,-4.38560081],[-79.2345694,-4.38581061],[-79.23505658,-4.38643381],[-79.2353534,-4.38691301],[-79.23553137,-4.38724837],[-79.23574445,-4.38785894],[-79.23574375,-4.38815802],[-79.23587401,-4.38851717],[-79.23602831,-4.38879269],[-79.23624243,-4.38896069],[-79.2364687,-4.38904496],[-79.23704622,-4.38923173],[-79.23766506,-4.38960402],[-79.23810528,-4.38992804],[-79.23856956,-4.39014446],[-79.23889115,-4.39022896],[-79.23948617,-4.39060119],[-79.24004509,-4.39111691],[-79.24033007,-4.39156016],[-79.24094855,-4.39209997],[-79.24134121,-4.39236405],[-79.24147734,-4.39275315],[-79.24163193,-4.39289706],[-79.24189383,-4.39302929],[-79.24223903,-4.39320954],[-79.24254775,-4.3937007],[-79.24268949,-4.39423935],[-79.24273597,-4.39474187],[-79.24296117,-4.39528073],[-79.2430082,-4.39555596],[-79.24314402,-4.39607664],[-79.24329807,-4.39645981],[-79.24359551,-4.39667585],[-79.24397679,-4.39671262],[-79.24416738,-4.39676092],[-79.24434577,-4.39691684],[-79.24458371,-4.39709687],[-79.24477416,-4.39719304],[-79.24491668,-4.39740867],[-79.24495107,-4.39798293],[-79.24492703,-4.39807858],[-79.24502204,-4.3982104],[-79.2452244,-4.39834245],[-79.24546264,-4.39837892],[-79.2457248,-4.39839148],[-79.24584982,-4.39844563],[-79.24602828,-4.39857764],[-79.24612304,-4.39882904],[-79.24613463,-4.39896068],[-79.24622974,-4.39905661],[-79.24636081,-4.39908083],[-79.24650376,-4.39910508],[-79.24661089,-4.39916514],[-79.2466822,-4.39924906],[-79.24674154,-4.39935686],[-79.24677714,-4.39941677],[-79.24682468,-4.39947666],[-79.24693183,-4.39952478],[-79.24703905,-4.399537],[-79.24721784,-4.39953742],[-79.24750312,-4.39984911],[-79.24771719,-4.40004103],[-79.24808622,-4.40023329],[-79.24816919,-4.40042488],[-79.24807818,-4.40112445],[-79.24795669,-4.40210511],[-79.24790654,-4.40316965],[-79.24797701,-4.40361243],[-79.24808914,-4.40408521],[-79.24814749,-4.40459973],[-79.2480868,-4.40507808],[-79.24799085,-4.40534103],[-79.24782221,-4.40610627],[-79.24780866,-4.40680006],[-79.24783735,-4.40727261],[-79.24758598,-4.40775053],[-79.24717986,-4.40812039],[-79.24661816,-4.40878896],[-79.24598511,-4.40939757],[-79.24569834,-4.40969593],[-79.24550138,-4.40982107],[-79.24525039,-4.41013152],[-79.2450711,-4.41034639],[-79.24501112,-4.41051376],[-79.24493898,-4.41078872],[-79.24486663,-4.41113545],[-79.24483023,-4.4114105],[-79.24473427,-4.41168541],[-79.24447142,-4.41195992],[-79.24404151,-4.41232975],[-79.24369511,-4.4126519],[-79.24343181,-4.41311782],[-79.24330583,-4.41348237],[-79.24316194,-4.41384092],[-79.2428269,-4.41440235],[-79.24240867,-4.41487985],[-79.24199049,-4.41532148],[-79.24146392,-4.4162533],[-79.24143968,-4.41642068],[-79.24122997,-4.41689275],[-79.24125284,-4.41731148],[-79.24126389,-4.41768232],[-79.24120391,-4.41783767],[-79.24116769,-4.41804097],[-79.24117883,-4.41836397],[-79.24120222,-4.41855546],[-79.24122544,-4.41881867],[-79.24118905,-4.41908175],[-79.24115252,-4.41942858],[-79.24114035,-4.41953624],[-79.24109804,-4.41978133],[-79.24106196,-4.4199248],[-79.2409663,-4.42005617],[-79.24083485,-4.4201994],[-79.24078672,-4.42040264],[-79.24077449,-4.4205342],[-79.24083344,-4.42079753],[-79.24097588,-4.42104906],[-79.24108278,-4.42120482],[-79.24116579,-4.42138447],[-79.24123687,-4.42156405],[-79.24135549,-4.42180359],[-79.24146237,-4.42197134],[-79.2416042,-4.42247408],[-79.2416275,-4.42270142],[-79.2419063,-4.42323443],[-79.24215539,-4.42374939],[-79.2425476,-4.42421685],[-79.2430828,-4.42469661],[-79.24380872,-4.4251649],[-79.24451097,-4.42554935],[-79.24520123,-4.42598164],[-79.24581362,-4.42657522],[-79.24620561,-4.42713839],[-79.24632394,-4.42749755],[-79.24623946,-4.42793995],[-79.24593956,-4.42878857],[-79.24577175,-4.42917096],[-79.24453481,-4.4306095],[-79.24411671,-4.43101524],[-79.24396123,-4.43124217],[-79.24382952,-4.43150502],[-79.24370943,-4.43187557],[-79.24375603,-4.43234222],[-79.24376752,-4.43252169],[-79.24404508,-4.43359301],[-79.24448299,-4.43488596],[-79.24488596,-4.43585588],[-79.24563884,-4.43752641],[-79.24626753,-4.43879594],[-79.24655259,-4.43921529],[-79.24772269,-4.44085095],[-79.24874478,-4.44209748],[-79.2491489,-4.44256496],[-79.25052214,-4.44399775],[-79.25149748,-4.44483744],[-79.25198492,-4.44536494],[-79.25288077,-4.44599895],[-79.25380893,-4.44663276],[-79.2546086,-4.44718017],[-79.25596532,-4.44804467],[-79.25682204,-4.4486496],[-79.2576925,-4.44949862],[-79.25843415,-4.45039038],[-79.2588471,-4.45116654],[-79.25938073,-4.45232341],[-79.25979295,-4.45341531],[-79.25991961,-4.45429129],[-79.26004724,-4.45476531],[-79.26069433,-4.45633872],[-79.26106403,-4.45725831],[-79.26143446,-4.45786209],[-79.26167681,-4.45820718],[-79.26275362,-4.45950886],[-79.26315224,-4.46029933],[-79.26363702,-4.46094649],[-79.26400759,-4.46149281],[-79.26479851,-4.46273641],[-79.26532582,-4.46354155],[-79.26591052,-4.46427506],[-79.26620955,-4.46484994],[-79.26704335,-4.46607925],[-79.26746999,-4.4671282],[-79.26775406,-4.46797579],[-79.26838534,-4.47019516],[-79.26861226,-4.47101396],[-79.26888301,-4.47144524],[-79.26941699,-4.47247289],[-79.27044526,-4.47312131],[-79.27117407,-4.47341011],[-79.27150815,-4.47357875],[-79.27151695,-4.4735832],[-79.27182842,-4.47365215],[-79.27222982,-4.47395925],[-79.27292252,-4.47419745],[-79.27392071,-4.47425545],[-79.27516882,-4.47417491],[-79.27636181,-4.47392722],[-79.2781237,-4.47351391],[-79.27862297,-4.47345941],[-79.27922611,-4.47346779],[-79.28048732,-4.47370732],[-79.28147056,-4.47422451],[-79.2825093,-4.47472795],[-79.28343612,-4.47566248],[-79.2840034,-4.47617867],[-79.28542161,-4.47746923],[-79.28607181,-4.47811088],[-79.2865425,-4.47843207],[-79.28691627,-4.47869733],[-79.28722096,-4.47885112],[-79.28742871,-4.47894901],[-79.28778911,-4.47900552],[-79.2883162,-4.47890934],[-79.28881585,-4.47870176],[-79.28905241,-4.47834054],[-79.28934551,-4.47750624],[-79.28962382,-4.47707551],[-79.29001956,-4.47683291],[-79.29047762,-4.47662524],[-79.29076869,-4.47666767],[-79.29098906,-4.4773083],[-79.29133267,-4.47861719],[-79.29148284,-4.47963342],[-79.29157838,-4.48028772],[-79.29205301,-4.4818961],[-79.29255024,-4.48273222],[-79.29295082,-4.4833872],[-79.29348152,-4.48474526],[-79.29382634,-4.48552533],[-79.29422659,-4.4863334],[-79.2943295,-4.48679983],[-79.29457731,-4.48756579],[-79.29499128,-4.48842956],[-79.29515589,-4.48919533],[-79.29529333,-4.48972444],[-79.29545872,-4.49015624],[-79.29568529,-4.49111002],[-79.29585013,-4.49177835],[-79.29614015,-4.49228],[-79.29651354,-4.49271228],[-79.2970396,-4.49307533],[-79.29763575,-4.49311847],[-79.29853672,-4.49324581],[-79.29936853,-4.49331734],[-79.30020054,-4.49330536],[-79.30085191,-4.49344603],[-79.30137175,-4.49349595],[-79.3022169,-4.49379017],[-79.30288145,-4.49423699],[-79.3033242,-4.49465554],[-79.30357276,-4.49510142],[-79.30362671,-4.49575559],[-79.30348629,-4.49650674],[-79.30326984,-4.49718118],[-79.30293544,-4.49786226],[-79.30269875,-4.49829311],[-79.30265614,-4.4987244],[-79.30290493,-4.49907289],[-79.30363845,-4.499673],[-79.30397054,-4.499966],[-79.30509877,-4.50078273],[-79.306123,-4.50159224],[-79.30709219,-4.50222071],[-79.3080064,-4.50264032],[-79.30851873,-4.50294766],[-79.30944274,-4.50338342],[-79.30974282,-4.50359405],[-79.31075696,-4.50422803],[-79.31251348,-4.50546669],[-79.31387061,-4.50623783],[-79.31507065,-4.50688661],[-79.31685703,-4.50760853],[-79.3183584,-4.50785606],[-79.31983153,-4.50794559],[-79.32090509,-4.5076179],[-79.32260922,-4.50677485],[-79.32414199,-4.50580222],[-79.3246625,-4.50526224],[-79.32462965,-4.50522909],[-79.3238575,-4.50511251],[-79.3224986,-4.50510937],[-79.32142563,-4.50516431],[-79.32052412,-4.5053345],[-79.31913632,-4.50546046],[-79.31810628,-4.50552988],[-79.31710528,-4.50539836],[-79.31644785,-4.50515276],[-79.31579144,-4.5044622],[-79.31530659,-4.5038151],[-79.31516418,-4.50354201],[-79.31502481,-4.50332303],[-79.31419385,-4.50203865],[-79.31371541,-4.50138734],[-79.31339249,-4.50094103],[-79.31290157,-4.50049435],[-79.31227932,-4.49977043],[-79.31178294,-4.49910094],[-79.31143581,-4.49872686],[-79.31125641,-4.49847357],[-79.31106532,-4.49809983],[-79.31093427,-4.49769012],[-79.31079133,-4.49724424],[-79.3106122,-4.49687053],[-79.31052323,-4.49643082],[-79.31036818,-4.49603309],[-79.31029737,-4.49551511],[-79.31004634,-4.49510514],[-79.30987941,-4.49464715],[-79.30977919,-4.49387024],[-79.30975679,-4.49319586],[-79.30971112,-4.49218423],[-79.30981992,-4.49182326],[-79.30991666,-4.49149836],[-79.30994184,-4.49098061],[-79.31003319,-4.49038479],[-79.31005807,-4.48999953],[-79.3099748,-4.48968623],[-79.31005969,-4.48930109],[-79.31010395,-4.48830776],[-79.31006914,-4.48778989],[-79.31017906,-4.48695926],[-79.31002462,-4.48629662],[-79.30987636,-4.48554367],[-79.3098533,-4.48514623],[-79.30981913,-4.48435144],[-79.30976053,-4.48373715],[-79.30978121,-4.48257518],[-79.309795,-4.48179252],[-79.30973324,-4.479944],[-79.30987863,-4.4793302],[-79.30996471,-4.47841526],[-79.30992377,-4.47796358],[-79.31018931,-4.47726578],[-79.31035839,-4.4767845],[-79.31063516,-4.4764239],[-79.31081613,-4.47600287],[-79.31079891,-4.47565964],[-79.31054861,-4.47493656],[-79.31052604,-4.47431034],[-79.31059925,-4.47378067],[-79.31069586,-4.47350393],[-79.31068431,-4.47331125],[-79.31045684,-4.47309397],[-79.31019969,-4.47273815],[-79.31010437,-4.4724369],[-79.3099491,-4.47214754],[-79.30984147,-4.47197871],[-79.30984238,-4.47158134],[-79.3097592,-4.47124396],[-79.30961577,-4.47100282],[-79.30929221,-4.47083349],[-79.30914875,-4.4706164],[-79.30912546,-4.47029124],[-79.30910838,-4.46989983],[-79.30903803,-4.46917718],[-79.30848738,-4.46863403],[-79.30822398,-4.46839261],[-79.30811666,-4.46809131],[-79.30791343,-4.46777775],[-79.3072128,-4.46724029],[-79.3069972,-4.46708323],[-79.30663755,-4.46694995],[-79.30640962,-4.46693738],[-79.30598995,-4.46682805],[-79.30565426,-4.4667189],[-79.30512665,-4.46658521],[-79.30453937,-4.46631895],[-79.30413247,-4.46587245],[-79.30373688,-4.465715],[-79.30356953,-4.46546177],[-79.30346202,-4.46524475],[-79.30353448,-4.46504023],[-79.30369089,-4.4648479],[-79.3038359,-4.46440269],[-79.30380637,-4.46420394],[-79.30381981,-4.46356577],[-79.30404862,-4.463193],[-79.30434955,-4.46277225],[-79.30474633,-4.46239989],[-79.30515549,-4.46185895],[-79.30552796,-4.46163104],[-79.30582795,-4.46160764],[-79.3062603,-4.46141596],[-79.30651268,-4.46123594],[-79.30684918,-4.46098383],[-79.30706514,-4.46098433],[-79.30735881,-4.46111144],[-79.30795807,-4.46137774],[-79.30873756,-4.4615481],[-79.30956588,-4.46134531],[-79.31026263,-4.4609616],[-79.31076759,-4.46050518],[-79.311224,-4.46028946],[-79.31147583,-4.46033822],[-79.3117871,-4.46062794],[-79.31233882,-4.46071347],[-79.31275913,-4.46054589],[-79.31307164,-4.46029372],[-79.31342076,-4.45977675],[-79.31360177,-4.45931953],[-79.31375899,-4.45877803],[-79.31399941,-4.45857388],[-79.3145283,-4.45812955],[-79.31492559,-4.45754043],[-79.31547857,-4.45706004],[-79.3157256,-4.45686261],[-79.31565098,-4.45652186],[-79.3157786,-4.45576392],[-79.3157182,-4.45463918],[-79.3156821,-4.45390618],[-79.3156575,-4.45365341],[-79.31508491,-4.45353205],[-79.31439288,-4.4533409],[-79.31356303,-4.45284619],[-79.31224216,-4.45237562],[-79.31119827,-4.45186779],[-79.31061982,-4.45158843],[-79.30974556,-4.45123895],[-79.30889023,-4.45088313],[-79.30823673,-4.45036357],[-79.30786059,-4.44968033],[-79.30781195,-4.44892206],[-79.30796463,-4.4482274],[-79.30818692,-4.4473623],[-79.30851638,-4.44644065],[-79.30864399,-4.44568274],[-79.30884622,-4.44534202],[-79.30906116,-4.44493814],[-79.30927594,-4.44461009],[-79.30937183,-4.44397218],[-79.30938721,-4.44274648],[-79.30933956,-4.44157122],[-79.30940362,-4.44106588],[-79.30948783,-4.44002358],[-79.310132,-4.43910261],[-79.31028447,-4.43848376],[-79.31036186,-4.43768788],[-79.31050919,-4.43655725],[-79.31085058,-4.43591358],[-79.3109276,-4.43526931],[-79.31080331,-4.43456139],[-79.31070356,-4.43414417],[-79.31061167,-4.43301296],[-79.31076478,-4.43211619],[-79.31090488,-4.43140883],[-79.31108262,-4.43075215],[-79.3112045,-4.42974786],[-79.31102935,-4.42925464],[-79.31105614,-4.42854705],[-79.31107074,-4.42766255],[-79.31112226,-4.42714458],[-79.31120643,-4.42611492],[-79.31128396,-4.42524317],[-79.31134888,-4.42438405],[-79.31153925,-4.42370211],[-79.31173478,-4.42353197],[-79.31212609,-4.42307793],[-79.31289637,-4.42206881],[-79.31327599,-4.42121036],[-79.31364259,-4.42054148],[-79.31387033,-4.42004922],[-79.31425579,-4.41938667],[-79.31429458,-4.41894448],[-79.31423283,-4.41838832],[-79.31397046,-4.41751582],[-79.31375779,-4.41692143],[-79.31382183,-4.41644138],[-79.31381704,-4.41576535],[-79.31404497,-4.41518457],[-79.31428516,-4.41474285],[-79.31453888,-4.41388416],[-79.3146663,-4.4132147],[-79.31467968,-4.41286093],[-79.31482628,-4.41205887],[-79.31505441,-4.41137701],[-79.31524508,-4.4105687],[-79.31544812,-4.40986153],[-79.31558787,-4.40929322],[-79.3158611,-4.40815024],[-79.31604008,-4.40695018],[-79.31623046,-4.40626825],[-79.31652106,-4.40580137],[-79.31674194,-4.40555544],[-79.31712074,-4.40505084],[-79.31753756,-4.40444527],[-79.31772783,-4.40380123],[-79.31776716,-4.4031063],[-79.31779439,-4.40219656],[-79.31785335,-4.40117947],[-79.31775414,-4.40049687],[-79.31742782,-4.40005386],[-79.31711435,-4.39948451],[-79.31678811,-4.39900359],[-79.3161539,-4.39831344],[-79.3156393,-4.3976173],[-79.31535112,-4.39701007],[-79.31488741,-4.39607395],[-79.31457383,-4.39555514],[-79.31416672,-4.39465072],[-79.31396799,-4.39344984],[-79.31400828,-4.39232529],[-79.31398406,-4.3918956],[-79.31375478,-4.39027128],[-79.31361912,-4.38901997],[-79.31350722,-4.38840053],[-79.31337813,-4.38701657],[-79.31299011,-4.38601741],[-79.31250094,-4.38520759],[-79.31231311,-4.38476488],[-79.31185715,-4.38319063],[-79.31163325,-4.38197703],[-79.31150932,-4.38110482],[-79.31115286,-4.38007419],[-79.31087825,-4.37901209],[-79.31080469,-4.37814004],[-79.31084383,-4.37752093],[-79.31093954,-4.37694618],[-79.31130541,-4.37659317],[-79.31174666,-4.37630354],[-79.31188583,-4.3760006],[-79.31186103,-4.37582363],[-79.3117861,-4.3755581],[-79.31179935,-4.37526751],[-79.31195104,-4.37497718],[-79.31224148,-4.37458613],[-79.31221686,-4.37433332],[-79.3120158,-4.37418124],[-79.31178938,-4.37409226],[-79.31151271,-4.37397793],[-79.3112803,-4.37374361],[-79.3111795,-4.37335376],[-79.31114303,-4.37321261],[-79.31120719,-4.372682],[-79.3114472,-4.37230346],[-79.31196437,-4.37184971],[-79.31255742,-4.37121925],[-79.31283541,-4.37076496],[-79.31321421,-4.37026036],[-79.31412909,-4.36928307],[-79.31497375,-4.36874161],[-79.31552869,-4.36827532],[-79.31602109,-4.36763199],[-79.31629918,-4.36712714],[-79.31668977,-4.36697637],[-79.31701755,-4.36676228],[-79.3171439,-4.3665604],[-79.31723907,-4.36622575],[-79.31706358,-4.36588415],[-79.31671152,-4.36569382],[-79.31630927,-4.36542757],[-79.31586958,-4.36500958],[-79.31545535,-4.36447791],[-79.31520442,-4.36408562],[-79.31492845,-4.36365535],[-79.31477893,-4.36296004],[-79.31461077,-4.36215724],[-79.31449962,-4.36118399],[-79.31452531,-4.36095661],[-79.31441279,-4.36060252],[-79.31442605,-4.36031192],[-79.3145905,-4.35994582],[-79.31479305,-4.35945347],[-79.31478788,-4.35894167],[-79.3146385,-4.35818316],[-79.31460252,-4.35738699],[-79.3147178,-4.35649006],[-79.3149708,-4.35593462],[-79.31521807,-4.35513277],[-79.31543307,-4.35469097],[-79.31573602,-4.35432517],[-79.31634118,-4.35390957],[-79.31671961,-4.35355657],[-79.31702203,-4.35341825],[-79.31732444,-4.3533052],[-79.31746354,-4.3530149],[-79.31762847,-4.35244659],[-79.31767469,-4.35219632],[-79.31771127,-4.35199819],[-79.31758685,-4.35134081],[-79.3171351,-4.35069535],[-79.31662036,-4.35006235],[-79.31623102,-4.34965715],[-79.31594185,-4.34949224],[-79.31528758,-4.34935177],[-79.31467106,-4.34919873],[-79.31410478,-4.34910902],[-79.31363943,-4.34891844],[-79.31313069,-4.34841814],[-79.3125282,-4.34763336],[-79.31208893,-4.34703847],[-79.31190097,-4.34664632],[-79.31183837,-4.34649454],[-79.31153678,-4.34625376],[-79.31115952,-4.34607599],[-79.3108702,-4.34597427],[-79.31054305,-4.34591036],[-79.31021613,-4.34574536],[-79.30996494,-4.34547945],[-79.30948248,-4.34448638],[-79.30948431,-4.34366504],[-79.30961178,-4.34295765],[-79.30980203,-4.34231365],[-79.30984086,-4.34183354],[-79.30961009,-4.34090425],[-79.30958665,-4.34010811],[-79.30944929,-4.33960236],[-79.30908519,-4.3391719],[-79.30887205,-4.33877969],[-79.30850794,-4.33834924],[-79.3075724,-4.33732992],[-79.30705708,-4.33696232],[-79.30709569,-4.33658335],[-79.30695943,-4.33556925],[-79.30699023,-4.33457882],[-79.30726344,-4.3339047],[-79.30723601,-4.33337348],[-79.30689421,-4.33274108],[-79.3059524,-4.33182023],[-79.30490992,-4.33115754],[-79.30415247,-4.33094052],[-79.30305887,-4.33075861],[-79.30250187,-4.33042721],[-79.30238837,-4.33002498],[-79.30242098,-4.32823065],[-79.30220906,-4.32706737],[-79.30188886,-4.32637043],[-79.30113185,-4.32595242],[-79.30061719,-4.3258795],[-79.2994161,-4.32580502],[-79.2985434,-4.32596096],[-79.29815702,-4.32608928],[-79.29772811,-4.32604526],[-79.29752862,-4.32571463],[-79.2972878,-4.32469485],[-79.2970757,-4.32361772],[-79.29684811,-4.32305739],[-79.29634146,-4.32261839],[-79.29579864,-4.3223444],[-79.29506908,-4.32245761],[-79.29435283,-4.32300151],[-79.29324981,-4.32384598],[-79.29261931,-4.32440442],[-79.29211847,-4.3245612],[-79.29143186,-4.32464579],[-79.28937986,-4.32459089],[-79.28626259,-4.32448338],[-79.28576215,-4.32446787],[-79.2842683,-4.32422765],[-79.28203862,-4.32369142],[-79.28058078,-4.3233436],[-79.27943017,-4.32308979],[-79.27904402,-4.32308891],[-79.27829996,-4.32330255],[-79.27751357,-4.32324333],[-79.27645646,-4.32275285],[-79.27547036,-4.32247785],[-79.27486998,-4.32236163],[-79.27414814,-4.32222363],[-79.27202554,-4.32178096],[-79.27108167,-4.32180751],[-79.27028071,-4.32187746],[-79.26950867,-4.32178957],[-79.26870829,-4.32160114],[-79.26731456,-4.32136107],[-79.26621378,-4.32121499],[-79.26535638,-4.3209403],[-79.26485618,-4.32080997],[-79.26454149,-4.32085231],[-79.26408306,-4.32121014],[-79.26346795,-4.32129488],[-79.26305314,-4.32135132],[-79.26218833,-4.32118427],[-79.26173038,-4.32134112],[-79.26114288,-4.32185655],[-79.26067737,-4.32215816],[-79.26061302,-4.32219986],[-79.26019873,-4.32201229],[-79.25982807,-4.32150904],[-79.25977259,-4.32074807],[-79.26000397,-4.31961454],[-79.26023516,-4.3185815],[-79.26068032,-4.31776431],[-79.26103165,-4.31732727],[-79.26148993,-4.31702688],[-79.26200572,-4.3165974],[-79.26223587,-4.31600937],[-79.26245201,-4.31527774],[-79.26273888,-4.31490517],[-79.26312599,-4.31446104],[-79.26332742,-4.31391601],[-79.26331379,-4.31361451],[-79.26285094,-4.31278803],[-79.26273809,-4.31209875],[-79.2628966,-4.31156799],[-79.26295487,-4.31109438],[-79.26292771,-4.31046274],[-79.26282823,-4.31018974],[-79.26245706,-4.30991612],[-79.26202885,-4.30955626],[-79.26163661,-4.30911755],[-79.26160929,-4.30855762],[-79.2616822,-4.30792619],[-79.2615913,-4.3077886],[-79.2615397,-4.3077105],[-79.26133948,-4.3077244],[-79.26079537,-4.308039],[-79.2601799,-4.30829595],[-79.25933624,-4.30826533],[-79.2582921,-4.30839213],[-79.25761983,-4.30846237],[-79.25704719,-4.30873381],[-79.25644577,-4.30910566],[-79.25500624,-4.31015744],[-79.25388901,-4.31095875],[-79.25315833,-4.31155998],[-79.25247127,-4.31184555],[-79.25220598,-4.31191446],[-79.25166257,-4.31192278],[-79.25053774,-4.3118819],[-79.24958457,-4.31182225],[-79.24815426,-4.31195295],[-79.24676254,-4.31189234],[-79.24569525,-4.31169845],[-79.24483915,-4.31087347],[-79.24459333,-4.30997332],[-79.24449007,-4.30927448],[-79.24443563,-4.30806852],[-79.2440564,-4.30716807],[-79.24331579,-4.30586486],[-79.24285164,-4.30457183],[-79.24262446,-4.30386316],[-79.24253131,-4.30290592],[-79.24268511,-4.30235124],[-79.24320118,-4.30179734],[-79.24411783,-4.3011487],[-79.24474769,-4.30086307],[-79.24520569,-4.30067272],[-79.24715355,-4.29931826],[-79.24688661,-4.29931764],[-79.24635239,-4.29948869],[-79.24581821,-4.29964054],[-79.24528412,-4.29973508],[-79.24467376,-4.29982934],[-79.24266193,-4.29998739],[-79.24193702,-4.30015796],[-79.24109784,-4.30027086],[-79.23982056,-4.3002105],[-79.23863944,-4.2997867],[-79.23783993,-4.29922978],[-79.23698328,-4.29865361],[-79.2364027,-4.29824077],[-79.23524017,-4.29802754],[-79.23449709,-4.29781525],[-79.23346773,-4.29771721],[-79.23262883,-4.29771526],[-79.23191268,-4.29760789],[-79.23118272,-4.29755621],[-79.23045599,-4.2974231],[-79.22955989,-4.29742101],[-79.22852081,-4.29740902],[-79.22684294,-4.2974434],[-79.22527931,-4.29753547],[-79.22442093,-4.29770573],[-79.22388155,-4.29771242],[-79.22312444,-4.29772185],[-79.22145565,-4.29793804],[-79.22105496,-4.2980711],[-79.22013915,-4.29835606],[-79.2192423,-4.29867932],[-79.2184029,-4.2988879],[-79.21746806,-4.29915366],[-79.21649532,-4.29932364],[-79.21595171,-4.29935646]]]]},"geometry_name":"geom","properties":{"id":8,"fid":8,"objectid":8,"dpa_parroq":"110163","dpa_despar":"QUINARA","dpa_valor":0,"dpa_anio":"2009","dpa_canton":"1101","dpa_provin":"11","dpa_despro":"LOJA","dpa_descan":"LOJA","regional":"Sur","areas":14791.965521506112,"shape_length":70773.34762797036,"shape_area":1.4791965521506113E8}},{"type":"Feature","id":"limites_parroquiales.9","geometry":{"type":"MultiPolygon","coordinates":[[[[-79.25381562,-3.67307715],[-79.25370215,-3.67322474],[-79.25223964,-3.67360154],[-79.25169757,-3.67387853],[-79.25137204,-3.67419224],[-79.25090206,-3.6745419],[-79.25078131,-3.67474719],[-79.25082882,-3.67507369],[-79.25088714,-3.67570813],[-79.25088776,-3.67571455],[-79.25106671,-3.6765007],[-79.251162,-3.67700867],[-79.2511482,-3.67791535],[-79.25115866,-3.67872537],[-79.25104972,-3.67905156],[-79.25087479,-3.67927487],[-79.25036885,-3.67953985],[-79.2499347,-3.68003467],[-79.24971709,-3.68054198],[-79.24939135,-3.68097656],[-79.24898141,-3.6813868],[-79.24860795,-3.68160368],[-79.24839094,-3.68179668],[-79.24823374,-3.6821832],[-79.24816663,-3.68266066],[-79.24803378,-3.68290217],[-79.24779283,-3.68304676],[-79.24758768,-3.68334861],[-79.24740644,-3.68372303],[-79.24722556,-3.68390399],[-79.24699688,-3.6839398],[-79.24667216,-3.68383036],[-79.24613135,-3.6834787],[-79.24555415,-3.68325996],[-79.24495245,-3.68327087],[-79.24421799,-3.68348699],[-79.24370025,-3.68363107],[-79.24332709,-3.68367869],[-79.24279166,-3.68364741],[-79.24221451,-3.68340449],[-79.24146906,-3.68308866],[-79.24053084,-3.68286921],[-79.2399659,-3.68255375],[-79.23920875,-3.6820566],[-79.23878852,-3.68157218],[-79.23848868,-3.68106384],[-79.23827923,-3.68050128],[-79.23811161,-3.68005361],[-79.2377634,-3.67966607],[-79.23731836,-3.67955639],[-79.23674112,-3.67938602],[-79.23587471,-3.6793601],[-79.23509272,-3.67927391],[-79.23438268,-3.67929669],[-79.2337583,-3.67928506],[-79.23329369,-3.67927639],[-79.23258318,-3.67954096],[-79.23207683,-3.68002348],[-79.23175104,-3.68047017],[-79.23153352,-3.68094123],[-79.23147225,-3.68149719],[-79.23132643,-3.68221019],[-79.23121033,-3.68312272],[-79.23111198,-3.68417429],[-79.23109819,-3.68506887],[-79.23104307,-3.68555835],[-79.23072931,-3.68600506],[-79.22986133,-3.68678914],[-79.22941542,-3.68712673],[-79.22881859,-3.68740112],[-79.2282712,-3.68764428],[-79.22783739,-3.68794566],[-79.22746355,-3.68834385],[-79.22639577,-3.68976221],[-79.22562402,-3.6905707],[-79.22514162,-3.69110163],[-79.2246593,-3.69159631],[-79.2243033,-3.69209731],[-79.22406239,-3.6922298],[-79.2234963,-3.69247046],[-79.22248457,-3.69292784],[-79.22147278,-3.69340936],[-79.22088256,-3.69369829],[-79.220509,-3.69396353],[-79.22013514,-3.69436174],[-79.21946554,-3.69523684],[-79.21891052,-3.69598527],[-79.2185362,-3.69661315],[-79.21834294,-3.69697544],[-79.21810741,-3.69741623],[-79.21805854,-3.69777879],[-79.21812968,-3.69831088],[-79.21835714,-3.6989037],[-79.21870486,-3.69954514],[-79.21908273,-3.70013221],[-79.21945397,-3.70103969],[-79.21971749,-3.70165676],[-79.21999328,-3.70215297],[-79.22011276,-3.70257632],[-79.22029796,-3.70323558],[-79.22038025,-3.70421497],[-79.22038991,-3.7054118],[-79.22019041,-3.70587685],[-79.21973151,-3.70668592],[-79.21909254,-3.707277],[-79.21847804,-3.70767471],[-79.21761105,-3.70792684],[-79.21663642,-3.70788859],[-79.21569814,-3.70770535],[-79.21466987,-3.70739499],[-79.21427986,-3.70741922],[-79.21410422,-3.70743012],[-79.21321315,-3.70769427],[-79.21228641,-3.70777704],[-79.21133575,-3.70777512],[-79.21046308,-3.70787609],[-79.20981336,-3.70782642],[-79.20922412,-3.7076197],[-79.2085626,-3.7074491],[-79.2079971,-3.70741169],[-79.20711831,-3.70757915],[-79.20656452,-3.70768684],[-79.20514972,-3.70810104],[-79.20428255,-3.70847406],[-79.20386055,-3.70887214],[-79.20358305,-3.70923423],[-79.2033656,-3.70964483],[-79.20301583,-3.71004305],[-79.20249771,-3.71036839],[-79.20211213,-3.7106215],[-79.20184662,-3.71088714],[-79.20168405,-3.71104976],[-79.20105692,-3.71173758],[-79.20059843,-3.71232901],[-79.2001992,-3.71337995],[-79.20010184,-3.71391166],[-79.19991267,-3.71522295],[-79.1995856,-3.71628614],[-79.19936712,-3.71720446],[-79.19891223,-3.71899874],[-79.19856134,-3.71994103],[-79.198368,-3.72031537],[-79.19773387,-3.72149278],[-79.19694964,-3.72248245],[-79.19627374,-3.72347238],[-79.1954106,-3.72479434],[-79.19529344,-3.72501795],[-79.19527773,-3.72504794],[-79.1952042,-3.72570062],[-79.19519058,-3.72648637],[-79.1950259,-3.72756801],[-79.19483114,-3.72865563],[-79.19469692,-3.72956204],[-79.1944961,-3.73066775],[-79.19432643,-3.73124769],[-79.1942174,-3.73161013],[-79.19403605,-3.7320208],[-79.19393888,-3.7324558],[-79.19381169,-3.73287262],[-79.19359397,-3.73341617],[-79.19338825,-3.73397186],[-79.19312215,-3.73463617],[-79.19278408,-3.73517951],[-79.19233757,-3.73579512],[-79.19199376,-3.73621151],[-79.1918368,-3.73645295],[-79.191787,-3.73726282],[-79.19170055,-3.73833857],[-79.19168708,-3.73905178],[-79.19179965,-3.73990429],[-79.19182221,-3.74064179],[-79.19185668,-3.74143972],[-79.19186725,-3.74215301],[-79.1917876,-3.74284795],[-79.19165364,-3.74362137],[-79.19132692,-3.7445032],[-79.19109706,-3.74509509],[-79.19026979,-3.74651384],[-79.18984692,-3.74732294],[-79.18958135,-3.74773343],[-79.18948417,-3.74816843],[-79.18948355,-3.74847065],[-79.1894396,-3.74937116],[-79.18959446,-3.75013312],[-79.18977375,-3.75072584],[-79.18991678,-3.75140313],[-79.19006021,-3.751887],[-79.19023999,-3.75251534],[-79.19024537,-3.75253415],[-79.1902439,-3.75324738],[-79.19006263,-3.75363387],[-79.18924319,-3.7541641],[-79.18856826,-3.75465832],[-79.18811022,-3.75500797],[-79.18715181,-3.75582197],[-79.18675395,-3.75618379],[-79.18657187,-3.75636596],[-79.1862957,-3.75664225],[-79.18588531,-3.75723377],[-79.1854747,-3.75793406],[-79.1847799,-3.75930472],[-79.18446568,-3.75994478],[-79.1840917,-3.76039128],[-79.18356101,-3.76095836],[-79.18311501,-3.76130801],[-79.18185494,-3.76250825],[-79.1812527,-3.76276085],[-79.18081914,-3.76290501],[-79.18033744,-3.76307326],[-79.17972286,-3.76347089],[-79.17934871,-3.76400202],[-79.1792275,-3.7644128],[-79.17916683,-3.76465445],[-79.1791177,-3.76495304],[-79.17911521,-3.76496819],[-79.17902665,-3.76550643],[-79.17901322,-3.7661834],[-79.17903565,-3.76696922],[-79.17900313,-3.76742909],[-79.17900269,-3.76743525],[-79.17900255,-3.76743726],[-79.17898606,-3.76767026],[-79.17897897,-3.76770327],[-79.17897827,-3.76770654],[-79.17887816,-3.7681729],[-79.17887063,-3.76820799],[-79.17884494,-3.76855895],[-79.1788449,-3.76855954],[-79.17883347,-3.76871565],[-79.17879815,-3.76884757],[-79.17878287,-3.76890465],[-79.17878085,-3.76891218],[-79.17877729,-3.76892548],[-79.17877727,-3.76892558],[-79.17877616,-3.7689275],[-79.1787729,-3.76893315],[-79.17877287,-3.7689332],[-79.17876829,-3.76894115],[-79.17876528,-3.76894637],[-79.1787621,-3.76895188],[-79.17876207,-3.76895192],[-79.1787584,-3.76895828],[-79.17875502,-3.76896415],[-79.17854862,-3.76932194],[-79.17822664,-3.77018625],[-79.17802156,-3.77115045],[-79.17799451,-3.77133785],[-79.17797937,-3.77144274],[-79.17796666,-3.77153074],[-79.17797833,-3.77160795],[-79.17797901,-3.77161244],[-79.17797901,-3.77161247],[-79.177979,-3.77161994],[-79.17797842,-3.7718993],[-79.17778492,-3.77234617],[-79.17775258,-3.77239469],[-79.17775163,-3.77239611],[-79.17754349,-3.77270833],[-79.17732624,-3.77301009],[-79.17725327,-3.77338471],[-79.17721785,-3.77351262],[-79.17720889,-3.77354498],[-79.17715626,-3.7737351],[-79.17694351,-3.77476824],[-79.17694177,-3.77560237],[-79.17707736,-3.77574781],[-79.17707846,-3.7757735],[-79.17714268,-3.77727292],[-79.17728558,-3.77798494],[-79.17773358,-3.77945317],[-79.17775095,-3.77979735],[-79.17759004,-3.78000553],[-79.17744336,-3.78019529],[-79.17652131,-3.78106285],[-79.17617739,-3.78156931],[-79.17588711,-3.78232951],[-79.17555975,-3.78356399],[-79.17554977,-3.78376549],[-79.17546549,-3.78546583],[-79.17562354,-3.78758567],[-79.17571816,-3.78830256],[-79.17572607,-3.7883625],[-79.17574037,-3.78834859],[-79.17581439,-3.78850203],[-79.17589753,-3.78867435],[-79.17625803,-3.788929],[-79.17653424,-3.78920762],[-79.17673811,-3.78954656],[-79.17679751,-3.78992142],[-79.17752402,-3.79067853],[-79.17830533,-3.79112746],[-79.17878631,-3.79133399],[-79.17912284,-3.79154021],[-79.17949533,-3.79183115],[-79.17959102,-3.7921094],[-79.17966179,-3.79278651],[-79.17958813,-3.7934875],[-79.17953983,-3.79355996],[-79.17961127,-3.7939349],[-79.17982699,-3.79435844],[-79.18003095,-3.79466109],[-79.18039091,-3.79518169],[-79.1807869,-3.7957386],[-79.18091901,-3.79587188],[-79.18138135,-3.79633826],[-79.18162116,-3.79677397],[-79.18166791,-3.79742687],[-79.18157015,-3.79813992],[-79.18154481,-3.79873223],[-79.18138014,-3.79978964],[-79.18105377,-3.80049012],[-79.18074016,-3.80081587],[-79.180535,-3.8010814],[-79.18040225,-3.80126245],[-79.18031752,-3.80149196],[-79.1803288,-3.80185465],[-79.18059874,-3.8022602],[-79.18116316,-3.80284166],[-79.1816312,-3.80347128],[-79.18194308,-3.80395549],[-79.18230343,-3.80429476],[-79.18245292,-3.80474841],[-79.18259679,-3.8050026],[-79.18286115,-3.80520863],[-79.18319784,-3.80534234],[-79.1835704,-3.80558494],[-79.18407559,-3.80573104],[-79.1846049,-3.80582888],[-79.18511014,-3.80593873],[-79.18543497,-3.80599988],[-79.18578387,-3.80604895],[-79.18609663,-3.80612216],[-79.18643322,-3.80630421],[-79.18693819,-3.80654705],[-79.18751509,-3.80692301],[-79.18780345,-3.80715334],[-79.1882539,-3.80755926],[-79.18845785,-3.807874],[-79.18848105,-3.80828508],[-79.18851596,-3.80886541],[-79.1886476,-3.8092042],[-79.18900801,-3.80953136],[-79.18923593,-3.80988242],[-79.18940384,-3.81014872],[-79.18975246,-3.81035498],[-79.19019036,-3.81101476],[-79.19045423,-3.81143843],[-79.19073093,-3.81149946],[-79.19109189,-3.81153648],[-79.19144078,-3.81159768],[-79.19172943,-3.81169499],[-79.19206598,-3.81191329],[-79.1923659,-3.81234913],[-79.19261775,-3.81278487],[-79.19279759,-3.81311164],[-79.19302577,-3.81334183],[-79.19338661,-3.81343931],[-79.193615,-3.81358484],[-79.19399319,-3.81401481],[-79.19438967,-3.81434204],[-79.1950994,-3.8145128],[-79.19566494,-3.81456234],[-79.19662765,-3.81460062],[-79.1969765,-3.81469806],[-79.19731287,-3.81500101],[-79.19758933,-3.81515873],[-79.19799882,-3.8150266],[-79.1982157,-3.81489405],[-79.19834802,-3.81493064],[-79.19854035,-3.81503985],[-79.19877466,-3.81521562],[-79.1990026,-3.8155667],[-79.19918247,-3.81588138],[-79.19935027,-3.81622023],[-79.19957856,-3.81640205],[-79.1998914,-3.81643896],[-79.2002402,-3.81654851],[-79.2004806,-3.81670617],[-79.20054035,-3.81689972],[-79.2006724,-3.81705715],[-79.20098534,-3.81704572],[-79.20128652,-3.81690129],[-79.20161178,-3.81675693],[-79.20176825,-3.81675722],[-79.20212911,-3.8168305],[-79.20249013,-3.81686755],[-79.20294765,-3.81678388],[-79.20318874,-3.81659094],[-79.20347777,-3.81650693],[-79.20372434,-3.81657393],[-79.2041692,-3.8167925],[-79.20465008,-3.81704739],[-79.20501051,-3.81733827],[-79.20535927,-3.81747196],[-79.20569625,-3.81747267],[-79.2062743,-3.81730466],[-79.20668432,-3.81690654],[-79.20711869,-3.81637553],[-79.2075647,-3.81603796],[-79.20802225,-3.81594221],[-79.20833522,-3.81590659],[-79.20875069,-3.81576845],[-79.2092564,-3.81566069],[-79.21005074,-3.81567444],[-79.21072456,-3.81574838],[-79.21119348,-3.81596696],[-79.21158981,-3.81636672],[-79.21191409,-3.81669383],[-79.21203382,-3.81699631],[-79.21218952,-3.8173593],[-79.21247788,-3.8176017],[-79.21289852,-3.81788061],[-79.21318708,-3.81802629],[-79.2135298,-3.81816602],[-79.21390227,-3.81846902],[-79.2142144,-3.81884443],[-79.21436997,-3.81927998],[-79.21460978,-3.81971569],[-79.21478986,-3.81993369],[-79.21507793,-3.82030904],[-79.21536571,-3.82082946],[-79.21562975,-3.82118061],[-79.21592402,-3.82147741],[-79.21624828,-3.82181656],[-79.21649845,-3.82209696],[-79.21657249,-3.82217993],[-79.216752,-3.82266389],[-79.21681115,-3.82315965],[-79.21673786,-3.82369144],[-79.21649634,-3.82407778],[-79.2164414,-3.82445847],[-79.2163205,-3.82471209],[-79.21610362,-3.82484464],[-79.21580249,-3.82495281],[-79.21559753,-3.82512163],[-79.21548835,-3.82554452],[-79.21558362,-3.82602827],[-79.2157271,-3.82650005],[-79.21578632,-3.82695956],[-79.21579759,-3.82732226],[-79.21582724,-3.827546],[-79.21587475,-3.8278483],[-79.21600649,-3.82816291],[-79.21611411,-3.82850163],[-79.2161373,-3.82892481],[-79.21613628,-3.82942044],[-79.21589446,-3.82995188],[-79.21583373,-3.83021772],[-79.2158089,-3.83058034],[-79.21578953,-3.83122705],[-79.21604133,-3.8316749],[-79.21638951,-3.83208664],[-79.21655727,-3.83244968],[-79.21653226,-3.83290903],[-79.21654353,-3.83327171],[-79.21673567,-3.83346554],[-79.2169518,-3.83371987],[-79.21718586,-3.83402864],[-79.21722124,-3.83436721],[-79.21714832,-3.83471763],[-79.21696716,-3.83501949],[-79.21691825,-3.83538208],[-79.21686023,-3.83560822],[-79.21741557,-3.83550784],[-79.21808597,-3.83528496],[-79.21871707,-3.83502238],[-79.21948652,-3.83454238],[-79.21978916,-3.83430549],[-79.2203285,-3.83392398],[-79.22053924,-3.8336605],[-79.22061893,-3.83323845],[-79.22067243,-3.83277676],[-79.22073869,-3.83251298],[-79.22089675,-3.83228903],[-79.2211338,-3.83199924],[-79.22146352,-3.83136659],[-79.22170041,-3.83114273],[-79.22185804,-3.83115626],[-79.22205461,-3.831381],[-79.22232997,-3.83161909],[-79.22268417,-3.83184413],[-79.22311775,-3.83180544],[-79.22342017,-3.83167412],[-79.22374891,-3.83150328],[-79.22410363,-3.83149081],[-79.22453018,-3.8316698],[-79.22472679,-3.83189454],[-79.22498883,-3.83221176],[-79.2251725,-3.83233091],[-79.22539584,-3.8323182],[-79.22561939,-3.83219989],[-79.22585603,-3.832108],[-79.22597467,-3.83191034],[-79.22621147,-3.8317525],[-79.22655297,-3.8317532],[-79.22697326,-3.83179365],[-79.22722288,-3.83176778],[-79.22745929,-3.83179466],[-79.22758999,-3.83212481],[-79.22768105,-3.83254724],[-79.22785135,-3.83277189],[-79.22808769,-3.83283836],[-79.22828486,-3.83277279],[-79.22844283,-3.8326016],[-79.22875865,-3.83233835],[-79.22899549,-3.83216728],[-79.22923205,-3.83210181],[-79.22942905,-3.83211541],[-79.22969163,-3.83219512],[-79.22998021,-3.83240685],[-79.23026898,-3.8324998],[-79.2305448,-3.83252677],[-79.23076834,-3.8324217],[-79.23093948,-3.83223732],[-79.23117604,-3.83218501],[-79.23132248,-3.83223439],[-79.23161756,-3.83246591],[-79.2319457,-3.83261502],[-79.23218635,-3.83255977],[-79.23237282,-3.83251696],[-79.23270172,-3.83227023],[-79.2328777,-3.83213039],[-79.23315407,-3.83189348],[-79.23344348,-3.83168293],[-79.2337328,-3.83152522],[-79.23409267,-3.8313765],[-79.23411407,-3.83136766],[-79.23462673,-3.83119719],[-79.23506096,-3.83084184],[-79.23528486,-3.83055198],[-79.23550886,-3.83022258],[-79.23575875,-3.83007798],[-79.23604793,-3.8299994],[-79.23611389,-3.82984118],[-79.2361539,-3.829551],[-79.23612839,-3.82918148],[-79.23622754,-3.82888479],[-79.23666186,-3.82847664],[-79.23714848,-3.82818737],[-79.23759541,-3.82804316],[-79.23797649,-3.82797796],[-79.23829154,-3.82808417],[-79.23864588,-3.82824323],[-79.23940786,-3.82820523],[-79.23990757,-3.82795556],[-79.24002647,-3.8276391],[-79.24008011,-3.82708504],[-79.23993632,-3.82674169],[-79.23985792,-3.8265304],[-79.23996337,-3.82635909],[-79.24022648,-3.82616168],[-79.24037158,-3.82587172],[-79.24049736,-3.82539034],[-79.24058995,-3.82507387],[-79.24068272,-3.82467823],[-79.24061778,-3.82430865],[-79.24051331,-3.82400493],[-79.24051385,-3.82374104],[-79.2406457,-3.8235038],[-79.24083013,-3.82325349],[-79.24119861,-3.82292438],[-79.24161968,-3.82256895],[-79.24190326,-3.82199558],[-79.24204846,-3.82165278],[-79.24228579,-3.82123103],[-79.24264128,-3.82082274],[-79.24304924,-3.82046731],[-79.24345713,-3.82013828],[-79.24395687,-3.81984904],[-79.24453518,-3.81969187],[-79.24471941,-3.81953389],[-79.24482508,-3.819257],[-79.24486517,-3.81892724],[-79.24501028,-3.81861086],[-79.24514183,-3.81851877],[-79.24550323,-3.81843375],[-79.24604178,-3.81846124],[-79.24642275,-3.81844882],[-79.24689554,-3.81850256],[-79.24743401,-3.81855644],[-79.24744609,-3.81855334],[-79.24784147,-3.81845173],[-79.24817038,-3.81818849],[-79.24848678,-3.81763493],[-79.24897418,-3.81696301],[-79.2492772,-3.81652819],[-79.249475,-3.81614593],[-79.24944942,-3.81580282],[-79.24950243,-3.81556542],[-79.24969972,-3.81544708],[-79.24987046,-3.8154606],[-79.25034332,-3.81548797],[-79.25069817,-3.81539634],[-79.25106633,-3.81522554],[-79.25131628,-3.81504132],[-79.25134309,-3.81477747],[-79.25118617,-3.81442088],[-79.25118686,-3.81407783],[-79.25130563,-3.81381418],[-79.25145095,-3.81340541],[-79.25159636,-3.81295709],[-79.25183345,-3.8126277],[-79.25225413,-3.81247022],[-79.25259262,-3.81236522],[-79.25272862,-3.81193562],[-79.25270719,-3.81139257],[-79.25264049,-3.81096254],[-79.25257369,-3.81057777],[-79.25261819,-3.81009805],[-79.25253016,-3.80983104],[-79.25253166,-3.80908441],[-79.25242174,-3.80774929],[-79.25242297,-3.80713841],[-79.25237875,-3.8068175],[-79.25239506,-3.80664402],[-79.25239542,-3.80646734],[-79.25240223,-3.806281],[-79.25238972,-3.80612999],[-79.25237087,-3.80597894],[-79.25229435,-3.80584384],[-79.25219703,-3.80577745],[-79.25193514,-3.80572907],[-79.25164951,-3.80562083],[-79.25147121,-3.80546494],[-79.25135262,-3.80520155],[-79.25134123,-3.80495029],[-79.2513895,-3.80463937],[-79.25143756,-3.80442413],[-79.25162869,-3.80414938],[-79.25179577,-3.80397028],[-79.25189163,-3.80367141],[-79.25188058,-3.8032527],[-79.25178581,-3.80300129],[-79.25147083,-3.80269561],[-79.25137609,-3.80243222],[-79.25140021,-3.80227678],[-79.25147204,-3.80210944],[-79.25179407,-3.80184691],[-79.25191401,-3.80144041],[-79.25179547,-3.80115308],[-79.25145086,-3.80078153],[-79.25139182,-3.80053019],[-79.25143977,-3.80037476],[-79.25155921,-3.80020755],[-79.25165488,-3.80000437],[-79.25180439,-3.79968771],[-79.25176904,-3.79949619],[-79.25157908,-3.7992087],[-79.25125807,-3.79893291],[-79.25091335,-3.79860921],[-79.25049739,-3.79818968],[-79.25032331,-3.7979438],[-79.2502005,-3.79777042],[-79.2500346,-3.79736332],[-79.24998757,-3.79706416],[-79.24993548,-3.79631638],[-79.25005477,-3.79620897],[-79.25018601,-3.79611352],[-79.25029359,-3.79589842],[-79.25025837,-3.79564714],[-79.2501397,-3.79544351],[-79.24998504,-3.79535947],[-79.24975906,-3.79521547],[-79.24958077,-3.79504762],[-79.24947418,-3.79474832],[-79.24942703,-3.79450899],[-79.24937963,-3.79438926],[-79.24924886,-3.79428133],[-79.24908235,-3.79417333],[-79.24896371,-3.79394582],[-79.24890467,-3.79369449],[-79.24892269,-3.79362873],[-79.24893479,-3.7935211],[-79.24891126,-3.79337747],[-79.24887567,-3.79331761],[-79.24874488,-3.79320963],[-79.24868569,-3.79304208],[-79.24872172,-3.79287466],[-79.24891256,-3.79273151],[-79.24910358,-3.79249264],[-79.24921899,-3.79233874],[-79.24924688,-3.79230154],[-79.24939055,-3.79193096],[-79.24947486,-3.79144069],[-79.24960071,-3.79105216],[-79.24972013,-3.7908849],[-79.2498039,-3.79069368],[-79.24979253,-3.7904185],[-79.24976907,-3.79023903],[-79.24967426,-3.79001155],[-79.24951991,-3.78978395],[-79.24935352,-3.78960416],[-79.24930643,-3.78934086],[-79.24924799,-3.78879049],[-79.24924368,-3.78795909],[-79.24923255,-3.78758821],[-79.24934015,-3.7873731],[-79.24942393,-3.78716991],[-79.24940054,-3.78695453],[-79.24944844,-3.786835],[-79.2496392,-3.78671575],[-79.25000875,-3.7865251],[-79.25015188,-3.78641772],[-79.25018804,-3.78619052],[-79.25021255,-3.78586758],[-79.25011788,-3.78555634],[-79.25002319,-3.78526905],[-79.25008328,-3.78499404],[-79.25028617,-3.78477913],[-79.25056066,-3.78448063],[-79.25098991,-3.78421831],[-79.25135922,-3.78417119],[-79.25214491,-3.78430436],[-79.25269723,-3.78448277],[-79.25309888,-3.78491899],[-79.25350078,-3.78523084],[-79.25435242,-3.78515481],[-79.25508049,-3.78493855],[-79.25560693,-3.78489296],[-79.25721692,-3.78495841],[-79.25904414,-3.78474436],[-79.26147812,-3.7830697],[-79.26183496,-3.7826972],[-79.26228475,-3.78227819],[-79.2624993,-3.78212365],[-79.26267233,-3.78199903],[-79.26321477,-3.78170462],[-79.26364841,-3.78162777],[-79.26406639,-3.78164414],[-79.2645771,-3.78173849],[-79.26542838,-3.78183351],[-79.26590836,-3.78181894],[-79.26640416,-3.78161774],[-79.26660579,-3.78143154],[-79.26776958,-3.78009641],[-79.26804867,-3.77986368],[-79.26862303,-3.77911837],[-79.26964678,-3.77810955],[-79.27200403,-3.77606146],[-79.27290365,-3.77520791],[-79.2739746,-3.77382593],[-79.27439674,-3.77172733],[-79.27447544,-3.7710743],[-79.2747712,-3.77025066],[-79.27523701,-3.76956728],[-79.27669584,-3.76775065],[-79.27714614,-3.76706726],[-79.27758106,-3.76633721],[-79.27796889,-3.76593362],[-79.27835649,-3.76565448],[-79.27896067,-3.76543793],[-79.27973522,-3.76519064],[-79.2803704,-3.76497419],[-79.28059284,-3.76482888],[-79.28264908,-3.76348573],[-79.28340879,-3.76291183],[-79.28593547,-3.76126831],[-79.28860171,-3.75951621],[-79.29029101,-3.75857089],[-79.29441351,-3.75629283],[-79.29501804,-3.75590523],[-79.29689367,-3.75468031],[-79.29791749,-3.75360922],[-79.29965397,-3.75229072],[-79.30046105,-3.75123476],[-79.30116034,-3.74986753],[-79.30119533,-3.74979969],[-79.30193731,-3.74836052],[-79.30224834,-3.7476302],[-79.30310322,-3.7458589],[-79.30418983,-3.74435252],[-79.30539968,-3.74314182],[-79.30653181,-3.74210203],[-79.30788226,-3.74023843],[-79.30827117,-3.73925939],[-79.30894318,-3.73596367],[-79.30903758,-3.73517072],[-79.30975683,-3.73143962],[-79.30992811,-3.73092675],[-79.31025407,-3.73037499],[-79.31033192,-3.73024323],[-79.31087476,-3.72971553],[-79.31209968,-3.72870698],[-79.31411426,-3.72763777],[-79.31457907,-3.7274365],[-79.31557051,-3.72709625],[-79.31605192,-3.72631959],[-79.31654821,-3.7258384],[-79.3174322,-3.72500028],[-79.31777393,-3.72440998],[-79.3180231,-3.72363286],[-79.31803995,-3.72291751],[-79.31801169,-3.72148664],[-79.31820082,-3.72104809],[-79.31810936,-3.72096178],[-79.31747031,-3.7201147],[-79.31699635,-3.71906564],[-79.31573756,-3.71681982],[-79.31544567,-3.71630438],[-79.3147327,-3.71582489],[-79.31390976,-3.71541877],[-79.31301385,-3.71488378],[-79.31175262,-3.71394354],[-79.31009064,-3.71199116],[-79.30956138,-3.71116266],[-79.30940932,-3.7108073],[-79.30892356,-3.70967196],[-79.30854378,-3.70724391],[-79.30854528,-3.7064532],[-79.3077662,-3.70224073],[-79.30749474,-3.70060361],[-79.30742392,-3.69933465],[-79.30667552,-3.6982483],[-79.30517638,-3.69730761],[-79.30391421,-3.69686385],[-79.3031093,-3.69662327],[-79.30234195,-3.69586785],[-79.30142821,-3.6950938],[-79.30018514,-3.69424553],[-79.2979912,-3.69291734],[-79.29702215,-3.69236383],[-79.29581617,-3.69127659],[-79.29495643,-3.69099911],[-79.29451875,-3.69015238],[-79.29274759,-3.68788718],[-79.29247371,-3.6875189],[-79.29177861,-3.68729687],[-79.29035273,-3.68633792],[-79.28885306,-3.68567308],[-79.2874628,-3.68526584],[-79.28596175,-3.68533652],[-79.28510038,-3.68590486],[-79.28456855,-3.68643712],[-79.28290092,-3.68748202],[-79.28090367,-3.68859983],[-79.27947463,-3.68929585],[-79.27928199,-3.68958492],[-79.27796979,-3.68885081],[-79.27619752,-3.68829777],[-79.27521777,-3.68767041],[-79.27384219,-3.68685281],[-79.27248747,-3.68501179],[-79.27188551,-3.68411987],[-79.27135923,-3.68311437],[-79.27038099,-3.68169104],[-79.27021277,-3.68089472],[-79.27021485,-3.67981443],[-79.27063186,-3.67877289],[-79.27068931,-3.67833712],[-79.27050102,-3.6781472],[-79.26972736,-3.6782594],[-79.2685011,-3.67827601],[-79.26578467,-3.67823279],[-79.26484161,-3.67813618],[-79.26384238,-3.67783101],[-79.26331541,-3.6771856],[-79.26190659,-3.67407469],[-79.26136151,-3.67303126],[-79.26041981,-3.67225239],[-79.25966541,-3.67215614],[-79.25896717,-3.67228745],[-79.25719362,-3.67243558],[-79.25521218,-3.67277286],[-79.25453251,-3.67305579],[-79.25381559,-3.67309229],[-79.25381562,-3.67307715]]]]},"geometry_name":"geom","properties":{"id":9,"fid":9,"objectid":9,"dpa_parroq":"110157","dpa_despar":"SAN LUCAS","dpa_valor":0,"dpa_anio":"2009","dpa_canton":"1101","dpa_provin":"11","dpa_despro":"LOJA","dpa_descan":"LOJA","regional":"Sur","areas":15829.572822259352,"shape_length":59065.953154969924,"shape_area":1.5829572822259352E8}},{"type":"Feature","id":"limites_parroquiales.10","geometry":{"type":"MultiPolygon","coordinates":[[[[-79.16082642,-3.81489925],[-79.16062898,-3.81543242],[-79.16051266,-3.81581497],[-79.16040785,-3.81623231],[-79.16026861,-3.81654522],[-79.16001919,-3.81708408],[-79.15978754,-3.81740836],[-79.15961341,-3.81782559],[-79.15955442,-3.81841704],[-79.15942594,-3.81910116],[-79.15924005,-3.81962274],[-79.159141,-3.82004594],[-79.1590944,-3.82023143],[-79.15897877,-3.82030076],[-79.15886709,-3.82027881],[-79.15862094,-3.8202304],[-79.15843679,-3.81992841],[-79.15820706,-3.81935953],[-79.15761906,-3.81891747],[-79.15709588,-3.81863992],[-79.15693848,-3.81855642],[-79.15671704,-3.81851507],[-79.15638716,-3.81845348],[-79.15637287,-3.81845081],[-79.15628864,-3.8184624],[-79.15627472,-3.81846863],[-79.15625564,-3.81847717],[-79.15488497,-3.81909048],[-79.15443349,-3.8191801],[-79.15437038,-3.81919263],[-79.15372747,-3.81919124],[-79.15257047,-3.81905963],[-79.1517813,-3.81920649],[-79.15174719,-3.81921284],[-79.1510654,-3.81941789],[-79.15029275,-3.81993252],[-79.14951981,-3.82062791],[-79.14874738,-3.82103929],[-79.14836276,-3.82109696],[-79.1478985,-3.82116657],[-79.14686972,-3.82119012],[-79.14626157,-3.82139852],[-79.14604616,-3.82147234],[-79.14588362,-3.82140197],[-79.14586629,-3.82139447],[-79.14578683,-3.8210072],[-79.14573908,-3.82077463],[-79.14540508,-3.82061901],[-79.14499344,-3.82069552],[-79.1448688,-3.82074158],[-79.14429858,-3.82095226],[-79.14378322,-3.82141582],[-79.14342166,-3.82211208],[-79.1430829,-3.82417096],[-79.14272042,-3.82533081],[-79.14256435,-3.82615574],[-79.14284296,-3.82887159],[-79.1428417,-3.82945607],[-79.1428187,-3.82977077],[-79.14266098,-3.83039994],[-79.14245825,-3.83096996],[-79.14230143,-3.83141087],[-79.14220976,-3.83160901],[-79.14221644,-3.83167483],[-79.1422663,-3.83216594],[-79.14217281,-3.83267612],[-79.14211954,-3.83300498],[-79.14209673,-3.83314573],[-79.14188695,-3.83402684],[-79.14186288,-3.83449076],[-79.14168829,-3.83512839],[-79.14161775,-3.83569661],[-79.14150693,-3.83621256],[-79.14105579,-3.83707138],[-79.1406249,-3.83808305],[-79.1402649,-3.83934544],[-79.14023376,-3.84053678],[-79.14050563,-3.84217746],[-79.1411468,-3.84296991],[-79.14114497,-3.84300802],[-79.14113125,-3.84329367],[-79.14110319,-3.84356858],[-79.14108171,-3.84372288],[-79.14098058,-3.84398597],[-79.14085833,-3.84424141],[-79.14073869,-3.84457236],[-79.14070926,-3.84465376],[-79.14063439,-3.84501465],[-79.14050495,-3.84549007],[-79.1403677,-3.84599414],[-79.14028107,-3.84626482],[-79.14022912,-3.84642713],[-79.14015566,-3.84684145],[-79.14015611,-3.84696723],[-79.14017771,-3.84702523],[-79.14017817,-3.84702645],[-79.14018547,-3.84704605],[-79.14042821,-3.84735609],[-79.14058585,-3.84768127],[-79.14069514,-3.84790673],[-79.14072799,-3.8479745],[-79.14086046,-3.84816169],[-79.1409312,-3.8482094],[-79.14106835,-3.84827181],[-79.14115984,-3.84831343],[-79.14130442,-3.84837922],[-79.1417906,-3.84872071],[-79.14238995,-3.84901842],[-79.14280984,-3.84921203],[-79.14290433,-3.84927155],[-79.14310106,-3.84946304],[-79.14319007,-3.84959461],[-79.14345339,-3.85017289],[-79.14359867,-3.85053382],[-79.14361134,-3.85056529],[-79.14361344,-3.85056925],[-79.14385377,-3.8510239],[-79.14396834,-3.85131246],[-79.14417823,-3.85184111],[-79.14445418,-3.85232519],[-79.14451076,-3.85244401],[-79.14474919,-3.85294476],[-79.14481314,-3.85311622],[-79.14490707,-3.8533681],[-79.14508621,-3.85370386],[-79.14540632,-3.85420612],[-79.14540643,-3.85420632],[-79.14552917,-3.85442702],[-79.14557238,-3.85455343],[-79.14558876,-3.85467979],[-79.1455851,-3.85479914],[-79.14558101,-3.85493258],[-79.14555324,-3.85528336],[-79.14550541,-3.85563399],[-79.14548314,-3.85574557],[-79.14546491,-3.8558369],[-79.14540929,-3.85603616],[-79.14531352,-3.85628126],[-79.145186,-3.8565102],[-79.14517988,-3.856519],[-79.14499415,-3.8567864],[-79.14491057,-3.85690673],[-79.14482804,-3.85701773],[-79.14475141,-3.8571208],[-79.14462338,-3.85729301],[-79.14425182,-3.85776681],[-79.14411978,-3.85791548],[-79.14398659,-3.85806543],[-79.14380881,-3.85822428],[-79.14361551,-3.85836373],[-79.1434216,-3.85848583],[-79.14304359,-3.85869849],[-79.14285885,-3.85878624],[-79.14216955,-3.8590352],[-79.14214959,-3.85904471],[-79.14209506,-3.85907069],[-79.1419393,-3.85914492],[-79.14174732,-3.8592955],[-79.14165088,-3.85939231],[-79.14134431,-3.85974346],[-79.14113327,-3.85995485],[-79.14111723,-3.85997091],[-79.14087083,-3.86018133],[-79.14073876,-3.8602673],[-79.1406294,-3.8602924],[-79.14051639,-3.86031835],[-79.14017718,-3.86052394],[-79.13996523,-3.86066788],[-79.13976396,-3.86073969],[-79.13939298,-3.86098644],[-79.13886618,-3.86131568],[-79.1388475,-3.86132513],[-79.13870414,-3.86139761],[-79.13844998,-3.86144868],[-79.1382467,-3.86153873],[-79.13807053,-3.86161676],[-79.13794145,-3.86169514],[-79.13783511,-3.86178758],[-79.13754894,-3.86211726],[-79.13729431,-3.86238489],[-79.13723462,-3.8624565],[-79.13698244,-3.86275907],[-79.13694835,-3.86279997],[-79.13686798,-3.86287195],[-79.13659855,-3.86303655],[-79.136475,-3.86315117],[-79.13632505,-3.8632903],[-79.13623778,-3.86338659],[-79.13607624,-3.86373734],[-79.1359757,-3.86392653],[-79.13596144,-3.86395337],[-79.13595879,-3.86396752],[-79.13592191,-3.86416487],[-79.13589239,-3.86421242],[-79.13588677,-3.86422148],[-79.13545203,-3.86456096],[-79.13529301,-3.86470501],[-79.13521203,-3.86480863],[-79.13514436,-3.86492133],[-79.13513467,-3.86494078],[-79.13499553,-3.8652202],[-79.13489394,-3.86538275],[-79.1347903,-3.86554857],[-79.13478305,-3.86556017],[-79.13463442,-3.86576618],[-79.13457792,-3.86587637],[-79.13455984,-3.86599297],[-79.13465784,-3.86657222],[-79.13466817,-3.86663329],[-79.13466097,-3.86671809],[-79.13465091,-3.86675381],[-79.13464046,-3.86679092],[-79.13458442,-3.86685246],[-79.13423467,-3.86706835],[-79.13406513,-3.86716083],[-79.1339675,-3.86726378],[-79.1337677,-3.86765541],[-79.13360737,-3.86806502],[-79.1335755,-3.86811415],[-79.13356555,-3.86812949],[-79.13330761,-3.86837045],[-79.13327905,-3.86839713],[-79.13318005,-3.8685122],[-79.13317731,-3.8685161],[-79.13310374,-3.86862072],[-79.13302102,-3.86873835],[-79.13299588,-3.86879485],[-79.13297117,-3.86885036],[-79.13295867,-3.86889226],[-79.1328112,-3.86938647],[-79.13280371,-3.86956079],[-79.13281043,-3.86973721],[-79.13278467,-3.86994919],[-79.13270953,-3.87030654],[-79.13260876,-3.87056953],[-79.13227784,-3.87130736],[-79.13220531,-3.87146082],[-79.13211838,-3.8716062],[-79.13207349,-3.87166547],[-79.13147247,-3.87245901],[-79.13147087,-3.87246114],[-79.13133812,-3.87269006],[-79.13100328,-3.87332669],[-79.13062086,-3.87394477],[-79.13050582,-3.87418323],[-79.13040806,-3.87442923],[-79.13024833,-3.87489309],[-79.13020371,-3.875039],[-79.13017009,-3.8751489],[-79.13013099,-3.87527675],[-79.1300247,-3.87551378],[-79.12996922,-3.87569196],[-79.12993919,-3.87587464],[-79.12993859,-3.87614932],[-79.12993854,-3.87617383],[-79.12991478,-3.87645586],[-79.1298951,-3.87668958],[-79.12989011,-3.87671934],[-79.12984146,-3.87700928],[-79.12979481,-3.87714083],[-79.12973502,-3.87726692],[-79.12963307,-3.87743182],[-79.12957575,-3.87752454],[-79.12955286,-3.87761689],[-79.12955419,-3.87771012],[-79.12959618,-3.8778547],[-79.12957393,-3.8783498],[-79.1296071,-3.87870242],[-79.12963636,-3.87882454],[-79.12984713,-3.87926518],[-79.13004216,-3.87949153],[-79.13006613,-3.87951934],[-79.13030104,-3.87979198],[-79.13057531,-3.88021521],[-79.13083916,-3.88054565],[-79.13140887,-3.88139225],[-79.1314692,-3.88154546],[-79.13149288,-3.88171198],[-79.13153343,-3.88218279],[-79.13157598,-3.88240279],[-79.13177606,-3.8828774],[-79.13183893,-3.88318677],[-79.13203871,-3.88375415],[-79.13208527,-3.88403374],[-79.1320859,-3.8840356],[-79.13214288,-3.88420404],[-79.13176229,-3.88475393],[-79.13140226,-3.88539019],[-79.13117585,-3.88591065],[-79.13064075,-3.8866388],[-79.13000151,-3.88754535],[-79.12966503,-3.8882531],[-79.12927602,-3.88856426],[-79.12921966,-3.88860934],[-79.12884061,-3.88884003],[-79.12884055,-3.88884006],[-79.12888676,-3.88895236],[-79.12902651,-3.88921036],[-79.12910114,-3.88934815],[-79.12914415,-3.88946408],[-79.1293553,-3.8900332],[-79.12941962,-3.89017711],[-79.12949854,-3.89031391],[-79.12975949,-3.89065845],[-79.13002401,-3.89109016],[-79.13009833,-3.89123264],[-79.130335,-3.89189061],[-79.13041051,-3.8920615],[-79.13052058,-3.89223716],[-79.13065834,-3.89239334],[-79.13091948,-3.89261057],[-79.13114134,-3.89287862],[-79.13152821,-3.89327289],[-79.13176769,-3.89359352],[-79.13191108,-3.89384873],[-79.13235042,-3.89437116],[-79.13241998,-3.89442312],[-79.13265286,-3.89455511],[-79.13266823,-3.89456383],[-79.1328066,-3.89476957],[-79.13291231,-3.89488256],[-79.13302858,-3.8949868],[-79.13351155,-3.89548518],[-79.13374657,-3.89566428],[-79.13424274,-3.8961372],[-79.13455593,-3.89646937],[-79.13546829,-3.89720719],[-79.13549868,-3.89723177],[-79.1357214,-3.89741188],[-79.13648843,-3.89818242],[-79.13672658,-3.89837302],[-79.13687993,-3.89860411],[-79.13692101,-3.89869134],[-79.13695807,-3.89877003],[-79.13704934,-3.89889763],[-79.13720482,-3.89901905],[-79.13738763,-3.89919803],[-79.1377013,-3.89931348],[-79.13778654,-3.89935305],[-79.13794961,-3.89942876],[-79.13817198,-3.89946751],[-79.13828655,-3.89952129],[-79.13842018,-3.89963389],[-79.138502,-3.89971961],[-79.13859001,-3.89977451],[-79.13879657,-3.89983962],[-79.13897086,-3.89988122],[-79.13900838,-3.89989018],[-79.1391751,-3.89996024],[-79.13928289,-3.90000553],[-79.13953111,-3.90015916],[-79.14001443,-3.90050446],[-79.14019229,-3.90060378],[-79.14057448,-3.90075527],[-79.14077259,-3.90081222],[-79.14129657,-3.90092342],[-79.14145249,-3.90096672],[-79.14156706,-3.90102412],[-79.14192286,-3.90126109],[-79.1421842,-3.90138907],[-79.14236704,-3.90155521],[-79.1425292,-3.90166779],[-79.1426205,-3.90178273],[-79.14272473,-3.90199979],[-79.1428043,-3.90213035],[-79.14302464,-3.90243393],[-79.14318137,-3.90256186],[-79.14332512,-3.90265142],[-79.14337284,-3.9027358],[-79.14339009,-3.90283006],[-79.14338976,-3.90298314],[-79.14341259,-3.90307949],[-79.1435197,-3.90337866],[-79.14365001,-3.90364677],[-79.14365723,-3.9043358],[-79.14364455,-3.9045365],[-79.14351863,-3.90497431],[-79.14346797,-3.90529058],[-79.1433167,-3.90587436],[-79.1433015,-3.90599015],[-79.14331619,-3.90610565],[-79.1434404,-3.90644663],[-79.14370093,-3.90731118],[-79.14373889,-3.90749283],[-79.1437501,-3.90767641],[-79.14374211,-3.90782857],[-79.1437244,-3.90798062],[-79.14364847,-3.90840633],[-79.14363402,-3.90858904],[-79.14364767,-3.90877144],[-79.1437816,-3.90935577],[-79.1438708,-3.90961159],[-79.14398269,-3.90982206],[-79.14404454,-3.91015106],[-79.14405337,-3.91030868],[-79.1440178,-3.91093034],[-79.14392975,-3.91117374],[-79.14392914,-3.91145385],[-79.14385353,-3.91173381],[-79.1437903,-3.91207465],[-79.14360883,-3.91263485],[-79.14336887,-3.91326537],[-79.14332501,-3.91343761],[-79.14326164,-3.91384201],[-79.14316068,-3.91426812],[-79.14314164,-3.91514579],[-79.14315826,-3.91536419],[-79.14320593,-3.91563448],[-79.14335653,-3.91613185],[-79.14345283,-3.91639121],[-79.14356778,-3.91664383],[-79.14375444,-3.91699743],[-79.14410336,-3.91754245],[-79.14424001,-3.91779005],[-79.14450753,-3.91842693],[-79.14462548,-3.91866781],[-79.14507359,-3.91942391],[-79.14514794,-3.91971903],[-79.14535908,-3.92027965],[-79.14542746,-3.92107749],[-79.14541949,-3.92121754],[-79.14531908,-3.92143659],[-79.14523063,-3.92186263],[-79.14526235,-3.92197383],[-79.14535514,-3.92206988],[-79.14559238,-3.92214356],[-79.1456997,-3.92222237],[-79.14579193,-3.92232665],[-79.14583441,-3.92241716],[-79.14585401,-3.92250944],[-79.14581609,-3.92267989],[-79.1458479,-3.92274768],[-79.14590336,-3.92278967],[-79.14631548,-3.92288806],[-79.1468283,-3.92349104],[-79.14705955,-3.92379817],[-79.14735732,-3.9240247],[-79.14752651,-3.92417761],[-79.1478213,-3.92444402],[-79.14790194,-3.92452856],[-79.14800481,-3.92463639],[-79.14814494,-3.92482053],[-79.14818381,-3.92491393],[-79.14820019,-3.92499463],[-79.14809988,-3.92541395],[-79.1479829,-3.92583324],[-79.14791105,-3.92616312],[-79.14786549,-3.9264946],[-79.14787894,-3.92668089],[-79.1479475,-3.92686586],[-79.14815202,-3.92720766],[-79.14840554,-3.92749196],[-79.14860855,-3.92765806],[-79.14886614,-3.92781606],[-79.14913814,-3.92793357],[-79.14965147,-3.92806375],[-79.14987816,-3.92814753],[-79.15000401,-3.92822087],[-79.15008469,-3.92826788],[-79.15019751,-3.92838767],[-79.15019976,-3.92839257],[-79.15024921,-3.92849991],[-79.15031244,-3.92885594],[-79.15045108,-3.92918195],[-79.15060928,-3.92950203],[-79.15076874,-3.92978043],[-79.15097267,-3.93001914],[-79.15213038,-3.93095766],[-79.15221557,-3.93102203],[-79.15221579,-3.93102215],[-79.15236032,-3.93090892],[-79.15287905,-3.93084288],[-79.15434566,-3.93009253],[-79.1551471,-3.92960628],[-79.15607696,-3.9292064],[-79.15684985,-3.92870571],[-79.15785212,-3.92788971],[-79.15858274,-3.92710183],[-79.16009243,-3.92626544],[-79.16063569,-3.92619486],[-79.16150704,-3.92641208],[-79.16232132,-3.92658611],[-79.16330679,-3.92690413],[-79.16542791,-3.9275045],[-79.1664849,-3.92780824],[-79.16770704,-3.92784504],[-79.16802836,-3.92785474],[-79.17075125,-3.92776741],[-79.17215238,-3.92755519],[-79.17343871,-3.92755801],[-79.17571848,-3.92749838],[-79.17663308,-3.92755782],[-79.17793388,-3.92746018],[-79.17949258,-3.92709035],[-79.18073019,-3.926483],[-79.18148847,-3.92612579],[-79.18324833,-3.92525398],[-79.18544561,-3.92368695],[-79.18621893,-3.92298524],[-79.18736483,-3.92182499],[-79.18864805,-3.91994015],[-79.18884919,-3.91945253],[-79.1891609,-3.91877633],[-79.18926561,-3.9185491],[-79.18959641,-3.91758803],[-79.18979838,-3.91671286],[-79.18989304,-3.91590203],[-79.18980868,-3.91524151],[-79.18991001,-3.91465319],[-79.19012593,-3.91393591],[-79.19059964,-3.91297519],[-79.19120914,-3.91200756],[-79.19173924,-3.91140581],[-79.19198372,-3.91070295],[-79.19191438,-3.90971235],[-79.1920106,-3.90815505],[-79.1920693,-3.90743744],[-79.19198775,-3.90548506],[-79.19189012,-3.90435081],[-79.19160611,-3.90348892],[-79.19156408,-3.90310125],[-79.19165692,-3.90291573],[-79.19169325,-3.90284316],[-79.19199337,-3.90285814],[-79.19219327,-3.9029447],[-79.19270713,-3.9032616],[-79.19407768,-3.90395358],[-79.19578346,-3.90495491],[-79.19675407,-3.90554556],[-79.19775261,-3.90645208],[-79.19883684,-3.90737306],[-79.19965105,-3.90759017],[-79.20110849,-3.90776554],[-79.20253754,-3.90785474],[-79.20288793,-3.90774782],[-79.20341732,-3.90747622],[-79.20424765,-3.90683204],[-79.20462452,-3.90646389],[-79.20486347,-3.90623046],[-79.20512153,-3.90585779],[-79.20550814,-3.90552847],[-79.20615177,-3.90530018],[-79.20658793,-3.90519343],[-79.2072173,-3.90495074],[-79.2077754,-3.90462178],[-79.20843383,-3.90416383],[-79.20906397,-3.90356228],[-79.2097941,-3.90297529],[-79.21016693,-3.90240189],[-79.21117699,-3.90123412],[-79.21162142,-3.90058913],[-79.21215161,-3.89994425],[-79.2126387,-3.89939981],[-79.21326823,-3.89907098],[-79.21372575,-3.89900019],[-79.21429786,-3.89880044],[-79.21474163,-3.89847122],[-79.21531381,-3.89822843],[-79.21590019,-3.89804306],[-79.21689418,-3.89772216],[-79.21743765,-3.89755105],[-79.21832452,-3.89719406],[-79.21903924,-3.89715254],[-79.21976823,-3.89709666],[-79.22056879,-3.89701222],[-79.22122684,-3.89672651],[-79.22171319,-3.89654093],[-79.22253519,-3.89644935],[-79.22303528,-3.89650782],[-79.22356374,-3.89668122],[-79.2240925,-3.89671104],[-79.22477821,-3.89685605],[-79.225483,-3.89695669],[-79.22549263,-3.89695807],[-79.22583593,-3.89681523],[-79.22615084,-3.89658621],[-79.22645114,-3.89651506],[-79.22696577,-3.89647312],[-79.22736619,-3.8963591],[-79.22750949,-3.8961728],[-79.22776737,-3.89587186],[-79.22805333,-3.89582939],[-79.22836766,-3.89587314],[-79.22875384,-3.89573039],[-79.22886882,-3.89542918],[-79.22882656,-3.89512763],[-79.2284702,-3.89468189],[-79.22802803,-3.89425029],[-79.22762863,-3.89387625],[-79.22747909,-3.89362471],[-79.22755131,-3.89325163],[-79.22759504,-3.89284978],[-79.22748122,-3.89260549],[-79.2272672,-3.8924328],[-79.22698147,-3.89237477],[-79.22672439,-3.8922881],[-79.22655327,-3.89210112],[-79.22651086,-3.89187134],[-79.22635402,-3.89169878],[-79.22612535,-3.8916983],[-79.22588186,-3.89194181],[-79.22560969,-3.89224267],[-79.22513716,-3.89265798],[-79.22477927,-3.89294431],[-79.22447906,-3.89298677],[-79.22426489,-3.89287148],[-79.22400833,-3.89254076],[-79.22388041,-3.89219599],[-79.22389493,-3.89209551],[-79.22402439,-3.89169387],[-79.22418269,-3.89117739],[-79.22408355,-3.89074656],[-79.22384142,-3.89034409],[-79.22365646,-3.88994175],[-79.22374272,-3.88969793],[-79.22394287,-3.88966963],[-79.2240571,-3.88972728],[-79.22421377,-3.889986],[-79.22448483,-3.89023062],[-79.22481337,-3.89030307],[-79.2251923,-3.89021057],[-79.22550722,-3.88998155],[-79.22567953,-3.88959434],[-79.22568037,-3.88919241],[-79.22555285,-3.88866102],[-79.22526746,-3.88844507],[-79.22496741,-3.8884157],[-79.22469597,-3.88835776],[-79.22459614,-3.88825704],[-79.22438179,-3.88822787],[-79.22416731,-3.88828488],[-79.22382428,-3.88828416],[-79.22366726,-3.88819768],[-79.22359628,-3.88796783],[-79.22362549,-3.88766642],[-79.22382636,-3.88729365],[-79.22415575,-3.88697853],[-79.22434223,-3.88664874],[-79.22429332,-3.88611033],[-79.22423763,-3.88540683],[-79.22419596,-3.88483254],[-79.22393987,-3.88427215],[-79.22376925,-3.88385552],[-79.22371291,-3.88345345],[-79.22375659,-3.88306596],[-79.2239713,-3.88290852],[-79.2243289,-3.88276569],[-79.22462941,-3.88259408],[-79.22476569,-3.88234314],[-79.22475204,-3.88204168],[-79.22459542,-3.88175425],[-79.22432491,-3.88125124],[-79.22409721,-3.88079143],[-79.22396937,-3.88040356],[-79.2239844,-3.88005904],[-79.22408486,-3.87985831],[-79.22417107,-3.87964319],[-79.22415735,-3.87937041],[-79.22402922,-3.8791261],[-79.2238439,-3.87889602],[-79.22355844,-3.87872317],[-79.2232013,-3.87865063],[-79.22277248,-3.87866411],[-79.2224007,-3.87876377],[-79.22201449,-3.87892089],[-79.22172835,-3.87906383],[-79.22139932,-3.87920667],[-79.2211564,-3.87919179],[-79.22099935,-3.87910535],[-79.22095689,-3.8789043],[-79.220929,-3.87857407],[-79.22106524,-3.87835186],[-79.22129433,-3.87816574],[-79.22179498,-3.87795148],[-79.22225285,-3.87769403],[-79.22263946,-3.87733598],[-79.22274044,-3.87690555],[-79.22269833,-3.87654659],[-79.22249909,-3.87612986],[-79.22218542,-3.87577032],[-79.22207191,-3.87536816],[-79.22198695,-3.87499475],[-79.22192374,-3.87445631],[-79.2217386,-3.8741401],[-79.22136744,-3.87393837],[-79.22102444,-3.87393765],[-79.22063868,-3.87387943],[-79.2204391,-3.87363496],[-79.22042529,-3.8734196],[-79.22045455,-3.8730895],[-79.22054101,-3.87274516],[-79.22054172,-3.87240065],[-79.2203994,-3.87211327],[-79.22012841,-3.87185428],[-79.2200573,-3.87168188],[-79.21997218,-3.87138024],[-79.21991554,-3.87112174],[-79.21990179,-3.87086332],[-79.21974471,-3.87080556],[-79.21950146,-3.87093424],[-79.21931514,-3.87119226],[-79.21904316,-3.87140701],[-79.21887142,-3.87152146],[-79.21872854,-3.87150683],[-79.21861431,-3.87144916],[-79.21847168,-3.8713053],[-79.21832919,-3.87110403],[-79.21817947,-3.87093864],[-79.21796548,-3.87078028],[-79.21766569,-3.87060739],[-79.21753704,-3.87059278],[-79.21730827,-3.87064971],[-79.21702235,-3.87069218],[-79.21683676,-3.8705913],[-79.21672291,-3.87036139],[-79.21666622,-3.87014593],[-79.21663824,-3.8698444],[-79.21662444,-3.86960037],[-79.2165398,-3.86906905],[-79.21658503,-3.86885714],[-79.21664085,-3.86859554],[-79.21684132,-3.86840937],[-79.21712728,-3.86835253],[-79.21737059,-3.86819517],[-79.2175712,-3.86793721],[-79.21762916,-3.86754972],[-79.2176297,-3.86729133],[-79.21748029,-3.8669824],[-79.21732403,-3.86652272],[-79.2171966,-3.86596259],[-79.21708315,-3.86553173],[-79.2169986,-3.86497169],[-79.21697099,-3.86448358],[-79.21700059,-3.86400991],[-79.21692974,-3.86370831],[-79.21675883,-3.86342086],[-79.21645928,-3.86314748],[-79.21615946,-3.86300331],[-79.21590216,-3.86303147],[-79.21571598,-3.86321771],[-79.21556546,-3.86342553],[-79.21529376,-3.86351109],[-79.21507948,-3.86346758],[-79.21492264,-3.86328063],[-79.21486602,-3.86302212],[-79.21489545,-3.86262023],[-79.2147816,-3.86239032],[-79.2145315,-3.86223094],[-79.21451042,-3.8622175],[-79.21429635,-3.8620735],[-79.21415378,-3.86190093],[-79.21396845,-3.86167087],[-79.21375422,-3.86161301],[-79.21359682,-3.86169877],[-79.21349648,-3.86184211],[-79.21333863,-3.86215759],[-79.21328075,-3.86248764],[-79.21313739,-3.86270267],[-79.2129228,-3.86281705],[-79.21275126,-3.86283103],[-79.21259426,-3.86273023],[-79.2125089,-3.86254344],[-79.21240999,-3.86201209],[-79.21232473,-3.86176788],[-79.21208221,-3.86155204],[-79.21186792,-3.8615229],[-79.21148185,-3.86160821],[-79.21119567,-3.86177985],[-79.2109664,-3.86206645],[-79.21073723,-3.86231001],[-79.21036536,-3.86243841],[-79.21002956,-3.86241618],[-79.20954386,-3.8623147],[-79.20917222,-3.86234258],[-79.20862891,-3.86245628],[-79.20817127,-3.8626132],[-79.20815898,-3.86261369],[-79.20749946,-3.86264051],[-79.20704226,-3.86258215],[-79.20651371,-3.86245183],[-79.20612814,-3.8623218],[-79.20582859,-3.86204844],[-79.20564327,-3.86183271],[-79.20551472,-3.86178938],[-79.20498633,-3.86160165],[-79.20467232,-3.86141437],[-79.20454428,-3.861127],[-79.2044306,-3.86081094],[-79.20441687,-3.86055252],[-79.20443214,-3.86051438],[-79.20450307,-3.8603374],[-79.20465402,-3.85991425],[-79.2047118,-3.85962727],[-79.2046553,-3.85929699],[-79.20454186,-3.85888045],[-79.2044715,-3.85834918],[-79.2043584,-3.8577604],[-79.20414537,-3.85711399],[-79.20369778,-3.85590006],[-79.20364121,-3.85561284],[-79.20364166,-3.85539751],[-79.20375652,-3.85513939],[-79.20400011,-3.85483844],[-79.20421499,-3.85459485],[-79.20440144,-3.85427945],[-79.20444484,-3.85402117],[-79.20448836,-3.8537198],[-79.20464593,-3.85354789],[-79.2048748,-3.85344788],[-79.20517489,-3.85346287],[-79.2053751,-3.85340588],[-79.2055326,-3.85326266],[-79.20571899,-3.85297593],[-79.20591947,-3.85278973],[-79.2061196,-3.85276147],[-79.20629104,-3.85279051],[-79.20649083,-3.85293451],[-79.20677625,-3.85312173],[-79.2070761,-3.85325155],[-79.20729061,-3.85319459],[-79.2074194,-3.85310873],[-79.20750555,-3.85290795],[-79.2075064,-3.852506],[-79.20746439,-3.85210399],[-79.20746499,-3.8518169],[-79.20756561,-3.85152999],[-79.20753773,-3.85118543],[-79.20726741,-3.85061069],[-79.20706815,-3.85022266],[-79.20685432,-3.84996384],[-79.20676915,-3.84967657],[-79.20679812,-3.84949004],[-79.20688648,-3.84932648],[-79.20712965,-3.8492265],[-79.20728671,-3.84929862],[-79.20748658,-3.8493995],[-79.20775833,-3.84929962],[-79.20780182,-3.84899827],[-79.20790255,-3.84866831],[-79.20800378,-3.84809432],[-79.20824739,-3.84777903],[-79.20844848,-3.84730573],[-79.20846466,-3.84700848],[-79.20848563,-3.84662394],[-79.20850025,-3.8464661],[-79.2084441,-3.8459779],[-79.20848792,-3.84551865],[-79.20870283,-3.84526071],[-79.20903222,-3.84493125],[-79.20919026,-3.84452963],[-79.20921984,-3.844056],[-79.20932115,-3.84345327],[-79.20941546,-3.84277164],[-79.20927327,-3.84242684],[-79.20900248,-3.84206738],[-79.20877451,-3.84173676],[-79.20874655,-3.84143523],[-79.20890407,-3.84127767],[-79.20927584,-3.84119232],[-79.20974765,-3.84109282],[-79.21031951,-3.84099355],[-79.21066304,-3.84073591],[-79.21102108,-3.84037777],[-79.21133579,-3.84022052],[-79.21166496,-3.84000589],[-79.21173697,-3.83973328],[-79.21169454,-3.83951789],[-79.21158417,-3.83918297],[-79.21163873,-3.8388718],[-79.21182505,-3.83861381],[-79.2121542,-3.83839918],[-79.2124688,-3.83829932],[-79.21285473,-3.83827144],[-79.21304096,-3.83805653],[-79.21308448,-3.83774077],[-79.21322826,-3.8373248],[-79.21341447,-3.83712423],[-79.21387264,-3.83688651],[-79.21394299,-3.83658478],[-79.21399173,-3.8362947],[-79.21407636,-3.83611354],[-79.21422085,-3.83607761],[-79.21438935,-3.83607796],[-79.21464191,-3.83617519],[-79.21487043,-3.83624822],[-79.21511116,-3.83623661],[-79.21520772,-3.83610383],[-79.21541306,-3.83575369],[-79.21562997,-3.83562114],[-79.21582259,-3.83559738],[-79.21614733,-3.83570684],[-79.21656843,-3.83576821],[-79.21676235,-3.83567878],[-79.21686023,-3.83560822],[-79.21691825,-3.83538208],[-79.21696716,-3.83501949],[-79.21714832,-3.83471763],[-79.21722124,-3.83436721],[-79.21718586,-3.83402864],[-79.2169518,-3.83371987],[-79.21673567,-3.83346554],[-79.21654353,-3.83327171],[-79.21653226,-3.83290903],[-79.21655727,-3.83244968],[-79.21638951,-3.83208664],[-79.21604133,-3.8316749],[-79.21578953,-3.83122705],[-79.2158089,-3.83058034],[-79.21583373,-3.83021772],[-79.21589446,-3.82995188],[-79.21613628,-3.82942044],[-79.2161373,-3.82892481],[-79.21611411,-3.82850163],[-79.21600649,-3.82816291],[-79.21587475,-3.8278483],[-79.21582724,-3.827546],[-79.21579759,-3.82732226],[-79.21578632,-3.82695956],[-79.2157271,-3.82650005],[-79.21558362,-3.82602827],[-79.21548835,-3.82554452],[-79.21559753,-3.82512163],[-79.21580249,-3.82495281],[-79.21610362,-3.82484464],[-79.2163205,-3.82471209],[-79.2164414,-3.82445847],[-79.21649634,-3.82407778],[-79.21673786,-3.82369144],[-79.21681115,-3.82315965],[-79.216752,-3.82266389],[-79.21657249,-3.82217993],[-79.21649845,-3.82209696],[-79.21624828,-3.82181656],[-79.21592402,-3.82147741],[-79.21562975,-3.82118061],[-79.21536571,-3.82082946],[-79.21507793,-3.82030904],[-79.21478986,-3.81993369],[-79.21460978,-3.81971569],[-79.21436997,-3.81927998],[-79.2142144,-3.81884443],[-79.21390227,-3.81846902],[-79.2135298,-3.81816602],[-79.21318708,-3.81802629],[-79.21289852,-3.81788061],[-79.21247788,-3.8176017],[-79.21218952,-3.8173593],[-79.21203382,-3.81699631],[-79.21191409,-3.81669383],[-79.21158981,-3.81636672],[-79.21119348,-3.81596696],[-79.21072456,-3.81574838],[-79.21005074,-3.81567444],[-79.2092564,-3.81566069],[-79.20875069,-3.81576845],[-79.20833522,-3.81590659],[-79.20802225,-3.81594221],[-79.2075647,-3.81603796],[-79.20711869,-3.81637553],[-79.20668432,-3.81690654],[-79.2062743,-3.81730466],[-79.20569625,-3.81747267],[-79.20535927,-3.81747196],[-79.20501051,-3.81733827],[-79.20465008,-3.81704739],[-79.2041692,-3.8167925],[-79.20372434,-3.81657393],[-79.20347777,-3.81650693],[-79.20318874,-3.81659094],[-79.20294765,-3.81678388],[-79.20249013,-3.81686755],[-79.20212911,-3.8168305],[-79.20176825,-3.81675722],[-79.20161178,-3.81675693],[-79.20128652,-3.81690129],[-79.20098534,-3.81704572],[-79.2006724,-3.81705715],[-79.20054035,-3.81689972],[-79.2004806,-3.81670617],[-79.2002402,-3.81654851],[-79.1998914,-3.81643896],[-79.19957856,-3.81640205],[-79.19935027,-3.81622023],[-79.19918247,-3.81588138],[-79.1990026,-3.8155667],[-79.19877466,-3.81521562],[-79.19854035,-3.81503985],[-79.19834802,-3.81493064],[-79.1982157,-3.81489405],[-79.19799882,-3.8150266],[-79.19758933,-3.81515873],[-79.19731287,-3.81500101],[-79.1969765,-3.81469806],[-79.19662765,-3.81460062],[-79.19566494,-3.81456234],[-79.1950994,-3.8145128],[-79.19438967,-3.81434204],[-79.19399319,-3.81401481],[-79.193615,-3.81358484],[-79.19338661,-3.81343931],[-79.19302577,-3.81334183],[-79.19279759,-3.81311164],[-79.19261775,-3.81278487],[-79.1923659,-3.81234913],[-79.19206598,-3.81191329],[-79.19172943,-3.81169499],[-79.19144078,-3.81159768],[-79.19109189,-3.81153648],[-79.19073093,-3.81149946],[-79.19045423,-3.81143843],[-79.19019036,-3.81101476],[-79.18975246,-3.81035498],[-79.18940384,-3.81014872],[-79.18923593,-3.80988242],[-79.18900801,-3.80953136],[-79.1886476,-3.8092042],[-79.18851596,-3.80886541],[-79.18848105,-3.80828508],[-79.18845785,-3.807874],[-79.1882539,-3.80755926],[-79.18780345,-3.80715334],[-79.18751509,-3.80692301],[-79.18693819,-3.80654705],[-79.18643322,-3.80630421],[-79.18609663,-3.80612216],[-79.18578387,-3.80604895],[-79.18543497,-3.80599988],[-79.18511014,-3.80593873],[-79.1846049,-3.80582888],[-79.18407559,-3.80573104],[-79.1835704,-3.80558494],[-79.18319784,-3.80534234],[-79.18286115,-3.80520863],[-79.18259679,-3.8050026],[-79.18245292,-3.80474841],[-79.18230343,-3.80429476],[-79.18194308,-3.80395549],[-79.1816312,-3.80347128],[-79.18116316,-3.80284166],[-79.18059874,-3.8022602],[-79.1803288,-3.80185465],[-79.18031752,-3.80149196],[-79.18040225,-3.80126245],[-79.180535,-3.8010814],[-79.18074016,-3.80081587],[-79.18105377,-3.80049012],[-79.18138014,-3.79978964],[-79.18154481,-3.79873223],[-79.18157015,-3.79813992],[-79.18166791,-3.79742687],[-79.18162116,-3.79677397],[-79.18138135,-3.79633826],[-79.18091901,-3.79587188],[-79.1807869,-3.7957386],[-79.18039091,-3.79518169],[-79.18003095,-3.79466109],[-79.17982699,-3.79435844],[-79.17961127,-3.7939349],[-79.17953983,-3.79355996],[-79.17958813,-3.7934875],[-79.17966179,-3.79278651],[-79.17959102,-3.7921094],[-79.17949533,-3.79183115],[-79.17912284,-3.79154021],[-79.17878631,-3.79133399],[-79.17830533,-3.79112746],[-79.17752402,-3.79067853],[-79.17679751,-3.78992142],[-79.17673811,-3.78954656],[-79.17653424,-3.78920762],[-79.17625803,-3.788929],[-79.17589753,-3.78867435],[-79.17581439,-3.78850203],[-79.17560488,-3.78888909],[-79.17562694,-3.78938795],[-79.17561429,-3.7899099],[-79.1754507,-3.79083755],[-79.17531095,-3.79139405],[-79.17518303,-3.79182298],[-79.17498597,-3.79217056],[-79.17481181,-3.79262257],[-79.17470718,-3.79295875],[-79.17460273,-3.79320214],[-79.17461355,-3.79355016],[-79.17464746,-3.79390981],[-79.17469298,-3.7942231],[-79.17464644,-3.794397],[-79.17453574,-3.79486657],[-79.17444262,-3.79521436],[-79.17422169,-3.7959331],[-79.17387383,-3.79662834],[-79.17359546,-3.79719617],[-79.17335235,-3.79748563],[-79.17267483,-3.79841797],[-79.17188795,-3.79919351],[-79.17137852,-3.79981881],[-79.17097358,-3.80018916],[-79.17063805,-3.80049003],[-79.16920987,-3.80144398],[-79.16844667,-3.80192955],[-79.16759107,-3.80243812],[-79.16682817,-3.80278448],[-79.1662387,-3.80302684],[-79.16431453,-3.80371291],[-79.16318239,-3.8039193],[-79.16215415,-3.8041491],[-79.16151855,-3.80436812],[-79.1611315,-3.8044543],[-79.16078492,-3.80452317],[-79.16047286,-3.80465007],[-79.16039152,-3.80489352],[-79.16049482,-3.80519531],[-79.16060899,-3.80581035],[-79.16064226,-3.80604793],[-79.1606874,-3.80637021],[-79.16072274,-3.80662258],[-79.16082539,-3.80722601],[-79.16091145,-3.80748717],[-79.16101405,-3.80811377],[-79.16103564,-3.80882142],[-79.16098784,-3.80957529],[-79.1609518,-3.81023641],[-79.16097898,-3.81103105],[-79.16094253,-3.81188934],[-79.16101002,-3.81272469],[-79.16103153,-3.81347872],[-79.16097757,-3.81441237],[-79.16082642,-3.81489925]]]]},"geometry_name":"geom","properties":{"id":10,"fid":10,"objectid":10,"dpa_parroq":"110155","dpa_despar":"JIMBILLA","dpa_valor":0,"dpa_anio":"2009","dpa_canton":"1101","dpa_provin":"11","dpa_despro":"LOJA","dpa_descan":"LOJA","regional":"Sur","areas":10197.216534585566,"shape_length":52833.29113435211,"shape_area":1.0197216534585567E8}},{"type":"Feature","id":"limites_parroquiales.11","geometry":{"type":"MultiPolygon","coordinates":[[[[-79.22960162,-3.85365966],[-79.22897223,-3.85391676],[-79.2285716,-3.85415992],[-79.22811386,-3.85434559],[-79.22765644,-3.85438772],[-79.22732765,-3.85443009],[-79.22689907,-3.85434305],[-79.22599889,-3.85425505],[-79.22529863,-3.85423925],[-79.22421924,-3.85441643],[-79.22380461,-3.85450169],[-79.22321818,-3.85473013],[-79.2226748,-3.85487254],[-79.22187404,-3.85507183],[-79.22148798,-3.85517152],[-79.22100147,-3.85545759],[-79.22061509,-3.85570078],[-79.21997188,-3.8557569],[-79.21944265,-3.85595675],[-79.2189274,-3.85631455],[-79.21859747,-3.85690239],[-79.21830357,-3.85733962],[-79.21807455,-3.85752573],[-79.21774551,-3.8576686],[-79.21741614,-3.85799806],[-79.21704343,-3.85854277],[-79.21664238,-3.85895824],[-79.21626969,-3.85948857],[-79.21613993,-3.86003379],[-79.21596723,-3.86060763],[-79.21560894,-3.86109492],[-79.21527939,-3.86148181],[-79.21479266,-3.86188273],[-79.2145315,-3.86223094],[-79.2147816,-3.86239032],[-79.21489545,-3.86262023],[-79.21486602,-3.86302212],[-79.21492264,-3.86328063],[-79.21507948,-3.86346758],[-79.21529376,-3.86351109],[-79.21556546,-3.86342553],[-79.21571598,-3.86321771],[-79.21590216,-3.86303147],[-79.21615946,-3.86300331],[-79.21645928,-3.86314748],[-79.21675883,-3.86342086],[-79.21692974,-3.86370831],[-79.21700059,-3.86400991],[-79.21697099,-3.86448358],[-79.2169986,-3.86497169],[-79.21708315,-3.86553173],[-79.2171966,-3.86596259],[-79.21732403,-3.86652272],[-79.21748029,-3.8669824],[-79.2176297,-3.86729133],[-79.21762916,-3.86754972],[-79.2175712,-3.86793721],[-79.21737059,-3.86819517],[-79.21712728,-3.86835253],[-79.21684132,-3.86840937],[-79.21664085,-3.86859554],[-79.21658503,-3.86885714],[-79.2165398,-3.86906905],[-79.21662444,-3.86960037],[-79.21663824,-3.8698444],[-79.21666622,-3.87014593],[-79.21672291,-3.87036139],[-79.21683676,-3.8705913],[-79.21702235,-3.87069218],[-79.21730827,-3.87064971],[-79.21753704,-3.87059278],[-79.21766569,-3.87060739],[-79.21796548,-3.87078028],[-79.21817947,-3.87093864],[-79.21832919,-3.87110403],[-79.21847168,-3.8713053],[-79.21861431,-3.87144916],[-79.21872854,-3.87150683],[-79.21887142,-3.87152146],[-79.21904316,-3.87140701],[-79.21931514,-3.87119226],[-79.21950146,-3.87093424],[-79.21974471,-3.87080556],[-79.21990179,-3.87086332],[-79.21991554,-3.87112174],[-79.21997218,-3.87138024],[-79.2200573,-3.87168188],[-79.22012841,-3.87185428],[-79.2203994,-3.87211327],[-79.22054172,-3.87240065],[-79.22054101,-3.87274516],[-79.22045455,-3.8730895],[-79.22042529,-3.8734196],[-79.2204391,-3.87363496],[-79.22063868,-3.87387943],[-79.22102444,-3.87393765],[-79.22136744,-3.87393837],[-79.2217386,-3.8741401],[-79.22192374,-3.87445631],[-79.22198695,-3.87499475],[-79.22207191,-3.87536816],[-79.22218542,-3.87577032],[-79.22249909,-3.87612986],[-79.22269833,-3.87654659],[-79.22274044,-3.87690555],[-79.22263946,-3.87733598],[-79.22225285,-3.87769403],[-79.22179498,-3.87795148],[-79.22129433,-3.87816574],[-79.22106524,-3.87835186],[-79.220929,-3.87857407],[-79.22095689,-3.8789043],[-79.22099935,-3.87910535],[-79.2211564,-3.87919179],[-79.22139932,-3.87920667],[-79.22172835,-3.87906383],[-79.22201449,-3.87892089],[-79.2224007,-3.87876377],[-79.22277248,-3.87866411],[-79.2232013,-3.87865063],[-79.22355844,-3.87872317],[-79.2238439,-3.87889602],[-79.22402922,-3.8791261],[-79.22415735,-3.87937041],[-79.22417107,-3.87964319],[-79.22408486,-3.87985831],[-79.2239844,-3.88005904],[-79.22396937,-3.88040356],[-79.22409721,-3.88079143],[-79.22432491,-3.88125124],[-79.22459542,-3.88175425],[-79.22475204,-3.88204168],[-79.22476569,-3.88234314],[-79.22462941,-3.88259408],[-79.2243289,-3.88276569],[-79.2239713,-3.88290852],[-79.22375659,-3.88306596],[-79.22371291,-3.88345345],[-79.22376925,-3.88385552],[-79.22393987,-3.88427215],[-79.22419596,-3.88483254],[-79.22423763,-3.88540683],[-79.22429332,-3.88611033],[-79.22434223,-3.88664874],[-79.22415575,-3.88697853],[-79.22382636,-3.88729365],[-79.22362549,-3.88766642],[-79.22359628,-3.88796783],[-79.22366726,-3.88819768],[-79.22382428,-3.88828416],[-79.22416731,-3.88828488],[-79.22438179,-3.88822787],[-79.22459614,-3.88825704],[-79.22469597,-3.88835776],[-79.22496741,-3.8884157],[-79.22526746,-3.88844507],[-79.22555285,-3.88866102],[-79.22568037,-3.88919241],[-79.22567953,-3.88959434],[-79.22550722,-3.88998155],[-79.2251923,-3.89021057],[-79.22481337,-3.89030307],[-79.22448483,-3.89023062],[-79.22421377,-3.889986],[-79.2240571,-3.88972728],[-79.22394287,-3.88966963],[-79.22374272,-3.88969793],[-79.22365646,-3.88994175],[-79.22384142,-3.89034409],[-79.22408355,-3.89074656],[-79.22418269,-3.89117739],[-79.22402439,-3.89169387],[-79.22389493,-3.89209551],[-79.22388041,-3.89219599],[-79.22400833,-3.89254076],[-79.22426489,-3.89287148],[-79.22447906,-3.89298677],[-79.22477927,-3.89294431],[-79.22513716,-3.89265798],[-79.22560969,-3.89224267],[-79.22588186,-3.89194181],[-79.22612535,-3.8916983],[-79.22635402,-3.89169878],[-79.22651086,-3.89187134],[-79.22655327,-3.89210112],[-79.22672439,-3.8922881],[-79.22698147,-3.89237477],[-79.2272672,-3.8924328],[-79.22748122,-3.89260549],[-79.22759504,-3.89284978],[-79.22755131,-3.89325163],[-79.22747909,-3.89362471],[-79.22762863,-3.89387625],[-79.22802803,-3.89425029],[-79.2284702,-3.89468189],[-79.22882656,-3.89512763],[-79.22886882,-3.89542918],[-79.22875384,-3.89573039],[-79.22836766,-3.89587314],[-79.22805333,-3.89582939],[-79.22776737,-3.89587186],[-79.22750949,-3.8961728],[-79.22736619,-3.8963591],[-79.22696577,-3.89647312],[-79.22645114,-3.89651506],[-79.22615084,-3.89658621],[-79.22583593,-3.89681523],[-79.22549263,-3.89695807],[-79.225483,-3.89695669],[-79.22477821,-3.89685605],[-79.2240925,-3.89671104],[-79.22356374,-3.89668122],[-79.22303528,-3.89650782],[-79.22253519,-3.89644935],[-79.22171319,-3.89654093],[-79.22122684,-3.89672651],[-79.22056879,-3.89701222],[-79.21976823,-3.89709666],[-79.21903924,-3.89715254],[-79.21832452,-3.89719406],[-79.21743765,-3.89755105],[-79.21689418,-3.89772216],[-79.21590019,-3.89804306],[-79.21531381,-3.89822843],[-79.21474163,-3.89847122],[-79.21429786,-3.89880044],[-79.21372575,-3.89900019],[-79.21326823,-3.89907098],[-79.2126387,-3.89939981],[-79.21215161,-3.89994425],[-79.21162142,-3.90058913],[-79.21117699,-3.90123412],[-79.21016693,-3.90240189],[-79.2097941,-3.90297529],[-79.20906397,-3.90356228],[-79.20843383,-3.90416383],[-79.2077754,-3.90462178],[-79.2072173,-3.90495074],[-79.20658793,-3.90519343],[-79.20615177,-3.90530018],[-79.20550814,-3.90552847],[-79.20512153,-3.90585779],[-79.20486347,-3.90623046],[-79.20462452,-3.90646389],[-79.20424765,-3.90683204],[-79.20341732,-3.90747622],[-79.20288793,-3.90774782],[-79.20253754,-3.90785474],[-79.20110849,-3.90776554],[-79.19965105,-3.90759017],[-79.19883684,-3.90737306],[-79.19775261,-3.90645208],[-79.19675407,-3.90554556],[-79.19578346,-3.90495491],[-79.19407768,-3.90395358],[-79.19270713,-3.9032616],[-79.19219327,-3.9029447],[-79.19199337,-3.90285814],[-79.19169325,-3.90284316],[-79.19165692,-3.90291573],[-79.19156408,-3.90310125],[-79.19160611,-3.90348892],[-79.19189012,-3.90435081],[-79.19198775,-3.90548506],[-79.1920693,-3.90743744],[-79.1920106,-3.90815505],[-79.19191438,-3.90971235],[-79.19198372,-3.91070295],[-79.19173924,-3.91140581],[-79.19120914,-3.91200756],[-79.19059964,-3.91297519],[-79.19012593,-3.91393591],[-79.18991001,-3.91465319],[-79.18980868,-3.91524151],[-79.18989304,-3.91590203],[-79.18979838,-3.91671286],[-79.18959641,-3.91758803],[-79.18926561,-3.9185491],[-79.1891609,-3.91877633],[-79.18884919,-3.91945253],[-79.18864805,-3.91994015],[-79.18736483,-3.92182499],[-79.18621893,-3.92298524],[-79.18544561,-3.92368695],[-79.18324833,-3.92525398],[-79.18148847,-3.92612579],[-79.18073019,-3.926483],[-79.17949258,-3.92709035],[-79.17793388,-3.92746018],[-79.17663308,-3.92755782],[-79.17571848,-3.92749838],[-79.17343871,-3.92755801],[-79.17215238,-3.92755519],[-79.17075125,-3.92776741],[-79.16802836,-3.92785474],[-79.16770704,-3.92784504],[-79.1664849,-3.92780824],[-79.16542791,-3.9275045],[-79.16330679,-3.92690413],[-79.16232132,-3.92658611],[-79.16150704,-3.92641208],[-79.16063569,-3.92619486],[-79.16009243,-3.92626544],[-79.15858274,-3.92710183],[-79.15785212,-3.92788971],[-79.15684985,-3.92870571],[-79.15607696,-3.9292064],[-79.1551471,-3.92960628],[-79.15434566,-3.93009253],[-79.15287905,-3.93084288],[-79.15236032,-3.93090892],[-79.15221579,-3.93102215],[-79.15201225,-3.93118161],[-79.15184808,-3.93127415],[-79.15182174,-3.931289],[-79.15145417,-3.93149618],[-79.15062442,-3.93185319],[-79.14983803,-3.93199499],[-79.14926619,-3.93206549],[-79.14856543,-3.9322649],[-79.1476073,-3.93250679],[-79.14707817,-3.93264915],[-79.14670636,-3.93274878],[-79.14606962,-3.93307036],[-79.14541124,-3.93349952],[-79.14436632,-3.9342149],[-79.1431921,-3.93523144],[-79.14256167,-3.93593338],[-79.1422747,-3.93643516],[-79.14208079,-3.9368725],[-79.14207997,-3.93724574],[-79.14225017,-3.93783466],[-79.1425062,-3.93839504],[-79.14280464,-3.93915647],[-79.1428744,-3.93993175],[-79.14287332,-3.94041981],[-79.14283552,-3.94134556],[-79.14256133,-3.94253636],[-79.14233126,-3.94316745],[-79.14207256,-3.9438128],[-79.14126492,-3.94708379],[-79.14087659,-3.9481738],[-79.14058933,-3.94880475],[-79.14017329,-3.94950719],[-79.14004889,-3.9496273],[-79.14004817,-3.949628],[-79.13995484,-3.94971812],[-79.13955317,-3.94984396],[-79.13973935,-3.95022003],[-79.14033853,-3.95070942],[-79.14113782,-3.95119925],[-79.14206533,-3.95187598],[-79.14211275,-3.95191523],[-79.14212114,-3.95192218],[-79.14262173,-3.95233655],[-79.14307794,-3.95285433],[-79.14374864,-3.95332954],[-79.14437665,-3.95371852],[-79.14526815,-3.95451716],[-79.14596685,-3.95526516],[-79.14639426,-3.95588336],[-79.14672142,-3.95658745],[-79.14733881,-3.9585482],[-79.14747982,-3.95940976],[-79.147507,-3.96004141],[-79.14759181,-3.96047224],[-79.1477767,-3.96087458],[-79.1481905,-3.9611913],[-79.14884718,-3.96155162],[-79.14897549,-3.96169546],[-79.14975258,-3.96253693],[-79.15039454,-3.96309819],[-79.15087962,-3.96347247],[-79.15120774,-3.96376029],[-79.15127803,-3.96429158],[-79.15063969,-3.96533084],[-79.15009421,-3.96637749],[-79.1498501,-3.96689368],[-79.14953375,-3.96773989],[-79.14921835,-3.96816981],[-79.14854542,-3.96869941],[-79.14774408,-3.96911389],[-79.14714311,-3.96941396],[-79.14641932,-3.97030948],[-79.14613183,-3.97104091],[-79.1455297,-3.97185775],[-79.14530739,-3.97220894],[-79.14486337,-3.97262421],[-79.14380439,-3.97321035],[-79.14338909,-3.97356827],[-79.14323113,-3.97389807],[-79.14318767,-3.97415634],[-79.14322991,-3.97444355],[-79.14332783,-3.97539115],[-79.14345423,-3.97639622],[-79.14362959,-3.97786792],[-79.14379792,-3.97928938],[-79.14391078,-3.97996429],[-79.14417004,-3.98226875],[-79.14435369,-3.98323088],[-79.14440968,-3.98376214],[-79.14445472,-3.98599431],[-79.14449585,-3.98676955],[-79.14473735,-3.98743039],[-79.1448225,-3.98770331],[-79.1453557,-3.98894615],[-79.14568281,-3.98967897],[-79.14581361,-3.9903125],[-79.14586664,-3.99056935],[-79.14610807,-3.9912589],[-79.14704041,-3.99299073],[-79.14760985,-3.99401114],[-79.14782236,-3.99485855],[-79.14761248,-3.99602794],[-79.14739631,-3.99681694],[-79.14720837,-3.99776388],[-79.14689943,-3.99848809],[-79.14635425,-3.99939118],[-79.14576605,-4.00035156],[-79.14537834,-4.00115455],[-79.14505546,-4.00173515],[-79.14500926,-4.00208973],[-79.14496532,-4.00242715],[-79.14489007,-4.00290656],[-79.14479087,-4.00371646],[-79.14473821,-4.00467097],[-79.14458316,-4.00581897],[-79.14441616,-4.00653827],[-79.14429448,-4.00706235],[-79.14426347,-4.00814364],[-79.14393572,-4.00980799],[-79.14396977,-4.01160714],[-79.14396705,-4.0128129],[-79.14416577,-4.01343535],[-79.14448756,-4.01441219],[-79.14456139,-4.01546499],[-79.14486454,-4.01626953],[-79.14528213,-4.01701691],[-79.14573819,-4.01761127],[-79.14577544,-4.01799412],[-79.14556407,-4.01875921],[-79.14539137,-4.01927556],[-79.14474114,-4.02026932],[-79.14421482,-4.02125378],[-79.14296041,-4.02393995],[-79.14230939,-4.02527819],[-79.14158166,-4.02682677],[-79.14072181,-4.02780091],[-79.13954626,-4.02931977],[-79.13886868,-4.03015743],[-79.13864871,-4.0304719],[-79.13815066,-4.03121133],[-79.13763383,-4.03220537],[-79.136907,-4.03335205],[-79.13649485,-4.03439416],[-79.136398,-4.03508294],[-79.13650749,-4.03565057],[-79.13658634,-4.03605947],[-79.13681085,-4.03791646],[-79.1370457,-4.03868617],[-79.13706397,-4.03874608],[-79.1373689,-4.0397455],[-79.13799491,-4.04102927],[-79.13839276,-4.04208282],[-79.13878944,-4.04363398],[-79.13904349,-4.04506042],[-79.13928912,-4.0459988],[-79.13943933,-4.04699437],[-79.13955048,-4.04839178],[-79.13961285,-4.05029623],[-79.13961131,-4.0509661],[-79.1395512,-4.05224828],[-79.13958374,-4.05469815],[-79.13949586,-4.05562618],[-79.13945721,-4.05585576],[-79.13953185,-4.05654493],[-79.14015867,-4.05748417],[-79.14112784,-4.05873045],[-79.14215504,-4.05961319],[-79.14378123,-4.06108109],[-79.14465659,-4.06169554],[-79.14556952,-4.06253976],[-79.14669248,-4.06321222],[-79.14796787,-4.06390416],[-79.14964351,-4.06461615],[-79.15129007,-4.06552905],[-79.1520132,-4.06602832],[-79.15277422,-4.06662339],[-79.15278173,-4.06664696],[-79.15294456,-4.06715965],[-79.15313309,-4.06805965],[-79.1534351,-4.06936177],[-79.15349817,-4.07096003],[-79.15355294,-4.07201284],[-79.15366398,-4.07289282],[-79.15369501,-4.07323703],[-79.15373691,-4.07492241],[-79.15372454,-4.07615684],[-79.15379827,-4.07726707],[-79.15377525,-4.07900868],[-79.15388506,-4.08099939],[-79.15415992,-4.08166034],[-79.15467154,-4.08298212],[-79.15567644,-4.08528112],[-79.15629251,-4.08676581],[-79.1566526,-4.08766617],[-79.15722164,-4.08887326],[-79.15815202,-4.09044481],[-79.1589841,-4.09183281],[-79.1590556,-4.0919474],[-79.15909559,-4.09204622],[-79.15952887,-4.09255717],[-79.16033077,-4.09373558],[-79.16048708,-4.09421173],[-79.16045976,-4.09581901],[-79.16045546,-4.09607144],[-79.160423,-4.09798558],[-79.16028142,-4.10051931],[-79.16070591,-4.10296093],[-79.16091913,-4.10418741],[-79.16100597,-4.10468695],[-79.16112865,-4.10491184],[-79.16141435,-4.10543558],[-79.1614783,-4.10704396],[-79.16199628,-4.10939981],[-79.16226857,-4.11019796],[-79.16227965,-4.11153169],[-79.16220742,-4.11318967],[-79.1622966,-4.11494622],[-79.16229952,-4.11500436],[-79.16220026,-4.11560498],[-79.16204128,-4.11583564],[-79.16178067,-4.11621372],[-79.16133692,-4.11738247],[-79.16113688,-4.11790935],[-79.1598482,-4.1203575],[-79.15926236,-4.12163759],[-79.15913147,-4.12279106],[-79.15908152,-4.12532246],[-79.15881676,-4.12661731],[-79.1576037,-4.12844253],[-79.1576161,-4.12892851],[-79.15871269,-4.12896296],[-79.16028513,-4.12899531],[-79.16074238,-4.12909208],[-79.16135225,-4.12913179],[-79.16230531,-4.129134],[-79.16354456,-4.12902203],[-79.16425042,-4.12875571],[-79.16457529,-4.1283928],[-79.16493774,-4.12827881],[-79.16581461,-4.12824259],[-79.1670724,-4.12836032],[-79.16816886,-4.12816189],[-79.16877846,-4.12831641],[-79.16953975,-4.12881579],[-79.17056826,-4.12918181],[-79.17203595,-4.12918518],[-79.17289393,-4.12909149],[-79.1733699,-4.12934138],[-79.17415022,-4.12985993],[-79.17498871,-4.12995757],[-79.17612255,-4.13008458],[-79.17635135,-4.13006596],[-79.1766944,-4.1300859],[-79.17701873,-4.12995265],[-79.177267,-4.12974272],[-79.17761025,-4.12968607],[-79.17795341,-4.12966774],[-79.17852542,-4.12959246],[-79.17898327,-4.12942127],[-79.17925069,-4.12917306],[-79.17955614,-4.12896324],[-79.17993748,-4.12892586],[-79.18068151,-4.1286405],[-79.18144489,-4.12824032],[-79.18289441,-4.12786083],[-79.18389619,-4.1273942],[-79.18429701,-4.12716548],[-79.18490754,-4.12691801],[-79.18534668,-4.12659366],[-79.18593841,-4.12623139],[-79.1864926,-4.12560105],[-79.18683645,-4.12527642],[-79.18714156,-4.12521971],[-79.18820913,-4.12516475],[-79.18895262,-4.12510903],[-79.18950597,-4.12486148],[-79.19023062,-4.12472915],[-79.19127894,-4.12475069],[-79.1918793,-4.12478079],[-79.19256525,-4.12489718],[-79.19321373,-4.12472639],[-79.19353809,-4.124574],[-79.19393891,-4.12434522],[-79.19422507,-4.12423105],[-79.19454922,-4.12419351],[-79.19479741,-4.12402181],[-79.19523629,-4.12381227],[-79.19565552,-4.12387065],[-79.19681784,-4.1240647],[-79.19733253,-4.12404674],[-79.19759977,-4.1238751],[-79.19803822,-4.12385693],[-79.19859071,-4.12399217],[-79.19908513,-4.12451005],[-79.19944708,-4.12460656],[-79.19958014,-4.12477914],[-79.1994836,-4.12531483],[-79.19963493,-4.12583193],[-79.19976743,-4.1262533],[-79.19989078,-4.12649284],[-79.19981302,-4.12716253],[-79.1999443,-4.12811978],[-79.20022907,-4.12863725],[-79.20070523,-4.12881058],[-79.20093343,-4.12904076],[-79.20118064,-4.12930926],[-79.20163754,-4.12955915],[-79.20175128,-4.12984647],[-79.20188397,-4.13017219],[-79.20173092,-4.13042061],[-79.20167295,-4.130765],[-79.20199637,-4.13105283],[-79.20210966,-4.13153155],[-79.20184132,-4.13218171],[-79.2016844,-4.13248169],[-79.20175946,-4.13256271],[-79.2018785,-4.13260287],[-79.20239348,-4.13247007],[-79.20304247,-4.13206963],[-79.20387314,-4.13141118],[-79.20412114,-4.13131602],[-79.20486513,-4.13106889],[-79.20568639,-4.13034346],[-79.20631675,-4.12975154],[-79.20807424,-4.1280521],[-79.20878166,-4.12709671],[-79.20936525,-4.12611233],[-79.20972849,-4.12563468],[-79.21028268,-4.12500427],[-79.21123739,-4.12427916],[-79.21211615,-4.12341981],[-79.21293647,-4.12311543],[-79.21421517,-4.12241017],[-79.21492248,-4.12149304],[-79.21561996,-4.12071947],[-79.21626945,-4.1200893],[-79.21646145,-4.11945812],[-79.21684454,-4.11863598],[-79.2169605,-4.11790891],[-79.21715274,-4.11718204],[-79.21736442,-4.11628292],[-79.21762308,-4.11568064],[-79.21789061,-4.11539413],[-79.21823423,-4.11514606],[-79.21914953,-4.11499499],[-79.22017966,-4.11463363],[-79.22134375,-4.11402379],[-79.22189754,-4.11356563],[-79.22256677,-4.11262931],[-79.22312126,-4.11186496],[-79.22354136,-4.11152136],[-79.22407609,-4.11106321],[-79.22426673,-4.1106554],[-79.22426226,-4.1106463],[-79.22425437,-4.11064075],[-79.22419476,-4.11063518],[-79.22417411,-4.11063324],[-79.22406851,-4.11061118],[-79.22392746,-4.11052498],[-79.22379122,-4.11042263],[-79.22365727,-4.11027466],[-79.22356805,-4.11013963],[-79.22348517,-4.1100303],[-79.22345982,-4.10992751],[-79.22344736,-4.10977982],[-79.22344159,-4.1094973],[-79.22344214,-4.10924691],[-79.22350667,-4.10898381],[-79.22356802,-4.10879023],[-79.22358394,-4.10874],[-79.22365501,-4.1084063],[-79.22371962,-4.10810468],[-79.2236625,-4.10791194],[-79.223535,-4.1077383],[-79.22349655,-4.10761292],[-79.22347787,-4.10755198],[-79.2234656,-4.1073144],[-79.22357481,-4.1070835],[-79.22376095,-4.10676289],[-79.22396643,-4.1063717],[-79.22408584,-4.10620858],[-79.22420812,-4.10582234],[-79.22425912,-4.10566125],[-79.22426428,-4.10564494],[-79.22441878,-4.10515697],[-79.22446378,-4.10501484],[-79.2245229,-4.1048992],[-79.22452827,-4.10469232],[-79.22456514,-4.10465546],[-79.22461926,-4.10458415],[-79.22462685,-4.10445755],[-79.22462945,-4.10441422],[-79.22468125,-4.10428379],[-79.22474311,-4.10404255],[-79.22476805,-4.10385787],[-79.22474615,-4.10377408],[-79.224607,-4.10336302],[-79.22459486,-4.10332715],[-79.22459262,-4.10332054],[-79.22448287,-4.10303458],[-79.22451038,-4.10279572],[-79.22453251,-4.10266676],[-79.22455262,-4.10254951],[-79.22457256,-4.1024067],[-79.22455073,-4.10229581],[-79.22448216,-4.10224393],[-79.22440867,-4.10225299],[-79.22440365,-4.10225361],[-79.22423682,-4.10226555],[-79.22416605,-4.1022786],[-79.2241207,-4.10228695],[-79.22398422,-4.10229137],[-79.22384305,-4.10228633],[-79.22371138,-4.10224351],[-79.22355622,-4.10218174],[-79.22336349,-4.10208207],[-79.22382555,-4.10168617],[-79.22385419,-4.10150195],[-79.22354928,-4.10106181],[-79.22333304,-4.10095737],[-79.2233239,-4.10083449],[-79.22344657,-4.10068828],[-79.22352648,-4.10060233],[-79.22381923,-4.10028745],[-79.22385797,-4.10024621],[-79.22407709,-4.10001293],[-79.22418244,-4.09990078],[-79.22432699,-4.09970707],[-79.22444107,-4.09959037],[-79.22454458,-4.09946567],[-79.22458723,-4.09933021],[-79.22465109,-4.09918416],[-79.22467913,-4.09916325],[-79.22481813,-4.0990596],[-79.22494806,-4.09895889],[-79.22491403,-4.09878604],[-79.22489753,-4.09872565],[-79.22487989,-4.09866103],[-79.22485375,-4.09851213],[-79.22490976,-4.09832088],[-79.22498423,-4.09816156],[-79.22512751,-4.09800505],[-79.22532367,-4.09788322],[-79.2253623,-4.09786646],[-79.22550649,-4.09780389],[-79.22565496,-4.0976979],[-79.2257453,-4.09754393],[-79.22584358,-4.09739264],[-79.22596518,-4.09725735],[-79.2260081,-4.09720961],[-79.2261062,-4.09713806],[-79.22619385,-4.09711089],[-79.2262254,-4.09710111],[-79.22629428,-4.09707734],[-79.22638966,-4.09703768],[-79.22645335,-4.09696606],[-79.22648664,-4.09692637],[-79.22652235,-4.09688381],[-79.22658887,-4.09672714],[-79.22674257,-4.09665305],[-79.22690136,-4.09666616],[-79.22694106,-4.09666944],[-79.22710245,-4.09670701],[-79.22719768,-4.09673912],[-79.22729443,-4.09679197],[-79.22731252,-4.09673019],[-79.22736652,-4.09667364],[-79.22742052,-4.09661708],[-79.22747191,-4.09657856],[-79.22751302,-4.09654774],[-79.22752853,-4.09649625],[-79.22756206,-4.09641132],[-79.22760581,-4.0963496],[-79.22766493,-4.09629563],[-79.22772659,-4.09625455],[-79.22782153,-4.09624703],[-79.22793444,-4.09622925],[-79.22800637,-4.09618305],[-79.22808618,-4.09605442],[-79.22814808,-4.09590516],[-79.22816617,-4.09584595],[-79.22818693,-4.0957378],[-79.22817177,-4.09563216],[-79.22816418,-4.09558577],[-79.22816429,-4.09553425],[-79.22817984,-4.09546474],[-79.22818251,-4.0954158],[-79.22816358,-4.09536385],[-79.22814681,-4.09531783],[-79.22810852,-4.09523274],[-79.22806508,-4.09515279],[-79.22804727,-4.09508577],[-79.22804743,-4.09501365],[-79.22807069,-4.09493384],[-79.2280734,-4.09486945],[-79.22804271,-4.09482559],[-79.22804027,-4.09477149],[-79.22806857,-4.09473291],[-79.22812349,-4.09471466],[-79.22813788,-4.09470988],[-79.22819963,-4.09463017],[-79.22823312,-4.09456326],[-79.22825636,-4.09449634],[-79.22827705,-4.09441911],[-79.22831309,-4.09436252],[-79.22831062,-4.0943213],[-79.22830035,-4.09432385],[-79.22826946,-4.09437272],[-79.22822589,-4.09435202],[-79.2282338,-4.09425673],[-79.22821608,-4.09414592],[-79.22821369,-4.09406864],[-79.22819064,-4.09405055],[-79.22816104,-4.09405674],[-79.22814188,-4.09406075],[-79.22812394,-4.0940504],[-79.22813429,-4.09400921],[-79.22815231,-4.09398349],[-79.22815753,-4.09394229],[-79.22813455,-4.09389329],[-79.22809357,-4.09386229],[-79.22805252,-4.09386478],[-79.22803708,-4.09388535],[-79.22802671,-4.09393427],[-79.22800351,-4.09398832],[-79.22796235,-4.09403717],[-79.22789056,-4.09401898],[-79.2278676,-4.09396225],[-79.22788829,-4.09388502],[-79.22789361,-4.0938026],[-79.22790916,-4.09373051],[-79.22795291,-4.09366621],[-79.22800426,-4.09364571],[-79.22808385,-4.09361755],[-79.2281557,-4.09360999],[-79.2282096,-4.09359465],[-79.22822508,-4.09355604],[-79.22817641,-4.09352502],[-79.22816111,-4.0934812],[-79.22819967,-4.09344264],[-79.22822546,-4.09338345],[-79.22822818,-4.09331391],[-79.22825136,-4.09327017],[-79.22832341,-4.09317244],[-79.22838835,-4.09307133],[-79.2284341,-4.0930001],[-79.22850358,-4.09289721],[-79.22854226,-4.09280714],[-79.22855026,-4.09267063],[-79.22853424,-4.09250126],[-79.22853271,-4.09248512],[-79.22850745,-4.09230475],[-79.22850622,-4.09223989],[-79.22850515,-4.09218367],[-79.22851047,-4.09209868],[-79.22850546,-4.092042],[-79.22850045,-4.09199047],[-79.22851081,-4.0919467],[-79.2285519,-4.0919236],[-79.22859974,-4.09184671],[-79.22861111,-4.09182842],[-79.22866778,-4.09172293],[-79.22870137,-4.09161482],[-79.22871695,-4.09152985],[-79.22872242,-4.0913753],[-79.22873291,-4.09127228],[-79.22872285,-4.09117953],[-79.22871019,-4.09110222],[-79.22869755,-4.09101976],[-79.22869268,-4.09090126],[-79.22869092,-4.09089413],[-79.22866216,-4.09077754],[-79.22860345,-4.09064604],[-79.2285882,-4.0905816],[-79.22858832,-4.09052751],[-79.22861665,-4.09047605],[-79.22867068,-4.09040404],[-79.22866052,-4.09036023],[-79.22866833,-4.09030873],[-79.22870957,-4.09021866],[-79.22873289,-4.0901131],[-79.22874076,-4.09003326],[-79.22874607,-4.08995084],[-79.22875134,-4.08988903],[-79.22879357,-4.0898117],[-79.22879812,-4.08979652],[-79.22880305,-4.08970625],[-79.22877518,-4.08954648],[-79.22875238,-4.08941505],[-79.22875263,-4.08930171],[-79.22875291,-4.08917291],[-79.2287352,-4.08905953],[-79.22871232,-4.08896675],[-79.22869708,-4.08889459],[-79.22872291,-4.08881479],[-79.2287744,-4.08873505],[-79.22883613,-4.0886579],[-79.22890812,-4.08858594],[-79.22895959,-4.08851135],[-79.22901616,-4.08845223],[-79.22908554,-4.08839828],[-79.22913443,-4.08833142],[-79.22914866,-4.08829995],[-79.22917052,-4.08825164],[-79.22917836,-4.08818468],[-79.22918362,-4.08812545],[-79.22918376,-4.08806362],[-79.22919414,-4.08800698],[-79.22920452,-4.0879529],[-79.22921232,-4.08790913],[-79.22923811,-4.08784479],[-79.22926392,-4.08777272],[-79.22925377,-4.08772118],[-79.22921275,-4.08771336],[-79.22917428,-4.08770812],[-79.22916406,-4.08769007],[-79.22918721,-4.0876592],[-79.22918473,-4.08762314],[-79.22916938,-4.08759992],[-79.22913869,-4.08756121],[-79.22913363,-4.08752771],[-79.22916194,-4.08748656],[-79.2291646,-4.0874402],[-79.22913133,-4.08740664],[-79.22911346,-4.08736538],[-79.22914178,-4.08732165],[-79.22914185,-4.08728559],[-79.22913942,-4.08722634],[-79.22916259,-4.08719032],[-79.22916526,-4.08714139],[-79.22913969,-4.08710269],[-79.22910134,-4.08704593],[-79.22905016,-4.08698657],[-79.22902715,-4.08695046],[-79.22902726,-4.08689894],[-79.2290402,-4.08685002],[-79.22905567,-4.086814],[-79.22904033,-4.0867882],[-79.22899429,-4.08672628],[-79.22896879,-4.08665924],[-79.22895608,-4.08660512],[-79.22894592,-4.08655873],[-79.22891792,-4.08645821],[-79.22891042,-4.08636803],[-79.22892599,-4.08629079],[-79.2289159,-4.08621091],[-79.22887243,-4.08614641],[-79.22883148,-4.08610253],[-79.22875462,-4.08605599],[-79.22870595,-4.08602498],[-79.2286266,-4.08594752],[-79.22861241,-4.08593679],[-79.22857537,-4.08590877],[-79.22852414,-4.08587517],[-79.22845753,-4.08583638],[-79.22840121,-4.08578216],[-79.22835771,-4.08573312],[-79.22830141,-4.0856686],[-79.22828099,-4.08561961],[-79.22822202,-4.0856066],[-79.22815782,-4.08563479],[-79.228086,-4.08563206],[-79.22808353,-4.08558826],[-79.22805283,-4.08554955],[-79.22798626,-4.08549273],[-79.22795046,-4.08543856],[-79.22795826,-4.08539478],[-79.2279687,-4.08531238],[-79.22792009,-4.08525302],[-79.22792535,-4.08519121],[-79.22789985,-4.0851216],[-79.22790001,-4.08504948],[-79.2279178,-4.085022],[-79.22792833,-4.08500575],[-79.22800533,-4.08499932],[-79.22793904,-4.0849164],[-79.22788609,-4.08481215],[-79.22790749,-4.08475079],[-79.22793425,-4.08467609],[-79.22792379,-4.0845933],[-79.22788944,-4.0844971],[-79.22787368,-4.08440896],[-79.22787657,-4.08430216],[-79.22787672,-4.08423274],[-79.22789284,-4.08415802],[-79.22797273,-4.08410479],[-79.22807123,-4.08404894],[-79.22815379,-4.08398771],[-79.22816718,-4.08394502],[-79.22817533,-4.08386761],[-79.22817813,-4.08380354],[-79.22823684,-4.08370755],[-79.22829552,-4.08362224],[-79.22840207,-4.08353703],[-79.22853518,-4.08346257],[-79.22865497,-4.08340142],[-79.22873231,-4.08329479],[-79.22879904,-4.08317746],[-79.22884718,-4.0830494],[-79.22890591,-4.0829454],[-79.22892212,-4.08282796],[-79.22888513,-4.08272108],[-79.22878166,-4.08261405],[-79.22867553,-4.08251235],[-79.2286199,-4.08241611],[-79.22862009,-4.08233067],[-79.22864421,-4.08224528],[-79.22871886,-4.08215467],[-79.22875363,-4.08205862],[-79.22875383,-4.08197051],[-79.2287541,-4.0818477],[-79.22875428,-4.08176226],[-79.2287757,-4.08169555],[-79.22881037,-4.08165024],[-79.22881851,-4.0815755],[-79.22881334,-4.08150606],[-79.22878697,-4.08140455],[-79.22872069,-4.08131629],[-79.22860916,-4.08124929],[-79.22848687,-4.08124101],[-79.22838054,-4.08122743],[-79.22830089,-4.08117385],[-79.2282319,-4.08110962],[-79.22818952,-4.08103209],[-79.22818968,-4.08096267],[-79.22821109,-4.08089597],[-79.22829894,-4.08085078],[-79.22838673,-4.08082961],[-79.22845599,-4.08077102],[-79.22854135,-4.08064572],[-79.22864786,-4.08057654],[-79.22881017,-4.08052616],[-79.22894055,-4.08048373],[-79.22901509,-4.08044652],[-79.22906308,-4.08038521],[-79.22906056,-4.08032113],[-79.22903681,-4.0802383],[-79.22895717,-4.08017939],[-79.22878974,-4.08014431],[-79.22861433,-4.08010654],[-79.22842825,-4.08008477],[-79.22831401,-4.0800418],[-79.22818657,-4.0799534],[-79.22812563,-4.07985448],[-79.22807277,-4.07970751],[-79.22803574,-4.07962199],[-79.22798277,-4.07952575],[-79.22790854,-4.07942413],[-79.22778909,-4.07933308],[-79.22768555,-4.0792581],[-79.22764851,-4.07917257],[-79.22765139,-4.07907379],[-79.22772867,-4.07899653],[-79.22781135,-4.0788819],[-79.22781955,-4.07877779],[-79.22783847,-4.07863899],[-79.22789992,-4.07850563],[-79.22798797,-4.07836431],[-79.22812653,-4.07823112],[-79.22823308,-4.07814324],[-79.22823864,-4.07803378],[-79.22827074,-4.07794307],[-79.2283188,-4.07785507],[-79.22834822,-4.0777777],[-79.22834573,-4.0776976],[-79.22830604,-4.0776094],[-79.22822123,-4.07748372],[-79.22810449,-4.07736865],[-79.22798771,-4.07727228],[-79.22785756,-4.07720791],[-79.22772475,-4.07714354],[-79.22763454,-4.07705523],[-79.22753367,-4.07697757],[-79.22746189,-4.07697207],[-79.22733423,-4.07698514],[-79.22725704,-4.07702235],[-79.22718791,-4.0770222],[-79.22707634,-4.07697122],[-79.22698343,-4.0769016],[-79.22692519,-4.07678399],[-79.22687227,-4.07666906],[-79.22683803,-4.07651679],[-79.22683837,-4.07636193],[-79.22681461,-4.07628445],[-79.2267376,-4.07624156],[-79.22658073,-4.07623855],[-79.22649034,-4.07623034],[-79.22636281,-4.07618466],[-79.22625395,-4.076115],[-79.22616377,-4.07601067],[-79.22606297,-4.07590098],[-79.22596486,-4.07577794],[-79.22588007,-4.07564426],[-79.22583522,-4.07548129],[-79.22583296,-4.07529972],[-79.2258174,-4.0751208],[-79.22578963,-4.07501242],[-79.22575586,-4.07489273],[-79.22575896,-4.07477027],[-79.22579039,-4.07466781],[-79.22595229,-4.0745571],[-79.22606315,-4.07444627],[-79.2261173,-4.07432678],[-79.22615747,-4.07411611],[-79.22616927,-4.0739027],[-79.22616928,-4.07390254],[-79.22615267,-4.07371738],[-79.22614438,-4.07361483],[-79.22615883,-4.0734924],[-79.22616762,-4.07342426],[-79.22620289,-4.07327084],[-79.22619262,-4.07319965],[-79.22619353,-4.07319059],[-79.22618826,-4.07300546],[-79.22619156,-4.07279471],[-79.22616797,-4.07264149],[-79.22615924,-4.07255768],[-79.22614044,-4.07245945],[-79.22611892,-4.07236395],[-79.22608947,-4.07217024],[-79.22607624,-4.07201203],[-79.22605471,-4.07191925],[-79.22605392,-4.07191819],[-79.22599785,-4.07184276],[-79.22588949,-4.07171161],[-79.22579738,-4.07160504],[-79.22575449,-4.07142574],[-79.22573542,-4.07127857],[-79.2257357,-4.07115041],[-79.22575309,-4.07097957],[-79.22575845,-4.07096925],[-79.22582999,-4.07083164],[-79.22593243,-4.07067522],[-79.22605185,-4.07054163],[-79.22621674,-4.07035972],[-79.22634467,-4.0702233],[-79.22646973,-4.07010111],[-79.22662877,-4.07000178],[-79.22678771,-4.06995372],[-79.22686159,-4.06988838],[-79.22693551,-4.06980595],[-79.22704061,-4.06973213],[-79.22714844,-4.06970959],[-79.22728181,-4.0696757],[-79.22738128,-4.06958479],[-79.22744673,-4.06948525],[-79.22746962,-4.06939132],[-79.22744437,-4.06926595],[-79.22741634,-4.06911494],[-79.22741379,-4.06898393],[-79.22744239,-4.06887577],[-79.22754467,-4.0687934],[-79.22763277,-4.06871385],[-79.22765562,-4.06863985],[-79.22765865,-4.06855157],[-79.22762764,-4.06846321],[-79.22756826,-4.06838049],[-79.22750599,-4.06832339],[-79.22740671,-4.06832887],[-79.22731869,-4.06837425],[-79.22721929,-4.06843383],[-79.22709159,-4.06847058],[-79.22694692,-4.06848165],[-79.22685049,-4.06847859],[-79.22672294,-4.06844413],[-79.22662101,-4.06836416],[-79.2265446,-4.0682871],[-79.22645127,-4.06817012],[-79.22638057,-4.06807598],[-79.22630407,-4.06804164],[-79.2261652,-4.06799292],[-79.22602639,-4.06791856],[-79.22592161,-4.06784428],[-79.22581413,-4.06771019],[-79.22572658,-4.06754196],[-79.22558516,-4.06736223],[-79.22550029,-4.06726521],[-79.22539263,-4.06721086],[-79.22528778,-4.06717075],[-79.22521416,-4.06711648],[-79.22516332,-4.06701954],[-79.22511886,-4.06694919],[-79.22503896,-4.06682275],[-79.22492871,-4.06665732],[-79.2248581,-4.06652331],[-79.2247847,-4.06636651],[-79.22473686,-4.06619552],[-79.22472875,-4.06601608],[-79.22473448,-4.06588836],[-79.22473769,-4.06581674],[-79.22473537,-4.06558035],[-79.22472853,-4.06544653],[-79.22472721,-4.06542084],[-79.22471051,-4.06527841],[-79.22471644,-4.06516165],[-79.22477346,-4.06502222],[-79.22481627,-4.06489985],[-79.22487899,-4.0647519],[-79.22492876,-4.06462775],[-79.22494744,-4.06458117],[-79.22500166,-4.06442749],[-79.22501612,-4.06429937],[-79.22498239,-4.06415974],[-79.22494864,-4.0640315],[-79.22494326,-4.06389764],[-79.22494916,-4.06379227],[-79.22494948,-4.06364418],[-79.22492149,-4.06347893],[-79.22489627,-4.06333932],[-79.2249033,-4.06329555],[-79.22491639,-4.06321406],[-79.22499036,-4.06311169],[-79.2251296,-4.06298669],[-79.22522352,-4.0628388],[-79.22522374,-4.06273912],[-79.22517297,-4.06261085],[-79.22513154,-4.06252158],[-79.22513062,-4.06251961],[-79.22515916,-4.06243709],[-79.22521609,-4.06234323],[-79.22526967,-4.06225782],[-79.22533563,-4.06215267],[-79.2254126,-4.06197342],[-79.22550086,-4.06181697],[-79.22556931,-4.06164055],[-79.22562056,-4.06155237],[-79.22569727,-4.06148989],[-79.22572553,-4.06146082],[-79.22579388,-4.06139054],[-79.22589104,-4.06125873],[-79.22589821,-4.06125194],[-79.2260749,-4.06108458],[-79.2261188,-4.0610653],[-79.22619573,-4.06103152],[-79.22633158,-4.06098508],[-79.22637916,-4.06093318],[-79.22642818,-4.06085834],[-79.22644726,-4.06082358],[-79.22645417,-4.06081865],[-79.226595,-4.06071818],[-79.22660946,-4.06071072],[-79.22664629,-4.06069169],[-79.22674892,-4.06066796],[-79.22689888,-4.06054169],[-79.22698746,-4.06047891],[-79.22707517,-4.06040498],[-79.22714633,-4.06029122],[-79.22721189,-4.06014042],[-79.22733984,-4.05998976],[-79.22751598,-4.05985344],[-79.22770645,-4.0596488],[-79.22792532,-4.05942714],[-79.22811575,-4.05923959],[-79.22824651,-4.05910317],[-79.22841711,-4.05890703],[-79.22857076,-4.05867668],[-79.22871602,-4.05839505],[-79.22882424,-4.05819023],[-79.22887626,-4.05811627],[-79.22895226,-4.05800824],[-79.22908021,-4.05786042],[-79.22925084,-4.05765004],[-79.22938468,-4.05739971],[-79.22942753,-4.05726025],[-79.2294307,-4.05710647],[-79.22945925,-4.05702109],[-79.22954451,-4.05693869],[-79.22963541,-4.05687338],[-79.22974073,-4.05669704],[-79.22977798,-4.05652339],[-79.22984365,-4.05632417],[-79.22998027,-4.05609948],[-79.23009396,-4.05598581],[-79.230358,-4.05586107],[-79.23057368,-4.05579604],[-79.2307157,-4.05570237],[-79.23077832,-4.05559713],[-79.23080123,-4.05549465],[-79.2307618,-4.05536925],[-79.23066281,-4.05524372],[-79.23062054,-4.05511547],[-79.23061234,-4.0549759],[-79.23066945,-4.0547966],[-79.23073233,-4.05457459],[-79.23077248,-4.05436962],[-79.2307417,-4.05417589],[-79.23065418,-4.05399628],[-79.23055526,-4.05383372],[-79.23050756,-4.05359723],[-79.23053903,-4.05347199],[-79.23061027,-4.0533212],[-79.23066552,-4.05316538],[-79.23069042,-4.05309519],[-79.23069302,-4.05308784],[-79.2308438,-4.05287457],[-79.2309263,-4.05275799],[-79.23097201,-4.05260429],[-79.23096671,-4.05243625],[-79.23093296,-4.05230232],[-79.23083119,-4.05215115],[-79.23070391,-4.05199138],[-79.23064657,-4.05190381],[-79.23059932,-4.05183166],[-79.23059902,-4.05183112],[-79.23051457,-4.05168053],[-79.23048088,-4.05152097],[-79.23052719,-4.05133509],[-79.23065304,-4.05117106],[-79.23070768,-4.05109025],[-79.23072915,-4.05104165],[-79.23079071,-4.05090235],[-79.23088287,-4.05074213],[-79.23101181,-4.05055986],[-79.23107272,-4.05041432],[-79.23114649,-4.05026513],[-79.23121858,-4.05004401],[-79.23127234,-4.0498118],[-79.23129689,-4.04968555],[-79.23133362,-4.04949662],[-79.23133752,-4.04939152],[-79.23137041,-4.04930887],[-79.23138737,-4.04926625],[-79.23145001,-4.04917234],[-79.23151445,-4.04908951],[-79.23156064,-4.04896053],[-79.23157925,-4.04884625],[-79.23165487,-4.04869153],[-79.23165843,-4.04867001],[-79.23167348,-4.04857909],[-79.23169943,-4.04846667],[-79.23174734,-4.04838748],[-79.23181735,-4.04828253],[-79.2318727,-4.04823433],[-79.23193141,-4.04818321],[-79.2320125,-4.04804694],[-79.23206602,-4.04791982],[-79.23210578,-4.04780907],[-79.2321196,-4.04777058],[-79.23213793,-4.04775197],[-79.23223922,-4.04764914],[-79.23231286,-4.04755895],[-79.23236442,-4.04749268],[-79.23243907,-4.04740895],[-79.23251434,-4.0473206],[-79.23251776,-4.04724849],[-79.23253638,-4.04719617],[-79.23255389,-4.04714695],[-79.23260956,-4.04706512],[-79.23261302,-4.04697662],[-79.23266207,-4.04694067],[-79.23270466,-4.04686864],[-79.23269501,-4.04680306],[-79.23271469,-4.04675721],[-79.23279318,-4.04669182],[-79.2328424,-4.04657719],[-79.23288176,-4.04648877],[-79.23299967,-4.04630873],[-79.23314998,-4.04624022],[-79.23325781,-4.04619129],[-79.23339181,-4.04611946],[-79.23350288,-4.04608037],[-79.23355839,-4.04607393],[-79.23367054,-4.04605051],[-79.23383699,-4.04600682],[-79.23396882,-4.04591165],[-79.23398386,-4.04589846],[-79.23407322,-4.04582009],[-79.23410065,-4.04579194],[-79.23414284,-4.04574864],[-79.23419789,-4.04565698],[-79.23427671,-4.04555435],[-79.23432995,-4.0454535],[-79.23436305,-4.04536362],[-79.2344053,-4.04526825],[-79.23445626,-4.04518549],[-79.23447868,-4.04514909],[-79.23452273,-4.04506841],[-79.23456133,-4.04497303],[-79.23457438,-4.04485374],[-79.23458618,-4.04476877],[-79.23458738,-4.04476014],[-79.23459304,-4.04467755],[-79.23460059,-4.04456742],[-79.23462599,-4.04449357],[-79.23464801,-4.04443411],[-79.23471444,-4.04433452],[-79.23475139,-4.04428994],[-79.23476759,-4.04427039],[-79.23480985,-4.04417319],[-79.23482656,-4.04405573],[-79.23483403,-4.04398232],[-79.23484339,-4.04388137],[-79.23484536,-4.04381346],[-79.23483452,-4.04375285],[-79.23482008,-4.04367021],[-79.23479458,-4.04360709],[-79.23478371,-4.04358018],[-79.23478018,-4.04352326],[-79.2347694,-4.04343696],[-79.23476955,-4.04336685],[-79.23478396,-4.04323552],[-79.23478424,-4.04310623],[-79.23479098,-4.04296402],[-79.23484959,-4.04275622],[-79.23486259,-4.04271014],[-79.23487896,-4.04264782],[-79.23489383,-4.04253404],[-79.23494423,-4.04235166],[-79.23497127,-4.04222947],[-79.23499718,-4.04208267],[-79.23501393,-4.04194319],[-79.23502319,-4.04188997],[-79.23502334,-4.04182205],[-79.23501799,-4.04175962],[-79.23503826,-4.04168256],[-79.23503825,-4.04168252],[-79.23505058,-4.04162717],[-79.23501208,-4.04156891],[-79.23504614,-4.04144777],[-79.23508006,-4.04138966],[-79.23515892,-4.0413291],[-79.23523114,-4.04125525],[-79.23530266,-4.04114893],[-79.23536686,-4.04104627],[-79.23539634,-4.04093986],[-79.2354258,-4.04084447],[-79.23546255,-4.04075643],[-79.23549747,-4.04067023],[-79.23553605,-4.04058036],[-79.23558013,-4.04048499],[-79.23563429,-4.04035687],[-79.23568859,-4.04020803],[-79.23573448,-4.04012185],[-79.23577855,-4.04003016],[-79.23583358,-4.039944],[-79.23586302,-4.03985595],[-79.23585585,-4.03978984],[-79.23585596,-4.03973844],[-79.23585971,-4.03969439],[-79.23589281,-4.03960635],[-79.23598067,-4.0395533],[-79.23605569,-4.03951859],[-79.23613807,-4.03946736],[-79.23625347,-4.03935747],[-79.23635603,-4.03926958],[-79.23645861,-4.03917434],[-79.23656113,-4.0391048],[-79.236671,-4.0390206],[-79.23675728,-4.03885373],[-79.23677029,-4.03875647],[-79.23677788,-4.03862431],[-79.23677812,-4.038516],[-79.23677289,-4.0383985],[-79.23677314,-4.03828101],[-79.23674781,-4.03816163],[-79.23670958,-4.03808628],[-79.2366549,-4.0380109],[-79.23660567,-4.03795388],[-79.23653995,-4.03791152],[-79.23650714,-4.03786555],[-79.2364616,-4.03779202],[-79.23645652,-4.0377836],[-79.23641842,-4.03772044],[-79.23641701,-4.03765582],[-79.23640754,-4.03756852],[-79.2364222,-4.03748613],[-79.23647062,-4.0374232],[-79.23651422,-4.03735542],[-79.23658901,-4.03731833],[-79.23662717,-4.0373059],[-79.2366404,-4.03730328],[-79.23671862,-4.03728775],[-79.23675895,-4.0372346],[-79.23679569,-4.03715023],[-79.23680135,-4.03706764],[-79.23679104,-4.03703633],[-79.2369253,-4.03684891],[-79.23724849,-4.03640704],[-79.23735469,-4.03626185],[-79.23758416,-4.03591786],[-79.23771999,-4.03565976],[-79.23788072,-4.03535432],[-79.23827536,-4.03473157],[-79.23854508,-4.03444114],[-79.23863505,-4.03437151],[-79.23918785,-4.03394365],[-79.23992107,-4.0333997],[-79.2403904,-4.03303163],[-79.2407427,-4.03284531],[-79.24105126,-4.0325612],[-79.24230349,-4.0320406],[-79.24290064,-4.03203438],[-79.24352952,-4.03207403],[-79.2435498,-4.03207153],[-79.24383455,-4.0320364],[-79.24384388,-4.03201777],[-79.24391113,-4.03188345],[-79.24391138,-4.0317686],[-79.24372211,-4.03115572],[-79.24357051,-4.03073431],[-79.24354979,-4.03068458],[-79.24341882,-4.03037032],[-79.24335995,-4.03010639],[-79.24334174,-4.03002476],[-79.24331384,-4.03000574],[-79.24328083,-4.02998323],[-79.24325835,-4.0299651],[-79.24319993,-4.02991071],[-79.24317758,-4.02983379],[-79.24312381,-4.02971158],[-79.24312863,-4.02956689],[-79.24313791,-4.02943578],[-79.24318767,-4.0293621],[-79.24319237,-4.02935514],[-79.24321295,-4.02933094],[-79.24324753,-4.02929635],[-79.24328215,-4.02924546],[-79.24329237,-4.02921694],[-79.24328037,-4.02913129],[-79.24328261,-4.02903344],[-79.24329087,-4.02896822],[-79.24330122,-4.0288765],[-79.24332372,-4.02879908],[-79.24333402,-4.02872775],[-79.24333216,-4.02864619],[-79.24332419,-4.0285789],[-79.24330406,-4.02849935],[-79.24327784,-4.02841978],[-79.24325972,-4.02834635],[-79.24325986,-4.02828315],[-79.24326811,-4.02822404],[-79.24328449,-4.02815476],[-79.2433171,-4.02809571],[-79.24337611,-4.02803468],[-79.24343305,-4.02798791],[-79.24350423,-4.02793098],[-79.24356725,-4.02789035],[-79.24363431,-4.02785991],[-79.24369119,-4.02784168],[-79.24372983,-4.02780915],[-79.24374008,-4.02776432],[-79.24373811,-4.02773781],[-79.24372192,-4.02771331],[-79.24367325,-4.02768874],[-79.24359206,-4.02768041],[-79.2434784,-4.02766997],[-79.24335666,-4.02763709],[-79.24329582,-4.02760842],[-79.24324924,-4.02755327],[-79.24321493,-4.02745942],[-79.24320495,-4.02737989],[-79.24319704,-4.02728201],[-79.24318711,-4.02718006],[-79.2431872,-4.02713623],[-79.24318739,-4.02704958],[-79.2432018,-4.02695583],[-79.24320696,-4.02692312],[-79.24323807,-4.02682691],[-79.24329236,-4.02670494],[-79.24333759,-4.0266146],[-79.24338726,-4.02654688],[-79.24341453,-4.02642937],[-79.24348698,-4.02623961],[-79.24352334,-4.02608595],[-79.24360462,-4.0259776],[-79.24370233,-4.02588171],[-79.24372182,-4.02586625],[-79.24378282,-4.02582357],[-79.24386007,-4.02577277],[-79.24396575,-4.02571795],[-79.24406128,-4.02566516],[-79.24414667,-4.02560826],[-79.24421579,-4.02556559],[-79.24426865,-4.02552697],[-79.24432357,-4.02547816],[-79.2444659,-4.02537246],[-79.24456956,-4.0253156],[-79.24465497,-4.02525054],[-79.24471192,-4.02519766],[-79.24475268,-4.02512639],[-79.24478736,-4.025049],[-79.24482199,-4.02499403],[-79.24485865,-4.02493906],[-79.24487846,-4.02490606],[-79.24490564,-4.02486338],[-79.24501991,-4.02472882],[-79.2451214,-4.02464764],[-79.24521526,-4.02457663],[-79.24531165,-4.0245107],[-79.24540802,-4.02445495],[-79.24547895,-4.02445002],[-79.24559543,-4.02446553],[-79.24573105,-4.02448413],[-79.24573257,-4.02448428],[-79.24582999,-4.02449672],[-79.24594365,-4.02451328],[-79.2460289,-4.02451754],[-79.24610808,-4.02451363],[-79.24614261,-4.02450963],[-79.24618526,-4.02449749],[-79.24622388,-4.02447515],[-79.24625239,-4.02443647],[-79.2462911,-4.02437132],[-79.24632986,-4.02428374],[-79.24636658,-4.02420023],[-79.24640326,-4.02413507],[-79.24645613,-4.02409441],[-79.2465293,-4.02405787],[-79.24661258,-4.02403359],[-79.24663298,-4.02399082],[-79.24665138,-4.02392766],[-79.24666373,-4.02385022],[-79.24668009,-4.02379317],[-79.24671873,-4.02376063],[-79.2467797,-4.02373222],[-79.24684472,-4.02370382],[-79.24688947,-4.02366314],[-79.24691597,-4.02361223],[-79.24696635,-4.02355265],[-79.24699553,-4.02354017],[-79.2470404,-4.0235206],[-79.24710297,-4.02350458],[-79.24718221,-4.02347825],[-79.24725328,-4.02346821],[-79.24729997,-4.02346831],[-79.24739539,-4.02346648],[-79.24748276,-4.02343201],[-79.24755387,-4.02340566],[-79.24762298,-4.02336707],[-79.24769821,-4.02331219],[-79.24776533,-4.02325321],[-79.24784664,-4.02320446],[-79.24790349,-4.02320254],[-79.2479664,-4.02321287],[-79.24800899,-4.02323131],[-79.2480699,-4.02323144],[-79.24811459,-4.02321523],[-79.24814501,-4.02319589],[-79.24815932,-4.02318678],[-79.24821218,-4.02314816],[-79.24827724,-4.02310345],[-79.2483403,-4.02304854],[-79.24838101,-4.02299766],[-79.24843234,-4.02293252],[-79.24843393,-4.0229305],[-79.2484543,-4.02289996],[-79.24847469,-4.02285719],[-79.24849716,-4.022792],[-79.24854399,-4.0227289],[-79.24861113,-4.02265973],[-79.24866199,-4.02261091],[-79.24872098,-4.022556],[-79.24875567,-4.02247452],[-79.24877206,-4.02240524],[-79.24881686,-4.0223401],[-79.24886966,-4.02233206],[-79.24891635,-4.02233216],[-79.24897112,-4.0223547],[-79.24902788,-4.02238948],[-79.24911508,-4.02243656],[-79.24920431,-4.02248161],[-79.24928341,-4.02251847],[-79.24938485,-4.02254519],[-79.2494701,-4.02255353],[-79.24953913,-4.02255164],[-79.249596,-4.02254157],[-79.2496407,-4.02252128],[-79.24970375,-4.02246637],[-79.24976882,-4.02241758],[-79.24983183,-4.02238306],[-79.24987248,-4.02236072],[-79.24993744,-4.0223629],[-79.24999316,-4.02237355],[-79.2500004,-4.02237494],[-79.25003811,-4.02238496],[-79.2501664,-4.0223932],[-79.2502342,-4.02235437],[-79.25029765,-4.02224265],[-79.25036259,-4.02194122],[-79.25036511,-4.02171354],[-79.25036671,-4.02156858],[-79.25032038,-4.02111143],[-79.25031488,-4.02102616],[-79.25034881,-4.02095501],[-79.25041309,-4.02090089],[-79.25049562,-4.02093869],[-79.25054401,-4.02097974],[-79.25056061,-4.0210485],[-79.25054199,-4.02133656],[-79.25058164,-4.0214466],[-79.25059673,-4.02163608],[-79.25065412,-4.02182971],[-79.25073867,-4.02199972],[-79.25084398,-4.02210638],[-79.25100921,-4.02219463],[-79.2514517,-4.02249233],[-79.25147048,-4.02250497],[-79.25167938,-4.02259349],[-79.25173456,-4.02247768],[-79.25170417,-4.02241143],[-79.25153505,-4.02224757],[-79.25142486,-4.02211061],[-79.25137412,-4.02197779],[-79.25130343,-4.02179277],[-79.25121306,-4.02161118],[-79.25119695,-4.02151873],[-79.25122167,-4.0213703],[-79.25121247,-4.02125354],[-79.25116057,-4.02118317],[-79.25115849,-4.02110476],[-79.251186,-4.02103917],[-79.25169926,-4.02070416],[-79.25184476,-4.02058203],[-79.25194415,-4.02046533],[-79.2522063,-4.02028296],[-79.25248786,-4.01986525],[-79.25256628,-4.01974723],[-79.25271906,-4.01963346],[-79.25290944,-4.0194917],[-79.25315258,-4.01914688],[-79.25317144,-4.01904338],[-79.25309669,-4.0186804],[-79.25308276,-4.01861276],[-79.25310896,-4.01853242],[-79.25312408,-4.01852195],[-79.25338373,-4.01834221],[-79.25338785,-4.01833641],[-79.25346393,-4.01822908],[-79.25346516,-4.01799063],[-79.2535328,-4.0178554],[-79.25364212,-4.01768238],[-79.25381204,-4.01751338],[-79.25385909,-4.01740596],[-79.25389584,-4.01719055],[-79.25394106,-4.01703712],[-79.25399652,-4.01684895],[-79.25405198,-4.0167657],[-79.25413836,-4.01671027],[-79.25421698,-4.01670922],[-79.25436474,-4.01670723],[-79.25445615,-4.01666167],[-79.25457826,-4.01653136],[-79.25467283,-4.01617998],[-79.25474013,-4.01603399],[-79.25483917,-4.01591267],[-79.25491839,-4.01575432],[-79.25505033,-4.01540357],[-79.25506113,-4.01537156],[-79.25508371,-4.01530461],[-79.25514524,-4.01512217],[-79.2551829,-4.0150105],[-79.25525191,-4.01486714],[-79.25533456,-4.01476028],[-79.25533597,-4.01475844],[-79.25543179,-4.01471127],[-79.25564398,-4.01460673],[-79.25572365,-4.01453266],[-79.25577879,-4.01438846],[-79.255781,-4.01402839],[-79.25574364,-4.0137261],[-79.25575229,-4.01352645],[-79.25575623,-4.01343549],[-79.25577613,-4.01341273],[-79.25580579,-4.01337881],[-79.25587447,-4.01334876],[-79.25595557,-4.01323237],[-79.25607515,-4.01289452],[-79.2561108,-4.01268661],[-79.25611149,-4.0125318],[-79.25612536,-4.01235957],[-79.25618192,-4.01213995],[-79.25621048,-4.01206396],[-79.25628932,-4.01185416],[-79.25639325,-4.01171335],[-79.25646271,-4.01161924],[-79.25646875,-4.0116132],[-79.25651089,-4.0115706],[-79.25667447,-4.01145942],[-79.25671829,-4.01137792],[-79.25673573,-4.0113632],[-79.25686372,-4.01130053],[-79.25694896,-4.01130027],[-79.2570023,-4.0113001],[-79.25721189,-4.01135924],[-79.25727398,-4.0113393],[-79.2573158,-4.01127971],[-79.25729687,-4.01082066],[-79.25733507,-4.01068483],[-79.25738759,-4.01054279],[-79.25735627,-4.01036494],[-79.25726558,-4.01016011],[-79.25717525,-4.01003988],[-79.2571563,-4.01001465],[-79.25710556,-4.00991155],[-79.25710596,-4.00980638],[-79.25713212,-4.0097589],[-79.25725511,-4.00953569],[-79.25729527,-4.0094924],[-79.25730973,-4.00947682],[-79.25743705,-4.00933958],[-79.25747743,-4.00906775],[-79.25756003,-4.0089709],[-79.25782189,-4.00871194],[-79.25793217,-4.00863639],[-79.25798649,-4.00854021],[-79.25798702,-4.00841759],[-79.25787986,-4.0082082],[-79.25782999,-4.00807526],[-79.25784753,-4.00796751],[-79.25785108,-4.0079457],[-79.25786675,-4.00784945],[-79.25787505,-4.00771374],[-79.25782176,-4.00762329],[-79.25781206,-4.00761975],[-79.25771136,-4.00758308],[-79.25774688,-4.00742579],[-79.25784634,-4.00698538],[-79.25787175,-4.00676361],[-79.25784116,-4.00663201],[-79.25782731,-4.00657245],[-79.25770332,-4.00627531],[-79.25766775,-4.00610659],[-79.25766829,-4.00598144],[-79.25773688,-4.0058652],[-79.25800417,-4.00554792],[-79.25808643,-4.00535458],[-79.25811127,-4.00514874],[-79.25807491,-4.00471416],[-79.25804172,-4.00452563],[-79.25801921,-4.00448029],[-79.25799626,-4.00443408],[-79.25798711,-4.00441565],[-79.25779641,-4.00423864],[-79.25774,-4.00416922],[-79.25767326,-4.00406202],[-79.25767664,-4.00397542],[-79.2577312,-4.00385363],[-79.25782088,-4.00374155],[-79.25798144,-4.00362454],[-79.25809878,-4.00335984],[-79.2585368,-4.00244177],[-79.25860004,-4.00199111],[-79.25862854,-4.00178796],[-79.25871313,-4.00118512],[-79.25871638,-4.00077854],[-79.25871803,-4.00057189],[-79.25878626,-3.99891761],[-79.25925148,-3.9984054],[-79.2593627,-3.99826226],[-79.25976654,-3.99774251],[-79.25978624,-3.99761762],[-79.2598165,-3.99742574],[-79.25983132,-3.99700604],[-79.25995827,-3.99626479],[-79.26003342,-3.99580559],[-79.2601374,-3.99517019],[-79.26028253,-3.99444664],[-79.26060381,-3.99404158],[-79.26126453,-3.99342213],[-79.26173323,-3.99315755],[-79.26220205,-3.99287059],[-79.26243414,-3.99272853],[-79.26270172,-3.99241634],[-79.2631116,-3.99205186],[-79.26368395,-3.99102188],[-79.26418518,-3.99057792],[-79.26484392,-3.9900051],[-79.26602629,-3.98957703],[-79.26674676,-3.9891861],[-79.26729983,-3.98892615],[-79.26794738,-3.98877042],[-79.26828756,-3.98868344],[-79.26836824,-3.98870387],[-79.26838024,-3.9886207],[-79.26863483,-3.98801358],[-79.2687911,-3.9873073],[-79.26866609,-3.98651565],[-79.26841463,-3.98565306],[-79.26805044,-3.98484675],[-79.26745481,-3.98367961],[-79.26690899,-3.98225113],[-79.26644695,-3.98113372],[-79.26630705,-3.98075184],[-79.26533261,-3.97904689],[-79.26531287,-3.9788691],[-79.26526356,-3.97842493],[-79.26530796,-3.97737926],[-79.2653092,-3.97678572],[-79.26547318,-3.97574735],[-79.26553321,-3.97395271],[-79.2657048,-3.97265294],[-79.26585502,-3.97147322],[-79.26616807,-3.96980631],[-79.2662124,-3.96878889],[-79.26630548,-3.96800471],[-79.26663181,-3.96673356],[-79.26673162,-3.96609784],[-79.26708536,-3.96516585],[-79.26721282,-3.96477042],[-79.26748941,-3.96371815],[-79.26773041,-3.96285662],[-79.26799865,-3.9624332],[-79.26836531,-3.96205241],[-79.26870463,-3.96127586],[-79.26881807,-3.96085214],[-79.26932046,-3.95948943],[-79.26953305,-3.95875501],[-79.26954308,-3.95869662],[-79.26964699,-3.95809105],[-79.2698598,-3.95725768],[-79.26986068,-3.95683376],[-79.26998362,-3.95523002],[-79.26988808,-3.95380246],[-79.26980598,-3.95267174],[-79.26936694,-3.95064286],[-79.26893196,-3.95006253],[-79.26831393,-3.9495101],[-79.26749851,-3.94916922],[-79.26661246,-3.94895537],[-79.26634506,-3.94867285],[-79.26631761,-3.94864391],[-79.26579142,-3.94792911],[-79.26580733,-3.9470388],[-79.26573877,-3.94617662],[-79.26558584,-3.94528595],[-79.26562939,-3.94463601],[-79.26561735,-3.94434126],[-79.26555573,-3.94283398],[-79.2654601,-3.94144886],[-79.26563063,-3.94064368],[-79.26576739,-3.93915304],[-79.26612128,-3.93813627],[-79.26589707,-3.93768358],[-79.26564461,-3.93728737],[-79.26527977,-3.93679197],[-79.26520983,-3.93659397],[-79.26447395,-3.9352287],[-79.26423634,-3.93443682],[-79.26432183,-3.93392827],[-79.26463335,-3.93298204],[-79.26463425,-3.93254395],[-79.26505177,-3.93137893],[-79.26535106,-3.93093813],[-79.26551776,-3.93058851],[-79.26580068,-3.92985424],[-79.26625275,-3.92897895],[-79.26652124,-3.9284284],[-79.26753114,-3.92655796],[-79.26791298,-3.92564021],[-79.26825189,-3.92504735],[-79.26837982,-3.92441168],[-79.2684308,-3.92358506],[-79.26836162,-3.92343837],[-79.2681506,-3.92299093],[-79.26760294,-3.92245277],[-79.26680268,-3.92158906],[-79.26624094,-3.92105087],[-79.26573536,-3.92058346],[-79.26395934,-3.91867901],[-79.26307435,-3.91795644],[-79.26272342,-3.91756002],[-79.2622744,-3.91695143],[-79.26203605,-3.9165411],[-79.26149689,-3.9153034],[-79.26155473,-3.9145404],[-79.2616692,-3.91362204],[-79.26175512,-3.91288737],[-79.2618264,-3.91243527],[-79.26189182,-3.911425],[-79.26206123,-3.91114269],[-79.26224437,-3.91104416],[-79.26245549,-3.91098805],[-79.26270985,-3.91047984],[-79.26280929,-3.91001368],[-79.26276802,-3.90956136],[-79.26262832,-3.9090806],[-79.2626291,-3.90869903],[-79.26261579,-3.90831743],[-79.26258299,-3.90716561],[-79.26251485,-3.9060914],[-79.26244581,-3.90545534],[-79.26227764,-3.90512995],[-79.2620963,-3.90436645],[-79.26183785,-3.90345442],[-79.26136109,-3.90266202],[-79.26096862,-3.90192637],[-79.26061874,-3.90100702],[-79.26056396,-3.90028619],[-79.26056254,-3.89962495],[-79.26056036,-3.89861154],[-79.26036519,-3.8977208],[-79.26026841,-3.89690097],[-79.25996022,-3.89622198],[-79.25961734,-3.89532386],[-79.25957667,-3.89457482],[-79.25971864,-3.8939674],[-79.26062242,-3.89235824],[-79.26098204,-3.89195624],[-79.26165908,-3.89113798],[-79.2619278,-3.89047431],[-79.26206995,-3.88976802],[-79.2623541,-3.88842607],[-79.2627156,-3.88710546],[-79.26306954,-3.88603217],[-79.26312594,-3.88587352],[-79.26322523,-3.8855944],[-79.26349436,-3.88470462],[-79.26353741,-3.88429486],[-79.26416718,-3.88252259],[-79.26430981,-3.88154778],[-79.26452207,-3.88096879],[-79.26455171,-3.88023402],[-79.26478906,-3.87768364],[-79.26477763,-3.8763976],[-79.26468983,-3.87459559],[-79.26445258,-3.87364828],[-79.26401843,-3.87265813],[-79.26331193,-3.87067108],[-79.26306085,-3.86959657],[-79.26311881,-3.86877704],[-79.26338035,-3.86816281],[-79.26381715,-3.8678528],[-79.26435221,-3.86765604],[-79.26487308,-3.86751578],[-79.26553512,-3.8671356],[-79.26607098,-3.86655728],[-79.26629729,-3.86596418],[-79.26636957,-3.86501748],[-79.26611157,-3.863966],[-79.26564993,-3.86404935],[-79.26387507,-3.86391772],[-79.26310272,-3.86366023],[-79.26256864,-3.86317287],[-79.26207764,-3.8623785],[-79.26174803,-3.86157591],[-79.26156209,-3.86113194],[-79.26099093,-3.86007722],[-79.26081355,-3.85959911],[-79.26046705,-3.85874535],[-79.26024385,-3.85783634],[-79.2599981,-3.85755431],[-79.25945559,-3.85704136],[-79.25901247,-3.85650352],[-79.25895573,-3.85643464],[-79.25843415,-3.85606246],[-79.25688101,-3.85551332],[-79.25586236,-3.85524677],[-79.2541007,-3.85493179],[-79.25263987,-3.85492876],[-79.25239347,-3.85497092],[-79.25217676,-3.85503446],[-79.2518083,-3.85495457],[-79.25139448,-3.85465226],[-79.25085213,-3.85429228],[-79.25008112,-3.85393179],[-79.24913836,-3.85368583],[-79.24843805,-3.85368439],[-79.24752328,-3.85373991],[-79.24649416,-3.85379522],[-79.2458585,-3.85362879],[-79.24518752,-3.85326853],[-79.24457363,-3.85295146],[-79.24408868,-3.85247675],[-79.24384642,-3.85213172],[-79.24336151,-3.85164265],[-79.24286227,-3.8511679],[-79.24220587,-3.85067847],[-79.24162052,-3.85037579],[-79.24044172,-3.85025135],[-79.23991292,-3.85025026],[-79.2394555,-3.85030672],[-79.23898334,-3.85054979],[-79.23853997,-3.85070676],[-79.23788225,-3.85086329],[-79.23722464,-3.85096241],[-79.23666709,-3.85104739],[-79.23540901,-3.85124576],[-79.23488696,-3.85142409],[-79.23440061,-3.85165278],[-79.23392858,-3.85185277],[-79.23307076,-3.85199451],[-79.23215537,-3.85235152],[-79.23105368,-3.85295213],[-79.23004513,-3.85343092],[-79.22960162,-3.85365966]]]]},"geometry_name":"geom","properties":{"id":11,"fid":11,"objectid":11,"dpa_parroq":"110150","dpa_despar":"LOJA","dpa_valor":0,"dpa_anio":"2009","dpa_canton":"1101","dpa_provin":"11","dpa_despro":"LOJA","dpa_descan":"LOJA","regional":"Sur","areas":28589.156476019012,"shape_length":92724.5424324856,"shape_area":2.858915647601901E8}},{"type":"Feature","id":"limites_parroquiales.12","geometry":{"type":"MultiPolygon","coordinates":[[[[-79.20936525,-4.12611233],[-79.20878166,-4.12709671],[-79.20807424,-4.1280521],[-79.20631675,-4.12975154],[-79.20568639,-4.13034346],[-79.20486513,-4.13106889],[-79.20412114,-4.13131602],[-79.20387314,-4.13141118],[-79.20304247,-4.13206963],[-79.20239348,-4.13247007],[-79.2018785,-4.13260287],[-79.20175946,-4.13256271],[-79.2016844,-4.13248169],[-79.20184132,-4.13218171],[-79.20210966,-4.13153155],[-79.20199637,-4.13105283],[-79.20167295,-4.130765],[-79.20173092,-4.13042061],[-79.20188397,-4.13017219],[-79.20175128,-4.12984647],[-79.20163754,-4.12955915],[-79.20118064,-4.12930926],[-79.20093343,-4.12904076],[-79.20070523,-4.12881058],[-79.20022907,-4.12863725],[-79.1999443,-4.12811978],[-79.19981302,-4.12716253],[-79.19989078,-4.12649284],[-79.19976743,-4.1262533],[-79.19963493,-4.12583193],[-79.1994836,-4.12531483],[-79.19958014,-4.12477914],[-79.19944708,-4.12460656],[-79.19908513,-4.12451005],[-79.19859071,-4.12399217],[-79.19803822,-4.12385693],[-79.19759977,-4.1238751],[-79.19733253,-4.12404674],[-79.19681784,-4.1240647],[-79.19565552,-4.12387065],[-79.19523629,-4.12381227],[-79.19479741,-4.12402181],[-79.19454922,-4.12419351],[-79.19422507,-4.12423105],[-79.19393891,-4.12434522],[-79.19353809,-4.124574],[-79.19321373,-4.12472639],[-79.19256525,-4.12489718],[-79.1918793,-4.12478079],[-79.19127894,-4.12475069],[-79.19023062,-4.12472915],[-79.18950597,-4.12486148],[-79.18895262,-4.12510903],[-79.18820913,-4.12516475],[-79.18714156,-4.12521971],[-79.18683645,-4.12527642],[-79.1864926,-4.12560105],[-79.18593841,-4.12623139],[-79.18534668,-4.12659366],[-79.18490754,-4.12691801],[-79.18429701,-4.12716548],[-79.18389619,-4.1273942],[-79.18289441,-4.12786083],[-79.18144489,-4.12824032],[-79.18068151,-4.1286405],[-79.17993748,-4.12892586],[-79.17955614,-4.12896324],[-79.17925069,-4.12917306],[-79.17898327,-4.12942127],[-79.17852542,-4.12959246],[-79.17795341,-4.12966774],[-79.17761025,-4.12968607],[-79.177267,-4.12974272],[-79.17701873,-4.12995265],[-79.1766944,-4.1300859],[-79.17635135,-4.13006596],[-79.17612255,-4.13008458],[-79.17498871,-4.12995757],[-79.17415022,-4.12985993],[-79.1733699,-4.12934138],[-79.17289393,-4.12909149],[-79.17203595,-4.12918518],[-79.17056826,-4.12918181],[-79.16953975,-4.12881579],[-79.16877846,-4.12831641],[-79.16816886,-4.12816189],[-79.1670724,-4.12836032],[-79.16581461,-4.12824259],[-79.16493774,-4.12827881],[-79.16457529,-4.1283928],[-79.16425042,-4.12875571],[-79.16354456,-4.12902203],[-79.16230531,-4.129134],[-79.16135225,-4.12913179],[-79.16074238,-4.12909208],[-79.16028513,-4.12899531],[-79.15871269,-4.12896296],[-79.1576161,-4.12892851],[-79.15762071,-4.12910915],[-79.15804254,-4.13038642],[-79.15867505,-4.13184231],[-79.16038899,-4.13439744],[-79.16042946,-4.13508645],[-79.16036364,-4.13610018],[-79.15992115,-4.1367095],[-79.15888835,-4.13751817],[-79.15775667,-4.13916807],[-79.15729851,-4.13983603],[-79.15739841,-4.14038079],[-79.15745805,-4.14070598],[-79.15758637,-4.14304881],[-79.15743316,-4.14422573],[-79.15734306,-4.1446209],[-79.15700056,-4.14612293],[-79.15756559,-4.14694426],[-79.15780914,-4.1472983],[-79.15783615,-4.14745858],[-79.15776157,-4.14849428],[-79.1576669,-4.14980904],[-79.15771792,-4.15091184],[-79.15784673,-4.15111976],[-79.15860157,-4.15233822],[-79.1586153,-4.15260021],[-79.15867299,-4.15370097],[-79.15869066,-4.15403807],[-79.15758268,-4.15459545],[-79.15746706,-4.15455241],[-79.15604046,-4.155187],[-79.15545244,-4.15547804],[-79.15518304,-4.15569207],[-79.15482617,-4.15606919],[-79.15462318,-4.15618943],[-79.15422287,-4.15665967],[-79.15378391,-4.15740696],[-79.15350393,-4.15810417],[-79.15300981,-4.15848486],[-79.15271167,-4.15846951],[-79.15255385,-4.15856553],[-79.15177091,-4.15929863],[-79.15115174,-4.16016549],[-79.15090464,-4.16035578],[-79.15026501,-4.1604183],[-79.14942757,-4.16080776],[-79.14923514,-4.16079659],[-79.14887714,-4.16077581],[-79.14866704,-4.16062015],[-79.14818647,-4.1606325],[-79.14796167,-4.16079925],[-79.14702609,-4.16183525],[-79.14609427,-4.16211209],[-79.14593991,-4.16234619],[-79.14498569,-4.16264657],[-79.14345396,-4.16275481],[-79.14311304,-4.16285554],[-79.14248099,-4.16321673],[-79.14209366,-4.16329556],[-79.14155303,-4.16330945],[-79.14092647,-4.16332554],[-79.14016834,-4.16322998],[-79.13887604,-4.16284897],[-79.13854744,-4.16253533],[-79.13831514,-4.16240331],[-79.13746541,-4.16231007],[-79.13730347,-4.16224522],[-79.13697487,-4.16193159],[-79.13658053,-4.16173462],[-79.13591218,-4.16156784],[-79.13533302,-4.1613066],[-79.13505718,-4.1612677],[-79.13464755,-4.16137017],[-79.13462343,-4.16138578],[-79.1341294,-4.16170548],[-79.13401306,-4.16191179],[-79.13399782,-4.16193882],[-79.13377301,-4.16210556],[-79.13337517,-4.16266775],[-79.13225831,-4.16377735],[-79.1318082,-4.16408795],[-79.12973002,-4.16522212],[-79.12905692,-4.16576837],[-79.12859382,-4.16647027],[-79.12816774,-4.16682614],[-79.12711488,-4.16775016],[-79.12661893,-4.16806183],[-79.12639495,-4.16814186],[-79.12630146,-4.16818495],[-79.12603032,-4.16832996],[-79.12591701,-4.16837879],[-79.12582724,-4.1684501],[-79.12557667,-4.16850249],[-79.1254622,-4.16850547],[-79.12541942,-4.16862156],[-79.12530668,-4.16869344],[-79.12524093,-4.16881011],[-79.12519873,-4.16894916],[-79.12505079,-4.16943599],[-79.12489091,-4.16986907],[-79.12483815,-4.17001199],[-79.1248527,-4.17023079],[-79.12488998,-4.17079134],[-79.12462677,-4.17241401],[-79.12423367,-4.17320663],[-79.12418003,-4.17331478],[-79.12321414,-4.17439461],[-79.12247679,-4.17517958],[-79.12183868,-4.17630323],[-79.12128232,-4.17736567],[-79.1211471,-4.17757232],[-79.12098829,-4.17766742],[-79.12076089,-4.17770747],[-79.11994588,-4.17766944],[-79.1197277,-4.17769622],[-79.11948179,-4.17775938],[-79.11914852,-4.17786202],[-79.11883338,-4.17806361],[-79.11823943,-4.1785311],[-79.11723772,-4.17910593],[-79.11670045,-4.17932779],[-79.11632928,-4.17961552],[-79.11545576,-4.18054455],[-79.11462742,-4.18110939],[-79.11461821,-4.18111566],[-79.11437874,-4.18127896],[-79.11356398,-4.1814779],[-79.11156166,-4.18212237],[-79.11029776,-4.18300678],[-79.10966865,-4.18352462],[-79.10780978,-4.18450917],[-79.10770248,-4.18456601],[-79.10767371,-4.18460183],[-79.10744234,-4.18488998],[-79.10735961,-4.1851033],[-79.10733052,-4.18517832],[-79.10729018,-4.18652781],[-79.10722931,-4.18692748],[-79.10692674,-4.18891442],[-79.10643319,-4.19025896],[-79.10639348,-4.19036715],[-79.10586958,-4.19179439],[-79.10584355,-4.19186588],[-79.10584258,-4.19186855],[-79.10531162,-4.19332711],[-79.10531054,-4.19333008],[-79.10482022,-4.19467699],[-79.10476026,-4.19484091],[-79.10476021,-4.19484107],[-79.10448952,-4.19558109],[-79.10448795,-4.19623228],[-79.10448762,-4.19637028],[-79.1044876,-4.19637612],[-79.10448734,-4.19648346],[-79.10475317,-4.19686359],[-79.10512263,-4.19729768],[-79.10516564,-4.19748123],[-79.10516586,-4.1974822],[-79.10521091,-4.19767447],[-79.10523262,-4.19776713],[-79.10500861,-4.19811451],[-79.10500634,-4.19811803],[-79.10498651,-4.19814879],[-79.10486074,-4.19834381],[-79.10480211,-4.1985326],[-79.10477571,-4.19861763],[-79.10475885,-4.19867192],[-79.10475773,-4.19867553],[-79.10474873,-4.19870449],[-79.10476361,-4.19880559],[-79.10477884,-4.19890907],[-79.10486745,-4.19951117],[-79.10486768,-4.19951273],[-79.10492896,-4.1999291],[-79.10497409,-4.20035986],[-79.10497428,-4.20036163],[-79.10511688,-4.20172267],[-79.10511956,-4.20174827],[-79.10518241,-4.20234813],[-79.10526865,-4.20291987],[-79.10539002,-4.20305026],[-79.10538151,-4.20296557],[-79.10528223,-4.20263518],[-79.10525457,-4.20224756],[-79.10521267,-4.2018312],[-79.10525672,-4.20135762],[-79.10527179,-4.20102754],[-79.10518669,-4.20075459],[-79.10504471,-4.20033797],[-79.10494582,-4.19984971],[-79.10480724,-4.19908959],[-79.10483082,-4.19896558],[-79.10553916,-4.19889246],[-79.10727035,-4.19821449],[-79.10865101,-4.19774238],[-79.1100524,-4.1972083],[-79.11163857,-4.19690205],[-79.11309102,-4.1965438],[-79.11381244,-4.19621478],[-79.11467786,-4.19594812],[-79.11537835,-4.19576377],[-79.11694323,-4.19574688],[-79.11824023,-4.19581203],[-79.12021671,-4.1958788],[-79.12086597,-4.19560131],[-79.12154603,-4.19535486],[-79.12239088,-4.1950675],[-79.12327624,-4.19509027],[-79.12440811,-4.19532039],[-79.12471676,-4.19540384],[-79.12558109,-4.19559196],[-79.12617833,-4.19553138],[-79.1271865,-4.19584388],[-79.12786499,-4.19625896],[-79.12897564,-4.19675777],[-79.12954083,-4.19720357],[-79.12980752,-4.19761768],[-79.1309181,-4.19815782],[-79.13196718,-4.19859445],[-79.13305795,-4.19880378],[-79.13388102,-4.19903317],[-79.13513661,-4.19920156],[-79.13587845,-4.19895525],[-79.13633163,-4.19887365],[-79.13731969,-4.19897936],[-79.13804999,-4.1992602],[-79.13874893,-4.19973734],[-79.13986001,-4.20007074],[-79.14078657,-4.20007295],[-79.1420011,-4.2001999],[-79.14294868,-4.20001609],[-79.14354576,-4.20003822],[-79.14494599,-4.20000018],[-79.14602715,-4.19993039],[-79.1467479,-4.19989075],[-79.14742787,-4.19968564],[-79.14823109,-4.19960485],[-79.14932238,-4.19960744],[-79.15018711,-4.19963018],[-79.15111388,-4.19954968],[-79.15193749,-4.19955165],[-79.1528437,-4.19945043],[-79.15381169,-4.19934935],[-79.15402782,-4.19938086],[-79.15450169,-4.19925797],[-79.15544927,-4.19907416],[-79.15610869,-4.19884832],[-79.1565828,-4.19862203],[-79.15720085,-4.19847877],[-79.15790133,-4.19831504],[-79.15880736,-4.19829654],[-79.15938368,-4.19838058],[-79.15950916,-4.19844063],[-79.15977448,-4.19856755],[-79.16043342,-4.19854844],[-79.16129818,-4.19855048],[-79.16230692,-4.19863554],[-79.16333662,-4.19855529],[-79.16428364,-4.1986402],[-79.16500365,-4.19891063],[-79.1658054,-4.19947069],[-79.1671014,-4.19999056],[-79.16841855,-4.20026242],[-79.1692112,-4.20029528],[-79.17067308,-4.20031938],[-79.17170232,-4.20044583],[-79.17229919,-4.20055062],[-79.17349263,-4.20090487],[-79.17447966,-4.201486],[-79.17576529,-4.20203683],[-79.17648523,-4.20234863],[-79.17741183,-4.2023508],[-79.17850327,-4.20229133],[-79.17961506,-4.20233526],[-79.18031479,-4.2024816],[-79.18093196,-4.20273113],[-79.18121976,-4.20293855],[-79.18132155,-4.20343493],[-79.18164971,-4.20399388],[-79.18212154,-4.20475991],[-79.18237847,-4.2049569],[-79.18287125,-4.20555755],[-79.18299328,-4.20621939],[-79.18323873,-4.20692283],[-79.18358806,-4.20723376],[-79.18399957,-4.20735875],[-79.18484352,-4.20748476],[-79.18568761,-4.20754874],[-79.18735507,-4.20773869],[-79.18789036,-4.20776062],[-79.18887801,-4.20807301],[-79.18976279,-4.20834381],[-79.1901228,-4.20847416],[-79.19059605,-4.20864551],[-79.19086348,-4.20874953],[-79.19156286,-4.20906122],[-79.19224156,-4.20941424],[-79.19267379,-4.20949794],[-79.19339392,-4.20972703],[-79.19407283,-4.20999736],[-79.19520452,-4.21035144],[-79.19594493,-4.21072528],[-79.19744671,-4.21132829],[-79.19920609,-4.21185953],[-79.2000701,-4.21221295],[-79.20069658,-4.21242821],[-79.20116055,-4.2125876],[-79.20229213,-4.21300368],[-79.20342364,-4.21344047],[-79.20424631,-4.21387646],[-79.20537805,-4.2142099],[-79.20638625,-4.21456367],[-79.20746623,-4.21503132],[-79.20816523,-4.21550841],[-79.20890553,-4.21594425],[-79.20962558,-4.21623534],[-79.21051037,-4.21650612],[-79.21094228,-4.21673453],[-79.21139476,-4.21698365],[-79.21209378,-4.21744008],[-79.2130812,-4.21787653],[-79.21317224,-4.21796111],[-79.21386203,-4.21860189],[-79.21480709,-4.21953435],[-79.21594852,-4.22016754],[-79.21705901,-4.22081098],[-79.21781899,-4.22163965],[-79.21855827,-4.22253031],[-79.21944126,-4.22360737],[-79.22007685,-4.22480789],[-79.22020939,-4.22539739],[-79.22051633,-4.22624571],[-79.22092542,-4.22744573],[-79.22129421,-4.22825283],[-79.22170428,-4.22903937],[-79.22229979,-4.22976433],[-79.22308022,-4.23067573],[-79.22364592,-4.23093546],[-79.22403684,-4.23108107],[-79.22440721,-4.23120595],[-79.22490062,-4.23155855],[-79.22566194,-4.23180837],[-79.22627919,-4.23203718],[-79.22667035,-4.23207942],[-79.22712361,-4.23197712],[-79.22782421,-4.23177197],[-79.22831283,-4.23169463],[-79.2283392,-4.23169047],[-79.22922493,-4.23156844],[-79.23037828,-4.23148839],[-79.23097532,-4.23155178],[-79.2317162,-4.23173955],[-79.23205547,-4.2319574],[-79.23213723,-4.23222633],[-79.23221125,-4.23242945],[-79.23228048,-4.23261945],[-79.23277283,-4.23344753],[-79.23305937,-4.23421313],[-79.23344936,-4.23477218],[-79.2344158,-4.23539461],[-79.23581505,-4.23585265],[-79.23727651,-4.23610406],[-79.23871755,-4.2362934],[-79.24000445,-4.23634805],[-79.24097225,-4.23637089],[-79.24154025,-4.23635146],[-79.24210491,-4.23633212],[-79.24292897,-4.2361686],[-79.24358872,-4.23581865],[-79.24480047,-4.23517107],[-79.24505254,-4.23503637],[-79.24661917,-4.23431635],[-79.2475467,-4.23394629],[-79.24828824,-4.23384462],[-79.24890572,-4.23397006],[-79.24931654,-4.23426168],[-79.24946085,-4.23436412],[-79.25028305,-4.23502757],[-79.25104307,-4.2358769],[-79.25153584,-4.2365189],[-79.25232733,-4.23707841],[-79.25265872,-4.23709302],[-79.25405245,-4.237264],[-79.25597218,-4.23686157],[-79.25708918,-4.236465],[-79.25799147,-4.23635958],[-79.25977973,-4.23663992],[-79.26169811,-4.23683614],[-79.26218712,-4.23694466],[-79.26353232,-4.23707047],[-79.26464884,-4.23690414],[-79.26581099,-4.23683001],[-79.26757594,-4.23727142],[-79.2682023,-4.23750308],[-79.26942406,-4.23813515],[-79.2702794,-4.23852084],[-79.27150268,-4.23847752],[-79.27371271,-4.23816779],[-79.27463049,-4.23797029],[-79.27657235,-4.23794392],[-79.27972969,-4.23792792],[-79.28023398,-4.23805184],[-79.28127324,-4.23823837],[-79.28254121,-4.23873239],[-79.28585003,-4.2393614],[-79.28679806,-4.2393328],[-79.28889227,-4.23955238],[-79.29204983,-4.23944421],[-79.29318121,-4.23947742],[-79.29530744,-4.23905231],[-79.29729621,-4.23851943],[-79.2981622,-4.23838339],[-79.29825983,-4.23836807],[-79.29839711,-4.23852186],[-79.29818178,-4.23910471],[-79.29797427,-4.23960312],[-79.29783511,-4.24030892],[-79.29797081,-4.24118418],[-79.29842729,-4.2421983],[-79.29859111,-4.24303728],[-79.29878262,-4.24401809],[-79.29877335,-4.24529867],[-79.29876073,-4.24704202],[-79.29889646,-4.24790191],[-79.29893754,-4.24792591],[-79.29947672,-4.24824091],[-79.30024895,-4.24820422],[-79.30113575,-4.24820618],[-79.30200702,-4.24833092],[-79.30295398,-4.24879352],[-79.30377805,-4.24951676],[-79.30457146,-4.25028605],[-79.30492131,-4.25111572],[-79.30527226,-4.25145418],[-79.30576778,-4.25210766],[-79.3059651,-4.25276815],[-79.30622414,-4.25318317],[-79.30683498,-4.25353758],[-79.30750699,-4.25387676],[-79.30790364,-4.25429212],[-79.30825318,-4.25525993],[-79.30867112,-4.25643514],[-79.30905231,-4.25691184],[-79.30964723,-4.25755785],[-79.31024281,-4.25788152],[-79.31044108,-4.25812754],[-79.31050146,-4.25848073],[-79.31100526,-4.25883492],[-79.31138716,-4.2590046],[-79.31164661,-4.2592354],[-79.31181341,-4.25986512],[-79.3120486,-4.26070225],[-79.31241408,-4.26137846],[-79.31273352,-4.26214668],[-79.31291519,-4.26297598],[-79.31322002,-4.26342183],[-79.31392236,-4.26389921],[-79.31463963,-4.26453016],[-79.3149061,-4.26502963],[-79.31478063,-4.26648761],[-79.31471553,-4.26828345],[-79.31501204,-4.26904397],[-79.31542299,-4.26991983],[-79.31552827,-4.27071828],[-79.31534372,-4.27120908],[-79.31473107,-4.27166824],[-79.31422547,-4.27214297],[-79.31408639,-4.2728181],[-79.31407777,-4.27327091],[-79.31462613,-4.27422382],[-79.31580172,-4.27503998],[-79.31781865,-4.27568912],[-79.31943748,-4.27661372],[-79.32025377,-4.27742137],[-79.32066521,-4.278067],[-79.32069314,-4.27927974],[-79.32052233,-4.28049204],[-79.32029129,-4.28124369],[-79.32027514,-4.28164277],[-79.32050421,-4.28178141],[-79.32180345,-4.28201452],[-79.32339331,-4.28218685],[-79.32648109,-4.28262343],[-79.32880434,-4.28307369],[-79.33062144,-4.2831842],[-79.33081615,-4.28244794],[-79.3306471,-4.28127043],[-79.33049131,-4.28056666],[-79.33051483,-4.27961206],[-79.33076121,-4.2780909],[-79.33104882,-4.2773594],[-79.33114857,-4.27723125],[-79.33134995,-4.27697247],[-79.33145077,-4.27662813],[-79.33136547,-4.27639824],[-79.33101619,-4.27591658],[-79.33054582,-4.2751978],[-79.3297461,-4.27470795],[-79.32926109,-4.27416139],[-79.32857626,-4.27344208],[-79.32827735,-4.27279544],[-79.32807785,-4.27247919],[-79.3281003,-4.27201269],[-79.32811539,-4.27165382],[-79.32831658,-4.27119488],[-79.32840359,-4.27063518],[-79.32869017,-4.27036308],[-79.32897699,-4.2699761],[-79.32932132,-4.26946004],[-79.32969355,-4.26925989],[-79.33003656,-4.26933242],[-79.33016533,-4.26931835],[-79.33020858,-4.26914617],[-79.33040967,-4.26873028],[-79.33045318,-4.26844322],[-79.33063245,-4.26820678],[-79.33090534,-4.2676475],[-79.33095047,-4.26662836],[-79.33100912,-4.26593941],[-79.33119548,-4.2657245],[-79.33141046,-4.26550961],[-79.33152522,-4.26533761],[-79.33145413,-4.26515083],[-79.33123991,-4.26502118],[-79.33095424,-4.26487698],[-79.33091231,-4.26441751],[-79.33094907,-4.26395104],[-79.33112144,-4.26359251],[-79.33127939,-4.26327703],[-79.33132324,-4.26284647],[-79.33132389,-4.26254497],[-79.33152461,-4.26230139],[-79.33158301,-4.26174166],[-79.33175555,-4.26131136],[-79.3320567,-4.26091004],[-79.33230085,-4.26040811],[-79.33261005,-4.2595977],[-79.3327255,-4.25910986],[-79.33301185,-4.25895258],[-79.33341209,-4.25901086],[-79.33387001,-4.25885395],[-79.33418568,-4.25835217],[-79.33451589,-4.2577356],[-79.33484581,-4.25726257],[-79.3354616,-4.25683326],[-79.33584836,-4.25651825],[-79.33639992,-4.25603853],[-79.33675809,-4.25572348],[-79.3367875,-4.25535028],[-79.33688921,-4.25458966],[-79.33706188,-4.25408757],[-79.33746343,-4.25354298],[-79.33806521,-4.25299873],[-79.33828046,-4.25262593],[-79.33846141,-4.25159989],[-79.33843475,-4.25069543],[-79.33829378,-4.24974765],[-79.33825212,-4.24917334],[-79.33832429,-4.24887201],[-79.33859695,-4.2483989],[-79.33870575,-4.24767411],[-79.33893598,-4.24699993],[-79.33925202,-4.24632587],[-79.33938169,-4.24586679],[-79.3396544,-4.24537928],[-79.33986987,-4.24492035],[-79.34025698,-4.24444745],[-79.34039461,-4.24360795],[-79.34063962,-4.24270404],[-79.34088409,-4.24205859],[-79.34101385,-4.24155641],[-79.34102355,-4.24145492],[-79.34105774,-4.24109711],[-79.34080182,-4.24040749],[-79.34029632,-4.2394087],[-79.34004078,-4.23854679],[-79.33941282,-4.23798558],[-79.33879893,-4.2375249],[-79.33779937,-4.23686236],[-79.33695616,-4.23665959],[-79.33624192,-4.23632786],[-79.33437886,-4.23493852],[-79.33316599,-4.23374439],[-79.33243976,-4.23232161],[-79.33192081,-4.23093519],[-79.33155085,-4.2300874],[-79.33073809,-4.22903769],[-79.33003917,-4.22821789],[-79.32879152,-4.22657148],[-79.32779276,-4.22556443],[-79.32772366,-4.22444456],[-79.32777703,-4.22359819],[-79.32816029,-4.22298784],[-79.32823614,-4.22286705],[-79.32900959,-4.22226579],[-79.32939679,-4.22173545],[-79.32971261,-4.22114757],[-79.33004349,-4.22021516],[-79.33004441,-4.21978448],[-79.32978779,-4.21942505],[-79.32961678,-4.21915192],[-79.32966895,-4.21816867],[-79.32979945,-4.21730761],[-79.32958715,-4.21628791],[-79.32928872,-4.21542593],[-79.32902663,-4.21428408],[-79.32910064,-4.2131071],[-79.32911249,-4.21288696],[-79.32916018,-4.21200183],[-79.3292761,-4.21128431],[-79.32908558,-4.21009955],[-79.32875852,-4.2092662],[-79.32886065,-4.20830461],[-79.32874759,-4.20768706],[-79.3283482,-4.2072125],[-79.32772763,-4.20655797],[-79.32745834,-4.20543765],[-79.32731784,-4.20427454],[-79.326819,-4.20351264],[-79.32604786,-4.20306595],[-79.32541237,-4.20268417],[-79.325401,-4.20264534],[-79.32529881,-4.2022963],[-79.32544283,-4.20182289],[-79.32595804,-4.20159431],[-79.32657322,-4.20142337],[-79.32714624,-4.20093649],[-79.3272187,-4.20047728],[-79.32719202,-4.19957278],[-79.32741559,-4.19867605],[-79.32788931,-4.19777269],[-79.32829088,-4.1971993],[-79.32852139,-4.19639589],[-79.3285227,-4.19577859],[-79.32831667,-4.19516804],[-79.32776017,-4.19462131],[-79.32707506,-4.19406001],[-79.32660478,-4.19332687],[-79.32617765,-4.1924646],[-79.32602191,-4.19174648],[-79.32568884,-4.19036044],[-79.32527811,-4.18852206],[-79.32507943,-4.18781821],[-79.32431679,-4.18671835],[-79.32422207,-4.18647545],[-79.32413192,-4.18624426],[-79.32415155,-4.18610197],[-79.324116,-4.1861378],[-79.32408614,-4.1861607],[-79.32401408,-4.18624835],[-79.32401169,-4.18626707],[-79.32398708,-4.18632209],[-79.32394408,-4.18633827],[-79.32392544,-4.18633814],[-79.32387622,-4.18631452],[-79.3238367,-4.18630648],[-79.32372882,-4.18633654],[-79.32364669,-4.18635038],[-79.32359259,-4.18635949],[-79.32344893,-4.18640322],[-79.32340262,-4.18641947],[-79.32334545,-4.18643953],[-79.32323724,-4.18650043],[-79.32312625,-4.18651502],[-79.323017,-4.18651262],[-79.32289999,-4.18651789],[-79.32284768,-4.18650972],[-79.32272492,-4.18646542],[-79.32267248,-4.18647426],[-79.32263237,-4.186491],[-79.32258731,-4.18654624],[-79.32256083,-4.18658471],[-79.32250485,-4.18665223],[-79.32245671,-4.18669873],[-79.32243508,-4.18671963],[-79.32232067,-4.18677283],[-79.32219602,-4.18677491],[-79.32209008,-4.18674159],[-79.32201226,-4.18665596],[-79.32198477,-4.18662335],[-79.32193139,-4.18656572],[-79.3219267,-4.18656332],[-79.32190071,-4.18655001],[-79.32181899,-4.18656322],[-79.32179475,-4.186577],[-79.32176795,-4.18659223],[-79.32172148,-4.18663201],[-79.32165618,-4.18671959],[-79.3215922,-4.18681955],[-79.32151925,-4.18690087],[-79.32150832,-4.18691315],[-79.32143702,-4.18698362],[-79.32132297,-4.18699351],[-79.32119526,-4.18698943],[-79.32106617,-4.18696058],[-79.32095587,-4.18690247],[-79.32086558,-4.18683689],[-79.32078002,-4.18675116],[-79.32076255,-4.18673935],[-79.32067128,-4.18667768],[-79.32057334,-4.18661354],[-79.32048611,-4.18654634],[-79.3204309,-4.1865068],[-79.3203943,-4.18648067],[-79.32030861,-4.1864105],[-79.3202014,-4.18634163],[-79.32009583,-4.18626192],[-79.3200622,-4.18622954],[-79.32001646,-4.18618551],[-79.3199169,-4.18611829],[-79.31982344,-4.18606193],[-79.31973339,-4.18596688],[-79.31965251,-4.18588432],[-79.31956682,-4.18581568],[-79.31947206,-4.18573608],[-79.31937402,-4.18567501],[-79.31926362,-4.18561844],[-79.31914853,-4.18556809],[-79.3190849,-4.18554137],[-79.31907949,-4.1855391],[-79.31903965,-4.18552237],[-79.31895675,-4.18549705],[-79.31882013,-4.18544956],[-79.31870667,-4.18539451],[-79.31859628,-4.18533803],[-79.31857336,-4.18531465],[-79.31852766,-4.18525089],[-79.31850944,-4.18521829],[-79.3184655,-4.18512831],[-79.3184681,-4.18500624],[-79.31847299,-4.1849929],[-79.31847529,-4.18498662],[-79.31849012,-4.18494615],[-79.3185293,-4.18485987],[-79.31856672,-4.18479683],[-79.31859533,-4.18468739],[-79.31859431,-4.18461468],[-79.31859163,-4.18456521],[-79.31857823,-4.18451101],[-79.31853592,-4.18441642],[-79.31849174,-4.18435574],[-79.31847188,-4.18433399],[-79.31840768,-4.18428095],[-79.31831882,-4.18422307],[-79.31818856,-4.18414936],[-79.31807673,-4.18408971],[-79.31798656,-4.18406361],[-79.31796152,-4.18405636],[-79.31791237,-4.18404513],[-79.31784946,-4.1840214],[-79.31776987,-4.18396362],[-79.31775755,-4.18395582],[-79.31768137,-4.1838655],[-79.31766473,-4.18384548],[-79.31760509,-4.18377373],[-79.31753198,-4.18368043],[-79.31748943,-4.1836136],[-79.31740832,-4.18355419],[-79.3173747,-4.18351994],[-79.31733369,-4.18345004],[-79.31732159,-4.18342523],[-79.31730349,-4.18338179],[-79.31728705,-4.18331529],[-79.31729378,-4.18324269],[-79.31730802,-4.18319949],[-79.31732367,-4.18316715],[-79.31728573,-4.18309418],[-79.3172843,-4.18308803],[-79.31718474,-4.18301765],[-79.31707891,-4.18297817],[-79.31702378,-4.18293754],[-79.31698876,-4.18289089],[-79.31692494,-4.18278993],[-79.31687336,-4.18269062],[-79.31681106,-4.18259119],[-79.31675019,-4.18249954],[-79.31668943,-4.18240166],[-79.31662244,-4.18230837],[-79.31657037,-4.18225426],[-79.31641553,-4.18202326],[-79.31617438,-4.18174693],[-79.3161181,-4.18165529],[-79.31611362,-4.18164443],[-79.3160591,-4.18153426],[-79.31603375,-4.18142587],[-79.3159837,-4.1813281],[-79.31593337,-4.18127979],[-79.31589659,-4.18125168],[-79.31581407,-4.18117527],[-79.31575329,-4.18108354],[-79.31569878,-4.18096875],[-79.31566567,-4.18086803],[-79.31565965,-4.18086024],[-79.3155923,-4.18080874],[-79.31556456,-4.18080849],[-79.31550142,-4.18080953],[-79.31545366,-4.18082001],[-79.31534394,-4.18087159],[-79.31523742,-4.18089895],[-79.31523292,-4.18090011],[-79.31513261,-4.18092865],[-79.31508969,-4.18090821],[-79.3150347,-4.18085058],[-79.3149971,-4.1807437],[-79.31497123,-4.180711],[-79.31494513,-4.1807],[-79.31489893,-4.18069963],[-79.31480663,-4.18068804],[-79.31478817,-4.18068637],[-79.3147483,-4.18067363],[-79.31471635,-4.18062237],[-79.31471035,-4.18060382],[-79.3147111,-4.18050797],[-79.31470969,-4.18049097],[-79.31470997,-4.18045957],[-79.31471065,-4.18038128],[-79.31471267,-4.18031943],[-79.31469765,-4.18026984],[-79.31469002,-4.1802559],[-79.31464124,-4.1801952],[-79.31452296,-4.18016646],[-79.31450765,-4.1801648],[-79.31439854,-4.18014232],[-79.31429274,-4.1800873],[-79.31420399,-4.18001865],[-79.31411676,-4.17995299],[-79.3141147,-4.17995118],[-79.31404188,-4.17988745],[-79.31402964,-4.17987965],[-79.31400848,-4.17987521],[-79.31391441,-4.17985552],[-79.31380672,-4.17984236],[-79.31379904,-4.17984197],[-79.31369748,-4.17983679],[-79.31358341,-4.17985906],[-79.31346781,-4.17988133],[-79.31341205,-4.17992416],[-79.31336278,-4.17992686],[-79.31331823,-4.17990949],[-79.31326462,-4.17987818],[-79.31324933,-4.1798672],[-79.31318658,-4.17981417],[-79.31317741,-4.17980791],[-79.31308017,-4.17975163],[-79.31302847,-4.17971905],[-79.31297061,-4.17968258],[-79.31295874,-4.17967541],[-79.31287257,-4.17962305],[-79.31275769,-4.17956031],[-79.3126626,-4.17950549],[-79.31260453,-4.17945246],[-79.31256465,-4.17944595],[-79.31244449,-4.17944958],[-79.31231818,-4.17946866],[-79.31221328,-4.17949719],[-79.31214541,-4.17953269],[-79.31211427,-4.17954898],[-79.31204641,-4.17957162],[-79.31199244,-4.17958046],[-79.31189708,-4.17957039],[-79.3118818,-4.17955481],[-79.31185032,-4.17944948],[-79.31182323,-4.17940253],[-79.31179567,-4.17935477],[-79.31174994,-4.1793034],[-79.31169622,-4.17927977],[-79.31166541,-4.17928567],[-79.31160062,-4.1792991],[-79.31159125,-4.17930839],[-79.31158825,-4.17931137],[-79.31145004,-4.17946173],[-79.31143145,-4.1794786],[-79.311371,-4.17952594],[-79.31132632,-4.17953028],[-79.31127107,-4.17950972],[-79.31122345,-4.17949696],[-79.31114537,-4.17945148],[-79.3111147,-4.17942809],[-79.31102922,-4.17934706],[-79.31099117,-4.17932826],[-79.31087796,-4.17928352],[-79.31085841,-4.17928366],[-79.31075716,-4.17925008],[-79.31075357,-4.17924654],[-79.31064858,-4.17918989],[-79.31061304,-4.17917218],[-79.31055249,-4.1791403],[-79.31052056,-4.17912432],[-79.31044065,-4.17913355],[-79.31033957,-4.17918379],[-79.31033073,-4.17919273],[-79.31027406,-4.17924107],[-79.31023863,-4.17925728],[-79.31022972,-4.17925726],[-79.31016399,-4.17924509],[-79.31013378,-4.17922377],[-79.31007832,-4.17912771],[-79.31007654,-4.17912056],[-79.31004804,-4.17909572],[-79.3099788,-4.17908526],[-79.30986335,-4.17907669],[-79.30975136,-4.17905213],[-79.30963414,-4.17903297],[-79.30956659,-4.17903319],[-79.30952221,-4.1790226],[-79.30945989,-4.17897472],[-79.30944202,-4.17894981],[-79.30941699,-4.17890355],[-79.30939551,-4.1788412],[-79.3093739,-4.17875398],[-79.30936674,-4.17873615],[-79.30933453,-4.17867567],[-79.309314,-4.17864013],[-79.30929343,-4.17860451],[-79.30924682,-4.17854845],[-79.30923279,-4.17853158],[-79.309135,-4.178482],[-79.30909765,-4.1784679],[-79.30904128,-4.17846678],[-79.30902263,-4.1784664],[-79.30902128,-4.17846638],[-79.30897157,-4.17846292],[-79.30889879,-4.17846675],[-79.3088095,-4.17849292],[-79.30879406,-4.17849745],[-79.30870914,-4.17857802],[-79.30862952,-4.17866203],[-79.30859233,-4.17870138],[-79.30852128,-4.17869453],[-79.30841994,-4.17865923],[-79.30839962,-4.17864508],[-79.30836122,-4.17861841],[-79.30833445,-4.1785829],[-79.30831273,-4.1784653],[-79.30831274,-4.17845996],[-79.30838524,-4.17837584],[-79.30840651,-4.17837046],[-79.30849526,-4.17835591],[-79.30849727,-4.17835418],[-79.30857674,-4.1782861],[-79.3085873,-4.17827536],[-79.30867926,-4.17824051],[-79.30869195,-4.1782357],[-79.30871861,-4.17823386],[-79.30878071,-4.17821582],[-79.30880019,-4.17820148],[-79.3088409,-4.17816034],[-79.30884067,-4.17809975],[-79.30876575,-4.17800907],[-79.30875686,-4.17799657],[-79.30866968,-4.17795053],[-79.30857183,-4.17788847],[-79.30850407,-4.17781743],[-79.30848269,-4.1777907],[-79.30842553,-4.17769292],[-79.30839848,-4.17757711],[-79.30835188,-4.17746849],[-79.30834837,-4.17746668],[-79.30831812,-4.17746327],[-79.30828436,-4.17745442],[-79.30823824,-4.17745821],[-79.30813533,-4.1774853],[-79.30805906,-4.17752121],[-79.30802722,-4.17753914],[-79.30797748,-4.17755178],[-79.30790998,-4.17752713],[-79.30790206,-4.17752584],[-79.30789927,-4.17752539],[-79.30786338,-4.17754392],[-79.30780892,-4.17757204],[-79.30774711,-4.17767029],[-79.3076859,-4.177735],[-79.30759773,-4.17769113],[-79.30752656,-4.17765883],[-79.30749642,-4.17764515],[-79.30746164,-4.17759985],[-79.30742681,-4.17755448],[-79.30738749,-4.17749399],[-79.3073338,-4.17737288],[-79.30732492,-4.17735695],[-79.30729607,-4.17724294],[-79.30734546,-4.17714466],[-79.30739485,-4.17704286],[-79.30739326,-4.17702413],[-79.30738563,-4.17693414],[-79.3073841,-4.17693065],[-79.3073444,-4.17683982],[-79.30737812,-4.17682181],[-79.30740277,-4.17675404],[-79.30741861,-4.17671655],[-79.30745893,-4.17660609],[-79.30745902,-4.17660586],[-79.30749084,-4.1765505],[-79.30750129,-4.17650404],[-79.30749234,-4.17647734],[-79.30746021,-4.17642754],[-79.3074122,-4.1764277],[-79.30736004,-4.17642134],[-79.30732693,-4.1764173],[-79.30729499,-4.17640313],[-79.30727335,-4.17632838],[-79.30728338,-4.17629924],[-79.30728749,-4.17628727],[-79.30728713,-4.17618684],[-79.3072871,-4.17617677],[-79.30720335,-4.17608787],[-79.30712649,-4.1760442],[-79.30710368,-4.17603123],[-79.30703704,-4.17600949],[-79.30698451,-4.17599236],[-79.30688499,-4.17595],[-79.30684754,-4.17590019],[-79.30682601,-4.17585927],[-79.30681176,-4.17582722],[-79.30679176,-4.17575138],[-79.30679014,-4.17574525],[-79.30678438,-4.17561511],[-79.30677156,-4.17550639],[-79.30674983,-4.1753924],[-79.30674353,-4.17537842],[-79.3067033,-4.17528912],[-79.30673848,-4.17518204],[-79.30682163,-4.17508727],[-79.30686713,-4.17502062],[-79.30688876,-4.17498893],[-79.30693635,-4.17488893],[-79.30698389,-4.17476759],[-79.30697985,-4.17463917],[-79.30698306,-4.17452686],[-79.30694901,-4.17440299],[-79.30693236,-4.17439165],[-79.3068723,-4.17435074],[-79.3067727,-4.17430115],[-79.30670318,-4.17421229],[-79.30663352,-4.17410381],[-79.30667042,-4.1739913],[-79.30671974,-4.17388235],[-79.30671584,-4.17377012],[-79.30671376,-4.17374388],[-79.30670654,-4.17365245],[-79.30668167,-4.17352637],[-79.30668124,-4.17352417],[-79.30662407,-4.17342629],[-79.30655274,-4.17334457],[-79.30644071,-4.17329504],[-79.30635168,-4.1732311],[-79.30632292,-4.17311891],[-79.30634201,-4.17299406],[-79.30629908,-4.17289794],[-79.30629548,-4.1728944],[-79.30623299,-4.17280366],[-79.30615456,-4.17271297],[-79.30611648,-4.17268217],[-79.30606016,-4.17263662],[-79.3059428,-4.17259251],[-79.30587175,-4.17257103],[-79.30583795,-4.17256082],[-79.30574015,-4.17251123],[-79.30565105,-4.17243842],[-79.30559567,-4.17234697],[-79.30559397,-4.17234416],[-79.305557,-4.17228423],[-79.30553141,-4.17224275],[-79.30546009,-4.17215741],[-79.30538704,-4.17207559],[-79.30531909,-4.17201893],[-79.30529974,-4.17200279],[-79.30521074,-4.17192646],[-79.30515358,-4.17182858],[-79.30511057,-4.17172178],[-79.30510474,-4.17168084],[-79.30509966,-4.17164516],[-79.30509955,-4.17161134],[-79.30509935,-4.17156075],[-79.30509908,-4.17149541],[-79.30513951,-4.17137577],[-79.30515544,-4.17134009],[-79.30516405,-4.17127228],[-79.30515827,-4.1711511],[-79.30514933,-4.17111907],[-79.3050618,-4.17094652],[-79.30505992,-4.17094281],[-79.30500089,-4.17083254],[-79.30495641,-4.17078632],[-79.30491183,-4.17074373],[-79.30486547,-4.17069036],[-79.3048387,-4.17065657],[-79.30476162,-4.17043938],[-79.3047271,-4.17041835],[-79.30466556,-4.17038084],[-79.30460306,-4.17029191],[-79.30455302,-4.17019043],[-79.30452607,-4.17011568],[-79.30451534,-4.17008183],[-79.30452206,-4.16996954],[-79.30453168,-4.16993709],[-79.30455536,-4.16985702],[-79.30454995,-4.16981605],[-79.30451769,-4.16973947],[-79.30450858,-4.16966467],[-79.30450851,-4.16965268],[-79.30450838,-4.16962904],[-79.30451121,-4.16959359],[-79.30451181,-4.16958619],[-79.30451499,-4.16948636],[-79.30451642,-4.16936691],[-79.30451724,-4.16933691],[-79.30451955,-4.16925279],[-79.30455467,-4.16912789],[-79.30458803,-4.16902433],[-79.30459955,-4.16900358],[-79.30461977,-4.16896716],[-79.30463729,-4.1689011],[-79.30463719,-4.16886728],[-79.30462973,-4.16877638],[-79.30461164,-4.16868374],[-79.3046116,-4.1686605],[-79.3046467,-4.16854808],[-79.30466965,-4.1685106],[-79.30472626,-4.16844797],[-79.30473841,-4.16836588],[-79.30471525,-4.1683303],[-79.30465276,-4.16823964],[-79.304642,-4.16822009],[-79.3045938,-4.16813995],[-79.30454376,-4.16804037],[-79.30448115,-4.16792286],[-79.30440991,-4.16783752],[-79.30431542,-4.16775584],[-79.30421392,-4.16767243],[-79.30421019,-4.16766871],[-79.30413196,-4.16759068],[-79.30410499,-4.16748383],[-79.30409775,-4.16745533],[-79.30405846,-4.16738236],[-79.3039925,-4.16731304],[-79.30397648,-4.16730595],[-79.3039303,-4.16729726],[-79.30389632,-4.16722602],[-79.30389986,-4.16721174],[-79.30392448,-4.16715636],[-79.30395622,-4.16709385],[-79.3039737,-4.16700825],[-79.30397193,-4.16699396],[-79.30394493,-4.16689958],[-79.3039451,-4.16689919],[-79.30399073,-4.16679243],[-79.30406856,-4.1667048],[-79.30408899,-4.16666912],[-79.30412678,-4.16660301],[-79.30418859,-4.16650647],[-79.30422876,-4.16637761],[-79.30420841,-4.16629509],[-79.30416742,-4.16625793],[-79.30404439,-4.16621643],[-79.30393362,-4.16621203],[-79.30392452,-4.16621534],[-79.30379174,-4.16626363],[-79.30369076,-4.16631387],[-79.30367654,-4.16630859],[-79.30362295,-4.16622682],[-79.3035711,-4.16612887],[-79.3035462,-4.16610756],[-79.30348481,-4.16606508],[-79.30346427,-4.16605087],[-79.30345117,-4.16603103],[-79.30341967,-4.16597788],[-79.30340891,-4.16595471],[-79.30331873,-4.16583967],[-79.30324851,-4.1657859],[-79.30323256,-4.16578776],[-79.30319186,-4.16580248],[-79.30315279,-4.16581662],[-79.30314034,-4.16582907],[-79.30308368,-4.16587208],[-79.30305346,-4.16585492],[-79.30301573,-4.16572435],[-79.30301245,-4.16568801],[-79.30301204,-4.16568338],[-79.30301001,-4.16561917],[-79.30299561,-4.16557284],[-79.30296886,-4.16553372],[-79.30290572,-4.16550067],[-79.30288611,-4.16549177],[-79.30281077,-4.16550399],[-79.30277213,-4.16553877],[-79.3027577,-4.16555175],[-79.30272928,-4.16557733],[-79.30265678,-4.16566145],[-79.30261625,-4.16574357],[-79.30259857,-4.16575971],[-79.30250992,-4.1658117],[-79.30247258,-4.16579399],[-79.30244404,-4.16574952],[-79.30242074,-4.16569431],[-79.30240386,-4.16561103],[-79.30239908,-4.16558747],[-79.30239019,-4.16557859],[-79.3023605,-4.16555988],[-79.30230294,-4.1655236],[-79.30219801,-4.16548476],[-79.30208437,-4.16547267],[-79.3019776,-4.16541067],[-79.30186742,-4.16538249],[-79.30176769,-4.16531328],[-79.30167515,-4.1652477],[-79.30155113,-4.16520918],[-79.30145657,-4.16520382],[-79.3013394,-4.16520248],[-79.30121858,-4.16518151],[-79.30111372,-4.16514801],[-79.30109939,-4.16514112],[-79.30101053,-4.16509841],[-79.30092856,-4.16501667],[-79.30092458,-4.16490263],[-79.30092773,-4.16477603],[-79.30091152,-4.1647568],[-79.30085281,-4.16468716],[-79.30075508,-4.16465006],[-79.30074616,-4.16465004],[-79.3006362,-4.16468787],[-79.30061912,-4.16468202],[-79.30053306,-4.16465256],[-79.30052384,-4.16464705],[-79.3004352,-4.16459411],[-79.30033024,-4.1645267],[-79.30022878,-4.1644629],[-79.30017342,-4.16436503],[-79.30011971,-4.16425468],[-79.30009183,-4.16420196],[-79.30006795,-4.16415682],[-79.3000143,-4.16406076],[-79.29995181,-4.16397001],[-79.29988228,-4.16388468],[-79.29986712,-4.16385996],[-79.29984109,-4.16377607],[-79.2997945,-4.16366212],[-79.29977457,-4.16354805],[-79.2997746,-4.16345002],[-79.29976888,-4.16342867],[-79.2997564,-4.16341119],[-79.2997296,-4.16339386],[-79.29967634,-4.16336653],[-79.29957665,-4.16331703],[-79.29951261,-4.16327981],[-79.29948052,-4.16324782],[-79.29945477,-4.16320581],[-79.29944488,-4.16319801],[-79.29939864,-4.16316961],[-79.29937496,-4.16316793],[-79.29935082,-4.16316986],[-79.29933117,-4.16317697],[-79.2992922,-4.16320745],[-79.29927834,-4.16321929],[-79.29926919,-4.16322711],[-79.29925071,-4.1632343],[-79.29922323,-4.16324039],[-79.29920531,-4.16323981],[-79.29919838,-4.16323555],[-79.29918033,-4.16320965],[-79.29913745,-4.16313314],[-79.29912946,-4.16312082],[-79.29912137,-4.16311357],[-79.29907859,-4.16306917],[-79.2990394,-4.16303183],[-79.29895399,-4.16296437],[-79.29893978,-4.16295547],[-79.29888616,-4.16289596],[-79.29887733,-4.16288616],[-79.29886844,-4.16287375],[-79.29880238,-4.1627688],[-79.29877028,-4.16274395],[-79.29870984,-4.16270675],[-79.29865619,-4.16260707],[-79.29865451,-4.16258193],[-79.29864869,-4.16249474],[-79.29863437,-4.16245203],[-79.2986128,-4.16238796],[-79.29860027,-4.16235411],[-79.2985609,-4.1622758],[-79.29850208,-4.16219574],[-79.29842449,-4.16214167],[-79.29841305,-4.16213369],[-79.2983833,-4.16212994],[-79.29830293,-4.1621198],[-79.29819454,-4.16209696],[-79.29813402,-4.16205442],[-79.29810731,-4.16203311],[-79.29809899,-4.16202864],[-79.29806107,-4.16200832],[-79.29804446,-4.16200921],[-79.29799001,-4.16201214],[-79.29791912,-4.16205874],[-79.29789925,-4.16207692],[-79.2977977,-4.16210727],[-79.29778617,-4.16210729],[-79.29766006,-4.16211488],[-79.29762769,-4.16212149],[-79.29755365,-4.16213662],[-79.29743468,-4.16213528],[-79.29738668,-4.16213364],[-79.29734385,-4.16207323],[-79.29734212,-4.16206616],[-79.29731688,-4.16196276],[-79.29728648,-4.16190401],[-79.29724018,-4.16186502],[-79.29713698,-4.16181542],[-79.29705346,-4.16178721],[-79.29703884,-4.16178762],[-79.29691143,-4.16179124],[-79.29687408,-4.16177886],[-79.29681002,-4.16174698],[-79.2967887,-4.16173283],[-79.29674791,-4.16173148],[-79.29656169,-4.16175983],[-79.29646792,-4.16180647],[-79.29635556,-4.16182793],[-79.29605936,-4.1617799],[-79.29592638,-4.16174718],[-79.29580056,-4.16171622],[-79.29576942,-4.16170358],[-79.29561966,-4.16169675],[-79.29545752,-4.161668],[-79.29530467,-4.16167364],[-79.29524336,-4.16168722],[-79.29512356,-4.16171376],[-79.29503634,-4.16173165],[-79.29489559,-4.16166719],[-79.29485352,-4.16164792],[-79.29473402,-4.16159319],[-79.29468719,-4.16158992],[-79.29457151,-4.16165215],[-79.29451927,-4.16169867],[-79.29442442,-4.16178314],[-79.29429004,-4.16182652],[-79.29427401,-4.16182645],[-79.29424952,-4.16182634],[-79.29397856,-4.16167809],[-79.29394117,-4.16168868],[-79.29393485,-4.16169047],[-79.29393458,-4.16169101],[-79.29390347,-4.16175307],[-79.29390008,-4.1618188],[-79.29386173,-4.1619155],[-79.29385915,-4.16192198],[-79.29381208,-4.16199079],[-79.29376202,-4.16202821],[-79.29364014,-4.16207786],[-79.29355256,-4.16214016],[-79.29345882,-4.16217431],[-79.29333718,-4.16215506],[-79.29320602,-4.16221093],[-79.29313111,-4.16219811],[-79.29296918,-4.1621161],[-79.29293549,-4.16211852],[-79.29267895,-4.1621369],[-79.29232374,-4.16200718],[-79.2922441,-4.16200792],[-79.2920866,-4.16200938],[-79.29187774,-4.16196787],[-79.29177804,-4.16192678],[-79.29166598,-4.16185428],[-79.29165713,-4.16184641],[-79.29158822,-4.16178512],[-79.2915398,-4.16175371],[-79.29143999,-4.16168898],[-79.29138901,-4.16165591],[-79.29127072,-4.16158974],[-79.29117721,-4.16155797],[-79.29100885,-4.16153229],[-79.29090897,-4.16153198],[-79.29088416,-4.16153255],[-79.29067497,-4.16153735],[-79.29046573,-4.16158979],[-79.29036602,-4.16155187],[-79.29023523,-4.16147617],[-79.29011973,-4.16149771],[-79.29004644,-4.16148647],[-79.28997315,-4.16147523],[-79.28985446,-4.16151232],[-79.28985112,-4.16151408],[-79.2896545,-4.16161749],[-79.28963563,-4.16162741],[-79.28947324,-4.16166757],[-79.28935904,-4.16171877],[-79.28931386,-4.16173903],[-79.28899567,-4.16173779],[-79.28881163,-4.16171207],[-79.28857445,-4.16173308],[-79.28845295,-4.16169194],[-79.28834087,-4.16162885],[-79.28824939,-4.1615384],[-79.28819779,-4.16148738],[-79.28807647,-4.16140862],[-79.28795485,-4.16138304],[-79.28774877,-4.16142925],[-79.28772893,-4.1614367],[-79.28763313,-4.16147267],[-79.28753641,-4.16146921],[-79.28751858,-4.16145978],[-79.2874648,-4.16143134],[-79.28733416,-4.16133059],[-79.28721267,-4.16128629],[-79.28696638,-4.16122589],[-79.28692127,-4.16118886],[-79.2868015,-4.16109052],[-79.28675759,-4.16106467],[-79.28666766,-4.16101174],[-79.28655235,-4.16098309],[-79.28643112,-4.16098533],[-79.28641193,-4.16098568],[-79.28616901,-4.16086886],[-79.28614079,-4.16087061],[-79.28602543,-4.16087777],[-79.28583221,-4.16081125],[-79.28561104,-4.16071645],[-79.28548642,-4.16066273],[-79.2853025,-4.16062761],[-79.28512456,-4.16065824],[-79.28510348,-4.16066618],[-79.28496835,-4.16071713],[-79.28494419,-4.16071965],[-79.28488097,-4.16072625],[-79.28484436,-4.16071977],[-79.28479049,-4.16071023],[-79.28460661,-4.16065629],[-79.28447875,-4.16064019],[-79.28434789,-4.16059894],[-79.28432298,-4.16058315],[-79.28429812,-4.16053924],[-79.28430007,-4.16047331],[-79.28430172,-4.16041708],[-79.28434159,-4.1602673],[-79.28434921,-4.16023868],[-79.2843494,-4.16019482],[-79.28433725,-4.16010708],[-79.28428445,-4.16003164],[-79.28425227,-4.16003279],[-79.2842109,-4.16003428],[-79.2841253,-4.16003735],[-79.28394102,-4.16008361],[-79.28381881,-4.16009087],[-79.28379123,-4.1600925],[-79.28356985,-4.16005097],[-79.28332032,-4.16003433],[-79.2831947,-4.15998216],[-79.28306243,-4.15997055],[-79.28304145,-4.15997451],[-79.28302296,-4.15996557],[-79.28287303,-4.15989303],[-79.28279075,-4.15982871],[-79.28262272,-4.15969026],[-79.28250462,-4.15958013],[-79.28247009,-4.15953749],[-79.28243141,-4.15947471],[-79.2824084,-4.15942629],[-79.28240149,-4.15940366],[-79.2823653,-4.15928522],[-79.28231678,-4.15920099],[-79.28230016,-4.15917213],[-79.28223171,-4.15912803],[-79.28217907,-4.15911228],[-79.28212578,-4.15909633],[-79.28205737,-4.15909603],[-79.28204463,-4.15909597],[-79.28195111,-4.1590737],[-79.28193526,-4.1590624],[-79.28189823,-4.15903597],[-79.28187246,-4.15900146],[-79.28187505,-4.15892142],[-79.28187515,-4.15891825],[-79.28187661,-4.15887315],[-79.28183037,-4.15880704],[-79.28173279,-4.15877937],[-79.28171822,-4.15877524],[-79.28154334,-4.15880596],[-79.28153144,-4.15880591],[-79.28149966,-4.15880577],[-79.28147474,-4.15879315],[-79.28144951,-4.15875524],[-79.2813786,-4.15864871],[-79.2813477,-4.15856708],[-79.28131091,-4.15838216],[-79.28129486,-4.15834551],[-79.2812738,-4.15829744],[-79.28114772,-4.15816411],[-79.28113704,-4.15815282],[-79.28102813,-4.15808349],[-79.28088174,-4.15801716],[-79.28081655,-4.15797098],[-79.2807884,-4.15795103],[-79.28069526,-4.15783165],[-79.28066004,-4.15775092],[-79.28061174,-4.15764021],[-79.28061209,-4.157632],[-79.28061589,-4.1575436],[-79.28062198,-4.15740214],[-79.28060963,-4.15736766],[-79.28058474,-4.15733939],[-79.28047267,-4.15727313],[-79.28035122,-4.15721002],[-79.28030757,-4.15719419],[-79.28027086,-4.15717741],[-79.28022279,-4.15715543],[-79.28014877,-4.15712159],[-79.28005228,-4.15705229],[-79.2800274,-4.15702086],[-79.27993761,-4.15685455],[-79.27990486,-4.15678546],[-79.27990041,-4.15677606],[-79.27988203,-4.15669455],[-79.27983546,-4.15661288],[-79.27980628,-4.15653575],[-79.27978917,-4.15649052],[-79.27975735,-4.15643119],[-79.27974145,-4.15640153],[-79.27970727,-4.15637903],[-79.27968028,-4.15636577],[-79.27962958,-4.15636283],[-79.27959257,-4.15636069],[-79.27948179,-4.15623629],[-79.27939991,-4.15620094],[-79.27934413,-4.15621872],[-79.27930514,-4.15626131],[-79.27927507,-4.15629416],[-79.27920994,-4.15629863],[-79.2791789,-4.15628527],[-79.27913479,-4.15623309],[-79.27911921,-4.15614362],[-79.27911344,-4.15611051],[-79.27908455,-4.15605834],[-79.27906392,-4.15602106],[-79.27891753,-4.15589118],[-79.27888666,-4.15586378],[-79.2786936,-4.15576281],[-79.27860189,-4.15574664],[-79.27858449,-4.15574358],[-79.27855437,-4.15573512],[-79.27840376,-4.15569281],[-79.27835698,-4.15566757],[-79.27831348,-4.15562353],[-79.27829176,-4.1555921],[-79.27828258,-4.15554823],[-79.27826971,-4.15539984],[-79.27826764,-4.15537593],[-79.27823998,-4.15525678],[-79.27820274,-4.15519394],[-79.27817479,-4.15516566],[-79.27816273,-4.15515651],[-79.27802544,-4.1550523],[-79.2779975,-4.15502403],[-79.27795943,-4.15499318],[-79.27785295,-4.15481727],[-79.27783964,-4.15467879],[-79.27782114,-4.15461301],[-79.27776826,-4.15457835],[-79.27769209,-4.15455152],[-79.27760628,-4.1545213],[-79.27752851,-4.15445521],[-79.27751882,-4.1544357],[-79.27751605,-4.15443013],[-79.27750381,-4.15438308],[-79.2774863,-4.15421652],[-79.27748272,-4.15418256],[-79.27745849,-4.15397886],[-79.27744425,-4.15394293],[-79.27743899,-4.15391543],[-79.27741223,-4.15363206],[-79.27734895,-4.15353156],[-79.27731951,-4.15348482],[-79.27719834,-4.15339588],[-79.27706812,-4.15325061],[-79.27701858,-4.15312824],[-79.27699474,-4.15301116],[-79.27698793,-4.1529777],[-79.27697568,-4.15293698],[-79.27696952,-4.15291183],[-79.27689921,-4.15263125],[-79.2768988,-4.15262963],[-79.27685863,-4.1525355],[-79.2768091,-4.15241946],[-79.27679664,-4.15239421],[-79.27677503,-4.15235039],[-79.27666958,-4.15217772],[-79.27663636,-4.15212938],[-79.27657029,-4.15203327],[-79.27648332,-4.15193578],[-79.27637749,-4.15185398],[-79.27634855,-4.15180674],[-79.27632167,-4.15176289],[-79.27631566,-4.15171278],[-79.27631018,-4.15167328],[-79.27630652,-4.15164693],[-79.27629921,-4.15146906],[-79.27629644,-4.15140156],[-79.27629506,-4.15136811],[-79.27627993,-4.15124582],[-79.27622735,-4.15111404],[-79.27613736,-4.15099783],[-79.27609186,-4.15095182],[-79.27607517,-4.15093494],[-79.27602552,-4.15086267],[-79.27599458,-4.1508031],[-79.27598529,-4.15076853],[-79.27598228,-4.15074348],[-79.27598202,-4.15074206],[-79.2759578,-4.15061185],[-79.27593607,-4.15058043],[-79.27592989,-4.15056784],[-79.2759146,-4.15055662],[-79.27585503,-4.15051291],[-79.27583585,-4.15049883],[-79.27580544,-4.15047651],[-79.27564373,-4.15033183],[-79.2755909,-4.15027529],[-79.27559095,-4.15025015],[-79.2755787,-4.1502126],[-79.27557167,-4.15017807],[-79.27557018,-4.15017078],[-79.27556337,-4.15013733],[-79.27549524,-4.14999295],[-79.27548907,-4.14997105],[-79.27545495,-4.14992386],[-79.27535527,-4.14987337],[-79.27524004,-4.14981027],[-79.2751094,-4.14970961],[-79.27503795,-4.14964037],[-79.27502931,-4.14963312],[-79.27501925,-4.14962468],[-79.27496325,-4.14957428],[-79.27493214,-4.14955224],[-79.27481381,-4.14950487],[-79.27475159,-4.14945762],[-79.27469935,-4.14941799],[-79.27464579,-4.14936325],[-79.27463655,-4.1493475],[-79.27462724,-4.14932243],[-79.27457112,-4.14924526],[-79.27456825,-4.14924073],[-79.27454333,-4.14922811],[-79.27450899,-4.14923744],[-79.27446226,-4.14923408],[-79.27440786,-4.14923396],[-79.27431273,-4.14916467],[-79.27428783,-4.14914264],[-79.27425367,-4.14911426],[-79.27415416,-4.14902624],[-79.27411057,-4.14898527],[-79.27406392,-4.14894131],[-79.27404536,-4.14890365],[-79.27393035,-4.14878105],[-79.27383734,-4.14864285],[-79.27374093,-4.14854218],[-79.27369119,-4.14851069],[-79.27362582,-4.14846344],[-79.27349684,-4.14834487],[-79.27343,-4.1482685],[-79.27335231,-4.14817112],[-79.27329963,-4.1480832],[-79.27319077,-4.1479919],[-79.27308655,-4.1479158],[-79.27303526,-4.14785348],[-79.27298877,-4.14777814],[-79.27295509,-4.14761204],[-79.27297034,-4.14752173],[-79.27297672,-4.14748395],[-79.27297587,-4.14741785],[-79.27286972,-4.14727881],[-79.27267548,-4.14722584],[-79.27254278,-4.14720322],[-79.2724361,-4.14718544],[-79.27233645,-4.14716045],[-79.27221192,-4.14711044],[-79.27210512,-4.147064],[-79.27200198,-4.14703185],[-79.27189875,-4.14699618],[-79.27182634,-4.1469845],[-79.27178847,-4.14697839],[-79.27167462,-4.14694269],[-79.2715901,-4.14692126],[-79.27156835,-4.14691424],[-79.27146824,-4.14688193],[-79.27138282,-4.14681772],[-79.27129382,-4.14674265],[-79.27121906,-4.14666408],[-79.27114432,-4.14657838],[-79.27109095,-4.14647834],[-79.2710402,-4.14638554],[-79.2710304,-4.14636761],[-79.27101795,-4.14634167],[-79.27098414,-4.14627121],[-79.27093789,-4.14617118],[-79.27087378,-4.14608188],[-79.27081013,-4.14602667],[-79.27064968,-4.1458857],[-79.27053452,-4.14578833],[-79.27042303,-4.1457455],[-79.27034319,-4.14572615],[-79.27026073,-4.14571186],[-79.27018657,-4.14568783],[-79.27009623,-4.14566486],[-79.2700169,-4.14564468],[-79.26992464,-4.1456198],[-79.26982056,-4.14560338],[-79.26972797,-4.14556764],[-79.26963197,-4.14552484],[-79.26954656,-4.14549626],[-79.26942873,-4.14546959],[-79.2694146,-4.14546667],[-79.26935086,-4.14545342],[-79.26924405,-4.14545345],[-79.26914447,-4.14548208],[-79.26905657,-4.14553974],[-79.26903949,-4.14555094],[-79.2689404,-4.14560489],[-79.26883277,-4.14564751],[-79.26878111,-4.14567534],[-79.2687069,-4.14571795],[-79.26864505,-4.1457472],[-79.2685087,-4.14578904],[-79.268482,-4.14580734],[-79.26844842,-4.14582675],[-79.26841482,-4.14584617],[-79.26831681,-4.14589686],[-79.26826529,-4.14590046],[-79.26814991,-4.14590437],[-79.26805763,-4.14593437],[-79.26799345,-4.14595909],[-79.26793001,-4.14597641],[-79.2678081,-4.14600281],[-79.26768135,-4.14601963],[-79.26760252,-4.14599088],[-79.26759908,-4.14598882],[-79.26755993,-4.1459653],[-79.26752921,-4.14594686],[-79.26745094,-4.14595401],[-79.26737975,-4.14597194],[-79.26730126,-4.14599094],[-79.26718889,-4.14602216],[-79.26709874,-4.1460613],[-79.26699196,-4.14608991],[-79.26687346,-4.14612193],[-79.26682121,-4.14612923],[-79.26672042,-4.14613507],[-79.26660568,-4.14613753],[-79.26653299,-4.14613999],[-79.26643339,-4.14614005],[-79.2663337,-4.14613286],[-79.2662412,-4.14609721],[-79.26617002,-4.14606866],[-79.26603431,-4.14606321],[-79.26597432,-4.14606869],[-79.26588899,-4.14609011],[-79.26586938,-4.14609878],[-79.26580001,-4.14612943],[-79.26571823,-4.14617591],[-79.26566298,-4.14620581],[-79.26562571,-4.14622599],[-79.26552258,-4.14627595],[-79.2654372,-4.14631889],[-79.26536984,-4.14634704],[-79.26497275,-4.14603513],[-79.26475294,-4.14586247],[-79.2646224,-4.14581452],[-79.26401555,-4.14559161],[-79.26399754,-4.14558687],[-79.26321895,-4.14558516],[-79.26317129,-4.14558505],[-79.26302911,-4.14558474],[-79.26221027,-4.14562886],[-79.26199007,-4.14561723],[-79.26111205,-4.14557085],[-79.26057644,-4.14553979],[-79.25982852,-4.14553472],[-79.2589118,-4.14584043],[-79.25810264,-4.14604056],[-79.25723399,-4.14609097],[-79.25663913,-4.1461245],[-79.25582855,-4.14640978],[-79.25574425,-4.14643945],[-79.25531142,-4.14659178],[-79.25462391,-4.14720486],[-79.25460182,-4.14722456],[-79.25441498,-4.14711556],[-79.25438498,-4.14708644],[-79.2542176,-4.14692393],[-79.25372596,-4.14652498],[-79.25335579,-4.14627368],[-79.25286092,-4.14579781],[-79.25260109,-4.14540823],[-79.25251533,-4.14527966],[-79.25248325,-4.14523966],[-79.25226846,-4.14497193],[-79.25223004,-4.14490455],[-79.25195559,-4.14467206],[-79.25153768,-4.14400124],[-79.25141658,-4.14376364],[-79.2510347,-4.14301441],[-79.25082647,-4.14234404],[-79.25046628,-4.14144366],[-79.25010842,-4.14051369],[-79.25007551,-4.14042817],[-79.25006822,-4.14040923],[-79.24978378,-4.1397387],[-79.24942358,-4.13883831],[-79.24884103,-4.13792475],[-79.24839313,-4.13725219],[-79.24817219,-4.13695647],[-79.24814042,-4.13691394],[-79.2478513,-4.13652697],[-79.24765824,-4.13625273],[-79.24753536,-4.13599275],[-79.24752123,-4.13596203],[-79.2474659,-4.13595022],[-79.24721512,-4.13580097],[-79.24702868,-4.13567773],[-79.24677794,-4.13550909],[-79.24654651,-4.13534695],[-79.24639229,-4.13521085],[-79.24633458,-4.13510082],[-79.2462588,-4.13493036],[-79.2462427,-4.13489379],[-79.24617233,-4.13485348],[-79.24611368,-4.13481988],[-79.24596721,-4.13473892],[-79.24587662,-4.13465458],[-79.24579306,-4.13454572],[-79.24577219,-4.13451061],[-79.24569196,-4.13447538],[-79.24557328,-4.13445758],[-79.24537433,-4.1344291],[-79.24518238,-4.1343866],[-79.24499745,-4.1343336],[-79.2448509,-4.1342877],[-79.24473223,-4.1342664],[-79.24471737,-4.13426471],[-79.24463799,-4.13425568],[-79.24462863,-4.13425515],[-79.24453107,-4.13423962],[-79.24449125,-4.13423226],[-79.24444062,-4.13419942],[-79.24436201,-4.13416079],[-79.24432401,-4.13413578],[-79.24422979,-4.13411103],[-79.24422215,-4.13411129],[-79.2440823,-4.13409317],[-79.24396643,-4.13408564],[-79.2438652,-4.13400177],[-79.24375587,-4.13390631],[-79.24373449,-4.13388205],[-79.24371746,-4.13385941],[-79.2436579,-4.13378022],[-79.24355682,-4.13370286],[-79.24339642,-4.13360785],[-79.24324994,-4.1335304],[-79.24308605,-4.13343537],[-79.24287677,-4.13333675],[-79.24276169,-4.13327339],[-79.24261164,-4.13323098],[-79.24252703,-4.13323475],[-79.24246149,-4.13323766],[-79.24236783,-4.13324183],[-79.24214658,-4.13324521],[-79.24202705,-4.13325222],[-79.24194736,-4.13325568],[-79.24194194,-4.13325414],[-79.24185688,-4.13323002],[-79.24175919,-4.13318617],[-79.24166019,-4.13315762],[-79.24163071,-4.13314467],[-79.24151909,-4.13309534],[-79.24134452,-4.13309144],[-79.24121875,-4.13312271],[-79.24112096,-4.13313652],[-79.24103364,-4.13315035],[-79.240908,-4.13312202],[-79.24078239,-4.13308318],[-79.24067066,-4.13308293],[-79.24048548,-4.13314212],[-79.24034574,-4.13317687],[-79.24013622,-4.13319042],[-79.23999657,-4.13318661],[-79.23989879,-4.1331934],[-79.2396611,-4.13331207],[-79.23949682,-4.13339234],[-79.23939198,-4.13343418],[-79.23927323,-4.13345144],[-79.23917193,-4.13347225],[-79.23909162,-4.13347558],[-79.23900081,-4.13348589],[-79.23887515,-4.13347159],[-79.23874945,-4.13347131],[-79.23862373,-4.13348505],[-79.23853678,-4.1334868],[-79.2384666,-4.13348821],[-79.23836886,-4.13347748],[-79.23826415,-4.13345971],[-79.23816989,-4.133456],[-79.23805809,-4.1334873],[-79.23797765,-4.13354672],[-79.23786222,-4.13364463],[-79.23781349,-4.13368986],[-79.23776425,-4.13373556],[-79.23767677,-4.13382301],[-79.23759629,-4.13390347],[-79.23747737,-4.13399435],[-79.23738306,-4.13401518],[-79.23727829,-4.13402546],[-79.23717366,-4.13396913],[-79.23707252,-4.13391983],[-79.23701343,-4.13388292],[-79.2369993,-4.13387409],[-79.23690858,-4.13384584],[-79.2367934,-4.13382455],[-79.23674456,-4.13380691],[-79.23665378,-4.13380671],[-79.23653505,-4.13381346],[-79.23642682,-4.13381321],[-79.23629766,-4.1337989],[-79.23616151,-4.13378808],[-79.23608824,-4.13376688],[-79.23606037,-4.13373878],[-79.23601516,-4.13365804],[-79.23598736,-4.13359838],[-79.2359608,-4.13353399],[-79.23595263,-4.13351416],[-79.23588639,-4.13346844],[-79.23581664,-4.13342972],[-79.23572597,-4.13338044],[-79.2356972,-4.13337691],[-79.23563871,-4.13336973],[-79.2355585,-4.13332748],[-79.23545736,-4.13327466],[-79.23538073,-4.13319035],[-79.23536474,-4.13315987],[-79.23534944,-4.13313069],[-79.23531818,-4.13305349],[-79.23528332,-4.13302887],[-79.23524151,-4.13299021],[-79.23517339,-4.13293868],[-79.23515785,-4.13292692],[-79.23505326,-4.13285657],[-79.23497657,-4.13280381],[-79.23490694,-4.132709],[-79.23479916,-4.13250192],[-79.23472254,-4.1324141],[-79.23464942,-4.13232279],[-79.23461111,-4.13228063],[-79.23456599,-4.13215783],[-79.2345592,-4.13207017],[-79.23456288,-4.13198604],[-79.23456407,-4.13197955],[-79.23457702,-4.13190894],[-79.23458414,-4.13184585],[-79.23455289,-4.13176515],[-79.23450072,-4.13167739],[-79.23445548,-4.13160717],[-79.23443824,-4.13150897],[-79.23441762,-4.13136168],[-79.23437947,-4.1312424],[-79.23435176,-4.13114417],[-79.23431359,-4.13103541],[-79.23423357,-4.13090551],[-79.23413955,-4.13079312],[-79.23407335,-4.13072986],[-79.2339619,-4.13060691],[-79.23388878,-4.1305156],[-79.23383311,-4.13042783],[-79.23379498,-4.13030154],[-79.23374634,-4.13018924],[-79.23365925,-4.1301014],[-79.23351277,-4.13002745],[-79.23337326,-4.12995703],[-79.2332269,-4.12983049],[-79.23313638,-4.1297146],[-79.23304239,-4.12958818],[-79.23296574,-4.12951438],[-79.23286475,-4.12939496],[-79.23274637,-4.12924395],[-79.23264543,-4.12909999],[-79.23255844,-4.12896657],[-79.23243152,-4.12889159],[-79.23241547,-4.12888211],[-79.23238154,-4.12885678],[-79.23227866,-4.12877998],[-79.23224119,-4.12875201],[-79.23210177,-4.12864302],[-79.23203577,-4.12848861],[-79.23192081,-4.12836916],[-79.23179538,-4.12825319],[-79.23174664,-4.12818647],[-79.23165253,-4.12811264],[-79.23154092,-4.1280598],[-79.2314363,-4.12800347],[-79.23136314,-4.1279332],[-79.23132845,-4.12783145],[-79.23132523,-4.12770874],[-79.23134462,-4.127645],[-79.2313604,-4.12759313],[-79.23136136,-4.12759002],[-79.23138853,-4.12750204],[-79.23137834,-4.1273723],[-79.23134022,-4.1272425],[-79.23131946,-4.12715832],[-79.23131259,-4.12710571],[-79.2313092,-4.12706013],[-79.23130938,-4.1269795],[-79.23130598,-4.12694093],[-79.23129213,-4.1268848],[-79.2312503,-4.12685666],[-79.23119788,-4.12687758],[-79.23116637,-4.12691607],[-79.23109288,-4.12699304],[-79.23105784,-4.12704905],[-79.23099491,-4.12708748],[-79.23096793,-4.12708567],[-79.23090261,-4.12708129],[-79.23088669,-4.12708022],[-79.23077854,-4.12704142],[-79.23062496,-4.12702004],[-79.23047484,-4.12701269],[-79.23039463,-4.12697044],[-79.23035285,-4.12691426],[-79.23023451,-4.12674922],[-79.23012656,-4.12661926],[-79.22999069,-4.12648223],[-79.22990702,-4.12642596],[-79.22977794,-4.12638009],[-79.22967677,-4.1263413],[-79.22955479,-4.12623936],[-79.22941551,-4.12606727],[-79.22929358,-4.1259478],[-79.22920655,-4.12583191],[-79.2291021,-4.12569495],[-79.22900097,-4.12564214],[-79.22893832,-4.12555085],[-79.22887234,-4.12538943],[-79.22878532,-4.12527004],[-79.22865277,-4.12521365],[-79.22854479,-4.12509421],[-79.22846122,-4.12499587],[-79.22837762,-4.12490803],[-79.22828351,-4.1248342],[-79.2280882,-4.1247356],[-79.22792083,-4.12463707],[-79.22777431,-4.12458065],[-79.22774304,-4.12451046],[-79.22777119,-4.12441236],[-79.22778535,-4.12432825],[-79.22777511,-4.12422306],[-79.22776023,-4.12419071],[-79.22773584,-4.12413764],[-79.22764425,-4.1240813],[-79.22754853,-4.12405778],[-79.2275404,-4.12405549],[-79.22742291,-4.12402244],[-79.227346,-4.12393592],[-79.22733236,-4.12392057],[-79.22732548,-4.1239063],[-79.22731106,-4.12387637],[-79.2272698,-4.12379071],[-79.22724546,-4.12374508],[-79.22720017,-4.12369941],[-79.2270571,-4.12366403],[-79.22692808,-4.12358661],[-79.22684793,-4.12351983],[-79.22676776,-4.12345654],[-79.22665958,-4.12343526],[-79.22657237,-4.12339651],[-79.22648868,-4.12335074],[-79.22637017,-4.12325933],[-79.22627953,-4.12319602],[-79.22622733,-4.12311878],[-79.22620991,-4.12310218],[-79.22616462,-4.12305904],[-79.22610197,-4.12296775],[-79.22602883,-4.12288695],[-79.22593137,-4.12275351],[-79.22585138,-4.1226096],[-79.22577495,-4.12243764],[-79.22571591,-4.12229377],[-79.22570578,-4.12213949],[-79.22569202,-4.12204831],[-79.22565881,-4.12197608],[-79.22564685,-4.12195005],[-79.22560864,-4.12185881],[-79.225574,-4.12173603],[-79.22552539,-4.12161673],[-79.22544181,-4.12151838],[-79.22530939,-4.12140239],[-79.22518391,-4.12130745],[-79.22507944,-4.12118101],[-79.22505014,-4.12113172],[-79.22500639,-4.12105815],[-79.22491936,-4.12094226],[-79.22477995,-4.12083327],[-79.22467184,-4.12077343],[-79.2246651,-4.12076634],[-79.22458824,-4.1206856],[-79.22448724,-4.12057318],[-79.22441769,-4.12044682],[-79.22437261,-4.12030649],[-79.22439032,-4.12019434],[-79.2244255,-4.12007522],[-79.22444241,-4.1200392],[-79.22447812,-4.11996316],[-79.22454817,-4.11986164],[-79.22462526,-4.11973911],[-79.22468482,-4.11964459],[-79.22477922,-4.11958871],[-79.22485618,-4.11952227],[-79.22489474,-4.11944874],[-79.22488093,-4.1193821],[-79.22484968,-4.11930139],[-79.22479043,-4.11925568],[-79.22471032,-4.11916786],[-79.22468959,-4.11906965],[-79.22471093,-4.1188909],[-79.22471478,-4.11872965],[-79.22470117,-4.11856835],[-79.22466301,-4.11845958],[-79.22463178,-4.11837187],[-79.22461797,-4.11830172],[-79.22461116,-4.11822458],[-79.22462182,-4.11814046],[-79.22466739,-4.11805993],[-79.22468148,-4.11800037],[-79.22466769,-4.11792321],[-79.22459817,-4.11778282],[-79.22454957,-4.1176565],[-79.22453231,-4.11756882],[-79.22449419,-4.11743902],[-79.22446302,-4.11732677],[-79.22444577,-4.11723207],[-79.22443211,-4.11709181],[-79.22442538,-4.11697961],[-79.22444039,-4.11687817],[-79.22444665,-4.11683592],[-79.22445043,-4.11670271],[-79.22445078,-4.11654845],[-79.22445113,-4.11638719],[-79.22444837,-4.11632762],[-79.22444447,-4.11624343],[-79.22445165,-4.11615581],[-79.22443087,-4.11607863],[-79.22438918,-4.11598388],[-79.22435453,-4.11586461],[-79.22434741,-4.1157802],[-79.22434092,-4.11570331],[-79.22433783,-4.11552451],[-79.22435556,-4.11539834],[-79.22443263,-4.11528282],[-79.22444327,-4.11520922],[-79.22444354,-4.11508652],[-79.2244265,-4.11490068],[-79.22441634,-4.11475692],[-79.22440604,-4.11467626],[-79.2243749,-4.11454998],[-79.22438561,-4.11444483],[-79.2244103,-4.1143327],[-79.22442104,-4.11421002],[-79.22442118,-4.11414692],[-79.22442127,-4.11410835],[-79.22440397,-4.11403469],[-79.22440408,-4.11398561],[-79.22441117,-4.11393655],[-79.22443797,-4.11389304],[-79.22446724,-4.11384552],[-79.22447786,-4.11377894],[-79.22446403,-4.11371931],[-79.22446417,-4.1136527],[-79.2244609,-4.11355453],[-79.22446817,-4.11342483],[-79.22449284,-4.11332322],[-79.22454196,-4.11321114],[-79.22457017,-4.1130885],[-79.22457246,-4.1130775],[-79.22459134,-4.11298688],[-79.22461604,-4.11287124],[-79.22461279,-4.11275905],[-79.22457458,-4.11267132],[-79.22453989,-4.11256958],[-79.22448777,-4.11245727],[-79.2244815,-4.11241508],[-79.22447057,-4.11234154],[-79.2244881,-4.11228417],[-79.22449519,-4.11226097],[-79.2245478,-4.1121524],[-79.22463884,-4.11203341],[-79.22468448,-4.11192133],[-79.22471966,-4.1117987],[-79.22476188,-4.11165155],[-79.22481112,-4.1114904],[-79.22485321,-4.11140285],[-79.22485685,-4.11133624],[-79.22482217,-4.11123099],[-79.22479795,-4.11112927],[-79.22474588,-4.11099593],[-79.22470061,-4.11094325],[-79.22451936,-4.11080612],[-79.22436941,-4.11072164],[-79.22426226,-4.1106463],[-79.22426673,-4.1106554],[-79.22407609,-4.11106321],[-79.22354136,-4.11152136],[-79.22312126,-4.11186496],[-79.22256677,-4.11262931],[-79.22189754,-4.11356563],[-79.22134375,-4.11402379],[-79.22017966,-4.11463363],[-79.21914953,-4.11499499],[-79.21823423,-4.11514606],[-79.21789061,-4.11539413],[-79.21762308,-4.11568064],[-79.21736442,-4.11628292],[-79.21715274,-4.11718204],[-79.2169605,-4.11790891],[-79.21684454,-4.11863598],[-79.21646145,-4.11945812],[-79.21626945,-4.1200893],[-79.21561996,-4.12071947],[-79.21492248,-4.12149304],[-79.21421517,-4.12241017],[-79.21293647,-4.12311543],[-79.21211615,-4.12341981],[-79.21123739,-4.12427916],[-79.21028268,-4.12500427],[-79.20972849,-4.12563468],[-79.20936525,-4.12611233]]]]},"geometry_name":"geom","properties":{"id":12,"fid":12,"objectid":12,"dpa_parroq":"110156","dpa_despar":"MALACATOS","dpa_valor":0,"dpa_anio":"2009","dpa_canton":"1101","dpa_provin":"11","dpa_despro":"LOJA","dpa_descan":"LOJA","regional":"Sur","areas":20614.391768394664,"shape_length":83792.09969363248,"shape_area":2.0614391768394664E8}},{"type":"Feature","id":"limites_parroquiales.13","geometry":{"type":"MultiPolygon","coordinates":[[[[-79.12154603,-4.19535486],[-79.12086597,-4.19560131],[-79.12021671,-4.1958788],[-79.11824023,-4.19581203],[-79.11694323,-4.19574688],[-79.11537835,-4.19576377],[-79.11467786,-4.19594812],[-79.11381244,-4.19621478],[-79.11309102,-4.1965438],[-79.11163857,-4.19690205],[-79.1100524,-4.1972083],[-79.10865101,-4.19774238],[-79.10727035,-4.19821449],[-79.10553916,-4.19889246],[-79.10483082,-4.19896558],[-79.10480724,-4.19908959],[-79.10494582,-4.19984971],[-79.10504471,-4.20033797],[-79.10518669,-4.20075459],[-79.10527179,-4.20102754],[-79.10525672,-4.20135762],[-79.10521267,-4.2018312],[-79.10525457,-4.20224756],[-79.10528223,-4.20263518],[-79.10538151,-4.20296557],[-79.10539002,-4.20305026],[-79.10545363,-4.20311859],[-79.10545706,-4.20312228],[-79.10552223,-4.20319228],[-79.10552205,-4.20375906],[-79.10553398,-4.20380607],[-79.10558094,-4.20399109],[-79.10558857,-4.20421354],[-79.10565381,-4.20441377],[-79.10571493,-4.20460133],[-79.10571535,-4.20460262],[-79.10584862,-4.20501165],[-79.10591248,-4.20568163],[-79.1059036,-4.20571755],[-79.1058128,-4.20608525],[-79.10581247,-4.20608657],[-79.10574713,-4.20635114],[-79.10518564,-4.20713116],[-79.10518307,-4.20713368],[-79.10490663,-4.20720601],[-79.10481552,-4.20722755],[-79.10481272,-4.20722821],[-79.10460622,-4.20727703],[-79.10378366,-4.20748314],[-79.10303952,-4.2077684],[-79.10242456,-4.20785303],[-79.10193805,-4.20802409],[-79.10109369,-4.20836654],[-79.10070689,-4.20869573],[-79.1004342,-4.20912567],[-79.10028988,-4.2096851],[-79.10027451,-4.21013007],[-79.10035917,-4.21058959],[-79.10051548,-4.21099187],[-79.10087805,-4.2118181],[-79.10123299,-4.21283809],[-79.10157435,-4.21357098],[-79.10220912,-4.21416821],[-79.10247956,-4.21465692],[-79.10272124,-4.21521731],[-79.10304902,-4.21564872],[-79.10323397,-4.21603674],[-79.10349039,-4.21641056],[-79.10371849,-4.21668383],[-79.10378182,-4.21676009],[-79.10383702,-4.21682657],[-79.10416042,-4.21721601],[-79.10490151,-4.21817954],[-79.10534362,-4.21863993],[-79.10582143,-4.2191076],[-79.10620561,-4.21986931],[-79.10664708,-4.22058806],[-79.10690261,-4.2213351],[-79.10713019,-4.22182365],[-79.10735514,-4.22220878],[-79.10745766,-4.2223843],[-79.10769266,-4.22276523],[-79.10803418,-4.22342636],[-79.10837543,-4.22420228],[-79.10858871,-4.22469084],[-79.10863084,-4.22500672],[-79.10863018,-4.22527945],[-79.10845769,-4.22565224],[-79.10802757,-4.22615355],[-79.10795563,-4.22633999],[-79.10753211,-4.22706385],[-79.10724422,-4.22786694],[-79.10701334,-4.22874198],[-79.106924,-4.22906317],[-79.10690896,-4.22911719],[-79.10682584,-4.22941616],[-79.10668882,-4.22991103],[-79.10660031,-4.2310304],[-79.10668365,-4.2320354],[-79.1066811,-4.23308322],[-79.10677952,-4.23377244],[-79.10673891,-4.23577471],[-79.10689283,-4.23715307],[-79.10699154,-4.23771311],[-79.10702545,-4.23848112],[-79.10699586,-4.23857809],[-79.10746877,-4.23864258],[-79.10856842,-4.23857405],[-79.10972128,-4.23850568],[-79.11099846,-4.23834859],[-79.11172599,-4.23817232],[-79.11255966,-4.23808534],[-79.11394286,-4.23810651],[-79.11466963,-4.23823291],[-79.11624766,-4.23834357],[-79.11771967,-4.23829377],[-79.11962666,-4.23804024],[-79.12047864,-4.23772185],[-79.12109907,-4.23783021],[-79.12191383,-4.23824163],[-79.12313599,-4.23869862],[-79.12470915,-4.23920003],[-79.12628225,-4.23973073],[-79.12762814,-4.24025845],[-79.12874478,-4.24049263],[-79.12982594,-4.24074448],[-79.13046436,-4.24074602],[-79.13179388,-4.2409629],[-79.13253819,-4.24117834],[-79.13474493,-4.24165548],[-79.13572005,-4.24174687],[-79.13658908,-4.24173113],[-79.13756426,-4.2418047],[-79.13900131,-4.24155894],[-79.13971092,-4.24145382],[-79.14045569,-4.24135056],[-79.14130868,-4.24121615],[-79.14244586,-4.24110723],[-79.14323692,-4.24104708],[-79.14462708,-4.24108147],[-79.14630746,-4.24120954],[-79.14738216,-4.24138582],[-79.14812327,-4.24154888],[-79.14948785,-4.24195537],[-79.15087132,-4.24221924],[-79.15185942,-4.24244492],[-79.15271175,-4.24259585],[-79.15310702,-4.24267122],[-79.15378042,-4.24272866],[-79.15480568,-4.24291722],[-79.15547262,-4.24308013],[-79.15628811,-4.24313168],[-79.15761008,-4.24328371],[-79.15824657,-4.24325423],[-79.15906189,-4.24338023],[-79.15977802,-4.24365489],[-79.16065439,-4.24410364],[-79.16103695,-4.24432786],[-79.16188963,-4.2443423],[-79.16239629,-4.24434349],[-79.16291565,-4.24420827],[-79.16313816,-4.24418399],[-79.164343,-4.24420545],[-79.16520758,-4.24441845],[-79.16596047,-4.24481724],[-79.16636795,-4.24496708],[-79.16755397,-4.24511876],[-79.16792468,-4.24513206],[-79.16880807,-4.24522722],[-79.17024157,-4.24524303],[-79.17168763,-4.245172],[-79.17240414,-4.24528537],[-79.17297192,-4.24557207],[-79.1741138,-4.24610205],[-79.17494053,-4.24664995],[-79.17607593,-4.24731019],[-79.17679219,-4.24753522],[-79.17776787,-4.24779803],[-79.17821288,-4.24774948],[-79.17882684,-4.2477335],[-79.17930665,-4.24772104],[-79.1804557,-4.24783542],[-79.18158025,-4.24785048],[-79.18259406,-4.24766678],[-79.18342263,-4.24743299],[-79.18527141,-4.24689765],[-79.18634679,-4.24681334],[-79.18768142,-4.24682887],[-79.18833628,-4.24689245],[-79.19007322,-4.24662976],[-79.1910996,-4.24635923],[-79.19195285,-4.24613794],[-79.19285511,-4.24609041],[-79.19354742,-4.24598036],[-79.19417202,-4.24576469],[-79.19544616,-4.24523416],[-79.19694403,-4.24414586],[-79.19761237,-4.24371318],[-79.19836718,-4.24330551],[-79.19923952,-4.24284227],[-79.20068629,-4.24247344],[-79.20166305,-4.2422772],[-79.20239243,-4.24217969],[-79.20291129,-4.24225528],[-79.20334338,-4.24245482],[-79.20400426,-4.24257424],[-79.2048688,-4.24281198],[-79.20565868,-4.24326048],[-79.20653414,-4.24413098],[-79.20687916,-4.24456604],[-79.20717408,-4.24529876],[-79.20737049,-4.24586993],[-79.20751186,-4.24619904],[-79.20779469,-4.24680766],[-79.2081644,-4.24726758],[-79.20855934,-4.24749182],[-79.20922615,-4.24772909],[-79.20990542,-4.24791678],[-79.21044856,-4.24819101],[-79.2110157,-4.24877546],[-79.21131153,-4.24911111],[-79.21173703,-4.24949053],[-79.21215636,-4.24986373],[-79.21263761,-4.2501874],[-79.21326766,-4.25027576],[-79.21371228,-4.25041322],[-79.21413189,-4.25066237],[-79.21466254,-4.25099859],[-79.21515639,-4.25121063],[-79.21577352,-4.25154706],[-79.21637874,-4.25170977],[-79.2172992,-4.25181736],[-79.21843644,-4.25170833],[-79.21949988,-4.25143783],[-79.22065001,-4.25109308],[-79.22150328,-4.25085932],[-79.22244933,-4.25059474],[-79.2231048,-4.25038533],[-79.22408356,-4.25036885],[-79.22440251,-4.25036353],[-79.2245064,-4.25037018],[-79.22495124,-4.2503988],[-79.22540342,-4.25042786],[-79.22611986,-4.25057839],[-79.22665114,-4.25064165],[-79.22682835,-4.25063241],[-79.22744837,-4.25060006],[-79.22798047,-4.2503035],[-79.22832695,-4.25010579],[-79.22898213,-4.25003285],[-79.22995834,-4.25008474],[-79.23095935,-4.25009943],[-79.23152779,-4.25012557],[-79.23189816,-4.25030013],[-79.23236128,-4.25044386],[-79.23270736,-4.25043223],[-79.23330076,-4.25033433],[-79.23390666,-4.25019925],[-79.23433934,-4.2501382],[-79.23504391,-4.25009021],[-79.23620559,-4.25010526],[-79.23694738,-4.24997046],[-79.23815269,-4.24983054],[-79.23915454,-4.24948545],[-79.23950075,-4.24941176],[-79.2399827,-4.24942528],[-79.24042727,-4.24957521],[-79.24104506,-4.24963864],[-79.24181169,-4.24945429],[-79.24218276,-4.24933109],[-79.2430176,-4.24904138],[-79.24401947,-4.24868384],[-79.24472479,-4.24830083],[-79.24535605,-4.24786801],[-79.24585112,-4.24755895],[-79.24629633,-4.2474111],[-79.24738395,-4.24738878],[-79.24816893,-4.24730992],[-79.24879979,-4.24705076],[-79.24929499,-4.24667965],[-79.24972782,-4.24654415],[-79.25054353,-4.24653361],[-79.25129733,-4.24657253],[-79.25180476,-4.24626349],[-79.25220031,-4.24621477],[-79.252412,-4.24619123],[-79.25308707,-4.24620585],[-79.25411991,-4.24622823],[-79.25480555,-4.24630923],[-79.25641433,-4.24644526],[-79.25803623,-4.24662105],[-79.25924351,-4.2464053],[-79.25962614,-4.24633998],[-79.2605233,-4.24620959],[-79.26103745,-4.24631668],[-79.26164308,-4.24679473],[-79.2622229,-4.24702111],[-79.26281657,-4.24695626],[-79.26314672,-4.24675837],[-79.26358229,-4.24661372],[-79.26388562,-4.24662765],[-79.26440627,-4.24676784],[-79.26481428,-4.24715277],[-79.26560462,-4.24761797],[-79.26651433,-4.24776567],[-79.26705551,-4.24758154],[-79.26764952,-4.24737099],[-79.26811116,-4.24734554],[-79.26902749,-4.24749988],[-79.26996387,-4.24752847],[-79.27216608,-4.24770553],[-79.27383432,-4.24779536],[-79.27434851,-4.24787596],[-79.27491482,-4.24826121],[-79.27559956,-4.24875268],[-79.27604764,-4.24891257],[-79.27672035,-4.24890083],[-79.27745957,-4.24861117],[-79.27788231,-4.24830757],[-79.2781859,-4.24820231],[-79.27848915,-4.24824274],[-79.27926052,-4.24834376],[-79.27976207,-4.24818599],[-79.28040976,-4.2475386],[-79.28070027,-4.24739357],[-79.28108279,-4.24738119],[-79.28184771,-4.24740939],[-79.28248087,-4.24737108],[-79.28323365,-4.24693576],[-79.28372866,-4.24674485],[-79.28405847,-4.24670589],[-79.28486285,-4.24680037],[-79.28535015,-4.24710601],[-79.28603536,-4.24739886],[-79.28677397,-4.24740048],[-79.28705135,-4.24721572],[-79.28743408,-4.24711068],[-79.2878297,-4.247138],[-79.28821167,-4.24737718],[-79.28862555,-4.24809978],[-79.28924363,-4.2489221],[-79.28991548,-4.24929435],[-79.29042961,-4.24940141],[-79.29111542,-4.24944267],[-79.29165655,-4.24925849],[-79.29209258,-4.24890195],[-79.29279294,-4.24830764],[-79.29336172,-4.24756737],[-79.29378513,-4.24694597],[-79.2942473,-4.24670867],[-79.2951046,-4.24671056],[-79.29568514,-4.24661913],[-79.29605547,-4.24614326],[-79.29638603,-4.24577321],[-79.29687451,-4.24556244],[-79.29793016,-4.2453397],[-79.29877335,-4.24529867],[-79.29878262,-4.24401809],[-79.29859111,-4.24303728],[-79.29842729,-4.2421983],[-79.29797081,-4.24118418],[-79.29783511,-4.24030892],[-79.29797427,-4.23960312],[-79.29818178,-4.23910471],[-79.29839711,-4.23852186],[-79.29825983,-4.23836807],[-79.2981622,-4.23838339],[-79.29729621,-4.23851943],[-79.29530744,-4.23905231],[-79.29318121,-4.23947742],[-79.29204983,-4.23944421],[-79.28889227,-4.23955238],[-79.28679806,-4.2393328],[-79.28585003,-4.2393614],[-79.28254121,-4.23873239],[-79.28127324,-4.23823837],[-79.28023398,-4.23805184],[-79.27972969,-4.23792792],[-79.27657235,-4.23794392],[-79.27463049,-4.23797029],[-79.27371271,-4.23816779],[-79.27150268,-4.23847752],[-79.2702794,-4.23852084],[-79.26942406,-4.23813515],[-79.2682023,-4.23750308],[-79.26757594,-4.23727142],[-79.26581099,-4.23683001],[-79.26464884,-4.23690414],[-79.26353232,-4.23707047],[-79.26218712,-4.23694466],[-79.26169811,-4.23683614],[-79.25977973,-4.23663992],[-79.25799147,-4.23635958],[-79.25708918,-4.236465],[-79.25597218,-4.23686157],[-79.25405245,-4.237264],[-79.25265872,-4.23709302],[-79.25232733,-4.23707841],[-79.25153584,-4.2365189],[-79.25104307,-4.2358769],[-79.25028305,-4.23502757],[-79.24946085,-4.23436412],[-79.24931654,-4.23426168],[-79.24890572,-4.23397006],[-79.24828824,-4.23384462],[-79.2475467,-4.23394629],[-79.24661917,-4.23431635],[-79.24505254,-4.23503637],[-79.24480047,-4.23517107],[-79.24358872,-4.23581865],[-79.24292897,-4.2361686],[-79.24210491,-4.23633212],[-79.24154025,-4.23635146],[-79.24097225,-4.23637089],[-79.24000445,-4.23634805],[-79.23871755,-4.2362934],[-79.23727651,-4.23610406],[-79.23581505,-4.23585265],[-79.2344158,-4.23539461],[-79.23344936,-4.23477218],[-79.23305937,-4.23421313],[-79.23277283,-4.23344753],[-79.23228048,-4.23261945],[-79.23221125,-4.23242945],[-79.23213723,-4.23222633],[-79.23205547,-4.2319574],[-79.2317162,-4.23173955],[-79.23097532,-4.23155178],[-79.23037828,-4.23148839],[-79.22922493,-4.23156844],[-79.2283392,-4.23169047],[-79.22831283,-4.23169463],[-79.22782421,-4.23177197],[-79.22712361,-4.23197712],[-79.22667035,-4.23207942],[-79.22627919,-4.23203718],[-79.22566194,-4.23180837],[-79.22490062,-4.23155855],[-79.22440721,-4.23120595],[-79.22403684,-4.23108107],[-79.22364592,-4.23093546],[-79.22308022,-4.23067573],[-79.22229979,-4.22976433],[-79.22170428,-4.22903937],[-79.22129421,-4.22825283],[-79.22092542,-4.22744573],[-79.22051633,-4.22624571],[-79.22020939,-4.22539739],[-79.22007685,-4.22480789],[-79.21944126,-4.22360737],[-79.21855827,-4.22253031],[-79.21781899,-4.22163965],[-79.21705901,-4.22081098],[-79.21594852,-4.22016754],[-79.21480709,-4.21953435],[-79.21386203,-4.21860189],[-79.21317224,-4.21796111],[-79.2130812,-4.21787653],[-79.21209378,-4.21744008],[-79.21139476,-4.21698365],[-79.21094228,-4.21673453],[-79.21051037,-4.21650612],[-79.20962558,-4.21623534],[-79.20890553,-4.21594425],[-79.20816523,-4.21550841],[-79.20746623,-4.21503132],[-79.20638625,-4.21456367],[-79.20537805,-4.2142099],[-79.20424631,-4.21387646],[-79.20342364,-4.21344047],[-79.20229213,-4.21300368],[-79.20116055,-4.2125876],[-79.20069658,-4.21242821],[-79.2000701,-4.21221295],[-79.19920609,-4.21185953],[-79.19744671,-4.21132829],[-79.19594493,-4.21072528],[-79.19520452,-4.21035144],[-79.19407283,-4.20999736],[-79.19339392,-4.20972703],[-79.19267379,-4.20949794],[-79.19224156,-4.20941424],[-79.19156286,-4.20906122],[-79.19086348,-4.20874953],[-79.19059605,-4.20864551],[-79.1901228,-4.20847416],[-79.18976279,-4.20834381],[-79.18887801,-4.20807301],[-79.18789036,-4.20776062],[-79.18735507,-4.20773869],[-79.18568761,-4.20754874],[-79.18484352,-4.20748476],[-79.18399957,-4.20735875],[-79.18358806,-4.20723376],[-79.18323873,-4.20692283],[-79.18299328,-4.20621939],[-79.18287125,-4.20555755],[-79.18237847,-4.2049569],[-79.18212154,-4.20475991],[-79.18164971,-4.20399388],[-79.18132155,-4.20343493],[-79.18121976,-4.20293855],[-79.18093196,-4.20273113],[-79.18031479,-4.2024816],[-79.17961506,-4.20233526],[-79.17850327,-4.20229133],[-79.17741183,-4.2023508],[-79.17648523,-4.20234863],[-79.17576529,-4.20203683],[-79.17447966,-4.201486],[-79.17349263,-4.20090487],[-79.17229919,-4.20055062],[-79.17170232,-4.20044583],[-79.17067308,-4.20031938],[-79.1692112,-4.20029528],[-79.16841855,-4.20026242],[-79.1671014,-4.19999056],[-79.1658054,-4.19947069],[-79.16500365,-4.19891063],[-79.16428364,-4.1986402],[-79.16333662,-4.19855529],[-79.16230692,-4.19863554],[-79.16129818,-4.19855048],[-79.16043342,-4.19854844],[-79.15977448,-4.19856755],[-79.15950916,-4.19844063],[-79.15938368,-4.19838058],[-79.15880736,-4.19829654],[-79.15790133,-4.19831504],[-79.15720085,-4.19847877],[-79.1565828,-4.19862203],[-79.15610869,-4.19884832],[-79.15544927,-4.19907416],[-79.15450169,-4.19925797],[-79.15402782,-4.19938086],[-79.15381169,-4.19934935],[-79.1528437,-4.19945043],[-79.15193749,-4.19955165],[-79.15111388,-4.19954968],[-79.15018711,-4.19963018],[-79.14932238,-4.19960744],[-79.14823109,-4.19960485],[-79.14742787,-4.19968564],[-79.1467479,-4.19989075],[-79.14602715,-4.19993039],[-79.14494599,-4.20000018],[-79.14354576,-4.20003822],[-79.14294868,-4.20001609],[-79.1420011,-4.2001999],[-79.14078657,-4.20007295],[-79.13986001,-4.20007074],[-79.13874893,-4.19973734],[-79.13804999,-4.1992602],[-79.13731969,-4.19897936],[-79.13633163,-4.19887365],[-79.13587845,-4.19895525],[-79.13513661,-4.19920156],[-79.13388102,-4.19903317],[-79.13305795,-4.19880378],[-79.13196718,-4.19859445],[-79.1309181,-4.19815782],[-79.12980752,-4.19761768],[-79.12954083,-4.19720357],[-79.12897564,-4.19675777],[-79.12786499,-4.19625896],[-79.1271865,-4.19584388],[-79.12617833,-4.19553138],[-79.12558109,-4.19559196],[-79.12471676,-4.19540384],[-79.12440811,-4.19532039],[-79.12327624,-4.19509027],[-79.12239088,-4.1950675],[-79.12154603,-4.19535486]]]]},"geometry_name":"geom","properties":{"id":13,"fid":13,"objectid":13,"dpa_parroq":"110158","dpa_despar":"SAN PEDRO DE VILCABAMBA","dpa_valor":0,"dpa_anio":"2009","dpa_canton":"1101","dpa_provin":"11","dpa_despro":"LOJA","dpa_descan":"LOJA","regional":"Sur","areas":6781.795792030439,"shape_length":52293.98870089125,"shape_area":6.781795792030439E7}},{"type":"Feature","id":"limites_parroquiales.14","geometry":{"type":"MultiPolygon","coordinates":[[[[-79.12778824,-4.28967538],[-79.12712019,-4.28997997],[-79.1265866,-4.28990209],[-79.12601527,-4.28965187],[-79.12508097,-4.28970704],[-79.12424139,-4.28999203],[-79.1233634,-4.29041093],[-79.12197067,-4.29082855],[-79.12097933,-4.2908261],[-79.11992044,-4.29115845],[-79.11866099,-4.2916338],[-79.11745843,-4.29224327],[-79.11614072,-4.29315865],[-79.11518556,-4.29394099],[-79.11379179,-4.29477964],[-79.11249336,-4.29559937],[-79.11196051,-4.29613167],[-79.11209573,-4.29628964],[-79.11220172,-4.29679946],[-79.11254203,-4.29796297],[-79.11303996,-4.29898334],[-79.11335269,-4.2997305],[-79.11367289,-4.3003557],[-79.11415625,-4.30149085],[-79.11474048,-4.30231048],[-79.11523959,-4.30285716],[-79.11575328,-4.30328906],[-79.11657399,-4.30388677],[-79.11708806,-4.30416079],[-79.11770209,-4.30449244],[-79.11808768,-4.30467999],[-79.11888609,-4.30562931],[-79.11937104,-4.30611857],[-79.11974133,-4.30672233],[-79.12018313,-4.30732632],[-79.12047557,-4.30760691],[-79.12064606,-4.30805232],[-79.12071614,-4.30862666],[-79.12064324,-4.30920063],[-79.12047039,-4.30971696],[-79.12021189,-4.31017564],[-79.11981021,-4.31070576],[-79.11953759,-4.31109261],[-79.11895626,-4.31200267],[-79.11871211,-4.31243268],[-79.11829562,-4.31316371],[-79.11782196,-4.31390892],[-79.11754951,-4.31422402],[-79.11733435,-4.31449623],[-79.11465607,-4.31728811],[-79.11339841,-4.31907529],[-79.11271977,-4.32062199],[-79.11242793,-4.32168575],[-79.11223321,-4.32245949],[-79.11228329,-4.32309557],[-79.11221859,-4.32419449],[-79.11211197,-4.32554214],[-79.11184089,-4.3265576],[-79.11171479,-4.32742824],[-79.11144444,-4.32815336],[-79.11063582,-4.32933338],[-79.10980653,-4.33053406],[-79.10910098,-4.331818],[-79.10880973,-4.33264678],[-79.108725,-4.33347605],[-79.10898045,-4.33418528],[-79.10897762,-4.33428382],[-79.10920473,-4.33495901],[-79.10953249,-4.33541916],[-79.10977447,-4.33586477],[-79.11015929,-4.33636809],[-79.11032995,-4.33674174],[-79.11040122,-4.33684239],[-79.11067811,-4.33713225],[-79.11121299,-4.33767186],[-79.11202119,-4.33851121],[-79.11288911,-4.33930283],[-79.11366196,-4.3399866],[-79.11390558,-4.34025634],[-79.11423805,-4.34073562],[-79.11443828,-4.34124176],[-79.11447488,-4.34133428],[-79.114449,-4.34215959],[-79.11435105,-4.34321197],[-79.11428447,-4.34363642],[-79.11415195,-4.34421026],[-79.11382803,-4.34509459],[-79.11348085,-4.34573966],[-79.11312213,-4.34624115],[-79.1125898,-4.34707114],[-79.11213426,-4.3481585],[-79.11179772,-4.34931795],[-79.11162194,-4.35051965],[-79.1115347,-4.35206247],[-79.11134637,-4.35351533],[-79.11124985,-4.35399353],[-79.11112865,-4.35480664],[-79.11109097,-4.35558405],[-79.11092294,-4.35606208],[-79.11014027,-4.35692731],[-79.10954286,-4.35755978],[-79.10906422,-4.35835999],[-79.1084423,-4.35981323],[-79.10831507,-4.3601105],[-79.1077992,-4.36149673],[-79.10749079,-4.36330813],[-79.10742753,-4.36477923],[-79.10750875,-4.36565263],[-79.10788189,-4.3665447],[-79.10852182,-4.36796974],[-79.10927384,-4.36983165],[-79.10992501,-4.37153184],[-79.11049915,-4.37305839],[-79.1105695,-4.37351311],[-79.1109846,-4.3743036],[-79.11109057,-4.37481824],[-79.11099886,-4.37489518],[-79.11068286,-4.37509452],[-79.1103725,-4.3757593],[-79.10982865,-4.37649456],[-79.1096934,-4.37679857],[-79.10967533,-4.37694099],[-79.10967012,-4.37698201],[-79.10953184,-4.3780717],[-79.10902464,-4.37953428],[-79.10870892,-4.3800674],[-79.10900445,-4.38015201],[-79.10905845,-4.38016747],[-79.10930659,-4.38068194],[-79.10950729,-4.38089556],[-79.1098109,-4.38155937],[-79.11066776,-4.38248624],[-79.11075096,-4.38268636],[-79.11079111,-4.38278291],[-79.1109481,-4.38316047],[-79.11099848,-4.38318102],[-79.11100095,-4.38318203],[-79.11204145,-4.38360646],[-79.11214143,-4.38379099],[-79.11212745,-4.38391623],[-79.11208991,-4.38425262],[-79.11243856,-4.38567424],[-79.11262781,-4.38596911],[-79.11266118,-4.3860211],[-79.1131519,-4.38646377],[-79.11407514,-4.38764678],[-79.1140592,-4.38783688],[-79.11405861,-4.38784393],[-79.11386566,-4.38834654],[-79.11378931,-4.38890147],[-79.11372519,-4.38936755],[-79.11347125,-4.39015698],[-79.11324363,-4.39058263],[-79.11302141,-4.39090034],[-79.11301532,-4.39090634],[-79.11259696,-4.39131861],[-79.11212126,-4.39178741],[-79.11181833,-4.39217734],[-79.11145193,-4.39284117],[-79.1109859,-4.39310473],[-79.11080034,-4.39314856],[-79.11055794,-4.39320582],[-79.11042568,-4.39346616],[-79.11058555,-4.39371148],[-79.11060345,-4.39373895],[-79.11112449,-4.39427066],[-79.11149033,-4.39447539],[-79.11162806,-4.39461824],[-79.11199069,-4.39531619],[-79.11203139,-4.39557326],[-79.11200749,-4.39626696],[-79.11200779,-4.39633345],[-79.11200458,-4.39635164],[-79.11200457,-4.39635178],[-79.11200453,-4.39635188],[-79.11181103,-4.39686903],[-79.11186732,-4.39708915],[-79.11186255,-4.3971923],[-79.11185469,-4.39736199],[-79.1118355,-4.39777625],[-79.11178182,-4.39788778],[-79.11177584,-4.39790022],[-79.11135339,-4.39877803],[-79.11124509,-4.39939423],[-79.11132954,-4.39962962],[-79.11137709,-4.39969726],[-79.11150834,-4.39988397],[-79.11163571,-4.40038683],[-79.11136406,-4.40101427],[-79.11120397,-4.40116289],[-79.1111191,-4.40124169],[-79.11101453,-4.40145101],[-79.11104594,-4.40206903],[-79.11105315,-4.4022108],[-79.11101172,-4.40230416],[-79.11083997,-4.40269128],[-79.11071288,-4.40333075],[-79.11055544,-4.40371391],[-79.11063324,-4.40379711],[-79.11088887,-4.40364763],[-79.11091544,-4.40363209],[-79.11101697,-4.40373633],[-79.11097699,-4.40438703],[-79.11097136,-4.40447859],[-79.11094172,-4.40496094],[-79.11111761,-4.40521542],[-79.1112853,-4.40545803],[-79.11139166,-4.40582657],[-79.111345,-4.40637128],[-79.11133449,-4.40649407],[-79.11149201,-4.40704132],[-79.11155331,-4.40715635],[-79.11169294,-4.40741833],[-79.11210757,-4.40806632],[-79.1124925,-4.40849262],[-79.11269753,-4.40883086],[-79.11271247,-4.40885549],[-79.11310262,-4.40914313],[-79.11354096,-4.40946629],[-79.1136399,-4.40963264],[-79.11459103,-4.41069078],[-79.11528853,-4.41137529],[-79.11590975,-4.41212074],[-79.11628972,-4.41291078],[-79.11636958,-4.41312571],[-79.11639466,-4.41319323],[-79.11661614,-4.41378929],[-79.11662023,-4.41383146],[-79.11667555,-4.41440128],[-79.11663845,-4.41493949],[-79.116458,-4.41560886],[-79.11630141,-4.41626635],[-79.11625852,-4.41673872],[-79.11622029,-4.41771946],[-79.11631037,-4.41814486],[-79.11634533,-4.41830998],[-79.1164205,-4.41866495],[-79.11674957,-4.42008623],[-79.11676827,-4.420167],[-79.11709942,-4.42117263],[-79.11739537,-4.42196285],[-79.11820756,-4.42360964],[-79.1188963,-4.42459223],[-79.11960912,-4.42547919],[-79.12002521,-4.42582105],[-79.12044161,-4.42616314],[-79.12112001,-4.4265237],[-79.12179901,-4.42663308],[-79.1229962,-4.42684546],[-79.12435467,-4.42689675],[-79.12634441,-4.42710511],[-79.12764917,-4.42719816],[-79.12793504,-4.42724674],[-79.12874486,-4.42747603],[-79.12998314,-4.42794569],[-79.13104247,-4.42847466],[-79.13244061,-4.4293454],[-79.13327358,-4.42984992],[-79.1343569,-4.4303311],[-79.1349406,-4.43044025],[-79.13559594,-4.43048977],[-79.13642965,-4.43070715],[-79.13731681,-4.43099049],[-79.1380552,-4.43119571],[-79.13926961,-4.43166527],[-79.14056708,-4.4323025],[-79.14155457,-4.43297487],[-79.14210739,-4.4335205],[-79.1425468,-4.43414363],[-79.14311665,-4.43503024],[-79.1433825,-4.43553913],[-79.14408333,-4.43688076],[-79.14460371,-4.43848493],[-79.14509414,-4.44015482],[-79.14519973,-4.44082496],[-79.14531554,-4.44217692],[-79.14518696,-4.44354622],[-79.14512644,-4.44391688],[-79.14498147,-4.444706],[-79.14497995,-4.44531605],[-79.1462921,-4.44718813],[-79.14631425,-4.44719485],[-79.14776245,-4.44856193],[-79.14780083,-4.44857146],[-79.1479273,-4.44860286],[-79.14802767,-4.44856007],[-79.14799309,-4.4484624],[-79.1481719,-4.44853582],[-79.14892206,-4.44881283],[-79.15132156,-4.44961432],[-79.15216693,-4.44993942],[-79.15417926,-4.45068611],[-79.15616456,-4.45170327],[-79.15620872,-4.45172589],[-79.1564943,-4.45190603],[-79.15732681,-4.45261387],[-79.15825374,-4.45370472],[-79.15888277,-4.45475895],[-79.15909028,-4.45518411],[-79.15923253,-4.45549547],[-79.15950478,-4.45624977],[-79.15951505,-4.45690767],[-79.15951674,-4.45862421],[-79.15933744,-4.45883907],[-79.1594678,-4.45913844],[-79.16007352,-4.45998924],[-79.16154017,-4.4621042],[-79.16241885,-4.46343417],[-79.16356387,-4.46548849],[-79.16402578,-4.46666191],[-79.16499172,-4.46882347],[-79.16548995,-4.46978168],[-79.16655105,-4.47203914],[-79.16700095,-4.47324842],[-79.16765298,-4.47466156],[-79.16816073,-4.47526073],[-79.16828282,-4.47540477],[-79.16869945,-4.4756092],[-79.16911668,-4.47558629],[-79.16953432,-4.47538399],[-79.16980903,-4.47515739],[-79.17033535,-4.47439316],[-79.17067018,-4.47393943],[-79.1710402,-4.47372504],[-79.17155871,-4.47370839],[-79.17207124,-4.47369771],[-79.17296497,-4.47375977],[-79.17363178,-4.47401262],[-79.17450114,-4.47430186],[-79.17522721,-4.47469844],[-79.17571488,-4.47509439],[-79.175869,-4.47542971],[-79.17613502,-4.47629761],[-79.17619344,-4.47677623],[-79.17635809,-4.4776738],[-79.17756273,-4.47974026],[-79.17864274,-4.48159702],[-79.17935563,-4.48250793],[-79.18049165,-4.48340193],[-79.18123007,-4.48363104],[-79.18194521,-4.48363282],[-79.18255303,-4.4836463],[-79.18301833,-4.48345606],[-79.18345995,-4.48320597],[-79.18375852,-4.48296747],[-79.18459511,-4.48204847],[-79.18500744,-4.48158895],[-79.18527064,-4.48118291],[-79.18590536,-4.47996435],[-79.18651563,-4.47898498],[-79.18676153,-4.47834561],[-79.18691728,-4.47802301],[-79.18708611,-4.47723396],[-79.18729015,-4.4766483],[-79.1875538,-4.47606283],[-79.18824187,-4.47495803],[-79.18851697,-4.47455202],[-79.18907774,-4.47431416],[-79.18954265,-4.47427941],[-79.19015004,-4.47447233],[-79.19126847,-4.47526458],[-79.19311733,-4.47710532],[-79.19380657,-4.47794436],[-79.19467452,-4.47881975],[-79.19580873,-4.48046733],[-79.19590342,-4.48074271],[-79.19657891,-4.48232335],[-79.1971412,-4.48389777],[-79.19724754,-4.48428082],[-79.19738881,-4.48498694],[-79.19756781,-4.48733793],[-79.19757725,-4.48835474],[-79.19789938,-4.49064627],[-79.19789777,-4.49130419],[-79.19813415,-4.49213016],[-79.19829984,-4.49260905],[-79.19853737,-4.49295654],[-79.19885858,-4.49319657],[-79.19928738,-4.49331725],[-79.19959714,-4.49337783],[-79.20014541,-4.49337917],[-79.20049104,-4.49340394],[-79.20091983,-4.49351266],[-79.2013842,-4.49370522],[-79.20179454,-4.49405912],[-79.20221011,-4.49471805],[-79.20267203,-4.49591539],[-79.20306732,-4.49754923],[-79.2034917,-4.49947618],[-79.20391127,-4.50093061],[-79.20409946,-4.50195982],[-79.20439517,-4.50288164],[-79.2047983,-4.50375585],[-79.20500612,-4.50407338],[-79.20552867,-4.50485221],[-79.20596833,-4.50540353],[-79.20650375,-4.50579962],[-79.20774129,-4.50664004],[-79.20810364,-4.5071254],[-79.20835257,-4.50768821],[-79.20856512,-4.50850216],[-79.20871712,-4.50971072],[-79.20883356,-4.51083545],[-79.20914361,-4.51077643],[-79.20966253,-4.51060425],[-79.21143983,-4.51008228],[-79.2121917,-4.50968938],[-79.21296741,-4.50930849],[-79.2142146,-4.50865963],[-79.21654245,-4.50719398],[-79.21818431,-4.50600776],[-79.21912799,-4.50516077],[-79.21977303,-4.50458817],[-79.22021466,-4.50433802],[-79.22044147,-4.50419505],[-79.22054915,-4.50403982],[-79.22064543,-4.50364529],[-79.22081992,-4.50296982],[-79.22078651,-4.50200081],[-79.22042704,-4.50033121],[-79.22016737,-4.49926592],[-79.21991977,-4.49815283],[-79.21997607,-4.49705842],[-79.22009651,-4.49654434],[-79.22056304,-4.49585165],[-79.22135176,-4.49500425],[-79.22262945,-4.4940504],[-79.22299365,-4.49378215],[-79.22363824,-4.49338895],[-79.22529724,-4.49247191],[-79.22678843,-4.49194919],[-79.22726523,-4.49192642],[-79.22792715,-4.49176654],[-79.22911994,-4.49141058],[-79.23203671,-4.49038289],[-79.23300293,-4.49006227],[-79.23659999,-4.48865341],[-79.23841404,-4.48768886],[-79.24093836,-4.48627741],[-79.24239434,-4.4855153],[-79.24445865,-4.48456329],[-79.24586049,-4.48402235],[-79.24676733,-4.48360585],[-79.24834206,-4.48302345],[-79.24966584,-4.4827156],[-79.25020232,-4.48266904],[-79.25094131,-4.48267081],[-79.25184706,-4.48272082],[-79.25241621,-4.48291277],[-79.25310054,-4.48311427],[-79.2551796,-4.4839877],[-79.25612246,-4.48447802],[-79.25700799,-4.4850113],[-79.25787863,-4.48580289],[-79.25896315,-4.48686773],[-79.26006981,-4.48765272],[-79.26056983,-4.48789797],[-79.26157086,-4.48798646],[-79.26254382,-4.48784522],[-79.26330276,-4.48748817],[-79.26404819,-4.48678654],[-79.26567594,-4.48496014],[-79.26647915,-4.4840146],[-79.26853762,-4.48148583],[-79.26889622,-4.48105601],[-79.26967125,-4.47992378],[-79.27065555,-4.47799537],[-79.2709863,-4.47723531],[-79.27141823,-4.47603051],[-79.27151429,-4.47471726],[-79.27155831,-4.47424363],[-79.27150815,-4.47357875],[-79.27117407,-4.47341011],[-79.27044526,-4.47312131],[-79.26941699,-4.47247289],[-79.26888301,-4.47144524],[-79.26861226,-4.47101396],[-79.26838534,-4.47019516],[-79.26775406,-4.46797579],[-79.26746999,-4.4671282],[-79.26704335,-4.46607925],[-79.26620955,-4.46484994],[-79.26591052,-4.46427506],[-79.26532582,-4.46354155],[-79.26479851,-4.46273641],[-79.26400759,-4.46149281],[-79.26363702,-4.46094649],[-79.26315224,-4.46029933],[-79.26275362,-4.45950886],[-79.26167681,-4.45820718],[-79.26143446,-4.45786209],[-79.26106403,-4.45725831],[-79.26069433,-4.45633872],[-79.26004724,-4.45476531],[-79.25991961,-4.45429129],[-79.25979295,-4.45341531],[-79.25938073,-4.45232341],[-79.2588471,-4.45116654],[-79.25843415,-4.45039038],[-79.2576925,-4.44949862],[-79.25682204,-4.4486496],[-79.25596532,-4.44804467],[-79.2546086,-4.44718017],[-79.25380893,-4.44663276],[-79.25288077,-4.44599895],[-79.25198492,-4.44536494],[-79.25149748,-4.44483744],[-79.25052214,-4.44399775],[-79.2491489,-4.44256496],[-79.24874478,-4.44209748],[-79.24772269,-4.44085095],[-79.24655259,-4.43921529],[-79.24626753,-4.43879594],[-79.24563884,-4.43752641],[-79.24488596,-4.43585588],[-79.24448299,-4.43488596],[-79.24404508,-4.43359301],[-79.24376752,-4.43252169],[-79.24375603,-4.43234222],[-79.24370943,-4.43187557],[-79.24382952,-4.43150502],[-79.24396123,-4.43124217],[-79.24411671,-4.43101524],[-79.24453481,-4.4306095],[-79.24577175,-4.42917096],[-79.24593956,-4.42878857],[-79.24623946,-4.42793995],[-79.24632394,-4.42749755],[-79.24620561,-4.42713839],[-79.24581362,-4.42657522],[-79.24520123,-4.42598164],[-79.24451097,-4.42554935],[-79.24380872,-4.4251649],[-79.2430828,-4.42469661],[-79.2425476,-4.42421685],[-79.24215539,-4.42374939],[-79.2419063,-4.42323443],[-79.2416275,-4.42270142],[-79.2416042,-4.42247408],[-79.24146237,-4.42197134],[-79.24135549,-4.42180359],[-79.24123687,-4.42156405],[-79.24116579,-4.42138447],[-79.24108278,-4.42120482],[-79.24097588,-4.42104906],[-79.24083344,-4.42079753],[-79.24077449,-4.4205342],[-79.24078672,-4.42040264],[-79.24083485,-4.4201994],[-79.2409663,-4.42005617],[-79.24106196,-4.4199248],[-79.24109804,-4.41978133],[-79.24114035,-4.41953624],[-79.24115252,-4.41942858],[-79.24118905,-4.41908175],[-79.24122544,-4.41881867],[-79.24120222,-4.41855546],[-79.24117883,-4.41836397],[-79.24116769,-4.41804097],[-79.24120391,-4.41783767],[-79.24126389,-4.41768232],[-79.24125284,-4.41731148],[-79.24122997,-4.41689275],[-79.24143968,-4.41642068],[-79.24146392,-4.4162533],[-79.24199049,-4.41532148],[-79.24240867,-4.41487985],[-79.2428269,-4.41440235],[-79.24316194,-4.41384092],[-79.24330583,-4.41348237],[-79.24343181,-4.41311782],[-79.24369511,-4.4126519],[-79.24404151,-4.41232975],[-79.24447142,-4.41195992],[-79.24473427,-4.41168541],[-79.24483023,-4.4114105],[-79.24486663,-4.41113545],[-79.24493898,-4.41078872],[-79.24501112,-4.41051376],[-79.2450711,-4.41034639],[-79.24525039,-4.41013152],[-79.24550138,-4.40982107],[-79.24569834,-4.40969593],[-79.24598511,-4.40939757],[-79.24661816,-4.40878896],[-79.24717986,-4.40812039],[-79.24758598,-4.40775053],[-79.24783735,-4.40727261],[-79.24780866,-4.40680006],[-79.24782221,-4.40610627],[-79.24799085,-4.40534103],[-79.2480868,-4.40507808],[-79.24814749,-4.40459973],[-79.24808914,-4.40408521],[-79.24797701,-4.40361243],[-79.24790654,-4.40316965],[-79.24795669,-4.40210511],[-79.24807818,-4.40112445],[-79.24816919,-4.40042488],[-79.24808622,-4.40023329],[-79.24771719,-4.40004103],[-79.24750312,-4.39984911],[-79.24721784,-4.39953742],[-79.24703905,-4.399537],[-79.24693183,-4.39952478],[-79.24682468,-4.39947666],[-79.24677714,-4.39941677],[-79.24674154,-4.39935686],[-79.2466822,-4.39924906],[-79.24661089,-4.39916514],[-79.24650376,-4.39910508],[-79.24636081,-4.39908083],[-79.24622974,-4.39905661],[-79.24613463,-4.39896068],[-79.24612304,-4.39882904],[-79.24602828,-4.39857764],[-79.24584982,-4.39844563],[-79.2457248,-4.39839148],[-79.24546264,-4.39837892],[-79.2452244,-4.39834245],[-79.24502204,-4.3982104],[-79.24492703,-4.39807858],[-79.24495107,-4.39798293],[-79.24491668,-4.39740867],[-79.24477416,-4.39719304],[-79.24458371,-4.39709687],[-79.24434577,-4.39691684],[-79.24416738,-4.39676092],[-79.24397679,-4.39671262],[-79.24359551,-4.39667585],[-79.24329807,-4.39645981],[-79.24314402,-4.39607664],[-79.2430082,-4.39555596],[-79.24296117,-4.39528073],[-79.24273597,-4.39474187],[-79.24268949,-4.39423935],[-79.24254775,-4.3937007],[-79.24223903,-4.39320954],[-79.24189383,-4.39302929],[-79.24163193,-4.39289706],[-79.24147734,-4.39275315],[-79.24134121,-4.39236405],[-79.24094855,-4.39209997],[-79.24033007,-4.39156016],[-79.24004509,-4.39111691],[-79.23948617,-4.39060119],[-79.23889115,-4.39022896],[-79.23856956,-4.39014446],[-79.23810528,-4.38992804],[-79.23766506,-4.38960402],[-79.23704622,-4.38923173],[-79.2364687,-4.38904496],[-79.23624243,-4.38896069],[-79.23602831,-4.38879269],[-79.23587401,-4.38851717],[-79.23574375,-4.38815802],[-79.23574445,-4.38785894],[-79.23553137,-4.38724837],[-79.2353534,-4.38691301],[-79.23505658,-4.38643381],[-79.2345694,-4.38581061],[-79.23437324,-4.38560081],[-79.23393366,-4.38502557],[-79.23354183,-4.3844026],[-79.23338812,-4.38388785],[-79.23337688,-4.38360073],[-79.23324633,-4.38337312],[-79.23271147,-4.38276179],[-79.23230161,-4.38220457],[-79.23202852,-4.38177329],[-79.2319098,-4.3815816],[-79.23195821,-4.38125872],[-79.23201809,-4.38113925],[-79.23217379,-4.38080468],[-79.23216261,-4.38049362],[-79.23210371,-4.38020638],[-79.23186573,-4.38003833],[-79.23153214,-4.38000166],[-79.23124612,-4.38000098],[-79.23109144,-4.37989296],[-79.23102023,-4.37977316],[-79.23096099,-4.37961752],[-79.23089013,-4.37935416],[-79.23088478,-4.379085],[-79.23092133,-4.37873819],[-79.23087463,-4.37833137],[-79.23070853,-4.37801995],[-79.2305302,-4.37782816],[-79.23012552,-4.37759986],[-79.22980496,-4.37709671],[-79.22956789,-4.37654586],[-79.22949155,-4.37621858],[-79.22938503,-4.37576192],[-79.22913742,-4.3746249],[-79.22887728,-4.37375105],[-79.22869949,-4.37333194],[-79.22836129,-4.37271509],[-79.22782714,-4.37181664],[-79.22724701,-4.37020032],[-79.22683776,-4.36937995],[-79.22664822,-4.36890102],[-79.22598326,-4.36787069],[-79.2251154,-4.36697146],[-79.22419379,-4.36612593],[-79.22361152,-4.36543072],[-79.22308956,-4.36440075],[-79.22288864,-4.36368251],[-79.22285412,-4.36315609],[-79.22284919,-4.36271948],[-79.2229221,-4.36212151],[-79.22306644,-4.36155964],[-79.22325744,-4.36141654],[-79.22348378,-4.36145296],[-79.22387691,-4.36151372],[-79.22449654,-4.36153908],[-79.22503326,-4.36134898],[-79.22558242,-4.36093158],[-79.22595287,-4.36050183],[-79.22618047,-4.35999995],[-79.22632467,-4.35949786],[-79.22640363,-4.35885805],[-79.22635731,-4.35828377],[-79.22629864,-4.35788886],[-79.22620467,-4.35730246],[-79.22622391,-4.35672235],[-79.22618969,-4.35606435],[-79.22625037,-4.3556099],[-79.2263105,-4.35537081],[-79.22638249,-4.35515567],[-79.22641886,-4.35489258],[-79.22638358,-4.35468912],[-79.22631288,-4.354354],[-79.2262419,-4.35412656],[-79.22615908,-4.35387518],[-79.22615407,-4.35346247],[-79.22621439,-4.35315157],[-79.22628634,-4.35296033],[-79.22640569,-4.35288883],[-79.22647737,-4.3528053],[-79.22653732,-4.35264992],[-79.22656154,-4.35248249],[-79.22656209,-4.35224327],[-79.22650415,-4.35156127],[-79.22647721,-4.35032308],[-79.22646712,-4.3495455],[-79.22636126,-4.34894715],[-79.22635289,-4.34892693],[-79.226148,-4.34843225],[-79.22597044,-4.34790551],[-79.22600128,-4.34745698],[-79.22610908,-4.34721799],[-79.22620588,-4.34659621],[-79.22621908,-4.34604596],[-79.22619723,-4.34519658],[-79.22616979,-4.34419767],[-79.226242,-4.34388679],[-79.22639753,-4.34362399],[-79.22681597,-4.3430508],[-79.22698382,-4.3426325],[-79.22704433,-4.34222592],[-79.22699779,-4.34173536],[-79.22690324,-4.3414002],[-79.22669562,-4.34099895],[-79.22632791,-4.3402684],[-79.22626375,-4.34005551],[-79.22611508,-4.33956211],[-79.22616414,-4.33895216],[-79.22626073,-4.33841408],[-79.22626176,-4.3379715],[-79.22609569,-4.3376481],[-79.22576268,-4.3373602],[-79.22551282,-4.33719216],[-79.22531078,-4.33695244],[-79.22520424,-4.33665313],[-79.22534531,-4.33616358],[-79.22549034,-4.33591693],[-79.22558381,-4.33552635],[-79.22561117,-4.33520581],[-79.22561256,-4.33461249],[-79.22523253,-4.33405653],[-79.22479467,-4.33374925],[-79.22399563,-4.33300093],[-79.22334853,-4.33250179],[-79.22291087,-4.33211796],[-79.22214973,-4.33146542],[-79.22149272,-4.33112892],[-79.22118803,-4.33095594],[-79.22090289,-4.33059163],[-79.22089853,-4.33052802],[-79.22086601,-4.33005564],[-79.22079136,-4.32936644],[-79.2209643,-4.32879263],[-79.22144284,-4.32798991],[-79.22180805,-4.32672755],[-79.22221972,-4.32597246],[-79.22264064,-4.32536102],[-79.22298454,-4.32505559],[-79.22315768,-4.32438608],[-79.22333211,-4.32318069],[-79.22335415,-4.32189839],[-79.22294596,-4.32116053],[-79.22260413,-4.32056643],[-79.22201516,-4.31966548],[-79.22155876,-4.31914762],[-79.22096945,-4.31839979],[-79.22022796,-4.3174985],[-79.21996246,-4.31688539],[-79.21970669,-4.3161862],[-79.21965066,-4.31568842],[-79.21942386,-4.31482659],[-79.21940739,-4.31371647],[-79.21954367,-4.312511],[-79.21938543,-4.31085503],[-79.21925274,-4.31052936],[-79.21898782,-4.30966744],[-79.21860805,-4.30899665],[-79.21838103,-4.30823055],[-79.21819167,-4.30767503],[-79.21819322,-4.30700517],[-79.21813742,-4.3064117],[-79.2179578,-4.30575098],[-79.21784503,-4.30506167],[-79.21771472,-4.30370243],[-79.21739345,-4.30247676],[-79.21709049,-4.30157647],[-79.2168628,-4.30109747],[-79.21642634,-4.30021601],[-79.21602711,-4.29971744],[-79.21595171,-4.29935646],[-79.21593957,-4.29935722],[-79.21558002,-4.29937893],[-79.21487478,-4.29928159],[-79.21424662,-4.29885904],[-79.21386667,-4.29826482],[-79.21370522,-4.29800605],[-79.2133826,-4.29735455],[-79.21296512,-4.29651142],[-79.2125668,-4.29564922],[-79.2117307,-4.2944223],[-79.21081823,-4.2932718],[-79.21013321,-4.292696],[-79.2096364,-4.29254696],[-79.20961878,-4.29254168],[-79.20872281,-4.29250128],[-79.20697742,-4.29287044],[-79.20650063,-4.29294584],[-79.20592808,-4.29319333],[-79.20468738,-4.29380286],[-79.2034083,-4.29452716],[-79.20260607,-4.29515689],[-79.20178457,-4.2958631],[-79.20086778,-4.29656911],[-79.19997056,-4.29704547],[-79.19893091,-4.29728224],[-79.19807292,-4.2973185],[-79.19708173,-4.29722046],[-79.19612919,-4.29691198],[-79.19511869,-4.29690957],[-79.19384148,-4.29683],[-79.19269657,-4.29724835],[-79.19131293,-4.29782882],[-79.19053083,-4.29799922],[-79.18972982,-4.29811215],[-79.18929111,-4.29820681],[-79.18889115,-4.29803358],[-79.1884533,-4.29774548],[-79.18753873,-4.29749447],[-79.18628091,-4.29728095],[-79.18553764,-4.29716435],[-79.18352797,-4.2964227],[-79.18263282,-4.29603776],[-79.18177599,-4.29555725],[-79.1807859,-4.29499984],[-79.18011963,-4.29457718],[-79.17945256,-4.2944799],[-79.17798264,-4.29528023],[-79.17706595,-4.29592878],[-79.17645477,-4.29638664],[-79.17570123,-4.29658585],[-79.17491925,-4.29669878],[-79.17388987,-4.2966389],[-79.17326096,-4.29654171],[-79.17242189,-4.29661624],[-79.1720028,-4.29648127],[-79.17154588,-4.29619309],[-79.17124118,-4.29605836],[-79.17080271,-4.2960382],[-79.16994519,-4.29586388],[-79.16889779,-4.29536372],[-79.16789781,-4.29496899],[-79.1676506,-4.29470044],[-79.16685065,-4.29435402],[-79.16593582,-4.29423697],[-79.1646781,-4.29398514],[-79.16355354,-4.2938676],[-79.1628486,-4.29367454],[-79.16183865,-4.29346153],[-79.16120979,-4.2933452],[-79.16037143,-4.29313265],[-79.15975256,-4.29281535],[-79.15912425,-4.29246934],[-79.15855257,-4.29235313],[-79.15786595,-4.2924663],[-79.15702651,-4.29269393],[-79.1559775,-4.2928828],[-79.15511896,-4.29314867],[-79.15431715,-4.29358694],[-79.15362927,-4.29421685],[-79.15311427,-4.29433045],[-79.15256183,-4.29413771],[-79.15169501,-4.29387725],[-79.15081856,-4.29364544],[-79.14992301,-4.29343274],[-79.14908439,-4.293335],[-79.14815044,-4.29323703],[-79.14717781,-4.29336865],[-79.14645286,-4.29355828],[-79.14549923,-4.29372821],[-79.14494672,-4.29355462],[-79.14377529,-4.29312114],[-79.14303217,-4.2929471],[-79.14246104,-4.2926012],[-79.14194719,-4.29223633],[-79.14164269,-4.29202504],[-79.14072906,-4.29141037],[-79.140139,-4.291007],[-79.13924337,-4.29083258],[-79.13714688,-4.29055953],[-79.13586074,-4.29025972],[-79.13504111,-4.29020032],[-79.13393572,-4.29004452],[-79.13248749,-4.28975387],[-79.13136347,-4.28942578],[-79.13027717,-4.28927],[-79.12911404,-4.28934371],[-79.12807448,-4.28956124],[-79.12778824,-4.28967538]]]]},"geometry_name":"geom","properties":{"id":14,"fid":14,"objectid":14,"dpa_parroq":"110162","dpa_despar":"YANGANA","dpa_valor":0,"dpa_anio":"2009","dpa_canton":"1101","dpa_provin":"11","dpa_despro":"LOJA","dpa_descan":"LOJA","regional":"Sur","areas":26931.798411507894,"shape_length":79154.06321463287,"shape_area":2.693179841150789E8}},{"type":"Feature","id":"limites_parroquiales.4","geometry":{"type":"MultiPolygon","coordinates":[[[[-79.2955853,-3.85128746],[-79.29539293,-3.85140585],[-79.29514193,-3.85125687],[-79.2947953,-3.85089245],[-79.29452985,-3.85058013],[-79.29405753,-3.85025256],[-79.29377734,-3.84992537],[-79.2933201,-3.84943451],[-79.29295154,-3.84894381],[-79.29277455,-3.84875045],[-79.29250856,-3.84872027],[-79.29215364,-3.84880861],[-79.29175434,-3.84889687],[-79.29151774,-3.8489558],[-79.29128087,-3.84914832],[-79.29110313,-3.84932612],[-79.29099921,-3.84954861],[-79.29102818,-3.84986048],[-79.2909242,-3.85009779],[-79.29052506,-3.85012668],[-79.29052536,-3.84997822],[-79.29037783,-3.84982945],[-79.29009713,-3.84978437],[-79.28969792,-3.84982808],[-79.28953557,-3.84970899],[-79.28931389,-3.84969369],[-79.28919335,-3.84977907],[-79.28895863,-3.84994536],[-79.28875857,-3.85020479],[-79.28855108,-3.85048646],[-79.28838744,-3.85100576],[-79.28816467,-3.85152495],[-79.28773517,-3.85195464],[-79.28718785,-3.85216137],[-79.28683274,-3.85235366],[-79.28650732,-3.85247178],[-79.28625564,-3.85266427],[-79.28609248,-3.8529609],[-79.28601765,-3.85342101],[-79.28603184,-3.85371795],[-79.28614141,-3.85434917],[-79.28609552,-3.85512111],[-79.28606466,-3.85577426],[-79.28599,-3.85616017],[-79.2858552,-3.85703584],[-79.28564753,-3.85740659],[-79.28542465,-3.8579703],[-79.28544406,-3.858102],[-79.28546841,-3.85826733],[-79.28573441,-3.85829756],[-79.2861264,-3.85817216],[-79.2866446,-3.85772782],[-79.28707407,-3.8573278],[-79.28765196,-3.85661633],[-79.28822972,-3.85596422],[-79.28842213,-3.85583101],[-79.28859949,-3.8558462],[-79.28890943,-3.85608439],[-79.2891901,-3.856174],[-79.28939721,-3.85608538],[-79.28960454,-3.85587797],[-79.28996021,-3.8554184],[-79.29027136,-3.85504787],[-79.2903743,-3.85501989],[-79.29043405,-3.85500366],[-79.29059643,-3.8551079],[-79.29081761,-3.85537558],[-79.29113489,-3.85563605],[-79.29182872,-3.85608285],[-79.29244891,-3.85638105],[-79.29324677,-3.8565608],[-79.29419238,-3.8567557],[-79.29475349,-3.85705377],[-79.29498941,-3.85733632],[-79.29519543,-3.85781185],[-79.2955343,-3.858347],[-79.29584375,-3.85883756],[-79.29620417,-3.85970682],[-79.29646912,-3.86024185],[-79.29699983,-3.86097038],[-79.29755997,-3.86174356],[-79.29829773,-3.86241316],[-79.29888788,-3.86296364],[-79.29986204,-3.86367827],[-79.30029036,-3.86384246],[-79.30060094,-3.86376883],[-79.30082274,-3.86372473],[-79.30119957,-3.86377743],[-79.30146541,-3.86388189],[-79.3019825,-3.86401657],[-79.30249986,-3.86401761],[-79.30298799,-3.86384042],[-79.30335789,-3.86366302],[-79.30397967,-3.86317431],[-79.30433475,-3.86301171],[-79.30454176,-3.86298242],[-79.30477808,-3.86307198],[-79.30535382,-3.86344432],[-79.30569298,-3.86386069],[-79.30585492,-3.86418765],[-79.30603091,-3.86488581],[-79.30604543,-3.86496586],[-79.30613326,-3.86545021],[-79.30646469,-3.86602245],[-79.30655307,-3.86618595],[-79.30687713,-3.86676562],[-79.30717215,-3.86706316],[-79.30752642,-3.86731626],[-79.30768852,-3.86756897],[-79.30771729,-3.86796989],[-79.30790855,-3.86841569],[-79.30824762,-3.86887661],[-79.30864579,-3.86933765],[-79.3090446,-3.86950179],[-79.30913302,-3.86963556],[-79.30918338,-3.87032604],[-79.30906457,-3.8706079],[-79.30895905,-3.87164696],[-79.30889802,-3.87259704],[-79.30873446,-3.87308667],[-79.30849752,-3.8733089],[-79.30831983,-3.87345702],[-79.30827463,-3.87388747],[-79.30816241,-3.87457765],[-79.30788061,-3.87505217],[-79.30752491,-3.87552655],[-79.30733195,-3.87592704],[-79.30719801,-3.87637217],[-79.30721194,-3.87680273],[-79.30734423,-3.87718904],[-79.30740777,-3.87868127],[-79.30734781,-3.87909688],[-79.30730112,-3.88028451],[-79.30710606,-3.88173912],[-79.3070076,-3.88293408],[-79.3070205,-3.88386948],[-79.30719596,-3.88483486],[-79.30763778,-3.88566716],[-79.30816888,-3.88618789],[-79.30887742,-3.88669409],[-79.31009591,-3.88719392],[-79.31083471,-3.88734386],[-79.31175102,-3.88743478],[-79.31254901,-3.88755515],[-79.31314041,-3.88749694],[-79.31348308,-3.88753327],[-79.31356899,-3.88754236],[-79.31380507,-3.88776553],[-79.31421785,-3.88833053],[-79.3144976,-3.88888043],[-79.31465869,-3.88963797],[-79.31464916,-3.89071433],[-79.3147809,-3.89136789],[-79.31492723,-3.8921105],[-79.31536907,-3.89292797],[-79.31572229,-3.89371556],[-79.31686576,-3.89479427],[-79.31766287,-3.89536003],[-79.31820927,-3.89562837],[-79.31885912,-3.89591177],[-79.31913952,-3.89614986],[-79.31924243,-3.89643216],[-79.31934514,-3.8968184],[-79.31971312,-3.89762088],[-79.32044207,-3.89901052],[-79.32082524,-3.89960514],[-79.3212377,-3.90033349],[-79.32179791,-3.90109181],[-79.32215122,-3.90182001],[-79.32305739,-3.90331395],[-79.32358811,-3.90402764],[-79.3243403,-3.90490513],[-79.32549165,-3.90575369],[-79.32711522,-3.90701895],[-79.32778665,-3.90760673],[-79.32806709,-3.90781518],[-79.32849329,-3.90814124],[-79.32849513,-3.90814265],[-79.32858748,-3.90817625],[-79.32860313,-3.90811612],[-79.32869458,-3.90792423],[-79.32874933,-3.90786946],[-79.32887697,-3.90779654],[-79.32903183,-3.90776941],[-79.3291959,-3.90769657],[-79.32936909,-3.90761459],[-79.32945124,-3.90751415],[-79.3294515,-3.9073861],[-79.32947,-3.90723979],[-79.3295613,-3.90712107],[-79.32968005,-3.90693838],[-79.32979869,-3.90681056],[-79.32999934,-3.90665548],[-79.33015274,-3.90638484],[-79.3366198,-3.90683004],[-79.3368214,-3.90684391],[-79.34248872,-3.90723401],[-79.34262384,-3.9071027],[-79.34272892,-3.90684035],[-79.34283859,-3.90656655],[-79.34300515,-3.90601074],[-79.34354685,-3.90558154],[-79.34409227,-3.90499763],[-79.34427947,-3.90479094],[-79.34514729,-3.90393432],[-79.34519381,-3.90357673],[-79.34515949,-3.90287139],[-79.34507765,-3.90211813],[-79.34485299,-3.90136459],[-79.34468707,-3.90100565],[-79.3445692,-3.90041968],[-79.34432031,-3.89988126],[-79.34432559,-3.8995177],[-79.34453426,-3.89882934],[-79.3444945,-3.89875187],[-79.34448274,-3.89864369],[-79.34451064,-3.89857428],[-79.34452607,-3.89853589],[-79.34459195,-3.89841321],[-79.34462282,-3.89828269],[-79.34462913,-3.89809425],[-79.34461295,-3.89789807],[-79.34456667,-3.89780664],[-79.34453999,-3.8976808],[-79.34452583,-3.89755751],[-79.34453972,-3.89735904],[-79.34453514,-3.89721561],[-79.34453353,-3.89716551],[-79.34450032,-3.89703443],[-79.34446527,-3.89689607],[-79.34443834,-3.89686362],[-79.34439574,-3.89681228],[-79.34435125,-3.896729],[-79.34435194,-3.89662249],[-79.34435202,-3.8966109],[-79.34436083,-3.89642996],[-79.34438689,-3.89627429],[-79.34443971,-3.89610477],[-79.34444316,-3.89609372],[-79.34446376,-3.89600839],[-79.34450004,-3.89582516],[-79.34450384,-3.89563418],[-79.34451168,-3.89544628],[-79.34452746,-3.89534078],[-79.34451572,-3.89522256],[-79.34451912,-3.89509189],[-79.34453241,-3.89497644],[-79.34456071,-3.89486599],[-79.34462697,-3.89468797],[-79.34467262,-3.89459283],[-79.34474366,-3.89445253],[-79.3448226,-3.89432753],[-79.34493915,-3.89411968],[-79.34494602,-3.89406317],[-79.34496039,-3.89394392],[-79.34494599,-3.89384831],[-79.34495458,-3.89368998],[-79.34499527,-3.89351637],[-79.34500869,-3.89345913],[-79.345038,-3.89334605],[-79.34506859,-3.89326337],[-79.3451447,-3.89311051],[-79.34523802,-3.89299557],[-79.34536646,-3.8928808],[-79.34546469,-3.89278595],[-79.34548583,-3.89277189],[-79.34561804,-3.89268397],[-79.34575359,-3.89261397],[-79.34582642,-3.89257677],[-79.34594184,-3.89252979],[-79.34609722,-3.89249827],[-79.34623022,-3.89244128],[-79.34630318,-3.89238147],[-79.34634307,-3.89233407],[-79.34635363,-3.89232153],[-79.34639206,-3.89219111],[-79.34641292,-3.89206807],[-79.34636578,-3.89195322],[-79.34634469,-3.89187414],[-79.34633897,-3.89185252],[-79.3463424,-3.89170928],[-79.34634425,-3.89164809],[-79.34634567,-3.89160122],[-79.34637919,-3.8914481],[-79.34643367,-3.89116696],[-79.34649783,-3.89104872],[-79.34654587,-3.89097619],[-79.34660136,-3.89091373],[-79.34666329,-3.89084664],[-79.34668203,-3.89082635],[-79.34680302,-3.89069645],[-79.34686874,-3.89060796],[-79.34691664,-3.89056049],[-79.34699217,-3.89051632],[-79.34700954,-3.8903827],[-79.34701056,-3.89022942],[-79.3470224,-3.8900683],[-79.34704098,-3.88991505],[-79.3470846,-3.889752],[-79.34707709,-3.88968091],[-79.34709009,-3.88961311],[-79.34715572,-3.88952561],[-79.34739708,-3.88935634],[-79.34747835,-3.88918595],[-79.3476207,-3.88890879],[-79.3476742,-3.88875832],[-79.34777154,-3.88843224],[-79.34781268,-3.88838882],[-79.34789587,-3.88829891],[-79.3480342,-3.88818425],[-79.34814545,-3.8880216],[-79.34822857,-3.88782466],[-79.34825227,-3.88776851],[-79.34827418,-3.88770471],[-79.34858183,-3.88749862],[-79.34860099,-3.88748578],[-79.34870157,-3.88743371],[-79.34880029,-3.88727357],[-79.3488845,-3.88703282],[-79.34896806,-3.88672721],[-79.35239966,-3.88571217],[-79.35231668,-3.88545787],[-79.3520904,-3.88420844],[-79.35192121,-3.88301659],[-79.35171792,-3.88097047],[-79.35171943,-3.88019088],[-79.35172112,-3.87931958],[-79.35181685,-3.87786264],[-79.35177519,-3.87721654],[-79.35157605,-3.87674238],[-79.35146283,-3.87615357],[-79.35146389,-3.87559371],[-79.35145046,-3.87516299],[-79.3514735,-3.87430889],[-79.35144625,-3.87364844],[-79.35120399,-3.87327471],[-79.35070442,-3.87291485],[-79.35030475,-3.87264129],[-79.34970518,-3.87225252],[-79.34917677,-3.87205049],[-79.34913762,-3.87205208],[-79.34849064,-3.87207788],[-79.34767603,-3.8720476],[-79.34703265,-3.87216116],[-79.34614646,-3.87215943],[-79.34511042,-3.8720641],[-79.34423898,-3.87184704],[-79.34348208,-3.87152973],[-79.34309673,-3.87124186],[-79.34269746,-3.87076731],[-79.34204094,-3.87027797],[-79.34134156,-3.86977413],[-79.34075613,-3.86948586],[-79.33984922,-3.86914671],[-79.33944931,-3.86898803],[-79.33903482,-3.86898722],[-79.33873451,-3.86907274],[-79.33840547,-3.86923],[-79.33797635,-3.86940143],[-79.33756138,-3.86965903],[-79.33716039,-3.8700602],[-79.33688832,-3.87033242],[-79.33650191,-3.87057571],[-79.3360444,-3.87064659],[-79.33540151,-3.87050178],[-79.3349671,-3.87030129],[-79.33490173,-3.87027111],[-79.33450906,-3.87007654],[-79.33395202,-3.8698888],[-79.33345188,-3.86983038],[-79.33290863,-3.86990109],[-79.332594,-3.87000094],[-79.3320934,-3.87017225],[-79.33179289,-3.87035828],[-79.33129229,-3.87054392],[-79.33104925,-3.87057217],[-79.33103008,-3.87056182],[-79.33083509,-3.87045688],[-79.33060689,-3.87021239],[-79.33054887,-3.87009871],[-79.33048586,-3.8699753],[-79.33035739,-3.8698889],[-79.32990021,-3.86978754],[-79.32965784,-3.86949991],[-79.32958718,-3.86908344],[-79.32934473,-3.86881021],[-79.32905949,-3.86849383],[-79.32878924,-3.86783293],[-79.32880441,-3.86737356],[-79.32874809,-3.86695715],[-79.32856333,-3.86641127],[-79.32823585,-3.86577897],[-79.32783685,-3.86516087],[-79.32769498,-3.86462944],[-79.32740364,-3.86377468],[-79.32716177,-3.86321433],[-79.32687709,-3.86262518],[-79.32654917,-3.86220824],[-79.32610745,-3.86150392],[-79.32590809,-3.86113028],[-79.32565163,-3.86072781],[-79.32565098,-3.86072632],[-79.32524612,-3.85978672],[-79.32479013,-3.85909674],[-79.32431962,-3.85850723],[-79.32374937,-3.85777397],[-79.3230648,-3.85702612],[-79.32277276,-3.85654461],[-79.3228447,-3.85628635],[-79.3231313,-3.85591366],[-79.32343199,-3.85562714],[-79.32373225,-3.85557032],[-79.3240753,-3.85555665],[-79.32430399,-3.8555571],[-79.32464696,-3.85557213],[-79.32500459,-3.85541491],[-79.32536226,-3.85521464],[-79.32564851,-3.85501425],[-79.32569177,-3.85482766],[-79.32553505,-3.85456897],[-79.32503576,-3.85407989],[-79.3246644,-3.85396431],[-79.32430702,-3.85400668],[-79.32394953,-3.85409212],[-79.32342057,-3.85416284],[-79.32277049,-3.8540539],[-79.322271,-3.85366532],[-79.32198585,-3.85332019],[-79.32178678,-3.85278865],[-79.32117365,-3.85205531],[-79.32101738,-3.85158124],[-79.32079012,-3.85084864],[-79.32066294,-3.85010191],[-79.32023528,-3.84954119],[-79.31973548,-3.84932485],[-79.31922147,-3.84906547],[-79.31842899,-3.84868347],[-79.31768663,-3.8482657],[-79.31724404,-3.84802075],[-79.31671565,-3.84780438],[-79.31613023,-3.84751609],[-79.31535908,-3.84719876],[-79.31480218,-3.84695361],[-79.31428779,-3.8468808],[-79.31384498,-3.84675073],[-79.3135026,-3.84643424],[-79.31189618,-3.84569173],[-79.31103994,-3.84504402],[-79.31059822,-3.84436843],[-79.31018538,-3.843535],[-79.31008687,-3.84274523],[-79.30998116,-3.8420057],[-79.31026978,-3.84058508],[-79.31042889,-3.83962355],[-79.31053692,-3.83920029],[-79.31062375,-3.83864059],[-79.31069614,-3.83818135],[-79.31051134,-3.83766417],[-79.31008342,-3.83723266],[-79.3096695,-3.83694475],[-79.30960238,-3.83690093],[-79.30942689,-3.83678634],[-79.30918398,-3.83675716],[-79.30879804,-3.8367851],[-79.30869355,-3.83682791],[-79.30824022,-3.83701369],[-79.3077394,-3.83731417],[-79.3073118,-3.8375256],[-79.30710463,-3.83765881],[-79.30673454,-3.83794016],[-79.30536539,-3.83889506],[-79.30503962,-3.83919136],[-79.30438849,-3.83957609],[-79.30387049,-3.83991653],[-79.3033079,-3.84037567],[-79.30277468,-3.84093877],[-79.30213807,-3.84145715],[-79.3015459,-3.84191622],[-79.30039803,-3.84310909],[-79.30014625,-3.84336099],[-79.29976102,-3.84382047],[-79.29933109,-3.84447287],[-79.29896034,-3.84508088],[-79.29842618,-3.84611905],[-79.29811516,-3.84643022],[-79.29729292,-3.84737134],[-79.29711504,-3.84763824],[-79.29699641,-3.84781619],[-79.29668562,-3.84802337],[-79.2963748,-3.84821576],[-79.29607883,-3.84840818],[-79.29597467,-3.84874944],[-79.29560356,-3.84955042],[-79.2956473,-3.84984744],[-79.29583878,-3.85018933],[-79.29594126,-3.85069433],[-79.29577795,-3.8510503],[-79.2955853,-3.85128746]]]]},"geometry_name":"geom","properties":{"id":4,"fid":4,"objectid":4,"dpa_parroq":"110151","dpa_despar":"CHANTACO","dpa_valor":0,"dpa_anio":"2009","dpa_canton":"1101","dpa_provin":"11","dpa_despro":"LOJA","dpa_descan":"LOJA","regional":"Sur","areas":2428.6989885847574,"shape_length":27561.24258198312,"shape_area":2.4286989885847576E7}}],"totalFeatures":14,"numberMatched":14,"numberReturned":14,"timeStamp":"2026-09-19T19:47:35.924Z","crs":{"type":"name","properties":{"name":"urn:ogc:def:crs:EPSG::4326"}}}