{"type":"FeatureCollection","features":[{"type":"Feature","properties":{"nombre":"Gualel","categoria":"Cabecera Parroquial"},"geometry":{"type":"MultiPolygon","coordinates":[[[[-79.37971917,-3.76516831,0],[-79.37969086,-3.76516826,0],[-79.37959026,-3.76516807,0],[-79.37881269,-3.76516662,0],[-79.37875432,-3.76516651,0],[-79.37866324,-3.76516634,0],[-79.37847828,-3.765166,0],[-79.37815508,-3.76516539,0],[-79.37798273,-3.76516507,0],[-79.3773549,-3.7651639,0],[-79.37711855,-3.76516346,0],[-79.37711416,-3.76516345,0],[-79.37698875,-3.76516321,0],[-79.37695214,-3.76516314,0],[-79.37695205,-3.76520057,0],[-79.37695158,-3.76540675,0],[-79.37695106,-3.76563271,0],[-79.3769507,-3.7657928,0],[-79.37694997,-3.76611069,0],[-79.37694957,-3.76628415,0],[-79.37694873,-3.76665187,0],[-79.3769484,-3.76679439,0],[-79.37694785,-3.76703293,0],[-79.37694754,-3.76716988,0],[-79.37694722,-3.76730898,0],[-79.37694692,-3.76743983,0],[-79.37694666,-3.76755237,0],[-79.37694633,-3.76769894,0],[-79.37694605,-3.76782108,0],[-79.3769484,-3.76801965,0],[-79.37695016,-3.76816792,0],[-79.37693318,-3.76815646,0],[-79.37680677,-3.76811961,0],[-79.3767375,-3.76809436,0],[-79.37669736,-3.7680744,0],[-79.37665039,-3.76805831,0],[-79.37651706,-3.76805548,0],[-79.3764389,-3.7680493,0],[-79.37637103,-3.76804128,0],[-79.37633529,-3.76804623,0],[-79.37630097,-3.76805478,0],[-79.37627951,-3.76806695,0],[-79.37623732,-3.76808769,0],[-79.37615366,-3.76811337,0],[-79.37609074,-3.76813479,0],[-79.37605359,-3.76812897,0],[-79.37602358,-3.76812964,0],[-79.37599214,-3.76812958,0],[-79.37596927,-3.76813312,0],[-79.37594781,-3.76814241,0],[-79.37592635,-3.76815458,0],[-79.37585839,-3.7681968,0],[-79.37584192,-3.76821436,0],[-79.37581224,-3.76823117,0],[-79.37579043,-3.76823759,0],[-79.37576365,-3.76822857,0],[-79.37573902,-3.76821416,0],[-79.37569512,-3.76819291,0],[-79.3756105,-3.7681626,0],[-79.37551194,-3.7681337,0],[-79.37547552,-3.76812251,0],[-79.37542001,-3.76799715,0],[-79.37533794,-3.76794049,0],[-79.37521889,-3.76791634,0],[-79.37513852,-3.76790423,0],[-79.37504203,-3.76791661,0],[-79.37497413,-3.76792905,0],[-79.37493662,-3.76792658,0],[-79.3748682,-3.76789176,0],[-79.37479209,-3.76783001,0],[-79.3747631,-3.76772946,0],[-79.37477155,-3.76767145,0],[-79.37478059,-3.76761285,0],[-79.37483192,-3.76754774,0],[-79.3748606,-3.76749456,0],[-79.37486843,-3.76744911,0],[-79.37486607,-3.76743355,0],[-79.37484829,-3.76739045,0],[-79.37482692,-3.76735332,0],[-79.37480554,-3.76732358,0],[-79.37476128,-3.76723051,0],[-79.37474859,-3.76720719,0],[-79.37472439,-3.7671569,0],[-79.37467682,-3.76706665,0],[-79.37464029,-3.76703902,0],[-79.37458605,-3.76700016,0],[-79.37454037,-3.76696992,0],[-79.37451613,-3.76694404,0],[-79.37444905,-3.76689223,0],[-79.37434918,-3.7668016,0],[-79.37430494,-3.76676993,0],[-79.37417969,-3.76670533,0],[-79.37409401,-3.76682273,0],[-79.37403913,-3.76687287,0],[-79.37370318,-3.76706902,0],[-79.37363643,-3.76709868,0],[-79.37355758,-3.76709449,0],[-79.37348613,-3.76708957,0],[-79.37343368,-3.76711819,0],[-79.37339824,-3.76718863,0],[-79.37329757,-3.76729978,0],[-79.37324194,-3.76737095,0],[-79.37323529,-3.76748629,0],[-79.37320413,-3.76759151,0],[-79.37317765,-3.7677422,0],[-79.37312281,-3.76798253,0],[-79.3731103,-3.7680962,0],[-79.37310064,-3.76816557,0],[-79.37307672,-3.76822056,0],[-79.37303372,-3.76828747,0],[-79.37299547,-3.76836397,0],[-79.37288055,-3.76840507,0],[-79.37279323,-3.76843899,0],[-79.37274914,-3.76845326,0],[-79.372711,-3.76846874,0],[-79.37268597,-3.76847826,0],[-79.37264066,-3.76850809,0],[-79.37261082,-3.76854153,0],[-79.37259883,-3.76858697,0],[-79.37257847,-3.76864914,0],[-79.37256407,-3.76870654,0],[-79.37253834,-3.76876554,0],[-79.37252693,-3.76882611,0],[-79.3725221,-3.76886079,0],[-79.37252441,-3.76889908,0],[-79.37251518,-3.76896338,0],[-79.3724419,-3.76909387,0],[-79.37235081,-3.76919757,0],[-79.37227321,-3.76940191,0],[-79.37225451,-3.76946648,0],[-79.37224016,-3.76950234,0],[-79.37221713,-3.76958844,0],[-79.37216759,-3.76973798,0],[-79.37213434,-3.76989014,0],[-79.37210632,-3.77002379,0],[-79.37209663,-3.77004645,0],[-79.37204515,-3.77020736,0],[-79.3719998,-3.77025752,0],[-79.37194137,-3.7702933,0],[-79.37187583,-3.77031472,0],[-79.37183295,-3.77031822,0],[-79.37175793,-3.77031449,0],[-79.37166381,-3.77032867,0],[-79.37161019,-3.77034771,0],[-79.37156607,-3.77037276,0],[-79.37149813,-3.77040613,0],[-79.37143638,-3.7704352,0],[-79.37136583,-3.7704797,0],[-79.37134863,-3.77049055,0],[-79.37129896,-3.77055651,0],[-79.37126789,-3.77065868,0],[-79.3712439,-3.77075195,0],[-79.37123427,-3.77080816,0],[-79.37124832,-3.77088264,0],[-79.37129184,-3.77098125,0],[-79.37132914,-3.77102607,0],[-79.37135052,-3.77105482,0],[-79.37136952,-3.77108716,0],[-79.37137539,-3.77113144,0],[-79.37136218,-3.77119003,0],[-79.37133827,-3.77124024,0],[-79.371291,-3.77129501,0],[-79.37126602,-3.77138085,0],[-79.37126037,-3.77150329,0],[-79.37124546,-3.77160992,0],[-79.3712315,-3.77165278,0],[-79.37122785,-3.77169584,0],[-79.37123011,-3.77176045,0],[-79.37130128,-3.7719173,0],[-79.37136998,-3.7720152,0],[-79.37137996,-3.7720889,0],[-79.37138515,-3.77216935,0],[-79.37137104,-3.77222897,0],[-79.37135182,-3.77227511,0],[-79.37132897,-3.77230365,0],[-79.3712753,-3.77233056,0],[-79.37124431,-3.77234606,0],[-79.37122761,-3.77236038,0],[-79.37121803,-3.77238549,0],[-79.37122155,-3.77241421,0],[-79.3712618,-3.77245925,0],[-79.3712964,-3.77251364,0],[-79.37130347,-3.77255074,0],[-79.3713034,-3.77258783,0],[-79.37128426,-3.77263326,0],[-79.37125198,-3.77270139,0],[-79.37122563,-3.77278389,0],[-79.37121842,-3.77281857,0],[-79.37120642,-3.7728652,0],[-79.37120042,-3.77288673,0],[-79.37119547,-3.77294417,0],[-79.3712692,-3.7731524,0],[-79.37152453,-3.77315288,0],[-79.37162857,-3.77315307,0],[-79.37168213,-3.77315317,0],[-79.37171046,-3.77315323,0],[-79.37172156,-3.77315325,0],[-79.37186029,-3.77315351,0],[-79.37198531,-3.77315374,0],[-79.3721562,-3.77315407,0],[-79.37250543,-3.77315472,0],[-79.37293627,-3.77315553,0],[-79.37316566,-3.77315596,0],[-79.37332958,-3.77315627,0],[-79.37367227,-3.77315691,0],[-79.37371084,-3.77315698,0],[-79.37517315,-3.77315973,0],[-79.37550808,-3.77316036,0],[-79.37580138,-3.77316091,0],[-79.37581061,-3.77316092,0],[-79.37603705,-3.77316135,0],[-79.37604221,-3.77315787,0],[-79.37624337,-3.77306177,0],[-79.37624349,-3.77306171,0],[-79.37624356,-3.77306168,0],[-79.3762436,-3.77306166,0],[-79.37625581,-3.77305583,0],[-79.37639521,-3.77298923,0],[-79.37659305,-3.77289472,0],[-79.37964126,-3.77143846,0],[-79.37964136,-3.77138501,0],[-79.37964145,-3.77133791,0],[-79.37964445,-3.76971802,0],[-79.38144494,-3.76972138,0],[-79.38144531,-3.7695222,0],[-79.38144571,-3.76930499,0],[-79.38144572,-3.7693044,0],[-79.3814459,-3.7692056,0],[-79.38144632,-3.76897655,0],[-79.38144632,-3.76897517,0],[-79.38144676,-3.76873789,0],[-79.38144701,-3.76860214,0],[-79.38144725,-3.76847296,0],[-79.38144749,-3.76834185,0],[-79.38144971,-3.76714621,0],[-79.38145128,-3.76629275,0],[-79.38145329,-3.76520678,0],[-79.38145335,-3.76517154,0],[-79.38142427,-3.76517149,0],[-79.38128768,-3.76517124,0],[-79.38124849,-3.76517116,0],[-79.38112242,-3.76517093,0],[-79.38107657,-3.76517084,0],[-79.38088306,-3.76517048,0],[-79.38075188,-3.76517024,0],[-79.38019609,-3.7651692,0],[-79.38011385,-3.76516905,0],[-79.38003744,-3.7651689,0],[-79.37971917,-3.76516831,0]]]]}},{"type":"Feature","properties":{"nombre":"Chantaco","categoria":"Cabecera Parroquial"},"geometry":{"type":"MultiPolygon","coordinates":[[[[-79.32797125,-3.87631278,0],[-79.32702599,-3.87892352,0],[-79.32693546,-3.87892103,0],[-79.32688109,-3.87891953,0],[-79.32687988,-3.8789195,0],[-79.32677206,-3.87891653,0],[-79.32612599,-3.87889874,0],[-79.32612387,-3.87897647,0],[-79.32612158,-3.87906046,0],[-79.32611338,-3.87936062,0],[-79.32610927,-3.87951154,0],[-79.32610782,-3.87956465,0],[-79.32610642,-3.87961575,0],[-79.32610132,-3.8798027,0],[-79.3260806,-3.88021705,0],[-79.32607665,-3.88070667,0],[-79.326052,-3.88160949,0],[-79.32674401,-3.88162854,0],[-79.32711706,-3.88163881,0],[-79.32725215,-3.88164253,0],[-79.32739726,-3.88164653,0],[-79.32754085,-3.88165048,0],[-79.32767354,-3.88165413,0],[-79.3276894,-3.88165457,0],[-79.32771,-3.88165514,0],[-79.32780139,-3.88165765,0],[-79.32792978,-3.88166119,0],[-79.32803735,-3.88166415,0],[-79.32806252,-3.88166484,0],[-79.32826311,-3.88209654,0],[-79.32832873,-3.88223775,0],[-79.32833249,-3.88224584,0],[-79.3285209,-3.88265132,0],[-79.32904921,-3.88378826,0],[-79.3291409,-3.88398557,0],[-79.32916366,-3.88403456,0],[-79.32918988,-3.8840372,0],[-79.32953531,-3.88407209,0],[-79.32980934,-3.88409977,0],[-79.32991316,-3.88411026,0],[-79.33038598,-3.88415801,0],[-79.3305187,-3.88417142,0],[-79.33068089,-3.8841878,0],[-79.33069979,-3.88408188,0],[-79.33073438,-3.88392824,0],[-79.33077583,-3.88377631,0],[-79.33082404,-3.88362642,0],[-79.33087893,-3.88347886,0],[-79.3308893,-3.88303106,0],[-79.33088029,-3.88287368,0],[-79.33092313,-3.88281634,0],[-79.33092632,-3.88270569,0],[-79.33090003,-3.88244544,0],[-79.33088719,-3.88225484,0],[-79.33086167,-3.88214712,0],[-79.33085623,-3.88200498,0],[-79.33090651,-3.88187444,0],[-79.33115341,-3.88178812,0],[-79.3317532,-3.88153722,0],[-79.33167644,-3.88141147,0],[-79.33155855,-3.88120282,0],[-79.33153637,-3.88116357,0],[-79.33147027,-3.88107468,0],[-79.33143587,-3.88102843,0],[-79.33142177,-3.88100947,0],[-79.33140934,-3.88097957,0],[-79.33139637,-3.8809484,0],[-79.33140018,-3.88092124,0],[-79.33140106,-3.88091496,0],[-79.33141112,-3.88084313,0],[-79.33141168,-3.88083913,0],[-79.33141564,-3.88081083,0],[-79.33142609,-3.88069102,0],[-79.33142995,-3.88064673,0],[-79.33144229,-3.88062533,0],[-79.33145638,-3.8806009,0],[-79.33149378,-3.88053605,0],[-79.33161621,-3.88043414,0],[-79.33162537,-3.88036859,0],[-79.33168944,-3.8802733,0],[-79.331745,-3.88010249,0],[-79.33172535,-3.87995143,0],[-79.33163692,-3.87973543,0],[-79.33159672,-3.87964257,0],[-79.3315695,-3.87952913,0],[-79.3315477,-3.87926115,0],[-79.33151871,-3.87911299,0],[-79.33151447,-3.87909134,0],[-79.33146397,-3.87893795,0],[-79.33136865,-3.87877369,0],[-79.33131893,-3.878688,0],[-79.33128718,-3.87863331,0],[-79.33124338,-3.87856543,0],[-79.33113379,-3.87839562,0],[-79.33108104,-3.87817039,0],[-79.33107393,-3.87812735,0],[-79.33100883,-3.87773351,0],[-79.33097102,-3.87735016,0],[-79.33106837,-3.87736828,0],[-79.33106972,-3.87736853,0],[-79.33111514,-3.87737698,0],[-79.33114549,-3.87736646,0],[-79.33114629,-3.87736619,0],[-79.33121564,-3.87734216,0],[-79.33124604,-3.87728327,0],[-79.33124841,-3.87727868,0],[-79.33123278,-3.8772309,0],[-79.3312271,-3.87721356,0],[-79.33122167,-3.87719695,0],[-79.33094366,-3.87695245,0],[-79.33080457,-3.87681401,0],[-79.33061579,-3.87668006,0],[-79.33045919,-3.87643579,0],[-79.33026284,-3.87623159,0],[-79.3301894,-3.87615521,0],[-79.32988971,-3.8757982,0],[-79.32971586,-3.8757583,0],[-79.32956496,-3.87583901,0],[-79.3294387,-3.87587462,0],[-79.32930342,-3.87590172,0],[-79.32929692,-3.87590302,0],[-79.3291487,-3.87595322,0],[-79.32901822,-3.87597333,0],[-79.32897794,-3.87597954,0],[-79.32881428,-3.87602932,0],[-79.32865518,-3.87605384,0],[-79.32864352,-3.87605563,0],[-79.3286341,-3.87605825,0],[-79.32843179,-3.87611447,0],[-79.32835576,-3.87613594,0],[-79.32835443,-3.87613631,0],[-79.32832445,-3.87614478,0],[-79.32813428,-3.87619849,0],[-79.32811987,-3.87620256,0],[-79.328,-3.87623641,0],[-79.32798114,-3.87628651,0],[-79.32797125,-3.87631278,0]]]]}},{"type":"Feature","properties":{"nombre":"Chuquiribamba","categoria":"Cabecera Parroquial"},"geometry":{"type":"MultiPolygon","coordinates":[[[[-79.34541215,-3.83844194,0],[-79.34537975,-3.83844744,0],[-79.3452982,-3.83842432,0],[-79.34522383,-3.8383933,0],[-79.34517583,-3.83837499,0],[-79.34513395,-3.83836637,0],[-79.34507945,-3.83837134,0],[-79.34503152,-3.83839036,0],[-79.34497367,-3.83841315,0],[-79.34491083,-3.83843986,0],[-79.34488193,-3.83844534,0],[-79.34488003,-3.83848323,0],[-79.34488367,-3.83851702,0],[-79.34488955,-3.83855412,0],[-79.34488828,-3.83859838,0],[-79.34487868,-3.83863186,0],[-79.34484405,-3.83868084,0],[-79.34481183,-3.83871188,0],[-79.34477842,-3.83874412,0],[-79.3447283,-3.83879546,0],[-79.34464584,-3.83894006,0],[-79.34460676,-3.83898138,0],[-79.34456701,-3.83902607,0],[-79.34453478,-3.83908939,0],[-79.34447291,-3.83917999,0],[-79.3444424,-3.83926267,0],[-79.3443905,-3.83936344,0],[-79.34436858,-3.83942523,0],[-79.34435418,-3.83948263,0],[-79.34433266,-3.83952446,0],[-79.3442778,-3.83956383,0],[-79.3442241,-3.83961517,0],[-79.34417517,-3.83966891,0],[-79.34415126,-3.83975241,0],[-79.34412726,-3.8398064,0],[-79.34409406,-3.83987429,0],[-79.34405915,-3.83992111,0],[-79.34400073,-3.83994971,0],[-79.34394353,-3.83996994,0],[-79.34388993,-3.83997103,0],[-79.34385255,-3.83997703,0],[-79.34377945,-3.83995703,0],[-79.34374938,-3.83997075,0],[-79.3437241,-3.83998916,0],[-79.34371527,-3.8400172,0],[-79.34369671,-3.84007611,0],[-79.34368609,-3.84012996,0],[-79.34367852,-3.84020175,0],[-79.34362848,-3.84028635,0],[-79.3435793,-3.8403298,0],[-79.34354975,-3.84034841,0],[-79.34352822,-3.84039742,0],[-79.34350514,-3.84045152,0],[-79.34348942,-3.84051627,0],[-79.3434489,-3.84056442,0],[-79.34342525,-3.84061453,0],[-79.34335442,-3.84069299,0],[-79.34332917,-3.84073276,0],[-79.34323797,-3.84082992,0],[-79.34321288,-3.84086816,0],[-79.3431866,-3.84090639,0],[-79.34313292,-3.84095174,0],[-79.34305423,-3.84099107,0],[-79.34299838,-3.84101118,0],[-79.34293461,-3.84103614,0],[-79.34289049,-3.84107477,0],[-79.34281883,-3.84109595,0],[-79.34279763,-3.84110907,0],[-79.34275403,-3.84112637,0],[-79.34270381,-3.84112438,0],[-79.34266687,-3.84113507,0],[-79.34264421,-3.84115058,0],[-79.34262866,-3.84118405,0],[-79.34262979,-3.84121874,0],[-79.34262973,-3.84124626,0],[-79.3426261,-3.84127736,0],[-79.34255214,-3.84133942,0],[-79.34253662,-3.84135494,0],[-79.34251032,-3.84140873,0],[-79.34251022,-3.84145658,0],[-79.34251371,-3.84149966,0],[-79.34251483,-3.84154033,0],[-79.34252071,-3.84157743,0],[-79.34253137,-3.84160616,0],[-79.34255273,-3.84164688,0],[-79.34259333,-3.84171874,0],[-79.34260656,-3.84177428,0],[-79.34257981,-3.84181059,0],[-79.34253597,-3.84181433,0],[-79.34248833,-3.84181424,0],[-79.34244377,-3.84181045,0],[-79.34238165,-3.84179489,0],[-79.34233974,-3.84178907,0],[-79.34229397,-3.84180812,0],[-79.34226608,-3.84186808,0],[-79.34224612,-3.84191331,0],[-79.3422384,-3.84196497,0],[-79.34219503,-3.8420255,0],[-79.34214734,-3.84203681,0],[-79.3420859,-3.84199147,0],[-79.34205927,-3.84196271,0],[-79.34202649,-3.84192733,0],[-79.34200223,-3.8418956,0],[-79.34197935,-3.8419013,0],[-79.34195264,-3.84192039,0],[-79.34189992,-3.84196735,0],[-79.34175911,-3.84211612,0],[-79.34173083,-3.84214601,0],[-79.34159521,-3.84233341,0],[-79.34141934,-3.84244699,0],[-79.34131348,-3.84266305,0],[-79.34119668,-3.84297048,0],[-79.34098849,-3.84319837,0],[-79.34095058,-3.84323387,0],[-79.34107925,-3.84329883,0],[-79.34128325,-3.84340181,0],[-79.34140474,-3.84346322,0],[-79.34118853,-3.8438257,0],[-79.34111147,-3.84399351,0],[-79.3410687,-3.84410088,0],[-79.34077837,-3.84567041,0],[-79.34103186,-3.84569289,0],[-79.34106881,-3.84569617,0],[-79.34142255,-3.84569055,0],[-79.34157328,-3.84567402,0],[-79.34161122,-3.84565697,0],[-79.34165708,-3.84563635,0],[-79.34200066,-3.84549446,0],[-79.34215728,-3.84538074,0],[-79.3421641,-3.84538084,0],[-79.34245291,-3.84539823,0],[-79.34280678,-3.84541027,0],[-79.3431079,-3.84547309,0],[-79.34327737,-3.84551126,0],[-79.34346353,-3.84554211,0],[-79.34370138,-3.8457123,0],[-79.34380986,-3.84585667,0],[-79.34394017,-3.84596959,0],[-79.34408728,-3.84602855,0],[-79.34418959,-3.84606955,0],[-79.34421801,-3.84608094,0],[-79.34421378,-3.84610738,0],[-79.34420847,-3.84614056,0],[-79.34420842,-3.84614083,0],[-79.34392689,-3.84670991,0],[-79.34390125,-3.84677806,0],[-79.34386906,-3.84684335,0],[-79.34383063,-3.84690513,0],[-79.34378634,-3.84696283,0],[-79.34373662,-3.84701586,0],[-79.34368194,-3.84706373,0],[-79.34362285,-3.84710596,0],[-79.34365494,-3.84710653,0],[-79.34395735,-3.84731558,0],[-79.34398645,-3.8473357,0],[-79.34406449,-3.84733872,0],[-79.34419511,-3.84734377,0],[-79.34445251,-3.84735373,0],[-79.34499536,-3.84737474,0],[-79.34531667,-3.84741851,0],[-79.34550383,-3.84744401,0],[-79.34550619,-3.84744433,0],[-79.34550469,-3.84743579,0],[-79.34548376,-3.84731623,0],[-79.34550952,-3.84698822,0],[-79.34541295,-3.84669024,0],[-79.34555647,-3.84624702,0],[-79.34559975,-3.84636474,0],[-79.34560014,-3.84636582,0],[-79.34565505,-3.84651519,0],[-79.34588407,-3.84633953,0],[-79.34629544,-3.84540062,0],[-79.34633109,-3.84530996,0],[-79.34644341,-3.84502429,0],[-79.34646535,-3.84496851,0],[-79.34649988,-3.84452347,0],[-79.34802157,-3.84154219,0],[-79.34798043,-3.84103063,0],[-79.34798132,-3.84056708,0],[-79.34798474,-3.8387851,0],[-79.3479848,-3.83875675,0],[-79.34798504,-3.83863011,0],[-79.34790192,-3.83867605,0],[-79.3478721,-3.83869753,0],[-79.34784352,-3.83869508,0],[-79.34779708,-3.8386926,0],[-79.34776255,-3.83868535,0],[-79.34770656,-3.83869003,0],[-79.34765532,-3.83870428,0],[-79.34760175,-3.83869222,0],[-79.34754343,-3.83866818,0],[-79.34748511,-3.83864892,0],[-79.34741959,-3.83865717,0],[-79.34735646,-3.83866154,0],[-79.34724926,-3.83866043,0],[-79.34719569,-3.83864836,0],[-79.34712426,-3.83863387,0],[-79.3470653,-3.83861877,0],[-79.34699452,-3.83858576,0],[-79.34698382,-3.83857737,0],[-79.34694331,-3.83858686,0],[-79.34691983,-3.83861166,0],[-79.34688045,-3.8386195,0],[-79.34683106,-3.8386267,0],[-79.34679369,-3.83862302,0],[-79.34677325,-3.83861581,0],[-79.34673359,-3.83861535,0],[-79.34668707,-3.8386148,0],[-79.34665596,-3.83859389,0],[-79.34662771,-3.83857428,0],[-79.34659793,-3.83857422,0],[-79.34653481,-3.8385741,0],[-79.34649192,-3.8385788,0],[-79.34641661,-3.83859201,0],[-79.34633255,-3.83861008,0],[-79.34625482,-3.83862261,0],[-79.34618692,-3.83862846,0],[-79.34611786,-3.83861756,0],[-79.34607263,-3.83860431,0],[-79.34602899,-3.83857249,0],[-79.34596647,-3.83853026,0],[-79.34587377,-3.83851425,0],[-79.34581025,-3.83847487,0],[-79.34576157,-3.83843852,0],[-79.34575208,-3.83841185,0],[-79.3457217,-3.83838111,0],[-79.34567769,-3.83835351,0],[-79.34563072,-3.83834022,0],[-79.34555786,-3.83836005,0],[-79.3455004,-3.83838203,0],[-79.34546915,-3.83841053,0],[-79.34544886,-3.83843202,0],[-79.34541215,-3.83844194,0]]]]}},{"type":"Feature","properties":{"nombre":"El Cisne","categoria":"Cabecera Parroquial"},"geometry":{"type":"MultiPolygon","coordinates":[[[[-79.42399865,-3.84844675,0],[-79.42396198,-3.84844887,0],[-79.42391442,-3.84844396,0],[-79.42383467,-3.84842166,0],[-79.42383063,-3.84842001,0],[-79.42360122,-3.8483262,0],[-79.42315324,-3.84814302,0],[-79.42312822,-3.84813279,0],[-79.42296788,-3.84806723,0],[-79.42293606,-3.84806062,0],[-79.42290961,-3.84805513,0],[-79.42277912,-3.84802803,0],[-79.42274663,-3.84803177,0],[-79.42271061,-3.84803592,0],[-79.42262057,-3.84805129,0],[-79.42260281,-3.84805432,0],[-79.42258806,-3.84805684,0],[-79.42255681,-3.84807464,0],[-79.42244833,-3.84813646,0],[-79.4224162,-3.84815477,0],[-79.42239143,-3.84818459,0],[-79.4223158,-3.84827562,0],[-79.42229537,-3.84830021,0],[-79.42227039,-3.84834404,0],[-79.42216613,-3.84852699,0],[-79.42206547,-3.84870359,0],[-79.42204255,-3.84874382,0],[-79.42202154,-3.84876994,0],[-79.42195943,-3.84884716,0],[-79.42193466,-3.84887795,0],[-79.42190616,-3.84889639,0],[-79.42181993,-3.84895217,0],[-79.42179033,-3.84897132,0],[-79.42175776,-3.84898564,0],[-79.42169553,-3.849013,0],[-79.42155899,-3.84907302,0],[-79.42152513,-3.84908791,0],[-79.42152174,-3.84906966,0],[-79.42151869,-3.84905325,0],[-79.42148421,-3.84886782,0],[-79.42144087,-3.84863475,0],[-79.4214344,-3.84859991,0],[-79.42039151,-3.84832041,0],[-79.42037566,-3.84835149,0],[-79.42030832,-3.84848347,0],[-79.4202623,-3.84857365,0],[-79.42024523,-3.8486071,0],[-79.4202168,-3.84862798,0],[-79.41953622,-3.84912765,0],[-79.41950381,-3.84915144,0],[-79.41948871,-3.84913068,0],[-79.41945153,-3.84907956,0],[-79.41943846,-3.84908563,0],[-79.41943619,-3.84908668,0],[-79.41921919,-3.84918739,0],[-79.4191845,-3.84920349,0],[-79.41914887,-3.84919039,0],[-79.41908842,-3.84916818,0],[-79.41904601,-3.84915656,0],[-79.41893568,-3.84912633,0],[-79.41889998,-3.84911655,0],[-79.41890159,-3.84915178,0],[-79.41891177,-3.84937511,0],[-79.41892594,-3.84968578,0],[-79.41892785,-3.84972749,0],[-79.41887536,-3.84980437,0],[-79.41886494,-3.84981964,0],[-79.41884966,-3.84984201,0],[-79.41887472,-3.8498666,0],[-79.41905259,-3.85004114,0],[-79.41907191,-3.8500601,0],[-79.41914804,-3.85009962,0],[-79.41936555,-3.85021254,0],[-79.41944114,-3.85025178,0],[-79.41960532,-3.85033701,0],[-79.42290049,-3.85204765,0],[-79.42293581,-3.85206598,0],[-79.42294326,-3.85206985,0],[-79.42304145,-3.85212083,0],[-79.42312425,-3.85216381,0],[-79.42315494,-3.85217974,0],[-79.4245928,-3.85292618,0],[-79.42458559,-3.85294887,0],[-79.4245743,-3.85300304,0],[-79.42456864,-3.85305809,0],[-79.42457101,-3.8531006,0],[-79.42457659,-3.85314281,0],[-79.42458535,-3.85318447,0],[-79.42460195,-3.8533094,0],[-79.42461168,-3.85343507,0],[-79.42461191,-3.85344527,0],[-79.4246145,-3.85356108,0],[-79.42461041,-3.85368706,0],[-79.42460225,-3.85378028,0],[-79.42459942,-3.85381262,0],[-79.4245636,-3.85398879,0],[-79.42456269,-3.85399372,0],[-79.42455673,-3.85402605,0],[-79.42454489,-3.85406202,0],[-79.4245283,-3.85409605,0],[-79.42450726,-3.8541275,0],[-79.42447715,-3.85416709,0],[-79.42446463,-3.85418691,0],[-79.42445543,-3.85420849,0],[-79.42444977,-3.85423127,0],[-79.4244478,-3.85425466,0],[-79.42444846,-3.85429252,0],[-79.42444853,-3.85429662,0],[-79.4244511,-3.85433851,0],[-79.42445807,-3.85439975,0],[-79.4244715,-3.8544927,0],[-79.42447212,-3.85449698,0],[-79.42449137,-3.85463754,0],[-79.42449234,-3.85470061,0],[-79.42448797,-3.85476355,0],[-79.42447831,-3.85482588,0],[-79.42447428,-3.85484244,0],[-79.42446341,-3.85488717,0],[-79.42445329,-3.85494603,0],[-79.42444885,-3.85498308,0],[-79.42443973,-3.85505924,0],[-79.42443858,-3.85508503,0],[-79.42444158,-3.85511066,0],[-79.42444863,-3.85513548,0],[-79.42446181,-3.85516433,0],[-79.42447895,-3.855191,0],[-79.4244997,-3.85521494,0],[-79.42452364,-3.85523567,0],[-79.4245496,-3.85525254,0],[-79.42457755,-3.85526584,0],[-79.42461279,-3.8552792,0],[-79.42469765,-3.85528616,0],[-79.42472957,-3.85529199,0],[-79.42476011,-3.85530296,0],[-79.42478847,-3.85531879,0],[-79.42481388,-3.85533903,0],[-79.42483568,-3.85536317,0],[-79.42485327,-3.85539055,0],[-79.42486619,-3.85542044,0],[-79.42487409,-3.85545204,0],[-79.42487676,-3.85548451,0],[-79.42488052,-3.85555637,0],[-79.42542636,-3.85563524,0],[-79.42550715,-3.85564692,0],[-79.4258156,-3.85569149,0],[-79.42629162,-3.85576027,0],[-79.42676589,-3.85582881,0],[-79.42704519,-3.85565444,0],[-79.42717938,-3.85563946,0],[-79.42732376,-3.85562334,0],[-79.42777684,-3.85557276,0],[-79.42791584,-3.85555724,0],[-79.42838898,-3.85550442,0],[-79.42855077,-3.85548636,0],[-79.4300562,-3.8553183,0],[-79.43031556,-3.85528934,0],[-79.43031088,-3.85506502,0],[-79.43019297,-3.85119414,0],[-79.43019297,-3.85119411,0],[-79.43018315,-3.85087154,0],[-79.43018242,-3.85087104,0],[-79.43000346,-3.85074879,0],[-79.43000207,-3.85074784,0],[-79.42957227,-3.85045423,0],[-79.42931527,-3.85027867,0],[-79.42919337,-3.85019539,0],[-79.42916253,-3.85017432,0],[-79.42914201,-3.85016031,0],[-79.42912884,-3.85013727,0],[-79.42912856,-3.85013678,0],[-79.42905828,-3.85001385,0],[-79.4290504,-3.85000007,0],[-79.42862512,-3.8492562,0],[-79.42838556,-3.84883717,0],[-79.42837231,-3.8488041,0],[-79.42834712,-3.84874123,0],[-79.42753955,-3.84672614,0],[-79.42748006,-3.8465777,0],[-79.42746515,-3.8465405,0],[-79.42744588,-3.84656507,0],[-79.42718887,-3.84689282,0],[-79.42696698,-3.84717578,0],[-79.42696107,-3.84718332,0],[-79.42695721,-3.84718824,0],[-79.42695053,-3.84719676,0],[-79.42694582,-3.84720277,0],[-79.42685954,-3.84731279,0],[-79.42676952,-3.84745139,0],[-79.42673877,-3.84748276,0],[-79.42673246,-3.84748921,0],[-79.42672339,-3.84749845,0],[-79.42666434,-3.84755871,0],[-79.42657903,-3.84764575,0],[-79.42649849,-3.84771783,0],[-79.42648754,-3.84772764,0],[-79.42647925,-3.84773388,0],[-79.42637452,-3.8478128,0],[-79.42628827,-3.84787779,0],[-79.42623066,-3.8479212,0],[-79.42613518,-3.84796383,0],[-79.42610062,-3.84797925,0],[-79.42609442,-3.84798202,0],[-79.42606447,-3.84799382,0],[-79.42599376,-3.84802168,0],[-79.42595659,-3.84803632,0],[-79.42587091,-3.8480606,0],[-79.42573293,-3.84808296,0],[-79.42568043,-3.84808728,0],[-79.42559373,-3.8480944,0],[-79.42552825,-3.84809979,0],[-79.42526953,-3.84810197,0],[-79.42495324,-3.84810463,0],[-79.42483215,-3.84811076,0],[-79.42473299,-3.84813006,0],[-79.42464004,-3.84815911,0],[-79.42456436,-3.84819698,0],[-79.42455845,-3.84819989,0],[-79.42442161,-3.8482673,0],[-79.42417731,-3.84838763,0],[-79.42412904,-3.84841141,0],[-79.42406196,-3.84843241,0],[-79.42399865,-3.84844675,0]]]]}},{"type":"Feature","properties":{"nombre":"Jimbilla","categoria":"Cabecera Parroquial"},"geometry":{"type":"MultiPolygon","coordinates":[[[[-79.1698831,-3.85821295,0],[-79.16986757,-3.85823684,0],[-79.16984375,-3.85823619,0],[-79.16984175,-3.85823706,0],[-79.16983004,-3.85824214,0],[-79.16980798,-3.85825585,0],[-79.16978477,-3.85825162,0],[-79.16976573,-3.8582432,0],[-79.16975206,-3.85823001,0],[-79.16973925,-3.85821919,0],[-79.16972294,-3.85820423,0],[-79.16971349,-3.858202,0],[-79.16969735,-3.8581982,0],[-79.16966206,-3.85821391,0],[-79.16963819,-3.85823683,0],[-79.16957527,-3.85825583,0],[-79.16954376,-3.85828543,0],[-79.16951798,-3.85831504,0],[-79.16951703,-3.85833282,0],[-79.16950794,-3.85834264,0],[-79.16943934,-3.85847294,0],[-79.16940112,-3.85858428,0],[-79.16935242,-3.85866977,0],[-79.16931522,-3.85880127,0],[-79.16932104,-3.85897004,0],[-79.16931845,-3.85910033,0],[-79.1692993,-3.85914336,0],[-79.16926098,-3.85924376,0],[-79.1692155,-3.85934653,0],[-79.16917248,-3.85941343,0],[-79.16910081,-3.85951615,0],[-79.16903386,-3.85963563,0],[-79.16899561,-3.85970014,0],[-79.16898124,-3.8597336,0],[-79.16896685,-3.85978381,0],[-79.16891669,-3.8598483,0],[-79.16887373,-3.85988888,0],[-79.16880846,-3.85990272,0],[-79.1688289,-3.85997944,0],[-79.16883396,-3.86003593,0],[-79.16884178,-3.86012316,0],[-79.16880623,-3.86028555,0],[-79.16881573,-3.86031149,0],[-79.16882729,-3.86034309,0],[-79.16888464,-3.86046473,0],[-79.16890739,-3.86050704,0],[-79.16891815,-3.86052706,0],[-79.16894748,-3.86063819,0],[-79.16898202,-3.86065605,0],[-79.16901246,-3.86071308,0],[-79.16905575,-3.86088113,0],[-79.16905143,-3.86099778,0],[-79.16907669,-3.86108863,0],[-79.16908726,-3.86113111,0],[-79.16911128,-3.86123215,0],[-79.16912029,-3.86137616,0],[-79.16908038,-3.86153752,0],[-79.16912318,-3.8616487,0],[-79.16916402,-3.86173569,0],[-79.16918575,-3.86178199,0],[-79.16922425,-3.86194557,0],[-79.16923712,-3.86194669,0],[-79.16937116,-3.86201358,0],[-79.16948369,-3.86204682,0],[-79.17005745,-3.86193014,0],[-79.17046141,-3.86182336,0],[-79.17063295,-3.86180578,0],[-79.1707972,-3.8618492,0],[-79.17115781,-3.86196841,0],[-79.17158985,-3.86209494,0],[-79.17194322,-3.8622572,0],[-79.17214319,-3.86231146,0],[-79.17263629,-3.8622874,0],[-79.17291596,-3.86226286,0],[-79.17293106,-3.86225409,0],[-79.17295298,-3.86224172,0],[-79.1730589,-3.86218195,0],[-79.17330163,-3.86210518,0],[-79.17334113,-3.86210179,0],[-79.17344445,-3.86196617,0],[-79.17351976,-3.86183355,0],[-79.17358072,-3.8617332,0],[-79.17366323,-3.86157547,0],[-79.17377778,-3.86147524,0],[-79.17388508,-3.86142164,0],[-79.17398871,-3.86141469,0],[-79.17412086,-3.86143291,0],[-79.17429585,-3.86147277,0],[-79.1744602,-3.86155195,0],[-79.17448003,-3.8615099,0],[-79.17449399,-3.8614344,0],[-79.17447926,-3.8613647,0],[-79.17446709,-3.86130709,0],[-79.17447036,-3.86125314,0],[-79.17445784,-3.86118838,0],[-79.17445498,-3.86117356,0],[-79.17446281,-3.86113052,0],[-79.17446817,-3.86110104,0],[-79.17448043,-3.86102537,0],[-79.17448975,-3.86100935,0],[-79.17457699,-3.86085998,0],[-79.17461253,-3.86080942,0],[-79.17466872,-3.86074418,0],[-79.17469352,-3.86072854,0],[-79.17471564,-3.86069953,0],[-79.17473865,-3.86061864,0],[-79.17473616,-3.8605311,0],[-79.17472817,-3.86041151,0],[-79.1747128,-3.86034621,0],[-79.17470133,-3.8602747,0],[-79.17469667,-3.86022672,0],[-79.17469715,-3.86018797,0],[-79.17468852,-3.86009239,0],[-79.17462917,-3.8599081,0],[-79.1746055,-3.85987933,0],[-79.1745808,-3.859857,0],[-79.17455345,-3.85982506,0],[-79.174443,-3.859756,0],[-79.17439991,-3.85972362,0],[-79.17432525,-3.85969283,0],[-79.17424344,-3.85962925,0],[-79.17421067,-3.85960806,0],[-79.17419034,-3.85957826,0],[-79.17412321,-3.85950312,0],[-79.17408902,-3.85948077,0],[-79.17405106,-3.85945596,0],[-79.17404859,-3.85945435,0],[-79.17294544,-3.85974345,0],[-79.17264963,-3.85982098,0],[-79.1726417,-3.85982305,0],[-79.17184111,-3.85930877,0],[-79.17092462,-3.85872005,0],[-79.17006906,-3.85817046,0],[-79.17006108,-3.85816533,0],[-79.16995315,-3.85809601,0],[-79.16993746,-3.85813591,0],[-79.1699219,-3.85817117,0],[-79.1698831,-3.85821295,0]]]]}},{"type":"Feature","properties":{"nombre":"Loja","categoria":"Cabecera Cantonal"},"geometry":{"type":"MultiPolygon","coordinates":[[[[-79.21737137,-3.9308636,0],[-79.21753835,-3.93296923,0],[-79.21766577,-3.9329635,0],[-79.21759607,-3.93379318,0],[-79.21748326,-3.93379122,0],[-79.21744042,-3.93416364,0],[-79.21741493,-3.93438526,0],[-79.21720225,-3.9343924,0],[-79.21682905,-3.93443663,0],[-79.21661475,-3.93448654,0],[-79.21642032,-3.93455144,0],[-79.21639887,-3.9345586,0],[-79.21639617,-3.93455979,0],[-79.21636522,-3.93457351,0],[-79.21615393,-3.93466712,0],[-79.21603461,-3.93472004,0],[-79.21585237,-3.93476477,0],[-79.21564786,-3.93479452,0],[-79.21505205,-3.93488121,0],[-79.2150482,-3.93488177,0],[-79.2149879,-3.93488356,0],[-79.21493439,-3.93488514,0],[-79.21479646,-3.93488747,0],[-79.21473937,-3.93488997,0],[-79.21461455,-3.93490534,0],[-79.21458036,-3.93489379,0],[-79.21456227,-3.93491074,0],[-79.21435931,-3.93489801,0],[-79.21413752,-3.93490449,0],[-79.21402846,-3.93489612,0],[-79.21388478,-3.93488063,0],[-79.21381285,-3.9348774,0],[-79.21381269,-3.93494974,0],[-79.21375414,-3.9349414,0],[-79.21369919,-3.93493358,0],[-79.21361386,-3.93492462,0],[-79.21350026,-3.93491272,0],[-79.21342547,-3.93492083,0],[-79.21340995,-3.93492252,0],[-79.21335158,-3.93492885,0],[-79.21303948,-3.93490675,0],[-79.21298793,-3.93488817,0],[-79.21289715,-3.93485545,0],[-79.2128035,-3.93482161,0],[-79.21275052,-3.93479834,0],[-79.21263849,-3.93474914,0],[-79.2126361,-3.93474809,0],[-79.21260982,-3.93469966,0],[-79.2124841,-3.93467452,0],[-79.21243256,-3.93452168,0],[-79.21242238,-3.93448368,0],[-79.21238658,-3.93446769,0],[-79.21226695,-3.93441435,0],[-79.21216362,-3.93441585,0],[-79.21210793,-3.93438627,0],[-79.2120462,-3.93432065,0],[-79.21200497,-3.93427689,0],[-79.21196497,-3.93420238,0],[-79.21194504,-3.93417584,0],[-79.21192579,-3.93417029,0],[-79.21189001,-3.93414263,0],[-79.21181158,-3.93414843,0],[-79.21179934,-3.93414813,0],[-79.21159795,-3.93416451,0],[-79.21151874,-3.93413182,0],[-79.2112521,-3.93402181,0],[-79.21121643,-3.93402902,0],[-79.21111492,-3.93404954,0],[-79.21094584,-3.93404827,0],[-79.2107785,-3.93403109,0],[-79.21066708,-3.93405663,0],[-79.21050016,-3.93405364,0],[-79.21042291,-3.93403669,0],[-79.21042127,-3.93414399,0],[-79.2104116,-3.93419289,0],[-79.21042806,-3.9344226,0],[-79.21047531,-3.93455825,0],[-79.2106464,-3.93481276,0],[-79.21105808,-3.93520161,0],[-79.21106546,-3.93520539,0],[-79.21135783,-3.93502168,0],[-79.21174635,-3.93492965,0],[-79.2120698,-3.93499183,0],[-79.21217616,-3.9350182,0],[-79.21230084,-3.93502931,0],[-79.21248969,-3.93518185,0],[-79.21278364,-3.93541928,0],[-79.21286399,-3.93548418,0],[-79.21288343,-3.93549988,0],[-79.21299812,-3.93550061,0],[-79.21306284,-3.93550187,0],[-79.21307953,-3.9355022,0],[-79.21319502,-3.93551411,0],[-79.21325866,-3.93552067,0],[-79.21330646,-3.93552565,0],[-79.21333568,-3.93552865,0],[-79.21343779,-3.93553914,0],[-79.21358137,-3.935554,0],[-79.21361692,-3.9355577,0],[-79.21371621,-3.93556793,0],[-79.21379605,-3.93557617,0],[-79.21387257,-3.93558284,0],[-79.21397537,-3.93559183,0],[-79.21407271,-3.93560396,0],[-79.2140978,-3.93560708,0],[-79.21411281,-3.93560895,0],[-79.21433874,-3.93563719,0],[-79.21436709,-3.93564331,0],[-79.21441695,-3.93565255,0],[-79.21446385,-3.93565772,0],[-79.21451183,-3.93566099,0],[-79.21450035,-3.93569414,0],[-79.21448327,-3.9357435,0],[-79.21446454,-3.93579761,0],[-79.21444468,-3.93585432,0],[-79.21443254,-3.93588899,0],[-79.21439871,-3.93598559,0],[-79.21437794,-3.93604491,0],[-79.2143483,-3.93608293,0],[-79.21430996,-3.93613212,0],[-79.21419047,-3.93630632,0],[-79.2145333,-3.9364018,0],[-79.21459898,-3.93643065,0],[-79.21464751,-3.93646521,0],[-79.21466173,-3.93649969,0],[-79.21466734,-3.93654851,0],[-79.21466728,-3.93657722,0],[-79.21466095,-3.93686431,0],[-79.21497763,-3.93677647,0],[-79.21492557,-3.93814796,0],[-79.21491553,-3.93841263,0],[-79.21491183,-3.93850997,0],[-79.21491183,-3.93851002,0],[-79.21490717,-3.93863273,0],[-79.21490193,-3.93877079,0],[-79.21490144,-3.93878378,0],[-79.21490098,-3.93879592,0],[-79.21490081,-3.93880041,0],[-79.21482689,-3.94074789,0],[-79.21372725,-3.94272728,0],[-79.21275035,-3.94448573,0],[-79.21274906,-3.94448804,0],[-79.21275033,-3.94445384,0],[-79.21275388,-3.94435754,0],[-79.21275021,-3.94428656,0],[-79.21274244,-3.94413621,0],[-79.21271616,-3.94389092,0],[-79.21267422,-3.94380447,0],[-79.21263784,-3.94376015,0],[-79.21260317,-3.94371792,0],[-79.21252547,-3.94362327,0],[-79.21217281,-3.94329923,0],[-79.2119911,-3.94374834,0],[-79.2119801,-3.94377552,0],[-79.21169053,-3.94438597,0],[-79.21169972,-3.94440762,0],[-79.21164803,-3.94453916,0],[-79.21150671,-3.9449039,0],[-79.21139251,-3.94529674,0],[-79.21132664,-3.94557655,0],[-79.21120655,-3.94582098,0],[-79.2111605,-3.94592969,0],[-79.21108818,-3.94610041,0],[-79.21092379,-3.94638996,0],[-79.21073288,-3.94657193,0],[-79.2106693,-3.94673316,0],[-79.21022262,-3.9475023,0],[-79.21016586,-3.94760004,0],[-79.21015317,-3.94762679,0],[-79.21015453,-3.94764656,0],[-79.21014987,-3.94767747,0],[-79.21014371,-3.94769617,0],[-79.21012287,-3.94775789,0],[-79.21009639,-3.94784428,0],[-79.21017227,-3.94810849,0],[-79.21021671,-3.94812341,0],[-79.21024434,-3.94813052,0],[-79.21028287,-3.9481344,0],[-79.21031133,-3.94813085,0],[-79.21033736,-3.94812367,0],[-79.210358,-3.94811277,0],[-79.21047233,-3.94803869,0],[-79.21054959,-3.94795367,0],[-79.21062331,-3.94787255,0],[-79.21066979,-3.94782146,0],[-79.21068883,-3.94780053,0],[-79.21082926,-3.94764602,0],[-79.21090161,-3.94757918,0],[-79.21092632,-3.94756827,0],[-79.21093984,-3.94756231,0],[-79.21103191,-3.94756388,0],[-79.2110402,-3.94756402,0],[-79.21103748,-3.94756891,0],[-79.21100088,-3.9476348,0],[-79.2106974,-3.94818106,0],[-79.21026993,-3.9489505,0],[-79.21026418,-3.94896085,0],[-79.21018339,-3.94910629,0],[-79.21013035,-3.94920276,0],[-79.21012319,-3.94921578,0],[-79.21010115,-3.94925588,0],[-79.21009671,-3.94926394,0],[-79.21008315,-3.94928863,0],[-79.20993895,-3.94955093,0],[-79.20943217,-3.95047278,0],[-79.20935964,-3.95060471,0],[-79.20922617,-3.9508475,0],[-79.20911385,-3.9510518,0],[-79.20899291,-3.95127179,0],[-79.20862158,-3.95194726,0],[-79.2086205,-3.95194921,0],[-79.20861543,-3.95195843,0],[-79.20850549,-3.95215843,0],[-79.20845913,-3.95224276,0],[-79.20843954,-3.95227838,0],[-79.20822206,-3.95225685,0],[-79.20810018,-3.95224653,0],[-79.20803037,-3.95224063,0],[-79.20782248,-3.95223292,0],[-79.20762743,-3.95218915,0],[-79.20758283,-3.95217914,0],[-79.2072233,-3.95207308,0],[-79.20710503,-3.95199901,0],[-79.20705685,-3.95196883,0],[-79.20707079,-3.95203798,0],[-79.20707082,-3.95203813,0],[-79.207106,-3.95223761,0],[-79.20713228,-3.95242141,0],[-79.20712062,-3.95252666,0],[-79.20705169,-3.95267771,0],[-79.2069597,-3.95280872,0],[-79.20691214,-3.95287646,0],[-79.20652684,-3.95339915,0],[-79.20642475,-3.95353765,0],[-79.20641939,-3.95354644,0],[-79.20635161,-3.95364274,0],[-79.20624373,-3.95362667,0],[-79.2061612,-3.95361436,0],[-79.20528626,-3.95348396,0],[-79.20455944,-3.95337563,0],[-79.2045471,-3.95365835,0],[-79.20448531,-3.9550745,0],[-79.20447054,-3.95541289,0],[-79.20414868,-3.95610398,0],[-79.20427009,-3.95737691,0],[-79.20431588,-3.95785703,0],[-79.20386886,-3.95826419,0],[-79.20331439,-3.9587692,0],[-79.20329142,-3.95879012,0],[-79.20312165,-3.95894474,0],[-79.20311873,-3.9589475,0],[-79.20308882,-3.95897568,0],[-79.20295742,-3.95909951,0],[-79.20295734,-3.95909959,0],[-79.20212411,-3.95988481,0],[-79.20152209,-3.96045213,0],[-79.20146986,-3.96050136,0],[-79.20135948,-3.96060537,0],[-79.20123852,-3.96071937,0],[-79.20094587,-3.96099515,0],[-79.20055669,-3.9613619,0],[-79.20042,-3.96149071,0],[-79.20041747,-3.9614931,0],[-79.20030718,-3.96159703,0],[-79.20007666,-3.96181426,0],[-79.20006144,-3.96182861,0],[-79.20004713,-3.96184209,0],[-79.20000971,-3.96187736,0],[-79.19996325,-3.96194143,0],[-79.19986484,-3.96207717,0],[-79.19973546,-3.96225562,0],[-79.19970107,-3.96230306,0],[-79.19951863,-3.96223717,0],[-79.199459,-3.96221181,0],[-79.19929253,-3.96214098,0],[-79.19914613,-3.9620998,0],[-79.19907825,-3.9620807,0],[-79.19898276,-3.96217619,0],[-79.19889889,-3.96240329,0],[-79.1988984,-3.96263058,0],[-79.19877877,-3.96286957,0],[-79.19863023,-3.96289906,0],[-79.19861354,-3.96290238,0],[-79.19854044,-3.96291689,0],[-79.19831299,-3.96290688,0],[-79.1982546,-3.96290431,0],[-79.19792814,-3.96298121,0],[-79.19787857,-3.96287532,0],[-79.19778908,-3.9627913,0],[-79.19767521,-3.96272375,0],[-79.19753719,-3.96265077,0],[-79.19743962,-3.96259395,0],[-79.19735556,-3.96249475,0],[-79.19724607,-3.96235653,0],[-79.19718878,-3.96222471,0],[-79.19716074,-3.96216016,0],[-79.19710594,-3.96198019,0],[-79.19702537,-3.96171557,0],[-79.19665704,-3.96163119,0],[-79.1963714,-3.96156576,0],[-79.19641504,-3.96141448,0],[-79.19645631,-3.96123264,0],[-79.19633854,-3.9613163,0],[-79.19630301,-3.96133015,0],[-79.19628288,-3.961338,0],[-79.19620805,-3.96136719,0],[-79.19609832,-3.96140032,0],[-79.19589946,-3.96142855,0],[-79.19586106,-3.96144501,0],[-79.19576916,-3.96151625,0],[-79.19568211,-3.96159319,0],[-79.19559506,-3.96167013,0],[-79.19550801,-3.96178505,0],[-79.19549476,-3.96179406,0],[-79.19538924,-3.96183615,0],[-79.19519766,-3.96190834,0],[-79.19510746,-3.96194232,0],[-79.19507635,-3.96196323,0],[-79.19492963,-3.96206506,0],[-79.19488483,-3.96210156,0],[-79.19482742,-3.96214169,0],[-79.19478354,-3.96216888,0],[-79.19477679,-3.96217306,0],[-79.19466879,-3.96222452,0],[-79.19457027,-3.96226521,0],[-79.19453182,-3.96228953,0],[-79.19446227,-3.9623519,0],[-79.19442932,-3.9623758,0],[-79.19440754,-3.9623916,0],[-79.19432883,-3.96243415,0],[-79.19422035,-3.96248966,0],[-79.19401156,-3.96254074,0],[-79.19399475,-3.96254486,0],[-79.1939597,-3.96255343,0],[-79.19385629,-3.96257626,0],[-79.19377579,-3.9626184,0],[-79.19366821,-3.96277587,0],[-79.19363923,-3.96283052,0],[-79.19359896,-3.96290647,0],[-79.19352212,-3.96304854,0],[-79.19351789,-3.96321391,0],[-79.19348697,-3.96335617,0],[-79.1934294,-3.96341754,0],[-79.19331835,-3.96342887,0],[-79.19319951,-3.96346704,0],[-79.19301924,-3.96360128,0],[-79.19278533,-3.96376227,0],[-79.19265492,-3.96386579,0],[-79.19252073,-3.96391939,0],[-79.19247839,-3.96401542,0],[-79.19235942,-3.96415359,0],[-79.19228226,-3.96439956,0],[-79.19217465,-3.96457628,0],[-79.19202097,-3.96481819,0],[-79.19187124,-3.96498325,0],[-79.19188462,-3.96615834,0],[-79.19182649,-3.96660629,0],[-79.19179571,-3.96684344,0],[-79.19177949,-3.96696839,0],[-79.19124392,-3.96699241,0],[-79.19112494,-3.96697966,0],[-79.19100454,-3.96696676,0],[-79.19068401,-3.96692611,0],[-79.18975558,-3.96680215,0],[-79.18968791,-3.96679312,0],[-79.18965632,-3.9667889,0],[-79.1896552,-3.96678875,0],[-79.18961972,-3.96678401,0],[-79.18959637,-3.96678089,0],[-79.18957034,-3.96681682,0],[-79.1895513,-3.96685756,0],[-79.1895505,-3.96686433,0],[-79.18952818,-3.96705288,0],[-79.1895494,-3.96713244,0],[-79.18955586,-3.96715667,0],[-79.18958501,-3.96726592,0],[-79.18961856,-3.96739166,0],[-79.18962588,-3.96741913,0],[-79.18965797,-3.96753942,0],[-79.18966995,-3.96758432,0],[-79.18969035,-3.96761361,0],[-79.18976857,-3.96772591,0],[-79.18987557,-3.96778933,0],[-79.1899928,-3.96818374,0],[-79.18999319,-3.96818504,0],[-79.18999618,-3.96819512,0],[-79.1900806,-3.96881256,0],[-79.19020776,-3.96931843,0],[-79.19024724,-3.96941344,0],[-79.19023489,-3.96964477,0],[-79.19023379,-3.96966539,0],[-79.19021047,-3.97010226,0],[-79.19019189,-3.9704504,0],[-79.19063076,-3.97049708,0],[-79.19069656,-3.97050408,0],[-79.19081928,-3.97051713,0],[-79.19087967,-3.97052356,0],[-79.19141205,-3.97058018,0],[-79.19178485,-3.97061984,0],[-79.19220387,-3.97066441,0],[-79.19247428,-3.97145087,0],[-79.19230841,-3.97230136,0],[-79.19314646,-3.97295301,0],[-79.19312934,-3.97297767,0],[-79.19307617,-3.97305423,0],[-79.19303084,-3.97311951,0],[-79.19302957,-3.97312272,0],[-79.19298575,-3.97323375,0],[-79.19257026,-3.97428637,0],[-79.19227882,-3.97502473,0],[-79.19177768,-3.97629436,0],[-79.1917611,-3.97633637,0],[-79.19173218,-3.97640963,0],[-79.19173352,-3.97678096,0],[-79.19173461,-3.97708297,0],[-79.19173514,-3.97722984,0],[-79.19173564,-3.97736815,0],[-79.1917392,-3.9783562,0],[-79.19174105,-3.97887088,0],[-79.19174165,-3.97903585,0],[-79.19174284,-3.97936755,0],[-79.19174394,-3.97967208,0],[-79.19174412,-3.97972405,0],[-79.19174578,-3.98018318,0],[-79.19174602,-3.9802492,0],[-79.191753,-3.98218921,0],[-79.19175398,-3.98246172,0],[-79.19175409,-3.98249057,0],[-79.19175412,-3.98249964,0],[-79.19175438,-3.98257267,0],[-79.19175439,-3.98257367,0],[-79.1917551,-3.98277314,0],[-79.19175514,-3.98278217,0],[-79.19175524,-3.98280989,0],[-79.19175539,-3.98285164,0],[-79.19175541,-3.98285916,0],[-79.19175557,-3.98290184,0],[-79.19175714,-3.9833397,0],[-79.19176432,-3.98533222,0],[-79.19176448,-3.98537686,0],[-79.19174027,-3.98537518,0],[-79.19155936,-3.98536257,0],[-79.19125608,-3.98534145,0],[-79.1905928,-3.98536296,0],[-79.19058933,-3.98536839,0],[-79.19046959,-3.98555583,0],[-79.19039718,-3.98566919,0],[-79.18995789,-3.98635682,0],[-79.18981268,-3.98652493,0],[-79.18965995,-3.98664709,0],[-79.18955174,-3.98674857,0],[-79.18924789,-3.98682992,0],[-79.18912017,-3.98692799,0],[-79.18813056,-3.98768784,0],[-79.1879696,-3.9877639,0],[-79.18779078,-3.9878484,0],[-79.18764,-3.98791965,0],[-79.18692133,-3.98825066,0],[-79.1867484,-3.98866564,0],[-79.18671629,-3.98874269,0],[-79.18670098,-3.98873848,0],[-79.18666287,-3.98873646,0],[-79.18661545,-3.98873395,0],[-79.18656475,-3.98874016,0],[-79.18650151,-3.98875151,0],[-79.18638934,-3.98878698,0],[-79.18626457,-3.98885768,0],[-79.18623409,-3.98888076,0],[-79.18618564,-3.98892605,0],[-79.18612056,-3.98899752,0],[-79.18593841,-3.9893259,0],[-79.18584578,-3.98952318,0],[-79.18581556,-3.989581,0],[-79.1857739,-3.98966075,0],[-79.18571648,-3.98977083,0],[-79.18567421,-3.98995294,0],[-79.18565258,-3.99004585,0],[-79.18555863,-3.99022549,0],[-79.18547365,-3.99038083,0],[-79.18545463,-3.99040479,0],[-79.18544205,-3.99042064,0],[-79.18544133,-3.99042145,0],[-79.18543429,-3.9904303,0],[-79.18543068,-3.99043472,0],[-79.18532269,-3.99057003,0],[-79.18531159,-3.99058456,0],[-79.18523507,-3.99065555,0],[-79.18516288,-3.99073099,0],[-79.18494651,-3.99114176,0],[-79.18491686,-3.99118773,0],[-79.18484586,-3.99129785,0],[-79.1847772,-3.99140433,0],[-79.18472978,-3.99147123,0],[-79.18465965,-3.99155065,0],[-79.18456857,-3.99165389,0],[-79.18448316,-3.99172061,0],[-79.18408576,-3.99203161,0],[-79.18373889,-3.99228775,0],[-79.18341741,-3.99252629,0],[-79.18323485,-3.99266205,0],[-79.18299524,-3.99283549,0],[-79.18282049,-3.99294768,0],[-79.18278546,-3.99296731,0],[-79.18270469,-3.99301257,0],[-79.18264641,-3.99304522,0],[-79.18258874,-3.99306463,0],[-79.18252805,-3.99306992,0],[-79.1824852,-3.9930644,0],[-79.18239005,-3.99305198,0],[-79.18235083,-3.99305656,0],[-79.18231069,-3.993067,0],[-79.18227906,-3.99308296,0],[-79.18224948,-3.99310299,0],[-79.1822233,-3.99313435,0],[-79.18220315,-3.99316595,0],[-79.18219359,-3.99320238,0],[-79.18219193,-3.99327225,0],[-79.18220514,-3.99333257,0],[-79.1822317,-3.99338717,0],[-79.18226663,-3.9934284,0],[-79.18228386,-3.9934423,0],[-79.18229636,-3.99345239,0],[-79.1823273,-3.99346203,0],[-79.18237922,-3.9934698,0],[-79.18243119,-3.99346549,0],[-79.18246436,-3.9934579,0],[-79.18255027,-3.99341621,0],[-79.18263323,-3.99339055,0],[-79.18329642,-3.99341212,0],[-79.18337644,-3.99342378,0],[-79.18351082,-3.9934126,0],[-79.18358155,-3.99339932,0],[-79.18359206,-3.99339735,0],[-79.18359691,-3.99339749,0],[-79.18360273,-3.99339535,0],[-79.18361664,-3.99339273,0],[-79.18371961,-3.99337,0],[-79.18375067,-3.99336004,0],[-79.18377194,-3.99335323,0],[-79.18379971,-3.99334434,0],[-79.18389169,-3.99337263,0],[-79.18397625,-3.99338353,0],[-79.184016,-3.99337961,0],[-79.18423161,-3.99325382,0],[-79.18433959,-3.99314781,0],[-79.18438039,-3.99312867,0],[-79.18456362,-3.99304271,0],[-79.18457695,-3.99303646,0],[-79.18461941,-3.99300573,0],[-79.18462905,-3.99299609,0],[-79.18470734,-3.992904,0],[-79.18487653,-3.99276379,0],[-79.18489948,-3.99274914,0],[-79.18492134,-3.99273518,0],[-79.18502304,-3.99268264,0],[-79.1850312,-3.99267842,0],[-79.18526079,-3.99262408,0],[-79.18529716,-3.99261455,0],[-79.18541638,-3.99256696,0],[-79.18547074,-3.99255445,0],[-79.18549462,-3.99255586,0],[-79.18552299,-3.99255804,0],[-79.18558046,-3.99258862,0],[-79.18558104,-3.99258903,0],[-79.18562083,-3.9926176,0],[-79.18569462,-3.99264899,0],[-79.18577234,-3.99265853,0],[-79.18578359,-3.99265918,0],[-79.18578458,-3.99267055,0],[-79.1857869,-3.99269727,0],[-79.18579028,-3.99271681,0],[-79.18609653,-3.99448907,0],[-79.18571324,-3.99819274,0],[-79.18568769,-3.99956547,0],[-79.18568769,-3.99956555,0],[-79.185671,-4.00046187,0],[-79.18431641,-4.00143827,0],[-79.18331143,-4.00216266,0],[-79.1822499,-4.00292782,0],[-79.18223152,-4.00294106,0],[-79.18211064,-4.00302819,0],[-79.1821055,-4.0030319,0],[-79.18204843,-4.00307303,0],[-79.18182838,-4.00323164,0],[-79.18181901,-4.0032384,0],[-79.18180908,-4.00324556,0],[-79.18167814,-4.00333994,0],[-79.18167083,-4.00334521,0],[-79.18158323,-4.00340835,0],[-79.18144142,-4.00351056,0],[-79.18146586,-4.0035722,0],[-79.18146841,-4.00357863,0],[-79.1815286,-4.00373047,0],[-79.18153206,-4.0037392,0],[-79.1815691,-4.00383264,0],[-79.18158706,-4.00387794,0],[-79.18159331,-4.0038937,0],[-79.18166975,-4.00408653,0],[-79.18167374,-4.0040966,0],[-79.18170845,-4.00418416,0],[-79.18262475,-4.0064956,0],[-79.18296385,-4.00735101,0],[-79.1830026,-4.00744875,0],[-79.18303433,-4.00752881,0],[-79.18319627,-4.0079373,0],[-79.18131518,-4.00900518,0],[-79.18256687,-4.01091361,0],[-79.18261856,-4.01099243,0],[-79.18262686,-4.01100508,0],[-79.18263248,-4.01101366,0],[-79.18266559,-4.01106413,0],[-79.18274428,-4.01106431,0],[-79.18293492,-4.01112304,0],[-79.18328294,-4.01128208,0],[-79.18357412,-4.01148195,0],[-79.18376908,-4.01153632,0],[-79.18399051,-4.01152075,0],[-79.18425264,-4.0114863,0],[-79.18447898,-4.01141014,0],[-79.18465143,-4.01141337,0],[-79.1846647,-4.01141538,0],[-79.18486057,-4.01144506,0],[-79.18493472,-4.01146103,0],[-79.18504708,-4.01148523,0],[-79.1851743,-4.01148835,0],[-79.18526485,-4.0114488,0],[-79.18531034,-4.01133534,0],[-79.18538712,-4.01116808,0],[-79.18549053,-4.01107686,0],[-79.18550885,-4.01106071,0],[-79.18555417,-4.01102073,0],[-79.18556152,-4.01101809,0],[-79.18569316,-4.0109707,0],[-79.18620682,-4.0109462,0],[-79.18620686,-4.0109462,0],[-79.18621835,-4.01094565,0],[-79.18804693,-4.01085844,0],[-79.18858981,-4.01083254,0],[-79.18991461,-4.01076935,0],[-79.1899269,-4.01076877,0],[-79.18994584,-4.01076787,0],[-79.18997845,-4.01076564,0],[-79.1899914,-4.01076476,0],[-79.19195981,-4.01063057,0],[-79.19335815,-4.01053524,0],[-79.19340305,-4.01053218,0],[-79.19340327,-4.01053281,0],[-79.19342119,-4.01058426,0],[-79.19350034,-4.01081149,0],[-79.1938481,-4.01180989,0],[-79.19393882,-4.01207034,0],[-79.19422322,-4.01288682,0],[-79.19422642,-4.01289601,0],[-79.19422648,-4.01289618,0],[-79.19440232,-4.01340593,0],[-79.19454204,-4.01381095,0],[-79.19454208,-4.01381107,0],[-79.19482025,-4.01461742,0],[-79.1949218,-4.01491073,0],[-79.19526683,-4.01590727,0],[-79.19541667,-4.01634004,0],[-79.19561945,-4.01692573,0],[-79.19566439,-4.01705553,0],[-79.19594345,-4.01786152,0],[-79.19596515,-4.01792421,0],[-79.19597627,-4.01795631,0],[-79.19599657,-4.01801495,0],[-79.19604748,-4.01816199,0],[-79.19604428,-4.01840427,0],[-79.19603848,-4.01884393,0],[-79.19603515,-4.01909651,0],[-79.19601692,-4.02047768,0],[-79.19600943,-4.0210455,0],[-79.19602068,-4.02106302,0],[-79.19632983,-4.02152465,0],[-79.19633957,-4.0215392,0],[-79.19638117,-4.02189111,0],[-79.19638135,-4.02189266,0],[-79.19640714,-4.02211083,0],[-79.19642337,-4.02224809,0],[-79.19642352,-4.02224937,0],[-79.19642433,-4.02225621,0],[-79.19642539,-4.02226521,0],[-79.19643016,-4.02230552,0],[-79.19643958,-4.02238522,0],[-79.19644079,-4.02239545,0],[-79.1964461,-4.02244041,0],[-79.19645136,-4.02248486,0],[-79.19645142,-4.02248537,0],[-79.19645731,-4.02253526,0],[-79.19645816,-4.02254244,0],[-79.19646205,-4.02257529,0],[-79.19648422,-4.02276289,0],[-79.19649261,-4.02283385,0],[-79.19648798,-4.02301737,0],[-79.19622805,-4.02325845,0],[-79.1959666,-4.02350095,0],[-79.19595859,-4.02350837,0],[-79.19580632,-4.0236496,0],[-79.19582721,-4.02375753,0],[-79.19587544,-4.02400673,0],[-79.19591269,-4.02419921,0],[-79.19599001,-4.02459874,0],[-79.19604792,-4.02484597,0],[-79.19628049,-4.02583884,0],[-79.19651695,-4.02678122,0],[-79.19652062,-4.02679586,0],[-79.19654992,-4.02684118,0],[-79.19670587,-4.02708244,0],[-79.19675363,-4.02715633,0],[-79.19675886,-4.02716442,0],[-79.19679567,-4.02716884,0],[-79.19690351,-4.02718179,0],[-79.19692343,-4.02718418,0],[-79.19724221,-4.02722246,0],[-79.19726078,-4.02722469,0],[-79.19763915,-4.02727012,0],[-79.19767358,-4.02727426,0],[-79.19767154,-4.02729093,0],[-79.1976692,-4.02730999,0],[-79.19764638,-4.02749615,0],[-79.19763328,-4.02760307,0],[-79.1976121,-4.02777587,0],[-79.19760887,-4.02780215,0],[-79.19760808,-4.0278086,0],[-79.19760777,-4.02781112,0],[-79.19759511,-4.02791444,0],[-79.19758802,-4.02797228,0],[-79.19758776,-4.02797437,0],[-79.19757826,-4.02805191,0],[-79.19756661,-4.02814695,0],[-79.19755971,-4.02820322,0],[-79.19755813,-4.02821609,0],[-79.19755793,-4.02821773,0],[-79.19755791,-4.02821789,0],[-79.19755536,-4.02823867,0],[-79.19754934,-4.0282878,0],[-79.1975238,-4.02849615,0],[-79.19751639,-4.02855665,0],[-79.19729864,-4.03033305,0],[-79.19726859,-4.03057815,0],[-79.19702833,-4.03253818,0],[-79.19701396,-4.03265543,0],[-79.19701068,-4.03266934,0],[-79.19700744,-4.03268311,0],[-79.19698604,-4.03278998,0],[-79.19698066,-4.03281681,0],[-79.1969556,-4.0329419,0],[-79.19692407,-4.03309932,0],[-79.19691697,-4.03313479,0],[-79.19654973,-4.03496816,0],[-79.19648572,-4.03528773,0],[-79.19647183,-4.03535707,0],[-79.19638813,-4.0357749,0],[-79.19622519,-4.03658835,0],[-79.19618987,-4.03676466,0],[-79.19617087,-4.0368595,0],[-79.19612929,-4.03706709,0],[-79.19612927,-4.03706719,0],[-79.19606224,-4.03740181,0],[-79.19602959,-4.03756481,0],[-79.19602209,-4.03760227,0],[-79.1955672,-4.03987313,0],[-79.19549883,-4.04021446,0],[-79.19543252,-4.04054548,0],[-79.19543132,-4.04055149,0],[-79.19542034,-4.04060631,0],[-79.19541943,-4.04061084,0],[-79.19537909,-4.04081225,0],[-79.19536059,-4.04090456,0],[-79.19534216,-4.04122988,0],[-79.19531236,-4.04175597,0],[-79.19528258,-4.04228143,0],[-79.19527168,-4.04247399,0],[-79.19526965,-4.04250967,0],[-79.1952658,-4.04257769,0],[-79.19526185,-4.04264734,0],[-79.1952542,-4.04278248,0],[-79.19496462,-4.04789335,0],[-79.19494926,-4.04816438,0],[-79.19494368,-4.04826287,0],[-79.19480062,-4.0488037,0],[-79.19459877,-4.04956679,0],[-79.19454865,-4.04975624,0],[-79.19444538,-4.05014665,0],[-79.19434893,-4.05051126,0],[-79.19422176,-4.05099204,0],[-79.19420525,-4.05104525,0],[-79.19411057,-4.05135036,0],[-79.1940931,-4.05140666,0],[-79.19408361,-4.05143726,0],[-79.19404958,-4.05154692,0],[-79.19403078,-4.0516075,0],[-79.1940092,-4.05167706,0],[-79.19395433,-4.05185387,0],[-79.19394437,-4.05200824,0],[-79.19393981,-4.05207881,0],[-79.19393212,-4.05219795,0],[-79.19392574,-4.05229688,0],[-79.19392136,-4.05236475,0],[-79.19391193,-4.05251083,0],[-79.19394241,-4.0527201,0],[-79.19394553,-4.05274152,0],[-79.19398191,-4.05299124,0],[-79.19399632,-4.05309012,0],[-79.19400424,-4.05314448,0],[-79.19401576,-4.05319595,0],[-79.19408994,-4.05352742,0],[-79.19409892,-4.05356759,0],[-79.19412239,-4.05367243,0],[-79.19415015,-4.0537965,0],[-79.19415856,-4.05383409,0],[-79.19417659,-4.0538577,0],[-79.19417776,-4.05385923,0],[-79.19417959,-4.05386163,0],[-79.19418028,-4.05386254,0],[-79.1941897,-4.05387487,0],[-79.19421736,-4.0539111,0],[-79.19426155,-4.05396897,0],[-79.19435055,-4.05408553,0],[-79.19435162,-4.05408693,0],[-79.19435475,-4.05409103,0],[-79.19435603,-4.0540927,0],[-79.19439884,-4.05414877,0],[-79.19439942,-4.05414954,0],[-79.19449626,-4.05427636,0],[-79.19453717,-4.05432994,0],[-79.19464501,-4.05447117,0],[-79.19475957,-4.05462122,0],[-79.19486246,-4.05475596,0],[-79.19495703,-4.05487982,0],[-79.19497763,-4.05490679,0],[-79.19499724,-4.05493248,0],[-79.19508449,-4.05504674,0],[-79.19515551,-4.05513976,0],[-79.19521314,-4.05521523,0],[-79.19541363,-4.05547782,0],[-79.19552391,-4.05562224,0],[-79.19554902,-4.05565513,0],[-79.19573153,-4.05589416,0],[-79.1958925,-4.05610498,0],[-79.19589555,-4.05617282,0],[-79.19590125,-4.05630018,0],[-79.19590446,-4.05637169,0],[-79.19590677,-4.05642331,0],[-79.19591431,-4.0565914,0],[-79.19591734,-4.05665893,0],[-79.19592156,-4.05675321,0],[-79.19592458,-4.0568201,0],[-79.19592809,-4.05689796,0],[-79.19593769,-4.05711087,0],[-79.19594637,-4.05719315,0],[-79.19594727,-4.05720166,0],[-79.19596164,-4.05733787,0],[-79.19596692,-4.05736781,0],[-79.19596825,-4.05737538,0],[-79.1959712,-4.05739207,0],[-79.19599481,-4.05748876,0],[-79.19600096,-4.05751398,0],[-79.19607894,-4.05783335,0],[-79.1960597,-4.05796009,0],[-79.1961045,-4.05817073,0],[-79.19613051,-4.05825692,0],[-79.19618495,-4.05841733,0],[-79.19622043,-4.05853464,0],[-79.19627203,-4.05868666,0],[-79.19629813,-4.05877974,0],[-79.19636209,-4.05899308,0],[-79.19640462,-4.05898551,0],[-79.19646564,-4.05897464,0],[-79.19666709,-4.05892573,0],[-79.19673078,-4.05891027,0],[-79.19673286,-4.05890976,0],[-79.19675801,-4.05890366,0],[-79.19718588,-4.05879977,0],[-79.1972221,-4.0589111,0],[-79.19724159,-4.05896305,0],[-79.19724448,-4.05897074,0],[-79.19724513,-4.05897253,0],[-79.19732324,-4.05926958,0],[-79.19733878,-4.05932469,0],[-79.19736052,-4.0593902,0],[-79.19737744,-4.05943355,0],[-79.19740022,-4.0594742,0],[-79.19741872,-4.05949875,0],[-79.19744652,-4.05954846,0],[-79.19747602,-4.05960504,0],[-79.19750701,-4.05964028,0],[-79.19752889,-4.05968193,0],[-79.19754275,-4.05972681,0],[-79.19755928,-4.05978408,0],[-79.19757798,-4.05984064,0],[-79.19758377,-4.05991098,0],[-79.19758937,-4.0599791,0],[-79.19760733,-4.06008485,0],[-79.19762287,-4.06022323,0],[-79.19766138,-4.06031736,0],[-79.19771363,-4.06038828,0],[-79.19773608,-4.06041907,0],[-79.19776095,-4.06044779,0],[-79.19778264,-4.06049504,0],[-79.19780148,-4.06052854,0],[-79.19781757,-4.06058093,0],[-79.1978265,-4.06061441,0],[-79.19783246,-4.06064851,0],[-79.19783382,-4.06068315,0],[-79.1978317,-4.06070656,0],[-79.19781808,-4.06075627,0],[-79.19780992,-4.06078419,0],[-79.19778821,-4.06082574,0],[-79.19776561,-4.06086674,0],[-79.19776469,-4.06091358,0],[-79.19776633,-4.06094676,0],[-79.19776067,-4.0609794,0],[-79.19775451,-4.06100009,0],[-79.19774992,-4.06103887,0],[-79.19774983,-4.06107784,0],[-79.19774251,-4.061131,0],[-79.19775414,-4.06116439,0],[-79.19775584,-4.06121322,0],[-79.19776563,-4.06126099,0],[-79.19778892,-4.06131991,0],[-79.19780862,-4.06136688,0],[-79.19782643,-4.06141466,0],[-79.19784506,-4.06146209,0],[-79.19786693,-4.06150816,0],[-79.19789274,-4.0615622,0],[-79.19791721,-4.06161687,0],[-79.19793838,-4.06165173,0],[-79.19795986,-4.06171056,0],[-79.19798648,-4.06176713,0],[-79.19801165,-4.06182434,0],[-79.19802966,-4.06186697,0],[-79.1980547,-4.06190581,0],[-79.19807274,-4.06193298,0],[-79.19811223,-4.06198913,0],[-79.19815407,-4.06204339,0],[-79.19817389,-4.06208413,0],[-79.19824714,-4.06220924,0],[-79.19833536,-4.06235992,0],[-79.19837735,-4.06242656,0],[-79.1984334,-4.06253203,0],[-79.19845177,-4.06257376,0],[-79.19846852,-4.06261322,0],[-79.19852113,-4.06256252,0],[-79.19855136,-4.06253768,0],[-79.19857589,-4.06251752,0],[-79.19863919,-4.06247698,0],[-79.19872323,-4.06244004,0],[-79.19872599,-4.06243883,0],[-79.19880371,-4.06239659,0],[-79.19885079,-4.06236388,0],[-79.19892907,-4.06235013,0],[-79.19909704,-4.06233431,0],[-79.1992306,-4.06236617,0],[-79.19932191,-4.06240661,0],[-79.19938632,-4.0624347,0],[-79.19944984,-4.06246251,0],[-79.19957381,-4.06251071,0],[-79.19970711,-4.06262259,0],[-79.19986831,-4.06269475,0],[-79.19987508,-4.06243973,0],[-79.19987781,-4.06233661,0],[-79.19988256,-4.0621573,0],[-79.19987858,-4.06212411,0],[-79.19987029,-4.06209871,0],[-79.19986147,-4.06207168,0],[-79.19985548,-4.06204281,0],[-79.19982779,-4.06190926,0],[-79.19961827,-4.06089873,0],[-79.19960311,-4.06087139,0],[-79.19954699,-4.06080182,0],[-79.19951212,-4.0607304,0],[-79.19950302,-4.06069149,0],[-79.19950587,-4.06066555,0],[-79.19953596,-4.06061814,0],[-79.19955108,-4.06058165,0],[-79.19955206,-4.06054222,0],[-79.19954179,-4.06050404,0],[-79.1995339,-4.06045004,0],[-79.19953348,-4.06039542,0],[-79.19953013,-4.0603695,0],[-79.19953617,-4.0601587,0],[-79.19934688,-4.05979033,0],[-79.19860723,-4.05770824,0],[-79.19860442,-4.05770034,0],[-79.19828989,-4.05754281,0],[-79.1982892,-4.05754247,0],[-79.19824496,-4.05752031,0],[-79.19823762,-4.05747369,0],[-79.19800558,-4.05600053,0],[-79.19797081,-4.05491272,0],[-79.19796916,-4.05486121,0],[-79.19796885,-4.05485154,0],[-79.19798235,-4.05482602,0],[-79.19801482,-4.0547646,0],[-79.19802485,-4.05474565,0],[-79.19805668,-4.05468543,0],[-79.19805982,-4.0546795,0],[-79.19814759,-4.05451351,0],[-79.1981657,-4.05447926,0],[-79.19817291,-4.05446563,0],[-79.19817837,-4.0544553,0],[-79.19822486,-4.05436737,0],[-79.19825597,-4.05430854,0],[-79.19830623,-4.05421349,0],[-79.19830841,-4.05420937,0],[-79.19832788,-4.05417237,0],[-79.19833528,-4.0541583,0],[-79.19833665,-4.05415569,0],[-79.1983509,-4.0541282,0],[-79.19835899,-4.05411209,0],[-79.19837419,-4.05408183,0],[-79.19839247,-4.0540437,0],[-79.19839983,-4.05402729,0],[-79.19841342,-4.05399702,0],[-79.19842652,-4.05396523,0],[-79.19843079,-4.05395488,0],[-79.19843996,-4.05393077,0],[-79.19844226,-4.05392435,0],[-79.19844864,-4.05390648,0],[-79.19845496,-4.05388749,0],[-79.19845618,-4.05388384,0],[-79.19846319,-4.05386103,0],[-79.19847027,-4.0538358,0],[-79.19847666,-4.05381039,0],[-79.19848202,-4.05378624,0],[-79.19848668,-4.05376194,0],[-79.1984905,-4.05373836,0],[-79.19849925,-4.05362933,0],[-79.19849919,-4.05360266,0],[-79.19849828,-4.05357601,0],[-79.19849651,-4.0535494,0],[-79.19849589,-4.05354311,0],[-79.19849435,-4.05353178,0],[-79.19848554,-4.05346721,0],[-79.19848195,-4.05344814,0],[-79.19847871,-4.05343316,0],[-79.19847641,-4.05342253,0],[-79.19847078,-4.05339933,0],[-79.19846724,-4.0533861,0],[-79.19846517,-4.05337833,0],[-79.19846508,-4.05337799,0],[-79.19846462,-4.05337628,0],[-79.19845742,-4.0533515,0],[-79.19844971,-4.05332688,0],[-79.19843492,-4.05328377,0],[-79.19843109,-4.05327364,0],[-79.19841681,-4.0532359,0],[-79.19840087,-4.05319673,0],[-79.19838847,-4.05316784,0],[-79.19838371,-4.05315673,0],[-79.1983804,-4.05314903,0],[-79.19836784,-4.05312072,0],[-79.19834288,-4.05306543,0],[-79.19825417,-4.05286996,0],[-79.19818925,-4.0527269,0],[-79.19818178,-4.05271045,0],[-79.19816294,-4.05266893,0],[-79.19815978,-4.05266198,0],[-79.19809054,-4.05250939,0],[-79.19808868,-4.05250531,0],[-79.19803139,-4.05237906,0],[-79.19798306,-4.05227258,0],[-79.19792969,-4.05215497,0],[-79.1979086,-4.05210851,0],[-79.1979041,-4.05209855,0],[-79.19788404,-4.05205409,0],[-79.19787212,-4.05202724,0],[-79.19785877,-4.05199613,0],[-79.19785304,-4.05198276,0],[-79.19783866,-4.05194744,0],[-79.19782266,-4.05190514,0],[-79.19781669,-4.05188775,0],[-79.19781007,-4.05186847,0],[-79.19780364,-4.05184791,0],[-79.19779765,-4.05182732,0],[-79.19779443,-4.05181524,0],[-79.19779268,-4.05180868,0],[-79.19778815,-4.05179004,0],[-79.19778443,-4.05177285,0],[-79.19778378,-4.05176984,0],[-79.19777995,-4.05174952,0],[-79.19777699,-4.05173097,0],[-79.19777657,-4.05172775,0],[-79.19777457,-4.05171234,0],[-79.19777281,-4.05169431,0],[-79.19777283,-4.0516926,0],[-79.19777322,-4.05164459,0],[-79.19777326,-4.05164052,0],[-79.19777172,-4.05163876,0],[-79.19779874,-4.05161303,0],[-79.19787305,-4.05154228,0],[-79.19788644,-4.05152952,0],[-79.19802358,-4.05139894,0],[-79.19819873,-4.05123216,0],[-79.19824269,-4.0511903,0],[-79.19828763,-4.05114751,0],[-79.19833491,-4.05110249,0],[-79.19843746,-4.05100484,0],[-79.19860192,-4.05084824,0],[-79.20014603,-4.04937793,0],[-79.20028031,-4.04925007,0],[-79.200397,-4.04913895,0],[-79.20041555,-4.04912129,0],[-79.20062572,-4.04892116,0],[-79.20073998,-4.04881237,0],[-79.20078545,-4.04876906,0],[-79.20101845,-4.0485472,0],[-79.20111078,-4.04845928,0],[-79.20111431,-4.04845592,0],[-79.20139805,-4.04818574,0],[-79.20210954,-4.04750825,0],[-79.20211979,-4.04749849,0],[-79.20241511,-4.04721728,0],[-79.20294582,-4.04671192,0],[-79.20304494,-4.04661754,0],[-79.20328424,-4.04638967,0],[-79.20338086,-4.04629767,0],[-79.20384708,-4.04585373,0],[-79.20399356,-4.04571425,0],[-79.2040877,-4.0456246,0],[-79.20425569,-4.04546463,0],[-79.20427849,-4.04544293,0],[-79.20441492,-4.04531301,0],[-79.20475889,-4.04498548,0],[-79.20497003,-4.04478441,0],[-79.20501062,-4.04474577,0],[-79.20504246,-4.04471545,0],[-79.20537294,-4.04440075,0],[-79.20539215,-4.04438247,0],[-79.20539867,-4.04437625,0],[-79.205485,-4.04429405,0],[-79.20552486,-4.04425609,0],[-79.20567777,-4.04411049,0],[-79.20568557,-4.04410306,0],[-79.20570687,-4.04408278,0],[-79.20574938,-4.0440423,0],[-79.20575107,-4.04404391,0],[-79.20577753,-4.04403433,0],[-79.20577997,-4.04403345,0],[-79.20581584,-4.04402047,0],[-79.20582658,-4.04401807,0],[-79.20589046,-4.04400381,0],[-79.20591972,-4.04399728,0],[-79.20593197,-4.04399601,0],[-79.20597381,-4.04399166,0],[-79.20597976,-4.04399104,0],[-79.20605907,-4.04398886,0],[-79.20608641,-4.04399069,0],[-79.20611968,-4.04401183,0],[-79.20615811,-4.04405894,0],[-79.20616342,-4.0440744,0],[-79.20617395,-4.04410509,0],[-79.20617622,-4.04412281,0],[-79.20618349,-4.04417947,0],[-79.20618475,-4.0441893,0],[-79.20619001,-4.04421338,0],[-79.20619964,-4.04425751,0],[-79.20621945,-4.04429662,0],[-79.20625138,-4.04431269,0],[-79.20631612,-4.04435597,0],[-79.20632669,-4.04435857,0],[-79.20633259,-4.04436002,0],[-79.20641089,-4.04437924,0],[-79.20645258,-4.04438245,0],[-79.20655863,-4.0443906,0],[-79.20661445,-4.0443947,0],[-79.20663845,-4.04440102,0],[-79.20665557,-4.04440553,0],[-79.20666431,-4.04440783,0],[-79.2067072,-4.04443289,0],[-79.2067073,-4.04443307,0],[-79.20673006,-4.04448014,0],[-79.20672889,-4.04449401,0],[-79.20672847,-4.04449891,0],[-79.20672701,-4.04451621,0],[-79.20672173,-4.04452882,0],[-79.20670803,-4.0445615,0],[-79.20670664,-4.04456481,0],[-79.2066776,-4.04462841,0],[-79.20667706,-4.04462921,0],[-79.20666947,-4.04464067,0],[-79.20664778,-4.04467337,0],[-79.20664238,-4.04467571,0],[-79.20660614,-4.04469137,0],[-79.20659794,-4.04469523,0],[-79.20656549,-4.04471054,0],[-79.20654421,-4.04473286,0],[-79.20654184,-4.04473535,0],[-79.20653044,-4.04476209,0],[-79.20652463,-4.04478387,0],[-79.20652972,-4.04480441,0],[-79.20658227,-4.04486221,0],[-79.2066423,-4.04491488,0],[-79.20666036,-4.04493679,0],[-79.20666644,-4.04494416,0],[-79.20668271,-4.04496389,0],[-79.20673487,-4.04499828,0],[-79.20676324,-4.04500744,0],[-79.2068037,-4.0450205,0],[-79.20688366,-4.04502049,0],[-79.20694843,-4.04500879,0],[-79.20699018,-4.04498537,0],[-79.20700767,-4.04497013,0],[-79.20704674,-4.04493609,0],[-79.20704741,-4.04493551,0],[-79.20708139,-4.04490591,0],[-79.20718141,-4.04483575,0],[-79.20722176,-4.04480746,0],[-79.20722532,-4.04480496,0],[-79.20742343,-4.0447431,0],[-79.20742728,-4.0447419,0],[-79.20753016,-4.04470978,0],[-79.20754665,-4.04470543,0],[-79.2075484,-4.04470616,0],[-79.20755015,-4.04470691,0],[-79.20760489,-4.04473095,0],[-79.20761856,-4.04473791,0],[-79.20762681,-4.04474372,0],[-79.20766305,-4.04484291,0],[-79.20766371,-4.04490002,0],[-79.20766372,-4.04490083,0],[-79.20766451,-4.04496896,0],[-79.20766463,-4.04498,0],[-79.20769361,-4.0451347,0],[-79.20769418,-4.04513776,0],[-79.20772765,-4.0452317,0],[-79.20780042,-4.0453089,0],[-79.20787888,-4.0453372,0],[-79.20800011,-4.04544633,0],[-79.20813949,-4.04549665,0],[-79.20827354,-4.04550831,0],[-79.20833575,-4.04551372,0],[-79.20846367,-4.0454876,0],[-79.20858278,-4.04541851,0],[-79.20859414,-4.04540994,0],[-79.20864098,-4.04536429,0],[-79.20864824,-4.04546016,0],[-79.20865776,-4.04554296,0],[-79.20865849,-4.04554925,0],[-79.20866116,-4.04556184,0],[-79.20868426,-4.04567081,0],[-79.20870956,-4.04579007,0],[-79.2087567,-4.04576513,0],[-79.20879141,-4.04574884,0],[-79.2088435,-4.0457287,0],[-79.20896313,-4.04570564,0],[-79.2090124,-4.04569905,0],[-79.20921806,-4.04569568,0],[-79.20925022,-4.04569515,0],[-79.20927284,-4.04573361,0],[-79.20932056,-4.04581476,0],[-79.20936976,-4.0458839,0],[-79.20937586,-4.04589246,0],[-79.20942902,-4.04595751,0],[-79.20943342,-4.04579801,0],[-79.20943318,-4.04578661,0],[-79.20943242,-4.04576391,0],[-79.20942719,-4.045644,0],[-79.2094098,-4.0455265,0],[-79.20940929,-4.04549945,0],[-79.20940769,-4.04541417,0],[-79.20940734,-4.04539575,0],[-79.20940593,-4.04532041,0],[-79.20940276,-4.04515285,0],[-79.20940117,-4.04506839,0],[-79.20944879,-4.04470255,0],[-79.20945189,-4.04464504,0],[-79.20944395,-4.04457187,0],[-79.2094151,-4.04450724,0],[-79.20928462,-4.04426218,0],[-79.20928228,-4.04425819,0],[-79.20918827,-4.04409712,0],[-79.20910927,-4.04394738,0],[-79.20909001,-4.04390059,0],[-79.20908822,-4.04389634,0],[-79.20905758,-4.043743,0],[-79.20902801,-4.04355766,0],[-79.2090162,-4.04348209,0],[-79.20900811,-4.04342921,0],[-79.2090074,-4.04342478,0],[-79.20899219,-4.04333757,0],[-79.20899139,-4.04333314,0],[-79.20897239,-4.0431697,0],[-79.20897249,-4.04316518,0],[-79.2089765,-4.04289654,0],[-79.20888659,-4.04258907,0],[-79.20877787,-4.04227886,0],[-79.20873826,-4.04219106,0],[-79.20870609,-4.04211973,0],[-79.20839292,-4.04152501,0],[-79.20842971,-4.04149052,0],[-79.20849023,-4.04143378,0],[-79.20887294,-4.04107497,0],[-79.2089922,-4.04096316,0],[-79.20900125,-4.04095468,0],[-79.21020836,-4.03982296,0],[-79.21021877,-4.0398132,0],[-79.21029174,-4.03974479,0],[-79.21029176,-4.03974477,0],[-79.21029905,-4.03973794,0],[-79.21040727,-4.03963648,0],[-79.21047605,-4.03957199,0],[-79.21048268,-4.03956577,0],[-79.21050171,-4.03954794,0],[-79.21051128,-4.03953896,0],[-79.21051573,-4.03953479,0],[-79.21053332,-4.0395183,0],[-79.21064746,-4.03941129,0],[-79.21135257,-4.03875021,0],[-79.21145907,-4.03865037,0],[-79.21190598,-4.03823136,0],[-79.21198033,-4.03816165,0],[-79.21198286,-4.03816247,0],[-79.21228457,-4.03844356,0],[-79.21253745,-4.03873725,0],[-79.21275766,-4.03899298,0],[-79.21286497,-4.0391176,0],[-79.21295849,-4.03922957,0],[-79.21303174,-4.03931729,0],[-79.21304811,-4.03933689,0],[-79.21318279,-4.03949813,0],[-79.21322951,-4.03955408,0],[-79.21322985,-4.03956484,0],[-79.2130103,-4.04014804,0],[-79.21311153,-4.0402613,0],[-79.21316333,-4.04031767,0],[-79.21325676,-4.04041937,0],[-79.21345371,-4.04063374,0],[-79.21350653,-4.04069124,0],[-79.21358894,-4.04078707,0],[-79.21360074,-4.04080375,0],[-79.21367689,-4.04089651,0],[-79.21378877,-4.04100364,0],[-79.21392571,-4.04113334,0],[-79.2140646,-4.04126643,0],[-79.2142233,-4.04141849,0],[-79.21457116,-4.04175183,0],[-79.21485314,-4.04202264,0],[-79.21537137,-4.04251181,0],[-79.21601446,-4.0431386,0],[-79.21610209,-4.0432134,0],[-79.21631268,-4.04339317,0],[-79.21640108,-4.04346574,0],[-79.21655878,-4.04359518,0],[-79.21660026,-4.04352755,0],[-79.21665379,-4.04346663,0],[-79.21666076,-4.04346081,0],[-79.21670341,-4.04342523,0],[-79.21679858,-4.04334596,0],[-79.21686521,-4.04330822,0],[-79.21694217,-4.04328216,0],[-79.2169917,-4.04327884,0],[-79.2170374,-4.04329639,0],[-79.21702316,-4.04318251,0],[-79.21697416,-4.04293862,0],[-79.21695163,-4.04282644,0],[-79.21682932,-4.0427145,0],[-79.21665092,-4.04276221,0],[-79.21662805,-4.04264027,0],[-79.21660361,-4.04256008,0],[-79.21657428,-4.04246379,0],[-79.21657065,-4.04245188,0],[-79.21650253,-4.04226717,0],[-79.21639982,-4.04204441,0],[-79.21631774,-4.04190126,0],[-79.21623462,-4.04177873,0],[-79.21609365,-4.04159604,0],[-79.21590668,-4.04140492,0],[-79.2158018,-4.04131182,0],[-79.21568098,-4.04121932,0],[-79.2155953,-4.04115837,0],[-79.21550538,-4.04110057,0],[-79.21541141,-4.04104231,0],[-79.21530937,-4.0409654,0],[-79.21524592,-4.0409101,0],[-79.21523507,-4.04089843,0],[-79.21516094,-4.04081873,0],[-79.21515474,-4.04081206,0],[-79.21510687,-4.04075436,0],[-79.21505263,-4.04068877,0],[-79.21488631,-4.04048151,0],[-79.21474694,-4.04030958,0],[-79.21464441,-4.040172,0],[-79.21462683,-4.0401375,0],[-79.21454283,-4.03997304,0],[-79.21448669,-4.03986312,0],[-79.21443099,-4.03972266,0],[-79.21426116,-4.0392943,0],[-79.21418893,-4.03911212,0],[-79.21398099,-4.03858762,0],[-79.21377684,-4.0379621,0],[-79.21364802,-4.03756742,0],[-79.21364011,-4.0375432,0],[-79.21363514,-4.03752796,0],[-79.21357346,-4.03733897,0],[-79.21336762,-4.0370083,0],[-79.21332151,-4.03693422,0],[-79.21336095,-4.03689509,0],[-79.2134192,-4.03683732,0],[-79.21353274,-4.03672468,0],[-79.21353565,-4.03672179,0],[-79.21355029,-4.03670727,0],[-79.21387239,-4.03638775,0],[-79.21387243,-4.03638771,0],[-79.21484691,-4.03547408,0],[-79.21497745,-4.03535169,0],[-79.21498039,-4.03534893,0],[-79.21517544,-4.03516605,0],[-79.21517551,-4.03516599,0],[-79.21518208,-4.03515983,0],[-79.21520214,-4.03514102,0],[-79.21520558,-4.0351378,0],[-79.21537266,-4.03498115,0],[-79.2153898,-4.03496509,0],[-79.2155702,-4.03479594,0],[-79.2156448,-4.034726,0],[-79.21612237,-4.03427825,0],[-79.21618879,-4.03421597,0],[-79.21664774,-4.03378568,0],[-79.21671988,-4.03371804,0],[-79.21714298,-4.03332136,0],[-79.21722289,-4.03324643,0],[-79.21756441,-4.03292624,0],[-79.21765524,-4.03284107,0],[-79.21774302,-4.03275877,0],[-79.21774324,-4.03275856,0],[-79.21774363,-4.0327582,0],[-79.21817778,-4.03235115,0],[-79.21822144,-4.03231022,0],[-79.21827683,-4.03227268,0],[-79.22004682,-4.03107339,0],[-79.22032153,-4.03088724,0],[-79.22038337,-4.03084534,0],[-79.22040758,-4.03082894,0],[-79.22044841,-4.03080128,0],[-79.22051173,-4.03075837,0],[-79.2206758,-4.0306472,0],[-79.22081092,-4.03055564,0],[-79.22190144,-4.02981673,0],[-79.22204452,-4.02971978,0],[-79.22219864,-4.02961535,0],[-79.22232013,-4.02953303,0],[-79.22245652,-4.02944061,0],[-79.22298214,-4.02908446,0],[-79.22340521,-4.02879779,0],[-79.22565606,-4.02727264,0],[-79.22587721,-4.02712278,0],[-79.22589201,-4.02711276,0],[-79.22589371,-4.0271116,0],[-79.22610675,-4.02696725,0],[-79.22620233,-4.02690248,0],[-79.22649788,-4.02670222,0],[-79.22693013,-4.02640933,0],[-79.2270447,-4.02633169,0],[-79.22768659,-4.02589675,0],[-79.22768877,-4.0258977,0],[-79.22769482,-4.02589962,0],[-79.22769511,-4.02589971,0],[-79.22849927,-4.02615526,0],[-79.22941237,-4.02696776,0],[-79.22974731,-4.0273661,0],[-79.23017062,-4.02779982,0],[-79.2305964,-4.02833668,0],[-79.23080854,-4.02894962,0],[-79.23058033,-4.02915871,0],[-79.23024349,-4.02935102,0],[-79.23015286,-4.02940277,0],[-79.22999381,-4.0295618,0],[-79.22994605,-4.02959931,0],[-79.22919325,-4.03019058,0],[-79.22932031,-4.03025263,0],[-79.22894291,-4.03090368,0],[-79.22799828,-4.03138384,0],[-79.22772956,-4.03152044,0],[-79.22745088,-4.03313338,0],[-79.22713575,-4.03377308,0],[-79.22711735,-4.03381044,0],[-79.22709424,-4.03387511,0],[-79.22707879,-4.03391836,0],[-79.2270266,-4.03406444,0],[-79.22702284,-4.03407497,0],[-79.22710762,-4.03409074,0],[-79.22711142,-4.03409144,0],[-79.22735607,-4.03413696,0],[-79.22735685,-4.0341371,0],[-79.2273592,-4.03413754,0],[-79.22736034,-4.03413687,0],[-79.22736065,-4.03413668,0],[-79.22744528,-4.0340864,0],[-79.22754279,-4.03402847,0],[-79.2275679,-4.03401355,0],[-79.22757079,-4.03401184,0],[-79.22758865,-4.03400122,0],[-79.22771255,-4.03392762,0],[-79.22778621,-4.03386239,0],[-79.22781521,-4.03383672,0],[-79.22801171,-4.03366273,0],[-79.2280521,-4.03362696,0],[-79.22805551,-4.03362394,0],[-79.22836636,-4.0333487,0],[-79.22885472,-4.03343088,0],[-79.22931205,-4.03347782,0],[-79.22952055,-4.03345386,0],[-79.2297163,-4.03343135,0],[-79.22999837,-4.03339893,0],[-79.23000528,-4.03330538,0],[-79.23000687,-4.03328379,0],[-79.230029,-4.03298398,0],[-79.23011619,-4.0318029,0],[-79.23087194,-4.03134519,0],[-79.23088033,-4.03134704,0],[-79.23096255,-4.03161253,0],[-79.23126305,-4.03191177,0],[-79.23136985,-4.03188138,0],[-79.23143456,-4.03192363,0],[-79.23165215,-4.03177864,0],[-79.23186959,-4.03170638,0],[-79.23198542,-4.03135448,0],[-79.23204534,-4.03107715,0],[-79.23206131,-4.03092427,0],[-79.23210544,-4.03062889,0],[-79.23274385,-4.02948976,0],[-79.2327924,-4.02895047,0],[-79.23281415,-4.02870899,0],[-79.23249403,-4.02867002,0],[-79.23272284,-4.02682458,0],[-79.23082762,-4.0262972,0],[-79.22865052,-4.02569137,0],[-79.22843125,-4.02563035,0],[-79.22832371,-4.02546504,0],[-79.22860457,-4.02527473,0],[-79.22861111,-4.02527029,0],[-79.22869313,-4.02521472,0],[-79.22876886,-4.0251634,0],[-79.22931816,-4.02479119,0],[-79.23028843,-4.02413373,0],[-79.23045954,-4.02401779,0],[-79.23128326,-4.02345963,0],[-79.23131512,-4.02343804,0],[-79.23144728,-4.02334848,0],[-79.23146154,-4.02333882,0],[-79.23147726,-4.02332816,0],[-79.23161834,-4.02323257,0],[-79.23164043,-4.0232176,0],[-79.23164804,-4.02321244,0],[-79.23172694,-4.02315898,0],[-79.23173421,-4.02315405,0],[-79.23187657,-4.02305759,0],[-79.23188403,-4.02305254,0],[-79.2319064,-4.02303738,0],[-79.23216023,-4.02286538,0],[-79.23257267,-4.02258591,0],[-79.23259223,-4.02257265,0],[-79.23273086,-4.02247871,0],[-79.23273818,-4.02247375,0],[-79.23303258,-4.02227426,0],[-79.23326107,-4.02211943,0],[-79.23339336,-4.02202979,0],[-79.23368284,-4.02183363,0],[-79.23412386,-4.02153479,0],[-79.23427629,-4.0214315,0],[-79.23465836,-4.0211726,0],[-79.23499615,-4.02094371,0],[-79.23510857,-4.02086753,0],[-79.23527697,-4.02075342,0],[-79.2355394,-4.02057559,0],[-79.23572017,-4.02045309,0],[-79.23576077,-4.02042558,0],[-79.23582312,-4.02038333,0],[-79.23582585,-4.02038148,0],[-79.23583058,-4.02037828,0],[-79.23604068,-4.02023591,0],[-79.23608051,-4.02020892,0],[-79.23608718,-4.0202044,0],[-79.23608887,-4.02020325,0],[-79.23619634,-4.02013043,0],[-79.23672594,-4.01977156,0],[-79.23673268,-4.01976699,0],[-79.23693189,-4.019632,0],[-79.23702529,-4.01956871,0],[-79.2370544,-4.01954898,0],[-79.23730019,-4.01938243,0],[-79.23738578,-4.01932443,0],[-79.23742267,-4.01929944,0],[-79.23745811,-4.01927542,0],[-79.2375134,-4.01923795,0],[-79.23756599,-4.01920232,0],[-79.23760087,-4.01917868,0],[-79.23778239,-4.01905568,0],[-79.23790461,-4.01897286,0],[-79.23817403,-4.01879029,0],[-79.23820219,-4.01877121,0],[-79.23843353,-4.01861444,0],[-79.2387314,-4.0184126,0],[-79.23898029,-4.01824394,0],[-79.23903159,-4.01820917,0],[-79.23912168,-4.01814813,0],[-79.23915457,-4.01812585,0],[-79.23944571,-4.01792855,0],[-79.23948762,-4.01789835,0],[-79.23966462,-4.01778011,0],[-79.23967606,-4.01777246,0],[-79.23989833,-4.01762184,0],[-79.24002383,-4.01763993,0],[-79.24006755,-4.01788114,0],[-79.24015681,-4.01788703,0],[-79.24017729,-4.01788949,0],[-79.24032595,-4.01793285,0],[-79.2404625,-4.01799916,0],[-79.24057054,-4.01800274,0],[-79.24058649,-4.01799924,0],[-79.24060117,-4.01799801,0],[-79.24067626,-4.01799817,0],[-79.24071525,-4.01799826,0],[-79.24086896,-4.01799859,0],[-79.24103399,-4.01792778,0],[-79.2411552,-4.01788129,0],[-79.24119324,-4.0178603,0],[-79.24207648,-4.01753544,0],[-79.24189521,-4.01693375,0],[-79.24180958,-4.01689053,0],[-79.24167083,-4.01643186,0],[-79.24166871,-4.01642484,0],[-79.24167046,-4.01642397,0],[-79.24166943,-4.01642168,0],[-79.24166872,-4.01642009,0],[-79.24167102,-4.01641867,0],[-79.24169994,-4.01640077,0],[-79.24170242,-4.01639925,0],[-79.24170381,-4.01639838,0],[-79.24170762,-4.01639603,0],[-79.24170865,-4.01639539,0],[-79.24171091,-4.01639399,0],[-79.24171836,-4.01638938,0],[-79.24172683,-4.01638414,0],[-79.24172626,-4.01638317,0],[-79.24172641,-4.01638306,0],[-79.24175806,-4.01636162,0],[-79.24179707,-4.01633518,0],[-79.24180528,-4.01632962,0],[-79.24193787,-4.01623978,0],[-79.24194841,-4.01623263,0],[-79.24206827,-4.01615141,0],[-79.24208508,-4.01614002,0],[-79.24220195,-4.01606082,0],[-79.24223026,-4.01604164,0],[-79.24223336,-4.01603954,0],[-79.24226627,-4.01601724,0],[-79.24231142,-4.01598664,0],[-79.24232067,-4.01598037,0],[-79.24234775,-4.01596202,0],[-79.24237544,-4.01594326,0],[-79.24239144,-4.01593242,0],[-79.24246278,-4.01588407,0],[-79.24249433,-4.01586269,0],[-79.24249946,-4.01585922,0],[-79.24254068,-4.01583129,0],[-79.24258987,-4.01579795,0],[-79.242635,-4.01576737,0],[-79.24267846,-4.01573792,0],[-79.24276571,-4.01567879,0],[-79.24279936,-4.01565599,0],[-79.24292888,-4.01556822,0],[-79.24297251,-4.01553865,0],[-79.24307766,-4.0154674,0],[-79.24310872,-4.01544636,0],[-79.24321749,-4.01537265,0],[-79.24324492,-4.01535406,0],[-79.24336567,-4.01527224,0],[-79.24338447,-4.01525949,0],[-79.24339529,-4.01525216,0],[-79.24340593,-4.01524495,0],[-79.24344458,-4.01521876,0],[-79.24344691,-4.01521718,0],[-79.24351591,-4.01517043,0],[-79.24353422,-4.01515802,0],[-79.24358446,-4.01512397,0],[-79.24365277,-4.01507768,0],[-79.2436984,-4.01504676,0],[-79.24373945,-4.01501894,0],[-79.24373981,-4.0150187,0],[-79.24375725,-4.01500688,0],[-79.24380878,-4.01497196,0],[-79.24382457,-4.01496126,0],[-79.24385328,-4.0149418,0],[-79.24391412,-4.01490058,0],[-79.24395303,-4.01487421,0],[-79.24396975,-4.01486288,0],[-79.24412994,-4.01475433,0],[-79.24415769,-4.01473552,0],[-79.24426686,-4.01466154,0],[-79.24430445,-4.01463607,0],[-79.24442303,-4.01455571,0],[-79.24446916,-4.01452446,0],[-79.24457928,-4.01444983,0],[-79.24465499,-4.01439853,0],[-79.24474035,-4.01434068,0],[-79.24476921,-4.01432113,0],[-79.24477852,-4.01431482,0],[-79.24478814,-4.0143083,0],[-79.24487318,-4.01425067,0],[-79.24488456,-4.01424296,0],[-79.24489018,-4.01423915,0],[-79.24489417,-4.01423645,0],[-79.24492633,-4.01421465,0],[-79.24498727,-4.01417335,0],[-79.24498135,-4.01413159,0],[-79.24496442,-4.0140121,0],[-79.24496392,-4.01400859,0],[-79.24497008,-4.01400464,0],[-79.24505481,-4.01395027,0],[-79.24516012,-4.01388269,0],[-79.24521185,-4.01385523,0],[-79.24522523,-4.01383804,0],[-79.24525004,-4.01382469,0],[-79.24527483,-4.013819,0],[-79.24529662,-4.01381553,0],[-79.24530374,-4.0138144,0],[-79.24531492,-4.01382359,0],[-79.24531583,-4.01382434,0],[-79.24532872,-4.01383628,0],[-79.24534304,-4.01385153,0],[-79.24535782,-4.01387095,0],[-79.24536976,-4.01389126,0],[-79.24538444,-4.01392564,0],[-79.24541371,-4.01393606,0],[-79.24544802,-4.01393613,0],[-79.24548994,-4.01394005,0],[-79.24551851,-4.01395159,0],[-79.24554707,-4.01396505,0],[-79.24557371,-4.01398234,0],[-79.24559468,-4.01398047,0],[-79.24560426,-4.01395752,0],[-79.24562721,-4.01392312,0],[-79.2456635,-4.01388683,0],[-79.24569213,-4.01386392,0],[-79.24571508,-4.01382952,0],[-79.24575133,-4.01381046,0],[-79.24580665,-4.01378952,0],[-79.24589818,-4.01377058,0],[-79.24594809,-4.01376917,0],[-79.24596108,-4.0137688,0],[-79.24600492,-4.0137689,0],[-79.24604305,-4.01376132,0],[-79.24606974,-4.01375755,0],[-79.24610023,-4.01375953,0],[-79.24613832,-4.01377684,0],[-79.24616499,-4.01378264,0],[-79.2462488,-4.01380387,0],[-79.24629263,-4.01380971,0],[-79.24630089,-4.01381086,0],[-79.24633455,-4.01381554,0],[-79.24636123,-4.0138156,0],[-79.24636793,-4.01381682,0],[-79.24686536,-4.0142604,0],[-79.24686531,-4.01428179,0],[-79.24689736,-4.01436043,0],[-79.24692696,-4.01442069,0],[-79.24696492,-4.01449734,0],[-79.24699339,-4.01455003,0],[-79.24706472,-4.01461718,0],[-79.24709794,-4.01467946,0],[-79.24712641,-4.01473694,0],[-79.24712147,-4.01481827,0],[-79.24711179,-4.01489003,0],[-79.24711169,-4.01493788,0],[-79.24711152,-4.01501444,0],[-79.24718002,-4.01510973,0],[-79.24719697,-4.01516296,0],[-79.24721583,-4.0152587,0],[-79.24723472,-4.0153353,0],[-79.24724412,-4.01539753,0],[-79.24725826,-4.01546934,0],[-79.2472724,-4.01554593,0],[-79.24727226,-4.01560814,0],[-79.24729584,-4.01572303,0],[-79.24732429,-4.01579008,0],[-79.24738124,-4.01589547,0],[-79.24745247,-4.01601047,0],[-79.24749521,-4.01607755,0],[-79.24754743,-4.01616858,0],[-79.24760446,-4.01624048,0],[-79.24765201,-4.01628365,0],[-79.24770426,-4.01636032,0],[-79.24776607,-4.01642266,0],[-79.2478088,-4.01649931,0],[-79.24787061,-4.01655687,0],[-79.24796591,-4.01655707,0],[-79.24803262,-4.01655722,0],[-79.24805645,-4.01655727,0],[-79.24810891,-4.01653346,0],[-79.2481423,-4.01651917,0],[-79.24821859,-4.01649541,0],[-79.24829481,-4.01650036,0],[-79.24834707,-4.01657225,0],[-79.24841841,-4.01663461,0],[-79.24849998,-4.01672226,0],[-79.24857133,-4.01674671,0],[-79.24857309,-4.01674139,0],[-79.24858396,-4.01668886,0],[-79.2485886,-4.01663749,0],[-79.24859867,-4.01658691,0],[-79.24861405,-4.01653769,0],[-79.24864163,-4.01647042,0],[-79.24867357,-4.01640512,0],[-79.24870973,-4.01634207,0],[-79.24874996,-4.01628157,0],[-79.24885019,-4.01621453,0],[-79.24896051,-4.0161822,0],[-79.24898279,-4.01617976,0],[-79.24868462,-4.01587904,0],[-79.24854133,-4.01552514,0],[-79.24855817,-4.01547715,0],[-79.24869424,-4.01508941,0],[-79.24871041,-4.01504332,0],[-79.24896562,-4.01469304,0],[-79.24913653,-4.01445846,0],[-79.24918394,-4.0143934,0],[-79.24941618,-4.01431354,0],[-79.24938372,-4.01428532,0],[-79.24839018,-4.01342146,0],[-79.24820381,-4.01325941,0],[-79.24822447,-4.0132447,0],[-79.24825463,-4.01322324,0],[-79.24831836,-4.01317788,0],[-79.24831888,-4.01317752,0],[-79.24835015,-4.01315526,0],[-79.24844022,-4.01309116,0],[-79.24844067,-4.01309084,0],[-79.24844756,-4.01308594,0],[-79.24844769,-4.01308585,0],[-79.24854406,-4.01301726,0],[-79.24851102,-4.01301424,0],[-79.24845324,-4.01300896,0],[-79.24845295,-4.01300893,0],[-79.24844471,-4.01300609,0],[-79.24839194,-4.01298791,0],[-79.2483514,-4.01296928,0],[-79.24834508,-4.01296638,0],[-79.2482958,-4.01293499,0],[-79.2482585,-4.01290235,0],[-79.24825681,-4.01289421,0],[-79.24826618,-4.01284576,0],[-79.24826092,-4.01282079,0],[-79.24824971,-4.01280259,0],[-79.24818186,-4.01273209,0],[-79.24816983,-4.01271959,0],[-79.24813771,-4.01265062,0],[-79.24812787,-4.01262949,0],[-79.24810695,-4.01258458,0],[-79.24809684,-4.01256287,0],[-79.24808163,-4.01253023,0],[-79.24802368,-4.0124272,0],[-79.24795695,-4.01234856,0],[-79.24792878,-4.01225853,0],[-79.24788534,-4.01214658,0],[-79.24787923,-4.01213034,0],[-79.24786923,-4.01210377,0],[-79.24784941,-4.01206277,0],[-79.24782742,-4.01202935,0],[-79.24780656,-4.01200475,0],[-79.24772799,-4.01191214,0],[-79.24772649,-4.01191038,0],[-79.2477112,-4.01189236,0],[-79.24769377,-4.01187181,0],[-79.24767608,-4.01185334,0],[-79.24764241,-4.01181818,0],[-79.24755987,-4.011732,0],[-79.24754095,-4.01171224,0],[-79.24744464,-4.01160696,0],[-79.24730558,-4.01145493,0],[-79.24721402,-4.01132008,0],[-79.24717311,-4.01124133,0],[-79.24714388,-4.01118507,0],[-79.24707054,-4.01104388,0],[-79.247032,-4.01095781,0],[-79.24698985,-4.01087624,0],[-79.24694964,-4.01081602,0],[-79.24690725,-4.01076782,0],[-79.24690501,-4.01076541,0],[-79.24685406,-4.01071038,0],[-79.24679616,-4.01062534,0],[-79.24676564,-4.01058052,0],[-79.24674994,-4.01055751,0],[-79.24672582,-4.01053327,0],[-79.24669333,-4.0105006,0],[-79.24667719,-4.01051025,0],[-79.24666274,-4.01051885,0],[-79.24658385,-4.01056584,0],[-79.24656539,-4.01057683,0],[-79.24655723,-4.01058169,0],[-79.24654424,-4.01058944,0],[-79.24653634,-4.01059414,0],[-79.2464535,-4.0106435,0],[-79.24644819,-4.01064667,0],[-79.24634901,-4.01070576,0],[-79.24634829,-4.01070616,0],[-79.24628762,-4.01073972,0],[-79.24617339,-4.01080307,0],[-79.24614307,-4.01081989,0],[-79.24591386,-4.010947,0],[-79.2459116,-4.01094825,0],[-79.24588455,-4.0109633,0],[-79.24584327,-4.01098437,0],[-79.24583259,-4.01098983,0],[-79.24563086,-4.0110931,0],[-79.24549973,-4.01116023,0],[-79.24530826,-4.01126399,0],[-79.24528626,-4.01127588,0],[-79.24522189,-4.01131073,0],[-79.24510324,-4.01138381,0],[-79.24495544,-4.01147729,0],[-79.24495139,-4.01148032,0],[-79.24472902,-4.01164668,0],[-79.24472485,-4.01164979,0],[-79.2447053,-4.01166441,0],[-79.24468065,-4.01168285,0],[-79.24459854,-4.01169702,0],[-79.24459268,-4.01164196,0],[-79.24458358,-4.01157888,0],[-79.24457163,-4.01154593,0],[-79.24456338,-4.0115232,0],[-79.24453948,-4.01147308,0],[-79.24452674,-4.01138774,0],[-79.24453057,-4.01132376,0],[-79.24454736,-4.01124591,0],[-79.24459932,-4.01112733,0],[-79.24465863,-4.01102545,0],[-79.24470315,-4.01093097,0],[-79.2447218,-4.01084755,0],[-79.24473307,-4.01076041,0],[-79.24473131,-4.0107159,0],[-79.24476098,-4.01066125,0],[-79.24480359,-4.01059643,0],[-79.24481109,-4.01054452,0],[-79.2448112,-4.01049074,0],[-79.24479289,-4.01041837,0],[-79.24478184,-4.01040629,0],[-79.24474503,-4.01034872,0],[-79.24470633,-4.01030784,0],[-79.24467506,-4.01025213,0],[-79.24464746,-4.01020385,0],[-79.24463279,-4.0101556,0],[-79.24462551,-4.01010552,0],[-79.24462382,-4.01002947,0],[-79.24462955,-4.00994232,0],[-79.2446333,-4.00991266,0],[-79.24465001,-4.00987375,0],[-79.24467412,-4.00982558,0],[-79.24470011,-4.00976258,0],[-79.24470392,-4.00970695,0],[-79.2447059,-4.00964575,0],[-79.24469316,-4.00955856,0],[-79.24466741,-4.00950843,0],[-79.24463977,-4.00947685,0],[-79.24459369,-4.00943966,0],[-79.24455497,-4.00940804,0],[-79.24448859,-4.00936246,0],[-79.24443143,-4.00931783,0],[-79.24439088,-4.00928065,0],[-79.24434303,-4.00920637,0],[-79.24431185,-4.00910615,0],[-79.24428248,-4.00902078,0],[-79.24424025,-4.00890756,0],[-79.24419239,-4.00883327,0],[-79.24414449,-4.00877939,0],[-79.24406894,-4.00870319,0],[-79.24401551,-4.00864187,0],[-79.24394371,-4.00854064,0],[-79.24385718,-4.0084162,0],[-79.24377064,-4.00829547,0],[-79.24372649,-4.00821192,0],[-79.24367503,-4.00809497,0],[-79.24365304,-4.00801703,0],[-79.24364943,-4.00797715,0],[-79.24365696,-4.00791225,0],[-79.24367379,-4.007814,0],[-79.24367393,-4.00774909,0],[-79.24365759,-4.00761552,0],[-79.24362452,-4.00753571,0],[-79.24357295,-4.00747069,0],[-79.24351764,-4.00742791,0],[-79.24343647,-4.00738508,0],[-79.24340514,-4.00735534,0],[-79.24339965,-4.00733586,0],[-79.24337763,-4.00726533,0],[-79.24337964,-4.00719301,0],[-79.24336682,-4.0071392,0],[-79.24336505,-4.00710396,0],[-79.24333933,-4.0070427,0],[-79.24331909,-4.00700742,0],[-79.24330256,-4.00696288,0],[-79.24329528,-4.00691464,0],[-79.24329353,-4.00687013,0],[-79.24327711,-4.00677366,0],[-79.2432661,-4.00674396,0],[-79.2432865,-4.00670042,0],[-79.24331244,-4.00666153,0],[-79.24331523,-4.00665887,0],[-79.243355,-4.00662082,0],[-79.24337913,-4.00656524,0],[-79.24337924,-4.00651517,0],[-79.24336083,-4.00648545,0],[-79.24332948,-4.00646498,0],[-79.24329005,-4.00644905,0],[-79.24328335,-4.00644634,0],[-79.24322616,-4.00642025,0],[-79.24318929,-4.00638865,0],[-79.24316905,-4.00635337,0],[-79.24316919,-4.00628846,0],[-79.24317852,-4.00624582,0],[-79.24318785,-4.00619762,0],[-79.24318795,-4.00615311,0],[-79.24318066,-4.00610673,0],[-79.24315496,-4.0060362,0],[-79.24312922,-4.00598051,0],[-79.24313119,-4.00592395,0],[-79.24313498,-4.00587945,0],[-79.2431336,-4.00587385,0],[-79.24312948,-4.00585718,0],[-79.24310921,-4.00583859,0],[-79.24310754,-4.00583859,0],[-79.24307966,-4.00583853,0],[-79.24305011,-4.00583847,0],[-79.2430206,-4.00582542,0],[-79.24300586,-4.0058087,0],[-79.24296161,-4.00577336,0],[-79.24291551,-4.00574359,0],[-79.2428694,-4.00571382,0],[-79.24280115,-4.00567844,0],[-79.2427495,-4.00564865,0],[-79.24272004,-4.0056115,0],[-79.24270167,-4.00556324,0],[-79.24269253,-4.00552056,0],[-79.24269271,-4.0054334,0],[-79.2426965,-4.00539075,0],[-79.24270403,-4.005324,0],[-79.24270966,-4.00527951,0],[-79.24270795,-4.00521645,0],[-79.242721,-4.00516177,0],[-79.24272476,-4.00512839,0],[-79.24272482,-4.00510243,0],[-79.24271197,-4.00506531,0],[-79.2426899,-4.00502261,0],[-79.242642,-4.00496687,0],[-79.24261625,-4.00492045,0],[-79.24258866,-4.00486475,0],[-79.24255922,-4.00481647,0],[-79.24255005,-4.00478863,0],[-79.24254459,-4.00475153,0],[-79.24254652,-4.00471258,0],[-79.24255581,-4.00468479,0],[-79.24256142,-4.00464956,0],[-79.24256148,-4.00462174,0],[-79.24254861,-4.00459761,0],[-79.24252647,-4.00458458,0],[-79.24249513,-4.00456225,0],[-79.24246008,-4.00454363,0],[-79.24241579,-4.0045287,0],[-79.24236968,-4.00449893,0],[-79.24234021,-4.00446734,0],[-79.24231627,-4.00443483,0],[-79.24228678,-4.00440509,0],[-79.24225542,-4.00439205,0],[-79.24221664,-4.00439196,0],[-79.24216492,-4.00439371,0],[-79.24205571,-4.00432507,0],[-79.24202061,-4.00420716,0],[-79.24201803,-4.0041985,0],[-79.24201716,-4.00419558,0],[-79.24200983,-4.00417094,0],[-79.24199864,-4.00413334,0],[-79.24196152,-4.00400865,0],[-79.24171029,-4.00316466,0],[-79.2417886,-4.00305599,0],[-79.24197609,-4.00279579,0],[-79.24198305,-4.00278614,0],[-79.24213435,-4.00257617,0],[-79.2421615,-4.00253849,0],[-79.24221723,-4.00246115,0],[-79.24221927,-4.00245831,0],[-79.24237912,-4.00223647,0],[-79.24238094,-4.00223395,0],[-79.24239275,-4.00221756,0],[-79.24246219,-4.00212119,0],[-79.24249497,-4.0020757,0],[-79.24284686,-4.00158736,0],[-79.24288938,-4.00152835,0],[-79.24314387,-4.00117518,0],[-79.24317901,-4.00112641,0],[-79.24354916,-4.00061273,0],[-79.24357971,-4.00057033,0],[-79.24374527,-4.00034056,0],[-79.24383028,-4.00022258,0],[-79.24388249,-4.00015013,0],[-79.24390403,-4.00012024,0],[-79.24396914,-4.00002988,0],[-79.2443719,-4.00003685,0],[-79.24477732,-3.99984632,0],[-79.24503968,-3.99970333,0],[-79.2453498,-3.99951259,0],[-79.24575522,-3.99932206,0],[-79.24620075,-3.99907413,0],[-79.2462089,-3.9990696,0],[-79.24623617,-3.99905442,0],[-79.24626874,-3.99892961,0],[-79.24644856,-3.99889842,0],[-79.24650743,-3.99888821,0],[-79.24652151,-3.99888576,0],[-79.24660858,-3.99887066,0],[-79.24661321,-3.99887183,0],[-79.24676357,-3.99890992,0],[-79.24684669,-3.99893098,0],[-79.24700157,-3.99891935,0],[-79.24704962,-3.99887851,0],[-79.24715205,-3.99879146,0],[-79.24720151,-3.99874941,0],[-79.24724024,-3.9987165,0],[-79.24724651,-3.99863951,0],[-79.24724692,-3.99863446,0],[-79.24727204,-3.99832578,0],[-79.24735766,-3.99727325,0],[-79.24745463,-3.99648392,0],[-79.2475554,-3.99599159,0],[-79.2475511,-3.99593384,0],[-79.24759564,-3.99580046,0],[-79.24763936,-3.99566955,0],[-79.24764463,-3.9956544,0],[-79.24765644,-3.99562049,0],[-79.24767897,-3.99555578,0],[-79.24772951,-3.99557721,0],[-79.24775643,-3.99558016,0],[-79.24777643,-3.99557532,0],[-79.24781764,-3.99554502,0],[-79.24783344,-3.99552435,0],[-79.24785715,-3.99551364,0],[-79.24791403,-3.99552452,0],[-79.24793002,-3.99552285,0],[-79.24794799,-3.99552098,0],[-79.24799925,-3.99550707,0],[-79.24811043,-3.99547828,0],[-79.24818349,-3.99545936,0],[-79.24818857,-3.99545487,0],[-79.2483136,-3.99534454,0],[-79.24831475,-3.99534353,0],[-79.24839662,-3.99520719,0],[-79.2484358,-3.99514194,0],[-79.24852748,-3.99498926,0],[-79.24855845,-3.99493768,0],[-79.24873373,-3.99482864,0],[-79.24878163,-3.99478841,0],[-79.24880229,-3.9947682,0],[-79.24881504,-3.99474453,0],[-79.24882217,-3.99469255,0],[-79.24884101,-3.99464024,0],[-79.24890427,-3.99453421,0],[-79.24894482,-3.99443447,0],[-79.24897389,-3.99431064,0],[-79.24899683,-3.99419513,0],[-79.24902122,-3.99411361,0],[-79.24932443,-3.99358961,0],[-79.24937662,-3.99356051,0],[-79.24943482,-3.99354725,0],[-79.24952678,-3.99353651,0],[-79.24957123,-3.99350866,0],[-79.24961675,-3.99344058,0],[-79.24963051,-3.99340756,0],[-79.24964182,-3.99338041,0],[-79.24964169,-3.99336925,0],[-79.24964153,-3.99335471,0],[-79.24964129,-3.99333411,0],[-79.24962076,-3.99329093,0],[-79.24960948,-3.99321784,0],[-79.24959568,-3.99314601,0],[-79.2495191,-3.99295225,0],[-79.24942496,-3.9927598,0],[-79.24933046,-3.99265146,0],[-79.24949084,-3.9924445,0],[-79.24979058,-3.9922997,0],[-79.24997961,-3.99220838,0],[-79.25150557,-3.99147119,0],[-79.2508347,-3.9910335,0],[-79.25022791,-3.99063762,0],[-79.2483066,-3.98965209,0],[-79.24802697,-3.98947831,0],[-79.24750228,-3.98915223,0],[-79.24637154,-3.9884495,0],[-79.24591763,-3.9881674,0],[-79.24584365,-3.98808809,0],[-79.24547918,-3.98769739,0],[-79.24541368,-3.98756765,0],[-79.24495419,-3.9866575,0],[-79.24495262,-3.98665775,0],[-79.24488326,-3.9866708,0],[-79.24482023,-3.98667356,0],[-79.24475485,-3.98667649,0],[-79.24473859,-3.9866798,0],[-79.24470711,-3.98668621,0],[-79.24468063,-3.98669666,0],[-79.24465943,-3.98670568,0],[-79.2446491,-3.98671325,0],[-79.24448564,-3.98668752,0],[-79.24433435,-3.98666371,0],[-79.24359073,-3.98633534,0],[-79.24307992,-3.98633535,0],[-79.24294432,-3.98627583,0],[-79.24270494,-3.98617077,0],[-79.24268716,-3.98615972,0],[-79.2423894,-3.98597467,0],[-79.24179521,-3.98560539,0],[-79.24177117,-3.98559044,0],[-79.24129976,-3.98529747,0],[-79.24114118,-3.98519892,0],[-79.24056845,-3.98484298,0],[-79.24054685,-3.98482955,0],[-79.24028657,-3.98466778,0],[-79.24011978,-3.98456413,0],[-79.24009111,-3.98454631,0],[-79.2399069,-3.98443182,0],[-79.23984932,-3.98439604,0],[-79.23972764,-3.98432042,0],[-79.23970414,-3.98430581,0],[-79.23967449,-3.98428738,0],[-79.23966066,-3.98427879,0],[-79.23965136,-3.98427301,0],[-79.23961286,-3.98424908,0],[-79.23939965,-3.98411658,0],[-79.23920175,-3.98399358,0],[-79.23878366,-3.98373374,0],[-79.23840084,-3.98349746,0],[-79.23838418,-3.98348706,0],[-79.23838066,-3.98348486,0],[-79.23784581,-3.98315088,0],[-79.23847103,-3.98183366,0],[-79.23848427,-3.98180577,0],[-79.23858981,-3.9815834,0],[-79.23860169,-3.98155838,0],[-79.2387729,-3.98119766,0],[-79.23881958,-3.98109932,0],[-79.23887576,-3.98098096,0],[-79.23997578,-3.97866339,0],[-79.23998584,-3.97864218,0],[-79.24003929,-3.97852958,0],[-79.24011543,-3.97836915,0],[-79.24070304,-3.97713115,0],[-79.24070699,-3.97712282,0],[-79.24070718,-3.97712242,0],[-79.240786,-3.97695637,0],[-79.24080678,-3.97691258,0],[-79.24081372,-3.97689795,0],[-79.24083016,-3.97686332,0],[-79.24085098,-3.97681947,0],[-79.2408579,-3.97680488,0],[-79.24087604,-3.97676665,0],[-79.24092457,-3.97666441,0],[-79.24098597,-3.97653506,0],[-79.24351295,-3.97121097,0],[-79.24438149,-3.96938102,0],[-79.24461436,-3.96889037,0],[-79.2446399,-3.96883657,0],[-79.24473067,-3.96864532,0],[-79.2447312,-3.96864421,0],[-79.2449942,-3.96809007,0],[-79.24501853,-3.96803881,0],[-79.24569093,-3.96662209,0],[-79.24741774,-3.96298376,0],[-79.24744632,-3.96292353,0],[-79.24757693,-3.96299527,0],[-79.24760044,-3.962999,0],[-79.24763932,-3.96300733,0],[-79.2480225,-3.96313882,0],[-79.2481792,-3.96319259,0],[-79.24839907,-3.96326803,0],[-79.24846149,-3.96328945,0],[-79.24867073,-3.96336125,0],[-79.24868094,-3.96335735,0],[-79.25069391,-3.96258936,0],[-79.25095685,-3.96198205,0],[-79.25106849,-3.96172419,0],[-79.25107661,-3.96170544,0],[-79.2511225,-3.96159946,0],[-79.25112252,-3.96159941,0],[-79.25117353,-3.9614816,0],[-79.25117616,-3.96147552,0],[-79.25135912,-3.96105294,0],[-79.25138294,-3.96099792,0],[-79.25141855,-3.96091566,0],[-79.2514681,-3.96080123,0],[-79.25146875,-3.96079972,0],[-79.25152209,-3.96067652,0],[-79.25153889,-3.96063772,0],[-79.25153982,-3.96063557,0],[-79.25154249,-3.96062941,0],[-79.2515775,-3.96054855,0],[-79.2516501,-3.96038086,0],[-79.25165037,-3.96038025,0],[-79.2526878,-3.96091714,0],[-79.25282063,-3.96095556,0],[-79.25313727,-3.96104715,0],[-79.25330652,-3.9610828,0],[-79.25347704,-3.96111872,0],[-79.25378924,-3.96118448,0],[-79.25386265,-3.96119939,0],[-79.25419916,-3.96126772,0],[-79.2560061,-3.96100883,0],[-79.25633885,-3.96086223,0],[-79.25634233,-3.96086075,0],[-79.25634252,-3.96086068,0],[-79.25694802,-3.96061396,0],[-79.25721638,-3.96049026,0],[-79.25759109,-3.96031753,0],[-79.25759554,-3.96031558,0],[-79.25812953,-3.9600924,0],[-79.2581355,-3.96009008,0],[-79.25814023,-3.96008846,0],[-79.25850397,-3.95997146,0],[-79.25850551,-3.95997097,0],[-79.25856096,-3.95993183,0],[-79.2592654,-3.95943466,0],[-79.25933144,-3.95938805,0],[-79.25954672,-3.95922291,0],[-79.26003717,-3.9588467,0],[-79.26004434,-3.9588412,0],[-79.2602814,-3.95866314,0],[-79.25961939,-3.95831854,0],[-79.25960708,-3.95831213,0],[-79.25899667,-3.95857115,0],[-79.25825536,-3.95897935,0],[-79.25822838,-3.95898482,0],[-79.25807683,-3.95901555,0],[-79.25780831,-3.9590689,0],[-79.25749437,-3.9591263,0],[-79.25724949,-3.95917817,0],[-79.25710458,-3.95928684,0],[-79.25661186,-3.95956289,0],[-79.25609711,-3.95985127,0],[-79.25408302,-3.96058201,0],[-79.25392612,-3.96056509,0],[-79.25383891,-3.96055568,0],[-79.25381149,-3.96053858,0],[-79.25377324,-3.96050657,0],[-79.25375428,-3.96047994,0],[-79.25371513,-3.96042494,0],[-79.2536614,-3.96023572,0],[-79.25365447,-3.96018948,0],[-79.25364189,-3.96010543,0],[-79.25363253,-3.96004292,0],[-79.25359946,-3.95985122,0],[-79.25356734,-3.95967992,0],[-79.25355974,-3.95963934,0],[-79.25355962,-3.95963887,0],[-79.25353513,-3.95945621,0],[-79.25353272,-3.95943825,0],[-79.25349344,-3.95914527,0],[-79.2541356,-3.95865947,0],[-79.25404265,-3.9584984,0],[-79.2539873,-3.95840247,0],[-79.25388705,-3.95822875,0],[-79.25383011,-3.95813008,0],[-79.25382995,-3.9581298,0],[-79.25360947,-3.95774773,0],[-79.25332695,-3.95762079,0],[-79.25331838,-3.95761805,0],[-79.25318532,-3.95757554,0],[-79.25314269,-3.95755328,0],[-79.25307621,-3.95751857,0],[-79.25283604,-3.95738269,0],[-79.25274353,-3.95730105,0],[-79.25265358,-3.95719661,0],[-79.25258931,-3.95710468,0],[-79.25252207,-3.95700849,0],[-79.25250383,-3.9569824,0],[-79.25231717,-3.95679133,0],[-79.25230849,-3.95678332,0],[-79.25230113,-3.95677751,0],[-79.25222172,-3.95671925,0],[-79.25218623,-3.95669321,0],[-79.25215714,-3.95666094,0],[-79.25215335,-3.95665674,0],[-79.2521114,-3.9566102,0],[-79.25208632,-3.95658237,0],[-79.25207288,-3.95656339,0],[-79.25201105,-3.95647606,0],[-79.25199162,-3.95644863,0],[-79.25198349,-3.95641463,0],[-79.25192871,-3.95618558,0],[-79.25192045,-3.95615106,0],[-79.25190914,-3.95610374,0],[-79.25186653,-3.95571939,0],[-79.25187368,-3.95566437,0],[-79.25188331,-3.95559024,0],[-79.25192202,-3.95529238,0],[-79.25193944,-3.95515832,0],[-79.2520851,-3.95484329,0],[-79.25208713,-3.9548389,0],[-79.25219967,-3.95434755,0],[-79.2522646,-3.95414547,0],[-79.25244916,-3.95357112,0],[-79.25245846,-3.95355522,0],[-79.25288181,-3.95283118,0],[-79.25274517,-3.95256767,0],[-79.25254429,-3.95218193,0],[-79.25279629,-3.95165096,0],[-79.25283608,-3.95156711,0],[-79.25295339,-3.95131994,0],[-79.2534819,-3.95020632,0],[-79.25039285,-3.94824233,0],[-79.25020825,-3.94812497,0],[-79.24900203,-3.94735806,0],[-79.24810692,-3.94678895,0],[-79.24775286,-3.94656384,0],[-79.24705798,-3.94612204,0],[-79.2470299,-3.94610419,0],[-79.24660409,-3.94583345,0],[-79.24636787,-3.94568327,0],[-79.24617585,-3.94556118,0],[-79.24436271,-3.94440838,0],[-79.24432403,-3.94438379,0],[-79.24427876,-3.94435501,0],[-79.24355823,-3.94389689,0],[-79.24355773,-3.94389523,0],[-79.24354522,-3.94385305,0],[-79.24346303,-3.94357605,0],[-79.24318525,-3.94263982,0],[-79.24324272,-3.94249639,0],[-79.2433287,-3.9423913,0],[-79.24338628,-3.94220002,0],[-79.24342512,-3.94185558,0],[-79.24349244,-3.94155904,0],[-79.24349322,-3.94118977,0],[-79.24342115,-3.94112811,0],[-79.24341724,-3.94112554,0],[-79.24340538,-3.94111776,0],[-79.24332504,-3.94106508,0],[-79.24331522,-3.94105864,0],[-79.24329484,-3.94104527,0],[-79.24327572,-3.94103273,0],[-79.24311936,-3.94089545,0],[-79.24310804,-3.94087895,0],[-79.24310612,-3.94087478,0],[-79.24309837,-3.94085791,0],[-79.24309234,-3.94084114,0],[-79.24308257,-3.94081399,0],[-79.2429988,-3.94053077,0],[-79.24298262,-3.94045417,0],[-79.24279832,-3.94035216,0],[-79.24277294,-3.94033811,0],[-79.24276159,-3.94033183,0],[-79.24274614,-3.94032184,0],[-79.24274446,-3.9403204,0],[-79.24273953,-3.94031617,0],[-79.24259926,-3.94007989,0],[-79.24259761,-3.9400747,0],[-79.24258338,-3.9400299,0],[-79.24258061,-3.94002119,0],[-79.24257382,-3.93999983,0],[-79.24256002,-3.93995638,0],[-79.24244386,-3.93979582,0],[-79.24243313,-3.9397867,0],[-79.24242729,-3.93978174,0],[-79.24240355,-3.93976158,0],[-79.2421079,-3.93959108,0],[-79.24207939,-3.93957737,0],[-79.24205544,-3.93956585,0],[-79.24202845,-3.93955287,0],[-79.24188195,-3.93947172,0],[-79.24177208,-3.93937673,0],[-79.24175655,-3.9393609,0],[-79.24174865,-3.93934949,0],[-79.24174717,-3.93934736,0],[-79.24174294,-3.93934125,0],[-79.24159414,-3.93908795,0],[-79.24159289,-3.93908583,0],[-79.24156489,-3.93905405,0],[-79.24153123,-3.93901587,0],[-79.24148228,-3.93896032,0],[-79.24147311,-3.93895261,0],[-79.24138681,-3.93887863,0],[-79.241073,-3.93860962,0],[-79.24106505,-3.93860087,0],[-79.24105863,-3.93859251,0],[-79.24098215,-3.93848449,0],[-79.24089525,-3.93841874,0],[-79.24089259,-3.93841785,0],[-79.24086262,-3.93840771,0],[-79.2407708,-3.93837664,0],[-79.24075311,-3.93837066,0],[-79.24073724,-3.93836277,0],[-79.24072253,-3.93835287,0],[-79.24070924,-3.93834112,0],[-79.2402731,-3.93835385,0],[-79.24026334,-3.93835413,0],[-79.2401259,-3.93836129,0],[-79.24012127,-3.9383614,0],[-79.24011863,-3.93836147,0],[-79.24009398,-3.93835913,0],[-79.23991773,-3.93832421,0],[-79.23971265,-3.93827977,0],[-79.23968956,-3.93827476,0],[-79.23950445,-3.93821236,0],[-79.23942031,-3.93817318,0],[-79.23920675,-3.93807374,0],[-79.23895501,-3.93799976,0],[-79.23888118,-3.93799077,0],[-79.23871486,-3.93797053,0],[-79.23866357,-3.93796429,0],[-79.23859598,-3.93795606,0],[-79.2382397,-3.93792912,0],[-79.23821466,-3.93792907,0],[-79.23817273,-3.93792898,0],[-79.23816975,-3.93792897,0],[-79.23815329,-3.93792894,0],[-79.23786116,-3.93792832,0],[-79.23784589,-3.93792829,0],[-79.2377289,-3.93794553,0],[-79.23764869,-3.93795735,0],[-79.23764866,-3.93795736,0],[-79.23749423,-3.93798012,0],[-79.23745838,-3.93798632,0],[-79.23743987,-3.93799075,0],[-79.23742105,-3.93799621,0],[-79.23736168,-3.93801594,0],[-79.23730437,-3.93803499,0],[-79.23724479,-3.9380548,0],[-79.23710175,-3.93803912,0],[-79.23697208,-3.9380249,0],[-79.23694955,-3.93802243,0],[-79.23667007,-3.93799179,0],[-79.2366565,-3.93799177,0],[-79.23659425,-3.93799163,0],[-79.2365672,-3.93799158,0],[-79.23649322,-3.93799142,0],[-79.23637959,-3.93802229,0],[-79.23637333,-3.93802383,0],[-79.23635463,-3.93802795,0],[-79.23633146,-3.93803307,0],[-79.23630209,-3.93803956,0],[-79.23630191,-3.93803959,0],[-79.23628528,-3.93804327,0],[-79.2362783,-3.93804481,0],[-79.23625127,-3.93805078,0],[-79.23625097,-3.9380505,0],[-79.23603351,-3.93785966,0],[-79.23600821,-3.93779112,0],[-79.23596818,-3.93776688,0],[-79.23594498,-3.93775283,0],[-79.23589693,-3.93773894,0],[-79.23582582,-3.93773879,0],[-79.23582056,-3.93773878,0],[-79.23579275,-3.93773872,0],[-79.23575317,-3.93773863,0],[-79.23569829,-3.93773852,0],[-79.23565381,-3.93773842,0],[-79.23558343,-3.93773827,0],[-79.23558224,-3.93773828,0],[-79.23530541,-3.93774124,0],[-79.23528752,-3.93774143,0],[-79.23528676,-3.93774144,0],[-79.2352273,-3.93774207,0],[-79.23522105,-3.93773482,0],[-79.23521988,-3.93773346,0],[-79.23521894,-3.93773237,0],[-79.23521864,-3.93773195,0],[-79.23521818,-3.93773146,0],[-79.23520005,-3.93769841,0],[-79.23519993,-3.9376982,0],[-79.23519175,-3.93768328,0],[-79.23511607,-3.9375453,0],[-79.23511605,-3.93754527,0],[-79.23511023,-3.93753466,0],[-79.23510964,-3.9375336,0],[-79.23500007,-3.93733384,0],[-79.23498396,-3.93728822,0],[-79.23497343,-3.93727017,0],[-79.2349576,-3.937243,0],[-79.23495405,-3.93723691,0],[-79.23494177,-3.93721584,0],[-79.23491011,-3.93716152,0],[-79.2349092,-3.93715997,0],[-79.23490263,-3.93714869,0],[-79.23490007,-3.93714705,0],[-79.23481786,-3.93709415,0],[-79.23480913,-3.93708853,0],[-79.2347026,-3.93708117,0],[-79.23464641,-3.93711781,0],[-79.23464633,-3.93711787,0],[-79.23463257,-3.93712684,0],[-79.23462193,-3.93713378,0],[-79.23460552,-3.93714449,0],[-79.23458048,-3.93716082,0],[-79.23432929,-3.937268,0],[-79.23432702,-3.93726897,0],[-79.2342048,-3.93731861,0],[-79.23420009,-3.93732042,0],[-79.23419505,-3.93732214,0],[-79.23399363,-3.9373864,0],[-79.23392265,-3.93740951,0],[-79.23389939,-3.93741708,0],[-79.23374452,-3.93745984,0],[-79.23350004,-3.93745625,0],[-79.23342677,-3.93745518,0],[-79.23337907,-3.93742485,0],[-79.23337742,-3.9374238,0],[-79.2333711,-3.9374254,0],[-79.23330837,-3.93744137,0],[-79.23329964,-3.93744359,0],[-79.23327707,-3.93744933,0],[-79.23326516,-3.93745237,0],[-79.23314738,-3.93750007,0],[-79.23310144,-3.93753703,0],[-79.2330688,-3.93756328,0],[-79.23303885,-3.93757787,0],[-79.23301338,-3.93759028,0],[-79.23299881,-3.93759739,0],[-79.2329828,-3.937602,0],[-79.23294636,-3.93761251,0],[-79.23293396,-3.93761609,0],[-79.23290348,-3.93761915,0],[-79.23289452,-3.93762005,0],[-79.23285038,-3.93762447,0],[-79.23285031,-3.93762446,0],[-79.23280513,-3.93761379,0],[-79.23276145,-3.93757975,0],[-79.23275562,-3.9375727,0],[-79.23274987,-3.93756574,0],[-79.23273343,-3.93754583,0],[-79.23271681,-3.93752572,0],[-79.23266321,-3.93748166,0],[-79.23260956,-3.93745758,0],[-79.23260899,-3.9374575,0],[-79.23256383,-3.93745149,0],[-79.23256378,-3.93745151,0],[-79.23252104,-3.93746938,0],[-79.23247823,-3.93749126,0],[-79.23243241,-3.93752811,0],[-79.23240554,-3.93754004,0],[-79.23238318,-3.93755562,0],[-79.23236045,-3.93757429,0],[-79.23231662,-3.93760757,0],[-79.23228412,-3.93764413,0],[-79.23228384,-3.9376444,0],[-79.23227726,-3.93765058,0],[-79.23222972,-3.93769529,0],[-79.2321794,-3.93772693,0],[-79.23215912,-3.93773746,0],[-79.23213803,-3.93774637,0],[-79.23213779,-3.93774638,0],[-79.2321048,-3.93774793,0],[-79.23210456,-3.93774793,0],[-79.23207562,-3.93774787,0],[-79.23207539,-3.93774787,0],[-79.23203105,-3.93774858,0],[-79.23203081,-3.93774858,0],[-79.23200187,-3.93774852,0],[-79.23200164,-3.93774852,0],[-79.2319573,-3.93774762,0],[-79.23195725,-3.93774762,0],[-79.2319184,-3.93774998,0],[-79.23191816,-3.93774997,0],[-79.23189166,-3.93774911,0],[-79.23184548,-3.93774331,0],[-79.23178317,-3.93773807,0],[-79.23178297,-3.93773807,0],[-79.23178293,-3.93773807,0],[-79.23171257,-3.93773895,0],[-79.23164858,-3.93772661,0],[-79.23159353,-3.93769869,0],[-79.23153845,-3.93768487,0],[-79.23144043,-3.93766594,0],[-79.23144019,-3.93766593,0],[-79.23138775,-3.93766338,0],[-79.23138752,-3.93766338,0],[-79.23135372,-3.93766331,0],[-79.23132535,-3.93766488,0],[-79.23130184,-3.93766646,0],[-79.2313018,-3.93766644,0],[-79.23127107,-3.93765581,0],[-79.23121113,-3.93764103,0],[-79.23115443,-3.93762951,0],[-79.23106614,-3.93760409,0],[-79.2309973,-3.93758523,0],[-79.23099706,-3.93758523,0],[-79.23094462,-3.93758511,0],[-79.23091057,-3.937594,0],[-79.23086031,-3.93759959,0],[-79.23080357,-3.93760516,0],[-79.23075006,-3.93761237,0],[-79.23074982,-3.93761237,0],[-79.23071583,-3.9376123,0],[-79.23070468,-3.93761228,0],[-79.2306269,-3.93760153,0],[-79.23056458,-3.93756477,0],[-79.23052249,-3.93753945,0],[-79.23049498,-3.93751741,0],[-79.23045616,-3.93748071,0],[-79.23045236,-3.93745847,0],[-79.23044975,-3.93744325,0],[-79.23045792,-3.9374156,0],[-79.2304766,-3.93739366,0],[-79.2304871,-3.93738247,0],[-79.23051559,-3.9373521,0],[-79.23054475,-3.93731349,0],[-79.23056005,-3.93729291,0],[-79.23061289,-3.93721651,0],[-79.23063485,-3.93717749,0],[-79.23063007,-3.93713841,0],[-79.23061235,-3.93708628,0],[-79.23060922,-3.93703418,0],[-79.23061258,-3.93697884,0],[-79.23059894,-3.93691126,0],[-79.23058518,-3.93684418,0],[-79.23055632,-3.93675608,0],[-79.23054504,-3.93669303,0],[-79.23053422,-3.93665966,0],[-79.2305182,-3.9366341,0],[-79.23050463,-3.93661183,0],[-79.23048734,-3.93660562,0],[-79.23047709,-3.9366057,0],[-79.23047685,-3.9366057,0],[-79.23047104,-3.93661369,0],[-79.23046479,-3.93662566,0],[-79.23044578,-3.93663407,0],[-79.23040451,-3.93664256,0],[-79.23035354,-3.93664245,0],[-79.23028532,-3.93661945,0],[-79.23022278,-3.93659931,0],[-79.23014033,-3.93657485,0],[-79.2300357,-3.93651712,0],[-79.22992293,-3.93644697,0],[-79.22989661,-3.93641003,0],[-79.22988745,-3.93639718,0],[-79.22987981,-3.93635366,0],[-79.22989227,-3.93631329,0],[-79.22991554,-3.93628382,0],[-79.22993155,-3.93627818,0],[-79.22999449,-3.93625602,0],[-79.2300747,-3.9362531,0],[-79.23007478,-3.9362531,0],[-79.23009301,-3.93625444,0],[-79.23016131,-3.93625949,0],[-79.23016136,-3.93625947,0],[-79.23016155,-3.93625949,0],[-79.230234,-3.93623783,0],[-79.23023895,-3.93623635,0],[-79.23029788,-3.93616345,0],[-79.23030885,-3.93609823,0],[-79.23028733,-3.93603448,0],[-79.2302511,-3.93598926,0],[-79.23023456,-3.93597289,0],[-79.23020399,-3.93594264,0],[-79.23016055,-3.93592118,0],[-79.2301358,-3.93590895,0],[-79.23013423,-3.93590723,0],[-79.23015002,-3.93583438,0],[-79.23015802,-3.93579743,0],[-79.23016422,-3.93576882,0],[-79.23018322,-3.93568113,0],[-79.23019587,-3.93562274,0],[-79.2302567,-3.93550894,0],[-79.23035663,-3.9354728,0],[-79.23058707,-3.93549714,0],[-79.23070225,-3.93551442,0],[-79.23085871,-3.93553789,0],[-79.23121606,-3.93558079,0],[-79.23123591,-3.93555444,0],[-79.23141143,-3.93532146,0],[-79.23142799,-3.93529948,0],[-79.23170915,-3.93492627,0],[-79.23198989,-3.93455361,0],[-79.23322687,-3.93291162,0],[-79.23238222,-3.93218878,0],[-79.23230946,-3.93212652,0],[-79.23223146,-3.93220195,0],[-79.23178922,-3.93219587,0],[-79.23143461,-3.93219101,0],[-79.23120958,-3.93216831,0],[-79.23117636,-3.93216496,0],[-79.23084101,-3.93213185,0],[-79.23073004,-3.93213478,0],[-79.23051221,-3.9321691,0],[-79.23042876,-3.93215889,0],[-79.2303382,-3.93204747,0],[-79.23029611,-3.93149866,0],[-79.22963923,-3.93180259,0],[-79.22937113,-3.93192665,0],[-79.22936841,-3.9319279,0],[-79.22936602,-3.93196087,0],[-79.22935405,-3.93212644,0],[-79.22948917,-3.93244254,0],[-79.22952434,-3.93270818,0],[-79.2295305,-3.93284273,0],[-79.22935399,-3.93343319,0],[-79.2293533,-3.93343549,0],[-79.22927577,-3.93369485,0],[-79.22918622,-3.93399442,0],[-79.22888525,-3.93500117,0],[-79.22888524,-3.9350012,0],[-79.22883507,-3.93516905,0],[-79.2288348,-3.93516912,0],[-79.22872795,-3.93522327,0],[-79.22862268,-3.93526345,0],[-79.22861735,-3.93526363,0],[-79.22853782,-3.93526636,0],[-79.22853187,-3.93526345,0],[-79.22843893,-3.93521799,0],[-79.22836941,-3.93517279,0],[-79.22829215,-3.93513223,0],[-79.22822106,-3.93510101,0],[-79.22815767,-3.93508223,0],[-79.22815744,-3.93508223,0],[-79.22808652,-3.93508208,0],[-79.22808628,-3.93508208,0],[-79.22806799,-3.9350825,0],[-79.22802464,-3.93508349,0],[-79.22796029,-3.93510274,0],[-79.22793176,-3.93511126,0],[-79.22786512,-3.93517171,0],[-79.22784507,-3.93519353,0],[-79.22782123,-3.93521947,0],[-79.2278124,-3.93522909,0],[-79.22779781,-3.93525896,0],[-79.22778133,-3.93529272,0],[-79.22776418,-3.93535638,0],[-79.22776354,-3.93537367,0],[-79.22776224,-3.93540877,0],[-79.2277609,-3.93544493,0],[-79.22776534,-3.93553971,0],[-79.2277663,-3.93555957,0],[-79.22776687,-3.93557157,0],[-79.22777024,-3.93564128,0],[-79.22777126,-3.93566246,0],[-79.2277587,-3.93575099,0],[-79.22774,-3.93581465,0],[-79.22769506,-3.93585339,0],[-79.22763469,-3.93587036,0],[-79.22763445,-3.93587035,0],[-79.22757127,-3.93587022,0],[-79.22752336,-3.93584837,0],[-79.22749758,-3.93576429,0],[-79.22749571,-3.9357582,0],[-79.22749454,-3.93575578,0],[-79.22746799,-3.93570065,0],[-79.22741548,-3.93565704,0],[-79.22740401,-3.9356523,0],[-79.22738148,-3.93564299,0],[-79.22738124,-3.93564298,0],[-79.22732424,-3.93564286,0],[-79.22725926,-3.93565049,0],[-79.22720973,-3.93566437,0],[-79.22717723,-3.93567052,0],[-79.22713077,-3.93569372,0],[-79.22703016,-3.93572147,0],[-79.22702999,-3.93572145,0],[-79.22696985,-3.93571513,0],[-79.22693896,-3.93568865,0],[-79.22692823,-3.93564513,0],[-79.22692066,-3.93556743,0],[-79.22689608,-3.93548503,0],[-79.22685907,-3.93542902,0],[-79.22679575,-3.93538253,0],[-79.22676282,-3.9353632,0],[-79.22670768,-3.93533082,0],[-79.22667314,-3.93531333,0],[-79.22663206,-3.93529253,0],[-79.22662076,-3.93528681,0],[-79.22653074,-3.93528072,0],[-79.22653068,-3.93528073,0],[-79.22643704,-3.93529917,0],[-79.2264029,-3.93531797,0],[-79.22638188,-3.93532955,0],[-79.22633189,-3.93536483,0],[-79.22631616,-3.93539527,0],[-79.22631118,-3.93543949,0],[-79.22631694,-3.93546598,0],[-79.22632765,-3.93551521,0],[-79.22632746,-3.9356076,0],[-79.22633214,-3.93563174,0],[-79.22634004,-3.9356725,0],[-79.22635753,-3.9357325,0],[-79.22635744,-3.93577673,0],[-79.22634467,-3.93579734,0],[-79.22631039,-3.93581103,0],[-79.22631023,-3.935811,0],[-79.22626735,-3.93580308,0],[-79.22622531,-3.93577841,0],[-79.22618822,-3.93573116,0],[-79.22618508,-3.93572472,0],[-79.22615217,-3.93565736,0],[-79.22611602,-3.93562681,0],[-79.2260895,-3.93561143,0],[-79.22607008,-3.93560017,0],[-79.22601339,-3.93556663,0],[-79.22591855,-3.93552416,0],[-79.22588011,-3.93550365,0],[-79.22587978,-3.93550347,0],[-79.22574845,-3.93543337,0],[-79.22569765,-3.93538707,0],[-79.2256342,-3.93531026,0],[-79.22555222,-3.93520491,0],[-79.22553631,-3.93518861,0],[-79.22549362,-3.93514483,0],[-79.22548673,-3.93514003,0],[-79.22546528,-3.93512511,0],[-79.2254312,-3.935113,0],[-79.22543198,-3.93511274,0],[-79.22540389,-3.93506386,0],[-79.22536021,-3.93498786,0],[-79.2252338,-3.93476792,0],[-79.22522901,-3.93475958,0],[-79.22523567,-3.93475393,0],[-79.22522049,-3.93474475,0],[-79.22521526,-3.93474159,0],[-79.22518467,-3.93472309,0],[-79.22509638,-3.9346697,0],[-79.22495378,-3.93451627,0],[-79.22481547,-3.93458297,0],[-79.22480351,-3.93453923,0],[-79.22473037,-3.93427176,0],[-79.22464975,-3.93409454,0],[-79.22467866,-3.93394148,0],[-79.22473124,-3.93386025,0],[-79.22479815,-3.93375991,0],[-79.22483636,-3.93371692,0],[-79.2248441,-3.933669,0],[-79.2248535,-3.93361079,0],[-79.22485567,-3.93359734,0],[-79.22482731,-3.93349201,0],[-79.22479511,-3.93340159,0],[-79.22478468,-3.93337229,0],[-79.22482298,-3.93328624,0],[-79.22470864,-3.93328121,0],[-79.22465633,-3.93323803,0],[-79.22487131,-3.93296096,0],[-79.22508191,-3.93250205,0],[-79.22508203,-3.93249065,0],[-79.22508791,-3.93191829,0],[-79.22511014,-3.93180885,0],[-79.22512354,-3.93174288,0],[-79.22513229,-3.93169977,0],[-79.22507982,-3.93154321,0],[-79.22506823,-3.93150866,0],[-79.22503884,-3.93144104,0],[-79.2249537,-3.93132762,0],[-79.22495269,-3.93132627,0],[-79.22491474,-3.93127573,0],[-79.22489429,-3.93124849,0],[-79.22390231,-3.93085679,0],[-79.22367382,-3.93076657,0],[-79.22366037,-3.93075937,0],[-79.22360971,-3.93073228,0],[-79.22360731,-3.93073099,0],[-79.22359367,-3.9307237,0],[-79.2235718,-3.930712,0],[-79.22350715,-3.93067743,0],[-79.22343907,-3.93064102,0],[-79.22339672,-3.93061837,0],[-79.22339355,-3.93067936,0],[-79.22338874,-3.93077209,0],[-79.22338633,-3.93081859,0],[-79.22338082,-3.93092457,0],[-79.22337281,-3.93105282,0],[-79.22336791,-3.9311313,0],[-79.2233666,-3.9311523,0],[-79.2233608,-3.93124513,0],[-79.2233567,-3.93131068,0],[-79.22334926,-3.9314298,0],[-79.22335407,-3.93148929,0],[-79.22336298,-3.93159954,0],[-79.22337023,-3.93168915,0],[-79.22337898,-3.93179736,0],[-79.22339976,-3.93188162,0],[-79.2234074,-3.9319126,0],[-79.22341748,-3.93195343,0],[-79.22343944,-3.93204248,0],[-79.22344258,-3.93210149,0],[-79.22344832,-3.93220949,0],[-79.2234541,-3.93231813,0],[-79.22344053,-3.93239219,0],[-79.22342326,-3.9324865,0],[-79.2233475,-3.93257308,0],[-79.22331627,-3.93260876,0],[-79.22326931,-3.93263811,0],[-79.22319414,-3.93268506,0],[-79.22263998,-3.93287379,0],[-79.22256861,-3.9328981,0],[-79.22251165,-3.93293752,0],[-79.22250562,-3.93294169,0],[-79.22249072,-3.93295201,0],[-79.22247861,-3.93296039,0],[-79.22237012,-3.93303548,0],[-79.22232952,-3.93313343,0],[-79.22224627,-3.93333427,0],[-79.22218623,-3.93347914,0],[-79.22224666,-3.93373957,0],[-79.22233771,-3.93393882,0],[-79.22235326,-3.9339473,0],[-79.22240246,-3.93397415,0],[-79.22283186,-3.93420846,0],[-79.22290116,-3.93424627,0],[-79.22293421,-3.93427327,0],[-79.22338986,-3.93464564,0],[-79.22333712,-3.93466537,0],[-79.22328479,-3.93468496,0],[-79.22308812,-3.93470942,0],[-79.22302403,-3.93471739,0],[-79.22296314,-3.93471604,0],[-79.22254024,-3.93470669,0],[-79.22127739,-3.93485583,0],[-79.22091602,-3.93484147,0],[-79.22012054,-3.93477317,0],[-79.21999204,-3.934755,0],[-79.22002346,-3.93447026,0],[-79.22002557,-3.93445118,0],[-79.22007317,-3.93401985,0],[-79.22014956,-3.93332541,0],[-79.22015045,-3.93290254,0],[-79.22013284,-3.93220867,0],[-79.22008163,-3.93147594,0],[-79.22011791,-3.93064919,0],[-79.22011853,-3.93063515,0],[-79.22012675,-3.9305989,0],[-79.22014558,-3.93051588,0],[-79.22017564,-3.9303833,0],[-79.22018861,-3.93032612,0],[-79.22019061,-3.93031731,0],[-79.22020125,-3.93027037,0],[-79.22024559,-3.93007487,0],[-79.21912641,-3.93008411,0],[-79.21912536,-3.93008412,0],[-79.21898262,-3.93008529,0],[-79.21868756,-3.93008773,0],[-79.21853969,-3.93008895,0],[-79.21840309,-3.93009166,0],[-79.21779443,-3.93010372,0],[-79.21772181,-3.93017138,0],[-79.21759754,-3.93039329,0],[-79.21747634,-3.93039773,0],[-79.21733739,-3.93043512,0],[-79.21735193,-3.93061844,0],[-79.21737137,-3.9308636,0]]]]}},{"type":"Feature","properties":{"nombre":"Malacatos","categoria":"Cabecera Parroquial"},"geometry":{"type":"MultiPolygon","coordinates":[[[[-79.26191202,-4.2148085,0],[-79.26199025,-4.21500064,0],[-79.26199517,-4.21503582,0],[-79.26199485,-4.21505085,0],[-79.25628338,-4.21558557,0],[-79.255765,-4.2156341,0],[-79.25569687,-4.21564048,0],[-79.25569601,-4.2156421,0],[-79.25532216,-4.21634852,0],[-79.25443338,-4.21802793,0],[-79.25417221,-4.21852145,0],[-79.25264049,-4.22141572,0],[-79.25241893,-4.22142019,0],[-79.25237016,-4.22143889,0],[-79.25234744,-4.22148984,0],[-79.25232348,-4.22152985,0],[-79.25218598,-4.22183419,0],[-79.25200481,-4.22209222,0],[-79.25191873,-4.2221912,0],[-79.25185716,-4.22226199,0],[-79.25185106,-4.22225162,0],[-79.25174213,-4.2220665,0],[-79.25159245,-4.22174509,0],[-79.25153153,-4.22161427,0],[-79.25152294,-4.22161795,0],[-79.25144274,-4.22165225,0],[-79.25144759,-4.22166379,0],[-79.25134974,-4.22170848,0],[-79.25131773,-4.2217231,0],[-79.2513012,-4.22173065,0],[-79.25138039,-4.22186982,0],[-79.25140676,-4.22194455,0],[-79.25146828,-4.22211887,0],[-79.25144223,-4.22214222,0],[-79.25139931,-4.2221807,0],[-79.25138512,-4.22219343,0],[-79.25138088,-4.22219724,0],[-79.2513137,-4.22225746,0],[-79.25121124,-4.22234933,0],[-79.25126859,-4.22252173,0],[-79.25117712,-4.22254241,0],[-79.25117964,-4.22258546,0],[-79.2511823,-4.22272527,0],[-79.2511846,-4.22278323,0],[-79.2511862,-4.22282514,0],[-79.25118758,-4.22286137,0],[-79.25120095,-4.22288509,0],[-79.25121557,-4.22291126,0],[-79.25122194,-4.22292258,0],[-79.25132099,-4.22309913,0],[-79.25134383,-4.22312899,0],[-79.25139481,-4.2231956,0],[-79.25152971,-4.2233717,0],[-79.25167219,-4.22345901,0],[-79.25192997,-4.22357688,0],[-79.25197398,-4.22358899,0],[-79.2520071,-4.22360817,0],[-79.25220878,-4.22350154,0],[-79.25220933,-4.22349904,0],[-79.25224126,-4.2234744,0],[-79.25227145,-4.2234511,0],[-79.25228266,-4.22344244,0],[-79.25256755,-4.22355464,0],[-79.25258702,-4.2235623,0],[-79.25260167,-4.22356808,0],[-79.25262632,-4.22358314,0],[-79.25264388,-4.22358698,0],[-79.25268897,-4.22357657,0],[-79.252705,-4.22357288,0],[-79.25271723,-4.22357005,0],[-79.25278065,-4.22356938,0],[-79.25280426,-4.22356719,0],[-79.25287011,-4.22356108,0],[-79.25291577,-4.223562,0],[-79.25294585,-4.22356614,0],[-79.25297825,-4.22357498,0],[-79.25302074,-4.22358638,0],[-79.25303705,-4.22359258,0],[-79.25305161,-4.22359811,0],[-79.25308409,-4.22361266,0],[-79.2531109,-4.22363089,0],[-79.25312422,-4.22364063,0],[-79.2531341,-4.22364785,0],[-79.2531463,-4.22366105,0],[-79.25315647,-4.22367205,0],[-79.25318334,-4.22370023,0],[-79.2532033,-4.22371764,0],[-79.25325053,-4.22374352,0],[-79.25330081,-4.22377329,0],[-79.25337183,-4.22381025,0],[-79.25337856,-4.22381375,0],[-79.25357682,-4.22391694,0],[-79.25360688,-4.22393259,0],[-79.25380608,-4.22409798,0],[-79.25381448,-4.22410496,0],[-79.25383949,-4.22411957,0],[-79.25386291,-4.22409811,0],[-79.25389256,-4.22407095,0],[-79.2539123,-4.2240601,0],[-79.25400346,-4.22400998,0],[-79.25403442,-4.22399296,0],[-79.2540445,-4.22402514,0],[-79.25406752,-4.22409857,0],[-79.25407977,-4.22413765,0],[-79.25411689,-4.22425608,0],[-79.25414192,-4.22433592,0],[-79.25431394,-4.2243641,0],[-79.25458586,-4.22440865,0],[-79.25469895,-4.22442717,0],[-79.25470466,-4.22442675,0],[-79.25480403,-4.22445299,0],[-79.25513051,-4.22453919,0],[-79.25539425,-4.22476446,0],[-79.25590583,-4.22509805,0],[-79.25614428,-4.22530007,0],[-79.25615855,-4.22531215,0],[-79.25618035,-4.22533063,0],[-79.25618524,-4.22535564,0],[-79.25618928,-4.22537638,0],[-79.25619519,-4.22540664,0],[-79.25621421,-4.22550412,0],[-79.25623433,-4.2255163,0],[-79.25627095,-4.22553847,0],[-79.25627999,-4.22553989,0],[-79.25630068,-4.22554313,0],[-79.25634528,-4.22555012,0],[-79.25667738,-4.22538435,0],[-79.25668623,-4.22538627,0],[-79.25675741,-4.22540176,0],[-79.25689443,-4.22551116,0],[-79.25702806,-4.22569229,0],[-79.25725937,-4.2260058,0],[-79.25728014,-4.22602455,0],[-79.25728547,-4.22602935,0],[-79.25736782,-4.22610366,0],[-79.25743062,-4.22615549,0],[-79.25748201,-4.22619005,0],[-79.25752637,-4.22620289,0],[-79.2575447,-4.22620819,0],[-79.25756203,-4.2262132,0],[-79.2575901,-4.22620333,0],[-79.25763363,-4.22618802,0],[-79.25765934,-4.22617897,0],[-79.25768808,-4.22615286,0],[-79.25772238,-4.22612169,0],[-79.25773479,-4.22611162,0],[-79.25777439,-4.22607946,0],[-79.25780417,-4.22605528,0],[-79.25781406,-4.22604725,0],[-79.25788273,-4.22603018,0],[-79.25797422,-4.22604187,0],[-79.25802631,-4.22607341,0],[-79.25805989,-4.22609374,0],[-79.25814546,-4.22619155,0],[-79.25818229,-4.22623825,0],[-79.2582201,-4.22628189,0],[-79.25824768,-4.22627181,0],[-79.25835624,-4.22623211,0],[-79.25837021,-4.22622701,0],[-79.25844199,-4.22620076,0],[-79.25854894,-4.22616166,0],[-79.25858679,-4.22614782,0],[-79.25872223,-4.22609829,0],[-79.25876848,-4.22608138,0],[-79.25885579,-4.22604946,0],[-79.25900278,-4.22599572,0],[-79.25912364,-4.22595152,0],[-79.25948618,-4.22581896,0],[-79.25951361,-4.22580893,0],[-79.25960176,-4.22577671,0],[-79.25962751,-4.22576729,0],[-79.25963597,-4.22576419,0],[-79.25964098,-4.22576236,0],[-79.25984656,-4.2256872,0],[-79.26024922,-4.22553997,0],[-79.26028223,-4.2255279,0],[-79.26129544,-4.22515567,0],[-79.26803113,-4.22268116,0],[-79.26755139,-4.22170535,0],[-79.26730619,-4.22120659,0],[-79.26563263,-4.21780247,0],[-79.26563112,-4.21779942,0],[-79.26496879,-4.21645219,0],[-79.26496866,-4.21645192,0],[-79.26496888,-4.21645223,0],[-79.26500093,-4.21644335,0],[-79.26500239,-4.21644294,0],[-79.2651364,-4.21640583,0],[-79.26563875,-4.2162667,0],[-79.26595701,-4.21617855,0],[-79.26609758,-4.21613962,0],[-79.26613796,-4.21612844,0],[-79.26626595,-4.21609299,0],[-79.26634543,-4.21607098,0],[-79.26686525,-4.21592701,0],[-79.26718542,-4.21583833,0],[-79.26722037,-4.21582865,0],[-79.26720895,-4.21573836,0],[-79.2671977,-4.21564946,0],[-79.26719373,-4.21561813,0],[-79.26718184,-4.21552411,0],[-79.26718183,-4.21552403,0],[-79.26716574,-4.21539691,0],[-79.26713713,-4.21517076,0],[-79.26713044,-4.21511795,0],[-79.2671187,-4.21502053,0],[-79.26711492,-4.21498914,0],[-79.26711395,-4.21498759,0],[-79.26711219,-4.21497366,0],[-79.26708334,-4.21474569,0],[-79.26708138,-4.21473017,0],[-79.26707665,-4.21469282,0],[-79.26704527,-4.21444479,0],[-79.267041,-4.21441104,0],[-79.26700624,-4.21413635,0],[-79.26698645,-4.21394107,0],[-79.26698611,-4.21393768,0],[-79.26697518,-4.21382987,0],[-79.26694205,-4.21361227,0],[-79.26693583,-4.21357137,0],[-79.26692946,-4.21352955,0],[-79.26684497,-4.21352771,0],[-79.26675139,-4.21352567,0],[-79.26650773,-4.21352037,0],[-79.2663846,-4.21351769,0],[-79.26614985,-4.21351258,0],[-79.26614881,-4.21351256,0],[-79.2661266,-4.21351158,0],[-79.26612604,-4.21351206,0],[-79.26612529,-4.21351272,0],[-79.26608048,-4.2135519,0],[-79.26604878,-4.21363258,0],[-79.26600569,-4.21369658,0],[-79.26599013,-4.21371971,0],[-79.26598377,-4.21374763,0],[-79.2659817,-4.21375673,0],[-79.26597403,-4.21379048,0],[-79.26599103,-4.2138417,0],[-79.26600484,-4.21386435,0],[-79.26604645,-4.21393263,0],[-79.26607001,-4.21397128,0],[-79.26606587,-4.21400786,0],[-79.26606088,-4.214052,0],[-79.26605916,-4.2140672,0],[-79.26605217,-4.2140889,0],[-79.26602207,-4.21418221,0],[-79.2660179,-4.21419515,0],[-79.26600434,-4.21423375,0],[-79.26597035,-4.21433052,0],[-79.2659607,-4.21435798,0],[-79.26594807,-4.21437407,0],[-79.26590607,-4.21442759,0],[-79.26588609,-4.21445303,0],[-79.265855,-4.21444923,0],[-79.26579288,-4.21444164,0],[-79.26577227,-4.21443912,0],[-79.26574621,-4.21442345,0],[-79.26570576,-4.21439913,0],[-79.26569347,-4.21439174,0],[-79.26566849,-4.21437315,0],[-79.26562459,-4.2143405,0],[-79.2655994,-4.21432754,0],[-79.26554058,-4.21429728,0],[-79.26550862,-4.21428083,0],[-79.26546749,-4.21427904,0],[-79.26523143,-4.21426878,0],[-79.2651952,-4.2142672,0],[-79.26516176,-4.21427731,0],[-79.26510025,-4.2142959,0],[-79.26507523,-4.21430347,0],[-79.26504385,-4.21432379,0],[-79.26490248,-4.21441536,0],[-79.26472401,-4.21453095,0],[-79.26469079,-4.21455246,0],[-79.2646514,-4.21455361,0],[-79.26438708,-4.2145613,0],[-79.26430706,-4.21456363,0],[-79.26430312,-4.21456549,0],[-79.2639645,-4.21472487,0],[-79.26393985,-4.21473648,0],[-79.26392551,-4.21474323,0],[-79.26390411,-4.2147533,0],[-79.26381197,-4.21479667,0],[-79.26374417,-4.21482858,0],[-79.26373666,-4.21483193,0],[-79.26370105,-4.21484782,0],[-79.263609,-4.21488889,0],[-79.26359221,-4.21478502,0],[-79.26355019,-4.21442572,0],[-79.26344794,-4.21407938,0],[-79.26343206,-4.21398121,0],[-79.2633905,-4.21375769,0],[-79.26325379,-4.21350856,0],[-79.26311516,-4.21323049,0],[-79.26298676,-4.21327269,0],[-79.26293392,-4.21329005,0],[-79.26270742,-4.21337979,0],[-79.26262023,-4.21340426,0],[-79.26236891,-4.21350389,0],[-79.2621091,-4.21360653,0],[-79.26207488,-4.2136487,0],[-79.26204382,-4.21368697,0],[-79.26204319,-4.21368797,0],[-79.26182389,-4.21403929,0],[-79.2617521,-4.214187,0],[-79.26169628,-4.21430184,0],[-79.26170807,-4.21436849,0],[-79.26171598,-4.21441315,0],[-79.26171888,-4.21442955,0],[-79.26172993,-4.21448891,0],[-79.26173686,-4.21452618,0],[-79.26175957,-4.21467041,0],[-79.26178956,-4.21469988,0],[-79.26187894,-4.21478769,0],[-79.26190759,-4.21479501,0],[-79.26190777,-4.21479805,0],[-79.26191202,-4.2148085,0]]]]}},{"type":"Feature","properties":{"nombre":"Quinara","categoria":"Cabecera Parroquial"},"geometry":{"type":"MultiPolygon","coordinates":[[[[-79.23768046,-4.31414408,0],[-79.23756215,-4.31418591,0],[-79.23746874,-4.31417995,0],[-79.23729728,-4.31411639,0],[-79.23720972,-4.31405302,0],[-79.23697157,-4.31398685,0],[-79.23677612,-4.31397968,0],[-79.23670587,-4.31400251,0],[-79.23659395,-4.31406408,0],[-79.23648308,-4.31413938,0],[-79.23630057,-4.31431402,0],[-79.23617144,-4.31450997,0],[-79.23603755,-4.31469341,0],[-79.23593574,-4.31476969,0],[-79.23584012,-4.3147982,0],[-79.23472278,-4.31571345,0],[-79.23440679,-4.31564161,0],[-79.2343598,-4.31571823,0],[-79.23425398,-4.31589073,0],[-79.23421785,-4.31600838,0],[-79.23420561,-4.31614891,0],[-79.23421131,-4.31626257,0],[-79.23419022,-4.3163642,0],[-79.23408568,-4.31648059,0],[-79.2338737,-4.31668047,0],[-79.23369349,-4.31680445,0],[-79.23311426,-4.31774871,0],[-79.23148158,-4.32029742,0],[-79.22811154,-4.32555815,0],[-79.22810677,-4.32556559,0],[-79.22816798,-4.32558236,0],[-79.22818889,-4.32558809,0],[-79.22823607,-4.32561337,0],[-79.22825327,-4.32562257,0],[-79.2283495,-4.32567412,0],[-79.22838348,-4.32569232,0],[-79.22842243,-4.32569907,0],[-79.22846838,-4.32570702,0],[-79.22857749,-4.32572591,0],[-79.22865013,-4.32573848,0],[-79.22875715,-4.3257518,0],[-79.22879749,-4.32575682,0],[-79.22882779,-4.32577086,0],[-79.22893513,-4.32582058,0],[-79.22896462,-4.32583424,0],[-79.22898283,-4.32584837,0],[-79.22899559,-4.32585828,0],[-79.22909156,-4.32593276,0],[-79.22915104,-4.32597892,0],[-79.22918212,-4.32600304,0],[-79.22921476,-4.32601755,0],[-79.22927105,-4.32604256,0],[-79.22935332,-4.32607913,0],[-79.22942765,-4.32611216,0],[-79.22946838,-4.32613027,0],[-79.22953749,-4.32646392,0],[-79.2295561,-4.326671,0],[-79.22955695,-4.32668048,0],[-79.22956547,-4.32677532,0],[-79.22956998,-4.32682557,0],[-79.2297139,-4.32685773,0],[-79.22994781,-4.32690999,0],[-79.23004306,-4.32693128,0],[-79.23013541,-4.32695192,0],[-79.23030298,-4.32698936,0],[-79.2307592,-4.32709131,0],[-79.23248191,-4.32747627,0],[-79.23260809,-4.32750446,0],[-79.2330667,-4.32760694,0],[-79.23308437,-4.32730443,0],[-79.23317781,-4.3270965,0],[-79.23332833,-4.32693894,0],[-79.2336936,-4.32667423,0],[-79.23397988,-4.32655288,0],[-79.23420912,-4.3263668,0],[-79.23437385,-4.32624517,0],[-79.23453173,-4.32599432,0],[-79.23477602,-4.32548529,0],[-79.23527072,-4.32490506,0],[-79.23562863,-4.32472646,0],[-79.23599369,-4.32455505,0],[-79.23640874,-4.32440529,0],[-79.23678136,-4.32405446,0],[-79.23691065,-4.32379637,0],[-79.23714034,-4.3234165,0],[-79.23734822,-4.3231873,0],[-79.23773518,-4.32281497,0],[-79.23802223,-4.32236345,0],[-79.23823804,-4.32179693,0],[-79.23848204,-4.32140991,0],[-79.2386112,-4.32120924,0],[-79.23887627,-4.32098735,0],[-79.23923422,-4.32079439,0],[-79.23957053,-4.32068033,0],[-79.23985653,-4.320681,0],[-79.24017804,-4.32078941,0],[-79.24050697,-4.32077582,0],[-79.24075039,-4.32064001,0],[-79.24105842,-4.32038951,0],[-79.24143827,-4.3200028,0],[-79.24208273,-4.319588,0],[-79.24284672,-4.31932407,0],[-79.24259952,-4.31911317,0],[-79.2425339,-4.31904411,0],[-79.24251111,-4.31900386,0],[-79.24247983,-4.3189234,0],[-79.24243748,-4.31882072,0],[-79.24239162,-4.3187294,0],[-79.2422803,-4.31863297,0],[-79.24221607,-4.3185797,0],[-79.24218327,-4.31854374,0],[-79.24215048,-4.3185006,0],[-79.24212912,-4.31845748,0],[-79.2420992,-4.31841148,0],[-79.2420678,-4.318387,0],[-79.24200743,-4.31832842,0],[-79.24199217,-4.31831362,0],[-79.2419823,-4.3182533,0],[-79.24196671,-4.31819297,0],[-79.24196537,-4.31815278,0],[-79.24195704,-4.31804509,0],[-79.24195284,-4.31800489,0],[-79.24193516,-4.31792409,0],[-79.24189319,-4.31782962,0],[-79.24182479,-4.31772467,0],[-79.24181071,-4.31762846,0],[-79.24179083,-4.31756812,0],[-79.24177379,-4.31751353,0],[-79.24175676,-4.31745894,0],[-79.24173972,-4.31740722,0],[-79.24170127,-4.31733536,0],[-79.2416656,-4.31730082,0],[-79.24160576,-4.31720451,0],[-79.24158728,-4.31715853,0],[-79.24158025,-4.31710827,0],[-79.24156033,-4.31706372,0],[-79.24153991,-4.31700968,0],[-79.241512,-4.31693585,0],[-79.24150675,-4.31684627,0],[-79.24150375,-4.31679515,0],[-79.24149392,-4.3167133,0],[-79.24145841,-4.3166113,0],[-79.24141429,-4.31651789,0],[-79.24137012,-4.31645032,0],[-79.24131737,-4.31637842,0],[-79.24128175,-4.31632379,0],[-79.24125611,-4.31627779,0],[-79.24121973,-4.31618135,0],[-79.24119216,-4.31610825,0],[-79.24116085,-4.31604215,0],[-79.24112663,-4.315999,0],[-79.24109241,-4.31595155,0],[-79.24107314,-4.31590314,0],[-79.2410455,-4.31583373,0],[-79.24101993,-4.31575615,0],[-79.2409929,-4.31569723,0],[-79.24097586,-4.31564552,0],[-79.24096472,-4.31551342,0],[-79.2409649,-4.31543591,0],[-79.24096363,-4.31536556,0],[-79.24094663,-4.31529662,0],[-79.24088024,-4.31513065,0],[-79.24079299,-4.31495031,0],[-79.24073888,-4.31484826,0],[-79.24071904,-4.31477213,0],[-79.2407049,-4.3147032,0],[-79.24069254,-4.31465907,0],[-79.24067795,-4.31460695,0],[-79.24064236,-4.3145351,0],[-79.2406241,-4.31439294,0],[-79.24056864,-4.31425931,0],[-79.24054167,-4.31417311,0],[-79.24049481,-4.31402945,0],[-79.24043787,-4.31391735,0],[-79.24037245,-4.3137593,0],[-79.24033112,-4.31369604,0],[-79.24028408,-4.31363277,0],[-79.24022422,-4.3135298,0],[-79.24016946,-4.31346932,0],[-79.23982239,-4.31326678,0],[-79.23972381,-4.31319411,0],[-79.239511,-4.31308452,0],[-79.23928955,-4.31299644,0],[-79.23911235,-4.31294579,0],[-79.23903116,-4.31291594,0],[-79.23884516,-4.31284755,0],[-79.23857225,-4.31275361,0],[-79.23835504,-4.31268564,0],[-79.23824218,-4.312638,0],[-79.23810939,-4.312553,0],[-79.23798527,-4.31242782,0],[-79.23791682,-4.31234584,0],[-79.23784053,-4.31225433,0],[-79.23773759,-4.31236045,0],[-79.23765968,-4.31244078,0],[-79.23765294,-4.31244773,0],[-79.23765087,-4.31244986,0],[-79.23763604,-4.31246515,0],[-79.23761058,-4.3124914,0],[-79.23757326,-4.31252987,0],[-79.23761341,-4.31262803,0],[-79.23771004,-4.31289047,0],[-79.23784264,-4.31326784,0],[-79.23799229,-4.31369118,0],[-79.237991,-4.31377766,0],[-79.23799004,-4.31384238,0],[-79.2379325,-4.31393953,0],[-79.23788476,-4.31402014,0],[-79.23776883,-4.31410273,0],[-79.23768046,-4.31414408,0]]]]}},{"type":"Feature","properties":{"nombre":"Santiago","categoria":"Cabecera Parroquial"},"geometry":{"type":"MultiPolygon","coordinates":[[[[-79.2794726,-3.79438122,0],[-79.27887673,-3.79814156,0],[-79.27887378,-3.79816016,0],[-79.27883237,-3.79842154,0],[-79.2789174,-3.79842291,0],[-79.27891746,-3.79842291,0],[-79.27898054,-3.79842392,0],[-79.27911155,-3.79842602,0],[-79.27917383,-3.79842702,0],[-79.27923729,-3.79842803,0],[-79.27926829,-3.79842853,0],[-79.27936469,-3.7983666,0],[-79.27949918,-3.79830816,0],[-79.27950743,-3.79830458,0],[-79.27954119,-3.79828991,0],[-79.2797422,-3.79820256,0],[-79.27978864,-3.79818238,0],[-79.27979689,-3.79817879,0],[-79.27995179,-3.79811149,0],[-79.27996004,-3.7981079,0],[-79.27998517,-3.79809698,0],[-79.28001953,-3.79808205,0],[-79.28002127,-3.79807602,0],[-79.28009825,-3.79780936,0],[-79.28010788,-3.79777601,0],[-79.28013915,-3.79775611,0],[-79.28131723,-3.79700663,0],[-79.28152681,-3.79711098,0],[-79.28162002,-3.79715739,0],[-79.28168005,-3.79718728,0],[-79.28171607,-3.79720522,0],[-79.28175268,-3.79720226,0],[-79.28195747,-3.79718572,0],[-79.28196259,-3.7971853,0],[-79.28213508,-3.79717137,0],[-79.28213766,-3.79717116,0],[-79.28214178,-3.79717083,0],[-79.28214405,-3.79717065,0],[-79.28219925,-3.79716619,0],[-79.28252607,-3.79690452,0],[-79.28270988,-3.79674437,0],[-79.28280238,-3.79667902,0],[-79.28283213,-3.79656894,0],[-79.28286645,-3.79644198,0],[-79.28288786,-3.79636273,0],[-79.28315323,-3.79619817,0],[-79.28319608,-3.79611636,0],[-79.28320064,-3.79604926,0],[-79.28320787,-3.79594296,0],[-79.28321377,-3.79585627,0],[-79.28324964,-3.79580277,0],[-79.2832772,-3.79576166,0],[-79.28329869,-3.79572961,0],[-79.28344228,-3.79551543,0],[-79.28351913,-3.79540079,0],[-79.28352131,-3.79538734,0],[-79.28353198,-3.79532157,0],[-79.2835539,-3.79518642,0],[-79.28359596,-3.79492705,0],[-79.28363288,-3.79490522,0],[-79.28365838,-3.79489014,0],[-79.28367293,-3.79488153,0],[-79.28375004,-3.79483593,0],[-79.28387679,-3.79476097,0],[-79.2839929,-3.7946923,0],[-79.28400764,-3.79468358,0],[-79.28404066,-3.79466406,0],[-79.28407124,-3.79464597,0],[-79.284079,-3.79464138,0],[-79.28409664,-3.79463095,0],[-79.28419463,-3.794573,0],[-79.28430228,-3.79450933,0],[-79.28431759,-3.79449535,0],[-79.28432601,-3.79448766,0],[-79.28433279,-3.79448147,0],[-79.28434531,-3.79447004,0],[-79.28442657,-3.79439586,0],[-79.28444561,-3.79437847,0],[-79.28449941,-3.79429432,0],[-79.2845182,-3.79426492,0],[-79.28455328,-3.79421005,0],[-79.28458207,-3.79416501,0],[-79.28463442,-3.79413355,0],[-79.28464565,-3.79412681,0],[-79.28475923,-3.79405855,0],[-79.28483066,-3.79401563,0],[-79.2848623,-3.79399662,0],[-79.28496644,-3.79393404,0],[-79.28497849,-3.79392679,0],[-79.28502771,-3.79389722,0],[-79.28511397,-3.79382995,0],[-79.28515493,-3.79379801,0],[-79.2851953,-3.79378205,0],[-79.28525251,-3.79375942,0],[-79.28535001,-3.79372086,0],[-79.2853563,-3.79371837,0],[-79.28546232,-3.79367644,0],[-79.28551755,-3.79365601,0],[-79.28555629,-3.79364166,0],[-79.28558264,-3.79361794,0],[-79.28568908,-3.79352209,0],[-79.28572507,-3.79348967,0],[-79.28575444,-3.79346323,0],[-79.28579026,-3.79342646,0],[-79.28585145,-3.79336367,0],[-79.285947,-3.7932656,0],[-79.28601092,-3.7932,0],[-79.28604552,-3.79316448,0],[-79.28607091,-3.79313842,0],[-79.28610521,-3.79310894,0],[-79.28619204,-3.79303428,0],[-79.28626246,-3.79297375,0],[-79.2862937,-3.79294688,0],[-79.28632657,-3.7929254,0],[-79.28642693,-3.7928598,0],[-79.2865002,-3.79281191,0],[-79.28653204,-3.7927911,0],[-79.28656825,-3.79276742,0],[-79.28659737,-3.79275719,0],[-79.28667261,-3.79273073,0],[-79.28670138,-3.79272061,0],[-79.2867375,-3.79271514,0],[-79.28683031,-3.79270109,0],[-79.28687589,-3.79269418,0],[-79.28691412,-3.7926884,0],[-79.28696302,-3.79268099,0],[-79.28696769,-3.79268028,0],[-79.28701153,-3.79267364,0],[-79.2870488,-3.79266351,0],[-79.28711617,-3.7926452,0],[-79.28718137,-3.79262747,0],[-79.28725278,-3.79260806,0],[-79.28731301,-3.79253594,0],[-79.28737901,-3.79243068,0],[-79.2874378,-3.79231545,0],[-79.28748881,-3.79221547,0],[-79.28757483,-3.79204687,0],[-79.28764036,-3.79191843,0],[-79.28771904,-3.79176422,0],[-79.28780331,-3.79159906,0],[-79.28801244,-3.79156247,0],[-79.28812215,-3.79154328,0],[-79.28820917,-3.79152806,0],[-79.28821389,-3.79152723,0],[-79.28833645,-3.79150579,0],[-79.28843653,-3.79138669,0],[-79.28851445,-3.79129396,0],[-79.28858354,-3.79121174,0],[-79.28899695,-3.79069128,0],[-79.28926013,-3.79029907,0],[-79.28929621,-3.79024529,0],[-79.289409,-3.79007147,0],[-79.28962697,-3.78973556,0],[-79.28985397,-3.78940514,0],[-79.28989311,-3.78934205,0],[-79.28992623,-3.78927556,0],[-79.28995302,-3.78920626,0],[-79.28997325,-3.78913476,0],[-79.28998676,-3.78906166,0],[-79.28999341,-3.78898762,0],[-79.28999316,-3.78891328,0],[-79.289986,-3.78883929,0],[-79.289972,-3.78876629,0],[-79.28995128,-3.78869492,0],[-79.28992402,-3.78862581,0],[-79.28989046,-3.78855955,0],[-79.28985089,-3.78849673,0],[-79.28980566,-3.78843789,0],[-79.28975515,-3.78838354,0],[-79.28969982,-3.78833417,0],[-79.28964015,-3.7882902,0],[-79.28957665,-3.78825202,0],[-79.28950988,-3.78821996,0],[-79.28944042,-3.78819429,0],[-79.28936888,-3.78817525,0],[-79.28929589,-3.788163,0],[-79.28922207,-3.78815764,0],[-79.28914808,-3.78815923,0],[-79.28912641,-3.78816174,0],[-79.28907456,-3.78816774,0],[-79.28900215,-3.78818311,0],[-79.28899283,-3.78818603,0],[-79.288951,-3.7881991,0],[-79.28893148,-3.7882052,0],[-79.28886318,-3.78823382,0],[-79.28879783,-3.78826871,0],[-79.28774373,-3.78889673,0],[-79.2876766,-3.78893672,0],[-79.28738404,-3.78913074,0],[-79.28683745,-3.78949324,0],[-79.28645696,-3.78973526,0],[-79.28620349,-3.78990071,0],[-79.28581264,-3.79009619,0],[-79.28568922,-3.79015792,0],[-79.28520063,-3.79021222,0],[-79.28466873,-3.79034718,0],[-79.28375697,-3.79071544,0],[-79.2835952,-3.7907728,0],[-79.28318967,-3.7909166,0],[-79.28308338,-3.79095428,0],[-79.28292649,-3.79100992,0],[-79.28274044,-3.79107588,0],[-79.28250639,-3.79115887,0],[-79.28249949,-3.79116132,0],[-79.28240941,-3.79119326,0],[-79.28234576,-3.79121583,0],[-79.28231392,-3.79122712,0],[-79.28208907,-3.79130685,0],[-79.28188793,-3.79137816,0],[-79.28177005,-3.79141996,0],[-79.28160606,-3.79147811,0],[-79.28150649,-3.79151341,0],[-79.28098407,-3.79169865,0],[-79.28088484,-3.79173384,0],[-79.28086994,-3.79173912,0],[-79.28074892,-3.79178203,0],[-79.28066598,-3.79181144,0],[-79.28062261,-3.79182681,0],[-79.2805253,-3.79186132,0],[-79.28034885,-3.79192389,0],[-79.279836,-3.79210573,0],[-79.27983299,-3.79210679,0],[-79.2794726,-3.79438122,0]]]]}},{"type":"Feature","properties":{"nombre":"San Lucas","categoria":"Cabecera Parroquial"},"geometry":{"type":"MultiPolygon","coordinates":[[[[-79.26404023,-3.7318196,0],[-79.26406026,-3.73197524,0],[-79.26405813,-3.73208326,0],[-79.26393772,-3.73229833,0],[-79.26392736,-3.73231684,0],[-79.26391682,-3.73235398,0],[-79.26390721,-3.73238786,0],[-79.26386379,-3.73253794,0],[-79.26382425,-3.73266078,0],[-79.26346628,-3.73360107,0],[-79.26343387,-3.73364,0],[-79.26341729,-3.73365993,0],[-79.26333422,-3.7337764,0],[-79.26323533,-3.73387296,0],[-79.2631875,-3.73408977,0],[-79.26308686,-3.73455388,0],[-79.26306285,-3.73456788,0],[-79.26301801,-3.73460162,0],[-79.26300186,-3.73461376,0],[-79.26293889,-3.73466114,0],[-79.26293566,-3.73466454,0],[-79.26288747,-3.73471521,0],[-79.26282995,-3.73480561,0],[-79.26282167,-3.73482001,0],[-79.26282092,-3.73482133,0],[-79.26281971,-3.73482474,0],[-79.26281765,-3.73483055,0],[-79.26281624,-3.73483454,0],[-79.2628144,-3.73483975,0],[-79.26281174,-3.73484726,0],[-79.26281039,-3.73485108,0],[-79.26281036,-3.73485116,0],[-79.26280869,-3.73485589,0],[-79.26280796,-3.73485796,0],[-79.26280518,-3.7348658,0],[-79.26279294,-3.7349004,0],[-79.2627786,-3.73489898,0],[-79.26272675,-3.73489385,0],[-79.26265121,-3.73488637,0],[-79.26246652,-3.73486808,0],[-79.26244576,-3.73486603,0],[-79.26240881,-3.73486237,0],[-79.26240305,-3.73489718,0],[-79.26235423,-3.73519215,0],[-79.26231324,-3.73543984,0],[-79.26231071,-3.73545514,0],[-79.26230888,-3.73546618,0],[-79.26230501,-3.73548955,0],[-79.26230486,-3.73549049,0],[-79.26229937,-3.735489,0],[-79.262271,-3.73548131,0],[-79.26224603,-3.73547454,0],[-79.26217954,-3.73545713,0],[-79.26210601,-3.73544079,0],[-79.26207282,-3.73543341,0],[-79.26203734,-3.73541932,0],[-79.26201726,-3.73541135,0],[-79.26198539,-3.73539869,0],[-79.26184897,-3.73533678,0],[-79.2618235,-3.73532522,0],[-79.2617724,-3.73530866,0],[-79.26173649,-3.73530316,0],[-79.26170486,-3.73530206,0],[-79.26160921,-3.73529875,0],[-79.26159037,-3.73529733,0],[-79.26157553,-3.73529621,0],[-79.2615684,-3.73529567,0],[-79.26154512,-3.73529392,0],[-79.26150247,-3.73528461,0],[-79.26147415,-3.73527162,0],[-79.26145743,-3.73526395,0],[-79.26142881,-3.73525083,0],[-79.26141505,-3.73524438,0],[-79.26135893,-3.73521831,0],[-79.26132142,-3.73520508,0],[-79.26129698,-3.73519646,0],[-79.26127617,-3.73518912,0],[-79.26122128,-3.73517934,0],[-79.26120626,-3.73517919,0],[-79.26117601,-3.73517889,0],[-79.26116475,-3.73517877,0],[-79.26115492,-3.73517989,0],[-79.26113397,-3.73518226,0],[-79.26112792,-3.73518295,0],[-79.26111058,-3.73518659,0],[-79.26108304,-3.73519296,0],[-79.26107397,-3.73519505,0],[-79.2610355,-3.73524617,0],[-79.26103525,-3.73524643,0],[-79.26103327,-3.73525013,0],[-79.26103263,-3.73525285,0],[-79.26103262,-3.73525809,0],[-79.26103131,-3.73529267,0],[-79.26102795,-3.7353814,0],[-79.26102378,-3.73549123,0],[-79.26102175,-3.73554879,0],[-79.26101947,-3.73563539,0],[-79.26101868,-3.73566535,0],[-79.26101465,-3.73574492,0],[-79.26101773,-3.73584667,0],[-79.2610118,-3.73594188,0],[-79.26100003,-3.7359635,0],[-79.26097844,-3.73598756,0],[-79.26093491,-3.73606054,0],[-79.26090017,-3.73610144,0],[-79.26080157,-3.73620722,0],[-79.26067812,-3.73631206,0],[-79.26049348,-3.73645683,0],[-79.2603406,-3.73659751,0],[-79.26033175,-3.73661142,0],[-79.26026569,-3.73667496,0],[-79.2602399,-3.73670937,0],[-79.26022262,-3.7367768,0],[-79.26022519,-3.7369261,0],[-79.26024071,-3.73702375,0],[-79.26027621,-3.73714154,0],[-79.2603067,-3.73724005,0],[-79.26029476,-3.73728366,0],[-79.26028443,-3.73732143,0],[-79.2602796,-3.73733909,0],[-79.2602655,-3.73735037,0],[-79.26024247,-3.7373688,0],[-79.26016033,-3.73743455,0],[-79.26009705,-3.73749787,0],[-79.26002908,-3.73756588,0],[-79.25994641,-3.73764859,0],[-79.25992169,-3.73767333,0],[-79.25991936,-3.73770733,0],[-79.25991173,-3.7378191,0],[-79.25990943,-3.73785275,0],[-79.25992313,-3.7378832,0],[-79.25995805,-3.73796078,0],[-79.25996871,-3.73798446,0],[-79.25999271,-3.73801594,0],[-79.26008749,-3.73814022,0],[-79.26010143,-3.7381778,0],[-79.26014311,-3.73829012,0],[-79.26015856,-3.73833176,0],[-79.260175,-3.73836495,0],[-79.2601984,-3.73841221,0],[-79.26021786,-3.73845151,0],[-79.26028792,-3.73855247,0],[-79.26030099,-3.7385713,0],[-79.26038418,-3.73865521,0],[-79.26052694,-3.73872727,0],[-79.26056562,-3.7387429,0],[-79.26061763,-3.73876392,0],[-79.26064593,-3.73877536,0],[-79.26064586,-3.73880842,0],[-79.26064577,-3.73885757,0],[-79.26064572,-3.73888302,0],[-79.26063236,-3.73890974,0],[-79.26060985,-3.73895473,0],[-79.26060976,-3.73900244,0],[-79.26060961,-3.73907436,0],[-79.26060499,-3.73913762,0],[-79.26060368,-3.73915551,0],[-79.26059738,-3.73924181,0],[-79.26056672,-3.73929699,0],[-79.26055193,-3.73932361,0],[-79.26053762,-3.73934936,0],[-79.26051606,-3.73936014,0],[-79.26045427,-3.73939102,0],[-79.26032306,-3.7394566,0],[-79.26014431,-3.73951606,0],[-79.26000106,-3.73969521,0],[-79.25981017,-3.73987428,0],[-79.25979544,-3.73988675,0],[-79.2596785,-3.73998575,0],[-79.2596551,-3.74000556,0],[-79.25964743,-3.74002853,0],[-79.25964119,-3.74004721,0],[-79.25963114,-3.74007729,0],[-79.25965611,-3.74009492,0],[-79.25973682,-3.74015191,0],[-79.25975006,-3.74016126,0],[-79.25975127,-3.74016127,0],[-79.25983565,-3.74016144,0],[-79.25986915,-3.7401615,0],[-79.25988312,-3.74016153,0],[-79.25989335,-3.74016155,0],[-79.25998823,-3.74016174,0],[-79.26019044,-3.74028177,0],[-79.26036467,-3.74035425,0],[-79.26039272,-3.74036591,0],[-79.26042844,-3.74036598,0],[-79.26044291,-3.74036722,0],[-79.26057132,-3.74037823,0],[-79.26079753,-3.74040261,0],[-79.26085386,-3.74043104,0],[-79.26086891,-3.74043864,0],[-79.26089279,-3.74044769,0],[-79.26093029,-3.7404619,0],[-79.26096411,-3.74047472,0],[-79.26101798,-3.74047899,0],[-79.26111889,-3.74048699,0],[-79.26114703,-3.74049176,0],[-79.26122292,-3.74050462,0],[-79.26126175,-3.7405112,0],[-79.26130922,-3.74059503,0],[-79.2613357,-3.74064487,0],[-79.26154654,-3.7406173,0],[-79.26166657,-3.74061825,0],[-79.26174983,-3.74059591,0],[-79.26223761,-3.74036234,0],[-79.2624595,-3.74042293,0],[-79.26258252,-3.74076045,0],[-79.26272128,-3.74114117,0],[-79.26275803,-3.74124199,0],[-79.26281651,-3.74133887,0],[-79.26278034,-3.74155249,0],[-79.26276805,-3.74162504,0],[-79.26347834,-3.74142029,0],[-79.2636464,-3.74141015,0],[-79.26371368,-3.74140113,0],[-79.26379123,-3.74148644,0],[-79.26388419,-3.74155061,0],[-79.26395751,-3.74163442,0],[-79.26401319,-3.7417068,0],[-79.26409426,-3.74185125,0],[-79.26437298,-3.74201131,0],[-79.26477109,-3.74212297,0],[-79.26478563,-3.74212704,0],[-79.2653257,-3.74208321,0],[-79.26537962,-3.74205042,0],[-79.2654098,-3.74203207,0],[-79.26554829,-3.74194785,0],[-79.26559964,-3.74190155,0],[-79.26559962,-3.74190153,0],[-79.26559957,-3.74190144,0],[-79.26559955,-3.74190141,0],[-79.26560083,-3.74190048,0],[-79.26581898,-3.74174329,0],[-79.2659066,-3.7416337,0],[-79.26596208,-3.74153461,0],[-79.26598612,-3.74148003,0],[-79.26601127,-3.7414095,0],[-79.26602682,-3.74137245,0],[-79.26606386,-3.74130912,0],[-79.26606986,-3.74128401,0],[-79.26607706,-3.74125531,0],[-79.26607603,-3.74117755,0],[-79.26605943,-3.74114163,0],[-79.26601186,-3.74110804,0],[-79.26598211,-3.74109602,0],[-79.26594996,-3.74109595,0],[-79.26590469,-3.74110184,0],[-79.2658487,-3.7411137,0],[-79.26581177,-3.74111841,0],[-79.26572727,-3.74109671,0],[-79.26568086,-3.74107987,0],[-79.26563013,-3.74106962,0],[-79.26553442,-3.74106163,0],[-79.26537246,-3.7410637,0],[-79.26526769,-3.74104914,0],[-79.26520224,-3.74102748,0],[-79.26514155,-3.74100582,0],[-79.265094,-3.74096147,0],[-79.26507279,-3.74092445,0],[-79.26505998,-3.74086819,0],[-79.26505028,-3.74080959,0],[-79.26504899,-3.74080181,0],[-79.26504998,-3.74063968,0],[-79.26504519,-3.74051528,0],[-79.26504293,-3.7404706,0],[-79.26503837,-3.74044161,0],[-79.26501728,-3.74024737,0],[-79.26497889,-3.74015186,0],[-79.26495345,-3.74000607,0],[-79.26493295,-3.73989693,0],[-79.26492957,-3.73980002,0],[-79.26493042,-3.73972753,0],[-79.26492984,-3.73966006,0],[-79.26493704,-3.73963495,0],[-79.2649471,-3.73960123,0],[-79.26495502,-3.7395711,0],[-79.26495723,-3.73953953,0],[-79.26495014,-3.7395108,0],[-79.26488667,-3.7394511,0],[-79.26480434,-3.73939464,0],[-79.26480061,-3.73939179,0],[-79.26468808,-3.73930572,0],[-79.26457963,-3.73922702,0],[-79.26444643,-3.73914063,0],[-79.26439984,-3.73909262,0],[-79.26437805,-3.73903631,0],[-79.26436196,-3.73897866,0],[-79.2643618,-3.7389779,0],[-79.2643412,-3.73887621,0],[-79.26434043,-3.73878434,0],[-79.26433863,-3.73872883,0],[-79.26433328,-3.73867929,0],[-79.26432003,-3.73865213,0],[-79.26429783,-3.73862712,0],[-79.26424695,-3.73859781,0],[-79.26421304,-3.73858339,0],[-79.26418943,-3.73856929,0],[-79.26416131,-3.7385474,0],[-79.26415181,-3.73853601,0],[-79.26414855,-3.73852207,0],[-79.2641513,-3.73849354,0],[-79.26415909,-3.73846784,0],[-79.26416806,-3.73844572,0],[-79.26418954,-3.73842603,0],[-79.26421517,-3.73841113,0],[-79.26424794,-3.73839743,0],[-79.26433196,-3.7383653,0],[-79.2643552,-3.73835458,0],[-79.26440587,-3.73832418,0],[-79.26444762,-3.73828897,0],[-79.26447567,-3.73825613,0],[-79.26449777,-3.73822447,0],[-79.2645175,-3.73818204,0],[-79.26452769,-3.73814916,0],[-79.26453668,-3.73811509,0],[-79.26453614,-3.73808757,0],[-79.2645219,-3.73806302,0],[-79.26449755,-3.73803426,0],[-79.26444165,-3.73799467,0],[-79.26439352,-3.73794433,0],[-79.26435232,-3.73788718,0],[-79.2643146,-3.73781019,0],[-79.2642802,-3.73773894,0],[-79.26426478,-3.7377096,0],[-79.26425711,-3.73767131,0],[-79.26425244,-3.73762404,0],[-79.26425501,-3.73757728,0],[-79.264258,-3.73752297,0],[-79.26425344,-3.73741828,0],[-79.26425588,-3.73739077,0],[-79.26426251,-3.73734952,0],[-79.26426913,-3.73731484,0],[-79.26428051,-3.73727658,0],[-79.26429026,-3.73718845,0],[-79.26429114,-3.73708707,0],[-79.26427559,-3.7369975,0],[-79.26425876,-3.73694999,0],[-79.26424432,-3.73690925,0],[-79.26419189,-3.73678209,0],[-79.26413585,-3.73665661,0],[-79.26411446,-3.73663504,0],[-79.26408589,-3.7366302,0],[-79.26403172,-3.73662231,0],[-79.26398411,-3.73661325,0],[-79.26394304,-3.73660419,0],[-79.26391987,-3.73657603,0],[-79.26390988,-3.73651082,0],[-79.26390998,-3.73646117,0],[-79.26393633,-3.73638466,0],[-79.26399493,-3.73625558,0],[-79.26406002,-3.73616299,0],[-79.26409168,-3.73611102,0],[-79.26412037,-3.73605066,0],[-79.2641446,-3.73597865,0],[-79.26414793,-3.73596877,0],[-79.26417122,-3.73588544,0],[-79.26418808,-3.73583427,0],[-79.2642066,-3.7358056,0],[-79.26423045,-3.7357871,0],[-79.26427692,-3.73577344,0],[-79.26434122,-3.73577655,0],[-79.26444361,-3.73578633,0],[-79.26453593,-3.73577036,0],[-79.26460799,-3.73576452,0],[-79.26469987,-3.73574279,0],[-79.26477898,-3.73571402,0],[-79.2648189,-3.73569675,0],[-79.2648612,-3.73568487,0],[-79.26489932,-3.73568136,0],[-79.26493208,-3.73567245,0],[-79.26496784,-3.73565757,0],[-79.2649911,-3.73563847,0],[-79.26499595,-3.73559422,0],[-79.26498143,-3.73552879,0],[-79.26495926,-3.73547871,0],[-79.26494326,-3.7354386,0],[-79.26491295,-3.73540684,0],[-79.26487253,-3.73537266,0],[-79.26483331,-3.73533251,0],[-79.26480308,-3.73526546,0],[-79.26480075,-3.73524093,0],[-79.26480554,-3.735223,0],[-79.26483119,-3.73520091,0],[-79.26488776,-3.73519744,0],[-79.26493302,-3.73519513,0],[-79.26496876,-3.73518982,0],[-79.2650051,-3.73517733,0],[-79.2650367,-3.73515467,0],[-79.26503786,-3.73515112,0],[-79.26505228,-3.73510685,0],[-79.26505238,-3.735056,0],[-79.2650406,-3.73498959,0],[-79.26501634,-3.73491178,0],[-79.26499444,-3.73484534,0],[-79.26498501,-3.73479568,0],[-79.26495846,-3.73466942,0],[-79.26495981,-3.73458927,0],[-79.26496228,-3.73454381,0],[-79.26497849,-3.73447506,0],[-79.26499823,-3.73443203,0],[-79.26503295,-3.7343358,0],[-79.26503537,-3.73431726,0],[-79.26504315,-3.73429754,0],[-79.2650545,-3.73427902,0],[-79.26508133,-3.73426113,0],[-79.26512303,-3.73425044,0],[-79.26518345,-3.73423885,0],[-79.26521953,-3.7342291,0],[-79.26524992,-3.73421541,0],[-79.26527378,-3.73419272,0],[-79.26527621,-3.7341688,0],[-79.26523825,-3.73409516,0],[-79.26521334,-3.73404742,0],[-79.26519081,-3.73399697,0],[-79.2651618,-3.73391018,0],[-79.26514111,-3.73383357,0],[-79.26513651,-3.73375401,0],[-79.26515509,-3.73369065,0],[-79.26516944,-3.73365777,0],[-79.26519455,-3.73360638,0],[-79.26524289,-3.73355265,0],[-79.26531803,-3.73349238,0],[-79.2654093,-3.73340464,0],[-79.26552919,-3.73329661,0],[-79.26560381,-3.73319926,0],[-79.26564381,-3.7331467,0],[-79.26566577,-3.73308877,0],[-79.26568391,-3.73304091,0],[-79.26571745,-3.73294049,0],[-79.26571514,-3.73290161,0],[-79.26570996,-3.73280948,0],[-79.26569352,-3.7326958,0],[-79.26563177,-3.73260357,0],[-79.26556647,-3.73250534,0],[-79.26551669,-3.73238741,0],[-79.26545859,-3.73222224,0],[-79.26541771,-3.73215334,0],[-79.26540706,-3.73211982,0],[-79.26539758,-3.73209408,0],[-79.26539825,-3.7320546,0],[-79.26541799,-3.73201038,0],[-79.26546989,-3.73196144,0],[-79.26550033,-3.73194345,0],[-79.26579058,-3.73203855,0],[-79.26611764,-3.73214571,0],[-79.26614057,-3.73211322,0],[-79.26615404,-3.73204625,0],[-79.26631339,-3.731627,0],[-79.26635001,-3.73154973,0],[-79.26636757,-3.73151269,0],[-79.26638483,-3.73147627,0],[-79.26638993,-3.73146551,0],[-79.2663957,-3.73144843,0],[-79.26642309,-3.73136744,0],[-79.26644317,-3.73130803,0],[-79.26647167,-3.73122373,0],[-79.2664886,-3.73117364,0],[-79.26650631,-3.73107065,0],[-79.26652329,-3.73097193,0],[-79.26652274,-3.73097161,0],[-79.26613817,-3.73075611,0],[-79.26612136,-3.7307467,0],[-79.26596231,-3.73065757,0],[-79.265893,-3.73061873,0],[-79.2655949,-3.73045168,0],[-79.26517574,-3.73021679,0],[-79.26515992,-3.73020793,0],[-79.26497083,-3.73010197,0],[-79.26475721,-3.72999424,0],[-79.26473703,-3.72998407,0],[-79.26453528,-3.73055856,0],[-79.26444581,-3.73077164,0],[-79.26410841,-3.73156184,0],[-79.26404023,-3.7318196,0]]]]}},{"type":"Feature","properties":{"nombre":"Taquil","categoria":"Cabecera Parroquial"},"geometry":{"type":"MultiPolygon","coordinates":[[[[-79.28729254,-3.8885286,0],[-79.28731823,-3.88854373,0],[-79.28736826,-3.8885424,0],[-79.28742045,-3.88853174,0],[-79.28745974,-3.88853971,0],[-79.28749331,-3.88854839,0],[-79.28751827,-3.88857285,0],[-79.28754106,-3.88861309,0],[-79.28755529,-3.88864255,0],[-79.28755595,-3.88867198,0],[-79.28753799,-3.88871932,0],[-79.28751931,-3.88876593,0],[-79.28751136,-3.88881329,0],[-79.28751641,-3.88883272,0],[-79.28752199,-3.88885423,0],[-79.28753617,-3.88891096,0],[-79.28756897,-3.88894835,0],[-79.28759681,-3.88896348,0],[-79.28763105,-3.88899298,0],[-79.2876367,-3.88902601,0],[-79.28765592,-3.88906624,0],[-79.28768516,-3.88909501,0],[-79.28770637,-3.88912944,0],[-79.28772787,-3.88917765,0],[-79.28774708,-3.8892186,0],[-79.28776775,-3.8892495,0],[-79.28778515,-3.88928641,0],[-79.28780048,-3.88931704,0],[-79.28780543,-3.88934505,0],[-79.28779043,-3.88937413,0],[-79.2877624,-3.88942104,0],[-79.28774273,-3.88944831,0],[-79.28773086,-3.88946476,0],[-79.28767661,-3.88955581,0],[-79.28766444,-3.88968259,0],[-79.28771188,-3.88978318,0],[-79.28777131,-3.88984311,0],[-79.28783125,-3.89005213,0],[-79.28788027,-3.89015102,0],[-79.2879301,-3.89024882,0],[-79.28793289,-3.89033855,0],[-79.28788508,-3.8904222,0],[-79.28783038,-3.8904828,0],[-79.28776578,-3.89052065,0],[-79.28769716,-3.89058331,0],[-79.28770889,-3.89067306,0],[-79.28777026,-3.89075992,0],[-79.28777015,-3.89081764,0],[-79.28760546,-3.89087084,0],[-79.28751475,-3.89096635,0],[-79.28750501,-3.89107161,0],[-79.2875476,-3.89121525,0],[-79.28754736,-3.89133488,0],[-79.28749461,-3.89150226,0],[-79.28748479,-3.89164579,0],[-79.28748926,-3.89179414,0],[-79.28736901,-3.89191439,0],[-79.28731259,-3.89198519,0],[-79.28735317,-3.89213824,0],[-79.28735551,-3.89214159,0],[-79.28741691,-3.89222945,0],[-79.28750237,-3.89234512,0],[-79.2875498,-3.89255097,0],[-79.28759123,-3.89258231,0],[-79.28767406,-3.89264496,0],[-79.28768501,-3.89265325,0],[-79.28776878,-3.89267847,0],[-79.2877884,-3.8926902,0],[-79.28779811,-3.89269602,0],[-79.28780412,-3.89269961,0],[-79.28780781,-3.8927018,0],[-79.28781833,-3.89270805,0],[-79.28782157,-3.89270998,0],[-79.28783243,-3.89271644,0],[-79.2878587,-3.89273209,0],[-79.28786168,-3.89273074,0],[-79.28787475,-3.89272498,0],[-79.28788328,-3.8927212,0],[-79.28789709,-3.89271508,0],[-79.28791347,-3.89271819,0],[-79.28792163,-3.89273855,0],[-79.28792507,-3.89277833,0],[-79.28792919,-3.89282592,0],[-79.28795929,-3.89285881,0],[-79.28799454,-3.89287796,0],[-79.28805055,-3.89287455,0],[-79.28807214,-3.89286441,0],[-79.28814757,-3.892829,0],[-79.28822738,-3.89279154,0],[-79.28824791,-3.8927819,0],[-79.2882625,-3.89277813,0],[-79.28828808,-3.8927771,0],[-79.28831667,-3.89278801,0],[-79.28839315,-3.89281719,0],[-79.28859545,-3.89287881,0],[-79.28864944,-3.89289525,0],[-79.28868396,-3.89290577,0],[-79.28866753,-3.89293916,0],[-79.28857838,-3.89312024,0],[-79.28850656,-3.89326613,0],[-79.28849104,-3.89329766,0],[-79.28852373,-3.89331522,0],[-79.28897674,-3.89355858,0],[-79.28925911,-3.89371027,0],[-79.28929687,-3.89373055,0],[-79.2893215,-3.89375602,0],[-79.28950426,-3.89394493,0],[-79.28967676,-3.89412324,0],[-79.28970262,-3.89414997,0],[-79.28972813,-3.89412558,0],[-79.29000209,-3.89386355,0],[-79.29009241,-3.89377717,0],[-79.29017653,-3.89369809,0],[-79.29026713,-3.89361292,0],[-79.29034716,-3.89353858,0],[-79.29036158,-3.89352519,0],[-79.29040205,-3.89350221,0],[-79.29046024,-3.89348714,0],[-79.29049677,-3.89350124,0],[-79.29050395,-3.89350401,0],[-79.29053491,-3.89351596,0],[-79.29055781,-3.89353643,0],[-79.29059595,-3.89357053,0],[-79.29059161,-3.89354563,0],[-79.29057765,-3.89346547,0],[-79.29054811,-3.89329588,0],[-79.29054654,-3.89328683,0],[-79.29052872,-3.89312668,0],[-79.2905057,-3.89291967,0],[-79.29048009,-3.89281866,0],[-79.2904122,-3.8925509,0],[-79.29025501,-3.8923465,0],[-79.29030866,-3.89230809,0],[-79.29028034,-3.89201984,0],[-79.290314,-3.89163195,0],[-79.29031342,-3.8916098,0],[-79.2903134,-3.89160882,0],[-79.29030638,-3.89133977,0],[-79.29030678,-3.89096917,0],[-79.29036773,-3.89088267,0],[-79.2903736,-3.89085841,0],[-79.29039683,-3.89076248,0],[-79.2903908,-3.89073404,0],[-79.29036755,-3.89062448,0],[-79.29035953,-3.8905867,0],[-79.29033321,-3.89055682,0],[-79.29026382,-3.89047806,0],[-79.29022664,-3.89043586,0],[-79.29019156,-3.89040324,0],[-79.29015098,-3.89036551,0],[-79.29008772,-3.89031076,0],[-79.29010061,-3.890295,0],[-79.29019066,-3.89029518,0],[-79.2902535,-3.89031684,0],[-79.29036918,-3.89036158,0],[-79.29038163,-3.89032227,0],[-79.29039334,-3.89025626,0],[-79.29039252,-3.89009303,0],[-79.29041721,-3.89004026,0],[-79.29042911,-3.89002334,0],[-79.2904833,-3.88994363,0],[-79.2904904,-3.88989268,0],[-79.29050231,-3.88979983,0],[-79.29051015,-3.88973754,0],[-79.29050733,-3.8897193,0],[-79.29048845,-3.88970493,0],[-79.29047113,-3.88966996,0],[-79.29045574,-3.88962244,0],[-79.29044674,-3.88953964,0],[-79.29046075,-3.88942858,0],[-79.29045945,-3.88941479,0],[-79.29045783,-3.88936655,0],[-79.29045718,-3.88931104,0],[-79.29045657,-3.88923639,0],[-79.29045871,-3.88921305,0],[-79.29046125,-3.88918224,0],[-79.29046395,-3.88916846,0],[-79.29046969,-3.88915469,0],[-79.29047979,-3.88913829,0],[-79.29048237,-3.88911585,0],[-79.29037401,-3.88909888,0],[-79.29034066,-3.88910001,0],[-79.29031563,-3.88910714,0],[-79.29028229,-3.88910587,0],[-79.29023466,-3.8890998,0],[-79.29017153,-3.88909728,0],[-79.29010121,-3.88912106,0],[-79.29002121,-3.88916941,0],[-79.2899364,-3.88901104,0],[-79.28989184,-3.88894423,0],[-79.28982974,-3.88886157,0],[-79.28980332,-3.88882641,0],[-79.2897835,-3.88880954,0],[-79.28975173,-3.8887825,0],[-79.28971494,-3.88875119,0],[-79.2897001,-3.8887418,0],[-79.28969295,-3.88873687,0],[-79.28959549,-3.88866972,0],[-79.28949267,-3.88862358,0],[-79.28931744,-3.88857728,0],[-79.28910029,-3.88852707,0],[-79.28867128,-3.88756983,0],[-79.28817023,-3.88780906,0],[-79.28808179,-3.88785128,0],[-79.28805346,-3.88786481,0],[-79.28801823,-3.88786887,0],[-79.28794652,-3.88787713,0],[-79.28781891,-3.88789184,0],[-79.2877828,-3.887896,0],[-79.28771278,-3.88790407,0],[-79.28751415,-3.88792696,0],[-79.28739824,-3.88794032,0],[-79.28736856,-3.88794593,0],[-79.28737013,-3.88797033,0],[-79.2873729,-3.88801627,0],[-79.28740425,-3.8880594,0],[-79.28745276,-3.88810113,0],[-79.28749274,-3.88812275,0],[-79.28751414,-3.88814289,0],[-79.28751697,-3.88815869,0],[-79.28750903,-3.88819384,0],[-79.28749397,-3.88822324,0],[-79.28745889,-3.88825475,0],[-79.28740526,-3.888269,0],[-79.28736662,-3.88829404,0],[-79.28731723,-3.88833198,0],[-79.28728212,-3.88838,0],[-79.28726916,-3.88842591,0],[-79.28726909,-3.88845965,0],[-79.2872733,-3.88849985,0],[-79.28729254,-3.8885286,0]]]]}},{"type":"Feature","properties":{"nombre":"Yangana","categoria":"Cabecera Parroquial"},"geometry":{"type":"MultiPolygon","coordinates":[[[[-79.17578091,-4.36193084,0],[-79.17543231,-4.36219045,0],[-79.17482365,-4.36269544,0],[-79.17463922,-4.36286579,0],[-79.17457967,-4.36294509,0],[-79.17452401,-4.3630542,0],[-79.17451997,-4.36306833,0],[-79.17447729,-4.3630958,0],[-79.17441442,-4.36309587,0],[-79.17439645,-4.36309872,0],[-79.17434376,-4.36310709,0],[-79.1743057,-4.36310581,0],[-79.17413414,-4.36310007,0],[-79.17419476,-4.36332132,0],[-79.17426484,-4.36357714,0],[-79.17427524,-4.36361511,0],[-79.17427796,-4.36362502,0],[-79.17428275,-4.36364251,0],[-79.17432134,-4.36378337,0],[-79.17442888,-4.36393601,0],[-79.17436612,-4.36404192,0],[-79.17437466,-4.36430977,0],[-79.17447557,-4.36438968,0],[-79.17446625,-4.36449438,0],[-79.17450042,-4.36452907,0],[-79.17450213,-4.36453331,0],[-79.17452496,-4.36458991,0],[-79.17453964,-4.36466707,0],[-79.17456161,-4.36474588,0],[-79.17456766,-4.3648148,0],[-79.17454896,-4.36490807,0],[-79.17453499,-4.36498478,0],[-79.17452998,-4.36501222,0],[-79.17438434,-4.36534559,0],[-79.17427805,-4.36558886,0],[-79.17419929,-4.36565904,0],[-79.17412748,-4.36578518,0],[-79.17412294,-4.36589139,0],[-79.17415112,-4.36606228,0],[-79.17425764,-4.36636686,0],[-79.17435698,-4.36668146,0],[-79.17443195,-4.36702472,0],[-79.17459944,-4.36689643,0],[-79.17496695,-4.36661494,0],[-79.17520315,-4.36676062,0],[-79.17557391,-4.36699624,0],[-79.17577741,-4.36710732,0],[-79.17593961,-4.36719588,0],[-79.17598553,-4.36721773,0],[-79.17598918,-4.36721947,0],[-79.17605785,-4.36725214,0],[-79.17607251,-4.36725914,0],[-79.17616375,-4.36730258,0],[-79.17616717,-4.36730422,0],[-79.17622435,-4.36731394,0],[-79.17624003,-4.36731462,0],[-79.17624084,-4.3673144,0],[-79.17624304,-4.3673138,0],[-79.17637401,-4.36727803,0],[-79.1766903,-4.36719165,0],[-79.17675009,-4.36717532,0],[-79.17725994,-4.36703608,0],[-79.17786161,-4.36687176,0],[-79.17788769,-4.36686464,0],[-79.17854774,-4.36480339,0],[-79.17914524,-4.36293746,0],[-79.17933415,-4.36284637,0],[-79.17935764,-4.36283504,0],[-79.17944415,-4.36279333,0],[-79.17943844,-4.36277948,0],[-79.17942695,-4.3627516,0],[-79.17941025,-4.36270064,0],[-79.17933431,-4.36246898,0],[-79.17932202,-4.36243151,0],[-79.17932103,-4.36238868,0],[-79.17931777,-4.36224905,0],[-79.17931279,-4.36203536,0],[-79.17931163,-4.361986,0],[-79.17926478,-4.36194062,0],[-79.17926014,-4.36193613,0],[-79.17922518,-4.36190227,0],[-79.1792198,-4.36189706,0],[-79.17921725,-4.36189459,0],[-79.17921168,-4.3618873,0],[-79.17914569,-4.36180085,0],[-79.1790552,-4.36168231,0],[-79.17897851,-4.36167247,0],[-79.17888313,-4.36165076,0],[-79.17885706,-4.3616408,0],[-79.1787849,-4.36161694,0],[-79.17872131,-4.36159669,0],[-79.1786424,-4.36157938,0],[-79.17856909,-4.3615633,0],[-79.17851762,-4.36156174,0],[-79.17846113,-4.36156161,0],[-79.17840388,-4.36158013,0],[-79.17823773,-4.36165608,0],[-79.17783508,-4.36178434,0],[-79.1775702,-4.36186089,0],[-79.17736127,-4.36192283,0],[-79.17719521,-4.36199491,0],[-79.17713082,-4.36201055,0],[-79.17705642,-4.36202759,0],[-79.17698989,-4.36203819,0],[-79.17691524,-4.36197129,0],[-79.17678382,-4.36181954,0],[-79.17674323,-4.36177267,0],[-79.17645051,-4.36143469,0],[-79.17606176,-4.36170143,0],[-79.17589064,-4.3618296,0],[-79.17585713,-4.36185471,0],[-79.17578091,-4.36193084,0]]]]}},{"type":"Feature","properties":{"nombre":"San Pedro de Vilcabamba","categoria":"Cabecera Parroquial"},"geometry":{"type":"MultiPolygon","coordinates":[[[[-79.21785316,-4.23972878,0],[-79.21788888,-4.2399155,0],[-79.21787539,-4.24012187,0],[-79.21789657,-4.24024035,0],[-79.21794987,-4.24038043,0],[-79.21807462,-4.24057687,0],[-79.21808804,-4.2406176,0],[-79.21818289,-4.24082118,0],[-79.21821828,-4.24097677,0],[-79.21821839,-4.24099654,0],[-79.21821941,-4.24118962,0],[-79.21814602,-4.24131155,0],[-79.21811,-4.2414311,0],[-79.21799503,-4.24161078,0],[-79.21794749,-4.24175987,0],[-79.21793869,-4.24178746,0],[-79.2179304,-4.24181348,0],[-79.21793382,-4.24184685,0],[-79.21794807,-4.24198588,0],[-79.21795371,-4.24204082,0],[-79.21800107,-4.24217252,0],[-79.21810271,-4.2423187,0],[-79.21815976,-4.24237984,0],[-79.21822401,-4.24242305,0],[-79.21835622,-4.24244489,0],[-79.21846341,-4.24246667,0],[-79.21866,-4.2424743,0],[-79.21876005,-4.24248889,0],[-79.21884925,-4.24256087,0],[-79.21891696,-4.24265433,0],[-79.21898867,-4.24277292,0],[-79.21900009,-4.24298827,0],[-79.21899997,-4.24304211,0],[-79.21895519,-4.24312814,0],[-79.21892614,-4.24332545,0],[-79.21893654,-4.24346902,0],[-79.21894114,-4.24350071,0],[-79.21897583,-4.24373966,0],[-79.21897976,-4.24378719,0],[-79.21899264,-4.24386398,0],[-79.21901189,-4.24393942,0],[-79.21903737,-4.24401298,0],[-79.21906891,-4.24408413,0],[-79.21910628,-4.24415237,0],[-79.21914739,-4.24421967,0],[-79.21918273,-4.24429018,0],[-79.21920236,-4.24433917,0],[-79.21934959,-4.24455826,0],[-79.21947307,-4.24475234,0],[-79.21953921,-4.24485325,0],[-79.21957044,-4.2449009,0],[-79.21959834,-4.24498557,0],[-79.2196225,-4.24505892,0],[-79.21962058,-4.24511405,0],[-79.2196174,-4.24520485,0],[-79.2196074,-4.24540819,0],[-79.21960414,-4.24556497,0],[-79.21961526,-4.24566219,0],[-79.21967229,-4.24577195,0],[-79.21973362,-4.24587936,0],[-79.21979914,-4.24598423,0],[-79.21989704,-4.24608806,0],[-79.21999056,-4.24619739,0],[-79.22002149,-4.24615034,0],[-79.22003539,-4.24613654,0],[-79.22005217,-4.24612337,0],[-79.2200639,-4.24611562,0],[-79.22008274,-4.24610672,0],[-79.22010888,-4.24609782,0],[-79.22013439,-4.24609056,0],[-79.22015358,-4.24608708,0],[-79.22018522,-4.24607973,0],[-79.22021684,-4.24607366,0],[-79.22023542,-4.2460716,0],[-79.22024558,-4.24607047,0],[-79.22027954,-4.24606829,0],[-79.22032873,-4.2460646,0],[-79.2203544,-4.24606294,0],[-79.22038206,-4.24606066,0],[-79.22041522,-4.24605666,0],[-79.2204427,-4.24605175,0],[-79.22047163,-4.24604251,0],[-79.2205013,-4.2460282,0],[-79.2205316,-4.2460129,0],[-79.22056458,-4.24600348,0],[-79.22060342,-4.24599588,0],[-79.22064586,-4.24598956,0],[-79.22068271,-4.24598377,0],[-79.22072083,-4.24597572,0],[-79.22075896,-4.24596324,0],[-79.22080476,-4.24594191,0],[-79.22084093,-4.24592084,0],[-79.22087241,-4.24590002,0],[-79.22090715,-4.24587333,0],[-79.22093982,-4.24584203,0],[-79.22096439,-4.24581252,0],[-79.22096891,-4.2458072,0],[-79.22097406,-4.24579844,0],[-79.22098663,-4.24577749,0],[-79.22106283,-4.24565948,0],[-79.22109457,-4.24560385,0],[-79.22111977,-4.24557253,0],[-79.22113894,-4.24554201,0],[-79.22116037,-4.24550535,0],[-79.22117907,-4.2454817,0],[-79.22120356,-4.24544486,0],[-79.22122787,-4.24540938,0],[-79.22124784,-4.24538221,0],[-79.22127629,-4.245348,0],[-79.22129142,-4.24532783,0],[-79.2213052,-4.24530946,0],[-79.22131517,-4.24529401,0],[-79.22134569,-4.24524671,0],[-79.22136577,-4.24521058,0],[-79.22138098,-4.2451778,0],[-79.22140268,-4.2451405,0],[-79.22141995,-4.24510998,0],[-79.22144733,-4.24507206,0],[-79.22147009,-4.24504553,0],[-79.22147343,-4.2450412,0],[-79.22149177,-4.24501691,0],[-79.22151317,-4.24499228,0],[-79.22155271,-4.24495322,0],[-79.22157779,-4.24493564,0],[-79.22160142,-4.24492349,0],[-79.22163035,-4.24491487,0],[-79.22165738,-4.24490996,0],[-79.22168288,-4.24490704,0],[-79.22171964,-4.24490423,0],[-79.22175379,-4.24489762,0],[-79.22182235,-4.24488982,0],[-79.22186756,-4.24488947,0],[-79.22190341,-4.24488874,0],[-79.22193531,-4.24488501,0],[-79.22196991,-4.2448784,0],[-79.22200984,-4.24486647,0],[-79.22204328,-4.24485352,0],[-79.22212114,-4.24483869,0],[-79.22219745,-4.24482865,0],[-79.22222755,-4.2448223,0],[-79.22228723,-4.24479775,0],[-79.22232402,-4.24478084,0],[-79.22234782,-4.24476914,0],[-79.22244144,-4.24471184,0],[-79.22248212,-4.24468861,0],[-79.2225118,-4.24466959,0],[-79.2225413,-4.24464615,0],[-79.22259807,-4.24459782,0],[-79.22262188,-4.24458069,0],[-79.22267862,-4.24454592,0],[-79.2227358,-4.24451042,0],[-79.22276341,-4.24448878,0],[-79.22278679,-4.24446605,0],[-79.22280559,-4.24443987,0],[-79.222834,-4.24438152,0],[-79.22285598,-4.24434314,0],[-79.22288287,-4.24428081,0],[-79.22289812,-4.24423075,0],[-79.22292517,-4.24417755,0],[-79.22294564,-4.24412868,0],[-79.22296032,-4.24408838,0],[-79.22298358,-4.2440416,0],[-79.22301035,-4.24399247,0],[-79.22304253,-4.24394416,0],[-79.22317063,-4.24381524,0],[-79.22319592,-4.24378284,0],[-79.22321302,-4.24375204,0],[-79.22323194,-4.24370886,0],[-79.22324319,-4.24367109,0],[-79.22324883,-4.24365526,0],[-79.22325462,-4.24363902,0],[-79.22328058,-4.24359061,0],[-79.22329648,-4.24357057,0],[-79.22332347,-4.24354215,0],[-79.22338151,-4.24350612,0],[-79.22339951,-4.24349494,0],[-79.22350183,-4.24341289,0],[-79.22353431,-4.24339035,0],[-79.2236023,-4.24330639,0],[-79.22380675,-4.24310637,0],[-79.22390383,-4.24296161,0],[-79.22395617,-4.24279474,0],[-79.22391882,-4.24266163,0],[-79.22395822,-4.24252439,0],[-79.224048,-4.24244516,0],[-79.22412388,-4.24240467,0],[-79.22415583,-4.24239469,0],[-79.22417728,-4.24239283,0],[-79.22419302,-4.24239143,0],[-79.22421209,-4.24238717,0],[-79.22423023,-4.24237333,0],[-79.2242403,-4.24234799,0],[-79.22423705,-4.24231114,0],[-79.22423051,-4.24225466,0],[-79.22423055,-4.24223313,0],[-79.22423681,-4.24220922,0],[-79.22429189,-4.24208829,0],[-79.22430813,-4.24207493,0],[-79.22437827,-4.24204016,0],[-79.2243907,-4.24202583,0],[-79.22452659,-4.24132869,0],[-79.22458601,-4.24102382,0],[-79.22458799,-4.24101641,0],[-79.2246937,-4.24062022,0],[-79.22472898,-4.24048564,0],[-79.22453202,-4.24001795,0],[-79.22453143,-4.24001656,0],[-79.22451649,-4.23998107,0],[-79.22450607,-4.23995633,0],[-79.22445208,-4.23982813,0],[-79.22444521,-4.23981182,0],[-79.22419634,-4.23922087,0],[-79.22418308,-4.23918939,0],[-79.22407767,-4.2389391,0],[-79.22357668,-4.23912422,0],[-79.22333526,-4.23921343,0],[-79.22285276,-4.23939172,0],[-79.22249017,-4.2395257,0],[-79.2222817,-4.23960273,0],[-79.22177371,-4.23979044,0],[-79.22154191,-4.23987609,0],[-79.22147542,-4.23980563,0],[-79.22128478,-4.23960359,0],[-79.22091894,-4.23921588,0],[-79.22091346,-4.23921007,0],[-79.22084464,-4.23913714,0],[-79.2184108,-4.23655779,0],[-79.2179546,-4.23728615,0],[-79.21711213,-4.23863124,0],[-79.21700097,-4.23876277,0],[-79.21693633,-4.23883253,0],[-79.21707904,-4.23895249,0],[-79.21725473,-4.23905887,0],[-79.21781608,-4.23957766,0],[-79.21785316,-4.23972878,0]]]]}},{"type":"Feature","properties":{"nombre":"Vilcabamba","categoria":"Cabecera Parroquial"},"geometry":{"type":"MultiPolygon","coordinates":[[[[-79.22307233,-4.25159757,0],[-79.22277408,-4.25175239,0],[-79.22260442,-4.25174302,0],[-79.22243452,-4.25173965,0],[-79.22217842,-4.25170317,0],[-79.2218746,-4.2516905,0],[-79.22162436,-4.2516959,0],[-79.22137387,-4.25180897,0],[-79.22122227,-4.25193994,0],[-79.22119905,-4.2519905,0],[-79.22115898,-4.2520579,0],[-79.22113369,-4.25209159,0],[-79.22111048,-4.25213793,0],[-79.2210894,-4.25216741,0],[-79.22104729,-4.25220739,0],[-79.22101573,-4.25222841,0],[-79.22097994,-4.25225996,0],[-79.22095255,-4.25229786,0],[-79.22093568,-4.25232524,0],[-79.22092501,-4.25239482,0],[-79.22092071,-4.25243699,0],[-79.22090797,-4.25249601,0],[-79.22083628,-4.25260974,0],[-79.22079625,-4.25266237,0],[-79.22077514,-4.25270662,0],[-79.22075194,-4.25274453,0],[-79.22072244,-4.25278242,0],[-79.22069922,-4.25283088,0],[-79.22069282,-4.25287515,0],[-79.22068638,-4.25293209,0],[-79.22066944,-4.2529911,0],[-79.22062518,-4.25305638,0],[-79.22058934,-4.25310903,0],[-79.22056194,-4.25314693,0],[-79.2205143,-4.2532056,0],[-79.22047135,-4.2532585,0],[-79.22039971,-4.25335113,0],[-79.2202902,-4.25346688,0],[-79.22025232,-4.25349632,0],[-79.22022709,-4.2535047,0],[-79.22020186,-4.25351097,0],[-79.22016612,-4.25352354,0],[-79.22011976,-4.2535846,0],[-79.22007543,-4.25367518,0],[-79.22003956,-4.25374681,0],[-79.22000994,-4.25383743,0],[-79.21998249,-4.25389642,0],[-79.2199319,-4.25396802,0],[-79.2198835,-4.25400376,0],[-79.21984769,-4.25404797,0],[-79.21979914,-4.25414487,0],[-79.21974851,-4.25423756,0],[-79.21972531,-4.25427968,0],[-79.21967053,-4.25434494,0],[-79.21959896,-4.25441016,0],[-79.21958977,-4.25441645,0],[-79.21952531,-4.2544606,0],[-79.2192898,-4.25455286,0],[-79.21923518,-4.25455273,0],[-79.2191532,-4.25457363,0],[-79.21906283,-4.25458819,0],[-79.21892628,-4.25458576,0],[-79.21880444,-4.25458126,0],[-79.21876242,-4.25458538,0],[-79.21864475,-4.25459566,0],[-79.21856695,-4.25462289,0],[-79.21852489,-4.25464389,0],[-79.21846583,-4.2547471,0],[-79.21842576,-4.25481028,0],[-79.21840043,-4.25486506,0],[-79.21836835,-4.254928,0],[-79.21833923,-4.25498513,0],[-79.21828861,-4.25506938,0],[-79.21824431,-4.25514942,0],[-79.21815368,-4.25527998,0],[-79.21807766,-4.25537592,0],[-79.21807361,-4.25538103,0],[-79.21803564,-4.25545054,0],[-79.2179639,-4.25558325,0],[-79.21790262,-4.25573918,0],[-79.21786018,-4.25592046,0],[-79.21784935,-4.25606596,0],[-79.21783651,-4.25616717,0],[-79.21782161,-4.25624939,0],[-79.21779838,-4.25630206,0],[-79.2177751,-4.25637794,0],[-79.21776339,-4.25642259,0],[-79.21776238,-4.25642642,0],[-79.21775377,-4.25651498,0],[-79.21773671,-4.25662672,0],[-79.2177261,-4.25667099,0],[-79.21769443,-4.25674262,0],[-79.21760592,-4.25686053,0],[-79.21755113,-4.25693211,0],[-79.21752159,-4.25698899,0],[-79.21749624,-4.25704798,0],[-79.21747935,-4.25708591,0],[-79.21743929,-4.25714909,0],[-79.21738878,-4.25718693,0],[-79.21734241,-4.25725432,0],[-79.21730449,-4.25730063,0],[-79.21728272,-4.25732994,0],[-79.21725602,-4.2573659,0],[-79.21722438,-4.25741855,0],[-79.21720954,-4.25747968,0],[-79.21719885,-4.2575598,0],[-79.21720684,-4.25766175,0],[-79.21721109,-4.25771591,0],[-79.21722139,-4.25780451,0],[-79.21724851,-4.25788894,0],[-79.21730485,-4.25805358,0],[-79.2173424,-4.25816967,0],[-79.21731115,-4.25821262,0],[-79.21722708,-4.25832112,0],[-79.21716057,-4.25838758,0],[-79.2170976,-4.25843302,0],[-79.21703466,-4.25846793,0],[-79.2169752,-4.25850286,0],[-79.21693675,-4.25851679,0],[-79.21685988,-4.25853414,0],[-79.2167935,-4.25854451,0],[-79.21670623,-4.25852678,0],[-79.21659802,-4.25849847,0],[-79.21637121,-4.2584138,0],[-79.21628046,-4.25838905,0],[-79.21597716,-4.25821974,0],[-79.215816,-4.25826265,0],[-79.21571893,-4.25828849,0],[-79.21551558,-4.25834264,0],[-79.21512669,-4.25844619,0],[-79.21454612,-4.25860077,0],[-79.21407876,-4.25872521,0],[-79.21068271,-4.25962944,0],[-79.21058323,-4.25965593,0],[-79.21057453,-4.25965825,0],[-79.21055319,-4.25966903,0],[-79.21030378,-4.25979502,0],[-79.21036472,-4.25986467,0],[-79.21043433,-4.26002926,0],[-79.21042431,-4.26006223,0],[-79.21041389,-4.26009904,0],[-79.2104361,-4.26016036,0],[-79.21057807,-4.26048424,0],[-79.21058569,-4.2605016,0],[-79.21061501,-4.26056848,0],[-79.21062929,-4.26061717,0],[-79.21065016,-4.26068836,0],[-79.21065954,-4.26072034,0],[-79.21069973,-4.26085735,0],[-79.21078816,-4.26096368,0],[-79.21084495,-4.26103196,0],[-79.21084722,-4.26103468,0],[-79.21084955,-4.26103747,0],[-79.21087958,-4.2610734,0],[-79.21088565,-4.26108066,0],[-79.21098578,-4.26120049,0],[-79.2110675,-4.26129828,0],[-79.21118985,-4.2613657,0],[-79.2114048,-4.26146713,0],[-79.21145688,-4.26149171,0],[-79.21153702,-4.26152953,0],[-79.21158763,-4.261734,0],[-79.21161997,-4.26186464,0],[-79.21176819,-4.2624102,0],[-79.21186886,-4.26274662,0],[-79.21193421,-4.26288595,0],[-79.21196587,-4.26295343,0],[-79.2121396,-4.26304538,0],[-79.21221594,-4.26329268,0],[-79.21230222,-4.26357215,0],[-79.21246044,-4.26399947,0],[-79.2126928,-4.26428884,0],[-79.21269333,-4.2642895,0],[-79.21283174,-4.26440904,0],[-79.2130304,-4.26465409,0],[-79.21317737,-4.26491116,0],[-79.21340615,-4.2651519,0],[-79.21350854,-4.26532216,0],[-79.2135136,-4.26533058,0],[-79.21354314,-4.2653797,0],[-79.21355049,-4.26539193,0],[-79.21414045,-4.26572548,0],[-79.21423142,-4.26565082,0],[-79.21439986,-4.26561968,0],[-79.21444004,-4.26561977,0],[-79.21454665,-4.26563072,0],[-79.21472763,-4.2656481,0],[-79.21475885,-4.26564912,0],[-79.21481439,-4.2656477,0],[-79.21500149,-4.2656853,0],[-79.21502611,-4.26568908,0],[-79.21514616,-4.26570183,0],[-79.21520929,-4.26571733,0],[-79.21521086,-4.26571768,0],[-79.21532824,-4.26574444,0],[-79.2153651,-4.26575019,0],[-79.21537106,-4.26575063,0],[-79.2154497,-4.2657556,0],[-79.21548836,-4.26575526,0],[-79.21551214,-4.26575227,0],[-79.21563611,-4.26573103,0],[-79.2156545,-4.26572714,0],[-79.21565637,-4.26572675,0],[-79.21566629,-4.26572405,0],[-79.21578791,-4.26568844,0],[-79.21582024,-4.26567669,0],[-79.2158442,-4.26566476,0],[-79.21592056,-4.26562187,0],[-79.21592453,-4.2656196,0],[-79.21592846,-4.26561726,0],[-79.21593235,-4.26561485,0],[-79.2159362,-4.26561238,0],[-79.21594,-4.26560984,0],[-79.21594377,-4.26560723,0],[-79.21594749,-4.26560457,0],[-79.21595116,-4.26560184,0],[-79.21595479,-4.26559905,0],[-79.21595837,-4.2655962,0],[-79.2159619,-4.26559328,0],[-79.21596538,-4.26559031,0],[-79.21596882,-4.26558728,0],[-79.21597219,-4.26558419,0],[-79.21597552,-4.26558104,0],[-79.2159788,-4.26557784,0],[-79.21598202,-4.26557459,0],[-79.21598518,-4.26557127,0],[-79.21598829,-4.26556791,0],[-79.21599134,-4.26556449,0],[-79.21599433,-4.26556102,0],[-79.21599726,-4.2655575,0],[-79.21600014,-4.26555394,0],[-79.21600295,-4.26555032,0],[-79.21608331,-4.26544331,0],[-79.21610486,-4.26540971,0],[-79.21611913,-4.26537895,0],[-79.21614361,-4.26531617,0],[-79.21615269,-4.2652929,0],[-79.21615645,-4.26528267,0],[-79.21616468,-4.26525363,0],[-79.21621103,-4.26504713,0],[-79.2162456,-4.26499665,0],[-79.21641517,-4.26476373,0],[-79.21658176,-4.26454471,0],[-79.21682286,-4.26442291,0],[-79.21684248,-4.26441195,0],[-79.21697234,-4.26433214,0],[-79.21697816,-4.26433013,0],[-79.21723875,-4.26424026,0],[-79.21755639,-4.2641727,0],[-79.21756084,-4.26417171,0],[-79.21756528,-4.26417065,0],[-79.21756969,-4.26416951,0],[-79.21757409,-4.2641683,0],[-79.21757846,-4.26416701,0],[-79.21758282,-4.26416565,0],[-79.21758715,-4.26416422,0],[-79.21759145,-4.26416272,0],[-79.21759573,-4.26416114,0],[-79.21759998,-4.26415948,0],[-79.21760421,-4.26415776,0],[-79.2176084,-4.26415597,0],[-79.21761257,-4.2641541,0],[-79.2176167,-4.26415217,0],[-79.2176208,-4.26415016,0],[-79.21762486,-4.26414809,0],[-79.21762889,-4.26414595,0],[-79.21763288,-4.26414373,0],[-79.21763684,-4.26414146,0],[-79.21764075,-4.26413911,0],[-79.21775788,-4.26406763,0],[-79.21785554,-4.26400802,0],[-79.21786244,-4.26400367,0],[-79.21789914,-4.26397491,0],[-79.21800755,-4.26387228,0],[-79.21802486,-4.26388082,0],[-79.21851152,-4.26412069,0],[-79.21914794,-4.26443438,0],[-79.21938896,-4.26448638,0],[-79.21939821,-4.26448837,0],[-79.2194927,-4.26442709,0],[-79.21972801,-4.26432368,0],[-79.21980983,-4.26430013,0],[-79.22018381,-4.26454801,0],[-79.22030141,-4.26462547,0],[-79.22038566,-4.26468096,0],[-79.22044717,-4.26466928,0],[-79.22045006,-4.26466873,0],[-79.22070245,-4.2647052,0],[-79.22076213,-4.26456267,0],[-79.22078405,-4.26453763,0],[-79.22081644,-4.26452091,0],[-79.22082939,-4.26451422,0],[-79.22093313,-4.26446953,0],[-79.22103574,-4.26442533,0],[-79.22106855,-4.26442071,0],[-79.22107358,-4.26442004,0],[-79.22107381,-4.26442065,0],[-79.22107543,-4.26442493,0],[-79.22108494,-4.2644501,0],[-79.22108578,-4.26445226,0],[-79.22108666,-4.26445441,0],[-79.22108757,-4.26445654,0],[-79.22108852,-4.26445865,0],[-79.2210895,-4.26446075,0],[-79.22109052,-4.26446284,0],[-79.22109158,-4.2644649,0],[-79.22109267,-4.26446695,0],[-79.22109379,-4.26446897,0],[-79.22109495,-4.26447098,0],[-79.22109615,-4.26447297,0],[-79.22109737,-4.26447494,0],[-79.22109864,-4.26447688,0],[-79.22109993,-4.2644788,0],[-79.22110125,-4.2644807,0],[-79.22110261,-4.26448258,0],[-79.221104,-4.26448444,0],[-79.22110542,-4.26448627,0],[-79.22110688,-4.26448807,0],[-79.22110836,-4.26448985,0],[-79.22110987,-4.26449161,0],[-79.22111142,-4.26449333,0],[-79.22111299,-4.26449504,0],[-79.22111459,-4.26449671,0],[-79.22111622,-4.26449836,0],[-79.22111787,-4.26449997,0],[-79.22111956,-4.26450156,0],[-79.22112127,-4.26450312,0],[-79.22112301,-4.26450465,0],[-79.22112477,-4.26450616,0],[-79.22112656,-4.26450763,0],[-79.22112661,-4.26450766,0],[-79.22114749,-4.26452451,0],[-79.22116229,-4.26453646,0],[-79.2211743,-4.26454511,0],[-79.22119396,-4.26455769,0],[-79.22120356,-4.26456738,0],[-79.22122348,-4.26458136,0],[-79.22127394,-4.26461001,0],[-79.22136596,-4.26471112,0],[-79.22144198,-4.26479845,0],[-79.22144579,-4.26480265,0],[-79.22154486,-4.26490726,0],[-79.22155265,-4.26491548,0],[-79.22161941,-4.26498424,0],[-79.22170082,-4.26507387,0],[-79.22175814,-4.26514491,0],[-79.22176371,-4.2651513,0],[-79.22187985,-4.26527624,0],[-79.22197428,-4.26538935,0],[-79.22199009,-4.26540537,0],[-79.22205412,-4.26546027,0],[-79.2220758,-4.26549606,0],[-79.22207702,-4.26549803,0],[-79.22207827,-4.26549997,0],[-79.22207955,-4.2655019,0],[-79.22208087,-4.2655038,0],[-79.22208221,-4.26550568,0],[-79.22208359,-4.26550754,0],[-79.222085,-4.26550938,0],[-79.22208644,-4.26551118,0],[-79.22208791,-4.26551297,0],[-79.22208942,-4.26551473,0],[-79.22209095,-4.26551646,0],[-79.22209251,-4.26551817,0],[-79.2220941,-4.26551985,0],[-79.22209572,-4.2655215,0],[-79.22209736,-4.26552312,0],[-79.22209904,-4.26552472,0],[-79.22210074,-4.26552628,0],[-79.22210246,-4.26552782,0],[-79.22210422,-4.26552933,0],[-79.22210599,-4.2655308,0],[-79.2221078,-4.26553225,0],[-79.22210962,-4.26553367,0],[-79.22211147,-4.26553505,0],[-79.22211335,-4.2655364,0],[-79.2221469,-4.26556016,0],[-79.22215696,-4.26556664,0],[-79.22216589,-4.26557141,0],[-79.2222228,-4.26559908,0],[-79.22225247,-4.26561351,0],[-79.2222997,-4.26564681,0],[-79.22232528,-4.26567307,0],[-79.2223492,-4.26570338,0],[-79.22242843,-4.26580141,0],[-79.22245643,-4.26586988,0],[-79.22245734,-4.26587206,0],[-79.22245829,-4.26587422,0],[-79.22245928,-4.26587636,0],[-79.2224603,-4.26587849,0],[-79.22246136,-4.2658806,0],[-79.22246246,-4.26588269,0],[-79.2224636,-4.26588476,0],[-79.22246477,-4.26588681,0],[-79.22246597,-4.26588884,0],[-79.22246721,-4.26589084,0],[-79.22246849,-4.26589283,0],[-79.22246979,-4.26589479,0],[-79.22247114,-4.26589673,0],[-79.22247251,-4.26589865,0],[-79.22247392,-4.26590054,0],[-79.22247537,-4.26590241,0],[-79.22247684,-4.26590425,0],[-79.22247835,-4.26590607,0],[-79.22247988,-4.26590786,0],[-79.22248145,-4.26590962,0],[-79.22248305,-4.26591135,0],[-79.22248468,-4.26591306,0],[-79.22248633,-4.26591473,0],[-79.22248802,-4.26591638,0],[-79.22248974,-4.265918,0],[-79.22249148,-4.26591959,0],[-79.22249325,-4.26592115,0],[-79.22251876,-4.2659432,0],[-79.22253856,-4.26595727,0],[-79.22256105,-4.26596772,0],[-79.22267914,-4.26600875,0],[-79.22283513,-4.26606753,0],[-79.222844,-4.26607049,0],[-79.22289686,-4.2660861,0],[-79.22299516,-4.2661436,0],[-79.22308377,-4.26619451,0],[-79.22315302,-4.26624218,0],[-79.22319167,-4.26629383,0],[-79.22324612,-4.26637861,0],[-79.22329856,-4.26646336,0],[-79.22330481,-4.26648054,0],[-79.22332658,-4.2665779,0],[-79.22332964,-4.26658927,0],[-79.22336114,-4.26668878,0],[-79.22337292,-4.26676847,0],[-79.22337346,-4.2667718,0],[-79.2233755,-4.26678148,0],[-79.22338939,-4.26683722,0],[-79.22339225,-4.26688861,0],[-79.22338958,-4.26691929,0],[-79.22338726,-4.26694602,0],[-79.22337805,-4.26698743,0],[-79.22336888,-4.26700963,0],[-79.22335129,-4.26704632,0],[-79.22334965,-4.26704988,0],[-79.22331138,-4.26713598,0],[-79.22330782,-4.26714482,0],[-79.22329222,-4.26718809,0],[-79.22327898,-4.2672202,0],[-79.22327697,-4.26722538,0],[-79.22327083,-4.2672482,0],[-79.22326872,-4.26727175,0],[-79.22340383,-4.26727206,0],[-79.22354865,-4.26727388,0],[-79.22359049,-4.2672744,0],[-79.22390956,-4.2672784,0],[-79.22502146,-4.26729233,0],[-79.22504448,-4.26729262,0],[-79.22516676,-4.26729415,0],[-79.22518474,-4.26729438,0],[-79.22526881,-4.26729543,0],[-79.22548459,-4.26729813,0],[-79.22559208,-4.26729948,0],[-79.22582185,-4.26730236,0],[-79.22593807,-4.26730382,0],[-79.22623507,-4.26730754,0],[-79.22781929,-4.26732739,0],[-79.22787473,-4.26286664,0],[-79.22787548,-4.2628065,0],[-79.22713454,-4.26204385,0],[-79.22713092,-4.26204013,0],[-79.22622978,-4.2611126,0],[-79.22606344,-4.2610342,0],[-79.22586913,-4.26096772,0],[-79.2257405,-4.26094015,0],[-79.2256105,-4.26088961,0],[-79.225492,-4.26081038,0],[-79.22540356,-4.26071687,0],[-79.22532249,-4.2605272,0],[-79.22523865,-4.26030019,0],[-79.22522313,-4.26020685,0],[-79.22522849,-4.26017437,0],[-79.22523473,-4.26013654,0],[-79.22528369,-4.25999023,0],[-79.22533545,-4.25986403,0],[-79.22539727,-4.25971775,0],[-79.22541605,-4.25963453,0],[-79.2254134,-4.25954409,0],[-79.22538364,-4.25942487,0],[-79.22533805,-4.25935587,0],[-79.22521782,-4.25925336,0],[-79.22514397,-4.25918459,0],[-79.2251055,-4.25912421,0],[-79.2251057,-4.25903952,0],[-79.22513595,-4.25894054,0],[-79.22522451,-4.25874264,0],[-79.22526969,-4.25861212,0],[-79.22529273,-4.25853896,0],[-79.22528293,-4.2584485,0],[-79.22527752,-4.25831499,0],[-79.22526964,-4.25818752,0],[-79.22527385,-4.25497654,0],[-79.22534408,-4.25078626,0],[-79.22534487,-4.2504241,0],[-79.22485757,-4.25039277,0],[-79.224725,-4.25056663,0],[-79.22455173,-4.25078155,0],[-79.22429519,-4.25093647,0],[-79.22410413,-4.25111547,0],[-79.22389537,-4.25122265,0],[-79.22365092,-4.25129984,0],[-79.2234243,-4.25139502,0],[-79.22307233,-4.25159757,0]]]]}}]}