{"type":"FeatureCollection","features":[{"type":"Feature","properties":{"nombre":"Orillas del Zamora","parroquia":"El Sagrario","parroquiaId":"el-sagrario","poblacion":5101},"geometry":{"type":"MultiPolygon","coordinates":[[[[-79.18568769,-3.99956555],[-79.18601841,-3.9995702],[-79.18628475,-3.99958255],[-79.18652979,-3.99961692],[-79.18658317,-3.9996241],[-79.18658777,-3.99962506],[-79.18665151,-3.99963836],[-79.18671706,-3.99964603],[-79.18679575,-3.99964338],[-79.18689673,-3.99962296],[-79.18701091,-3.99962734],[-79.1870947,-3.99965322],[-79.18721398,-3.9996963],[-79.18727993,-3.99972462],[-79.18735205,-3.99977038],[-79.1873864,-3.99979868],[-79.18740761,-3.99984458],[-79.18743028,-3.99991646],[-79.18743611,-4.00003263],[-79.18743126,-4.00016406],[-79.18738827,-4.00039253],[-79.18755934,-4.00046134],[-79.18764472,-4.00048795],[-79.18774758,-4.0005214],[-79.18783884,-4.00055118],[-79.18794084,-4.00058411],[-79.18804442,-4.00061599],[-79.18804875,-4.00052756],[-79.18806113,-4.00044863],[-79.18810134,-4.00042144],[-79.18818925,-4.00065283],[-79.1883363,-4.00103359],[-79.18836627,-4.00116741],[-79.18839419,-4.00135261],[-79.18869298,-4.00122715],[-79.18881505,-4.00117336],[-79.18895781,-4.00152699],[-79.18937238,-4.00136653],[-79.18964285,-4.00195516],[-79.19019804,-4.00172354],[-79.19023723,-4.00238987],[-79.1900055,-4.00238623],[-79.18992477,-4.00243325],[-79.19001944,-4.00259832],[-79.18984101,-4.00270474],[-79.18987301,-4.0027332],[-79.18989302,-4.00275388],[-79.18989867,-4.00276229],[-79.18990075,-4.00276539],[-79.18992973,-4.00279699],[-79.19000863,-4.00288512],[-79.1900745,-4.0029509],[-79.1901049,-4.0029723],[-79.19013784,-4.00299078],[-79.19017997,-4.00300192],[-79.19023312,-4.00299835],[-79.19030648,-4.00297091],[-79.19045708,-4.00282034],[-79.19063439,-4.00260633],[-79.19068762,-4.00256596],[-79.19073532,-4.00254214],[-79.19078666,-4.00252754],[-79.19086366,-4.00251482],[-79.19101165,-4.00252595],[-79.191169,-4.0025874],[-79.19128803,-4.00267218],[-79.1912905,-4.00267394],[-79.19129944,-4.00268142],[-79.19143744,-4.0027933],[-79.19164448,-4.00234632],[-79.19174607,-4.00226631],[-79.19192905,-4.00220345],[-79.19215391,-4.00248885],[-79.19219344,-4.00248073],[-79.19264256,-4.00238319],[-79.19310609,-4.00228252],[-79.19338241,-4.00263085],[-79.19344907,-4.00255323],[-79.19351184,-4.00253329],[-79.19361555,-4.00253496],[-79.19378845,-4.00256262],[-79.1939039,-4.00260046],[-79.19397363,-4.00246236],[-79.19412701,-4.00254627],[-79.19418958,-4.00258026],[-79.19429761,-4.00263896],[-79.19423559,-4.00272056],[-79.19420434,-4.00276537],[-79.19431352,-4.00292678],[-79.19455166,-4.00265106],[-79.19506041,-4.00227511],[-79.19518039,-4.00209261],[-79.19532439,-4.00160774],[-79.19540948,-4.00123639],[-79.19558396,-4.00071406],[-79.19584331,-4.00028106],[-79.1961637,-3.99953819],[-79.19655713,-3.9987237],[-79.19698933,-3.99783321],[-79.19707973,-3.99767264],[-79.19714854,-3.99755044],[-79.19723615,-3.99739163],[-79.19738895,-3.9971999],[-79.1975816,-3.9969517],[-79.19768655,-3.99667201],[-79.19782942,-3.99605219],[-79.1979259,-3.99572512],[-79.19808523,-3.99541827],[-79.19850474,-3.99509908],[-79.19926113,-3.99449573],[-79.19926863,-3.99448888],[-79.19981267,-3.99399252],[-79.20067732,-3.99318031],[-79.20087082,-3.9929367],[-79.20109898,-3.99247497],[-79.20130833,-3.99179569],[-79.20148802,-3.99137038],[-79.20117174,-3.99133787],[-79.2011189,-3.99133245],[-79.20064257,-3.99121608],[-79.19988985,-3.99094484],[-79.1998599,-3.99093405],[-79.19979656,-3.99091123],[-79.19931231,-3.99134609],[-79.19872816,-3.99229756],[-79.1986245,-3.99208709],[-79.19817402,-3.99202274],[-79.19788818,-3.99203699],[-79.19744739,-3.99223624],[-79.1972635,-3.99225703],[-79.19639551,-3.99224662],[-79.19639392,-3.99224374],[-79.19633913,-3.9921446],[-79.19635009,-3.99206862],[-79.19649991,-3.99194566],[-79.19677695,-3.99177344],[-79.19695631,-3.99160389],[-79.19704498,-3.99143729],[-79.19715446,-3.99127812],[-79.19727636,-3.99115509],[-79.19752404,-3.99094684],[-79.19759666,-3.99080657],[-79.19762911,-3.99060424],[-79.19783883,-3.98979073],[-79.19790794,-3.98963182],[-79.19801263,-3.98950029],[-79.19788156,-3.98941578],[-79.19741743,-3.98964299],[-79.19709223,-3.98973719],[-79.19678414,-3.98976603],[-79.19621454,-3.98981935],[-79.19553213,-3.98971709],[-79.19505614,-3.98973804],[-79.19181561,-3.99049508],[-79.19156743,-3.99055305],[-79.1912936,-3.99061702],[-79.19127624,-3.99062108],[-79.19126581,-3.99092988],[-79.19126145,-3.99107166],[-79.19125578,-3.99118478],[-79.19124502,-3.9913995],[-79.19122577,-3.99152249],[-79.19100414,-3.99144743],[-79.19090406,-3.99143107],[-79.19081227,-3.99143795],[-79.19076937,-3.99143869],[-79.19054969,-3.99145158],[-79.19037258,-3.99146787],[-79.19037218,-3.99146791],[-79.19027374,-3.99147696],[-79.19021261,-3.99148259],[-79.19003927,-3.99150119],[-79.18989912,-3.9914937],[-79.18981403,-3.99149279],[-79.18973179,-3.99149189],[-79.18962666,-3.99149669],[-79.18924726,-3.99152001],[-79.18901415,-3.99152304],[-79.18871481,-3.99153036],[-79.18831392,-3.99153922],[-79.18817805,-3.99154373],[-79.18805909,-3.99154072],[-79.18826355,-3.9912172],[-79.18830617,-3.99113991],[-79.18800503,-3.99095935],[-79.1878621,-3.99078814],[-79.1877431,-3.99059899],[-79.18762065,-3.99030867],[-79.18756495,-3.99017661],[-79.1875437,-3.99011551],[-79.18749764,-3.98998311],[-79.18744246,-3.9898245],[-79.18738464,-3.98966412],[-79.18733218,-3.98952373],[-79.18727001,-3.98935735],[-79.1872271,-3.98924252],[-79.18721266,-3.98920387],[-79.1872018,-3.98918755],[-79.1871958,-3.98917852],[-79.18718152,-3.98915707],[-79.18717934,-3.98915378],[-79.18717723,-3.98915062],[-79.18716798,-3.98913942],[-79.18713651,-3.98910133],[-79.18709093,-3.98905654],[-79.18704097,-3.98901673],[-79.18698718,-3.98898232],[-79.18693014,-3.98895369],[-79.18687045,-3.98893114],[-79.18680832,-3.98891486],[-79.18676688,-3.98884676],[-79.18675411,-3.98882578],[-79.18670098,-3.98873848],[-79.18666287,-3.98873646],[-79.18661545,-3.98873395],[-79.18656475,-3.98874016],[-79.18650152,-3.98875151],[-79.18638934,-3.98878698],[-79.18626457,-3.98885768],[-79.18623409,-3.98888076],[-79.18618563,-3.98892605],[-79.18612056,-3.98899752],[-79.18593841,-3.9893259],[-79.18584578,-3.98952318],[-79.18581556,-3.989581],[-79.1857739,-3.98966075],[-79.18571648,-3.98977083],[-79.18567421,-3.98995294],[-79.18565258,-3.99004585],[-79.18555863,-3.99022549],[-79.18547365,-3.99038083],[-79.18545463,-3.99040479],[-79.18544205,-3.99042064],[-79.18544133,-3.99042145],[-79.18543429,-3.9904303],[-79.18543068,-3.99043472],[-79.18532269,-3.99057003],[-79.18531159,-3.99058456],[-79.18523508,-3.99065556],[-79.18516288,-3.99073099],[-79.18494651,-3.99114176],[-79.18491686,-3.99118774],[-79.18484586,-3.99129785],[-79.1847772,-3.99140433],[-79.18472978,-3.99147123],[-79.18465965,-3.99155065],[-79.18456857,-3.99165389],[-79.18448316,-3.99172062],[-79.18408576,-3.99203161],[-79.18373889,-3.99228775],[-79.18341741,-3.99252629],[-79.18323485,-3.99266205],[-79.18299524,-3.99283549],[-79.18282049,-3.99294768],[-79.18278546,-3.99296731],[-79.18270469,-3.99301257],[-79.18264641,-3.99304522],[-79.18258874,-3.99306463],[-79.18252805,-3.99306992],[-79.1824852,-3.9930644],[-79.18239005,-3.99305198],[-79.18235083,-3.99305656],[-79.1823107,-3.99306699],[-79.18227906,-3.99308296],[-79.18224948,-3.99310299],[-79.1822233,-3.99313435],[-79.18220315,-3.99316595],[-79.18219359,-3.99320238],[-79.18219193,-3.99327225],[-79.18220514,-3.99333257],[-79.1822317,-3.99338717],[-79.18226663,-3.9934284],[-79.18228386,-3.9934423],[-79.18229636,-3.99345239],[-79.18232731,-3.99346203],[-79.18237922,-3.9934698],[-79.18243119,-3.99346549],[-79.18246436,-3.9934579],[-79.18255027,-3.99341621],[-79.18263323,-3.99339055],[-79.18329642,-3.99341212],[-79.18337644,-3.99342378],[-79.18351082,-3.9934126],[-79.18359206,-3.99339735],[-79.18359691,-3.99339749],[-79.18360273,-3.99339535],[-79.18361664,-3.99339274],[-79.18371961,-3.99337],[-79.18377194,-3.99335323],[-79.18379971,-3.99334433],[-79.18389169,-3.99337263],[-79.18397625,-3.99338353],[-79.184016,-3.99337961],[-79.18423161,-3.99325382],[-79.18433959,-3.99314781],[-79.18438039,-3.99312867],[-79.18456362,-3.99304271],[-79.18457695,-3.99303646],[-79.18461941,-3.99300573],[-79.18462905,-3.99299609],[-79.18470734,-3.992904],[-79.18487653,-3.99276379],[-79.18489948,-3.99274914],[-79.18492134,-3.99273518],[-79.18502304,-3.99268264],[-79.1850312,-3.99267842],[-79.18526079,-3.99262408],[-79.18529716,-3.99261455],[-79.18541638,-3.99256696],[-79.18547074,-3.99255445],[-79.18549462,-3.99255586],[-79.18552299,-3.99255804],[-79.18558046,-3.99258862],[-79.18558104,-3.99258903],[-79.18562083,-3.9926176],[-79.18569462,-3.99264899],[-79.18577234,-3.99265853],[-79.18578359,-3.99265918],[-79.1857869,-3.99269728],[-79.18609653,-3.99448907],[-79.18571324,-3.99819274],[-79.18568769,-3.99956555]]]]}},{"type":"Feature","properties":{"nombre":"El Rosal","parroquia":"San Sebastián","parroquiaId":"san-sebastian","poblacion":1250},"geometry":{"type":"MultiPolygon","coordinates":[[[[-79.1968573,-4.02717624],[-79.19724221,-4.02722246],[-79.19767358,-4.02727426],[-79.19767154,-4.02729093],[-79.19758802,-4.02797228],[-79.19783212,-4.02779714],[-79.1979873,-4.02764915],[-79.19818056,-4.02752278],[-79.19841194,-4.0273917],[-79.19883159,-4.02723234],[-79.19936566,-4.0270493],[-79.19955974,-4.02696117],[-79.19956417,-4.02663926],[-79.19957283,-4.02630102],[-79.19959828,-4.02607806],[-79.19963299,-4.0258944],[-79.19967907,-4.02573947],[-79.19988468,-4.0251107],[-79.20004608,-4.02460194],[-79.20011964,-4.02430352],[-79.20015722,-4.02407041],[-79.20017884,-4.02383209],[-79.2002204,-4.02344209],[-79.20025655,-4.02325078],[-79.20029514,-4.02303793],[-79.20048477,-4.02239238],[-79.20064075,-4.02187834],[-79.20071272,-4.02165361],[-79.20077282,-4.02140492],[-79.20082581,-4.02114426],[-79.2008624,-4.02091523],[-79.20087773,-4.02073857],[-79.20088925,-4.02055301],[-79.20088687,-4.02045776],[-79.2008591,-4.02016901],[-79.20078584,-4.02016676],[-79.20044259,-4.02014487],[-79.20042507,-4.02061826],[-79.20037955,-4.02062516],[-79.20032613,-4.02063325],[-79.20024869,-4.02064499],[-79.20015514,-4.02065881],[-79.20007519,-4.02067152],[-79.20002104,-4.02068014],[-79.19996706,-4.02068873],[-79.19991346,-4.02069726],[-79.19986112,-4.02070559],[-79.19980725,-4.02071417],[-79.19975288,-4.02072282],[-79.19969965,-4.02073167],[-79.19965079,-4.02073907],[-79.19964646,-4.02074213],[-79.19961001,-4.02076784],[-79.19956314,-4.02080091],[-79.19947747,-4.02088268],[-79.19934848,-4.02097872],[-79.19922379,-4.02107157],[-79.19822262,-4.02169663],[-79.19803015,-4.02184231],[-79.19781832,-4.02205409],[-79.19754324,-4.02232087],[-79.19737825,-4.02245558],[-79.19726553,-4.02253251],[-79.19716935,-4.02258467],[-79.19704286,-4.02264664],[-79.19693577,-4.02269993],[-79.19680932,-4.02278235],[-79.1967247,-4.02284423],[-79.19653645,-4.02298193],[-79.19648798,-4.02301737],[-79.19580632,-4.0236496],[-79.19582721,-4.02375753],[-79.19599001,-4.02459874],[-79.19623264,-4.02563457],[-79.19628049,-4.02583884],[-79.19652062,-4.02679586],[-79.19673845,-4.02713284],[-79.19673908,-4.02713382],[-79.19675886,-4.02716442],[-79.19682233,-4.02717204],[-79.1968573,-4.02717624]]]]}},{"type":"Feature","properties":{"nombre":"Santiago Fernandez","parroquia":"El Valle","parroquiaId":"el-valle","poblacion":2094},"geometry":{"type":"MultiPolygon","coordinates":[[[[-79.19184415,-3.98556549],[-79.19172427,-3.98564845],[-79.19175044,-3.9855961],[-79.19176516,-3.98556664],[-79.19176491,-3.98549825],[-79.19176448,-3.98537686],[-79.19174027,-3.98537518],[-79.19155936,-3.98536257],[-79.19125608,-3.98534145],[-79.1905928,-3.98536296],[-79.18995789,-3.98635682],[-79.18981268,-3.98652493],[-79.18965995,-3.98664709],[-79.18955174,-3.98674857],[-79.18924789,-3.98682992],[-79.18813056,-3.98768784],[-79.18779077,-3.9878484],[-79.18764,-3.98791965],[-79.18692133,-3.98825066],[-79.1867484,-3.98866564],[-79.18671629,-3.98874269],[-79.18670098,-3.98873848],[-79.18675411,-3.98882578],[-79.18676688,-3.98884676],[-79.18680832,-3.98891486],[-79.18687045,-3.98893114],[-79.18693014,-3.98895369],[-79.18698718,-3.98898232],[-79.18704097,-3.98901673],[-79.18709093,-3.98905654],[-79.18713651,-3.98910133],[-79.18716798,-3.98913942],[-79.18717723,-3.98915062],[-79.18717934,-3.98915378],[-79.18718152,-3.98915707],[-79.1871958,-3.98917852],[-79.1872018,-3.98918755],[-79.18721266,-3.98920387],[-79.1872271,-3.98924252],[-79.18727001,-3.98935735],[-79.18733218,-3.98952373],[-79.18738464,-3.98966412],[-79.18744246,-3.9898245],[-79.18749764,-3.98998311],[-79.1875437,-3.99011551],[-79.18756495,-3.99017661],[-79.18762065,-3.99030867],[-79.1877431,-3.99059899],[-79.1878621,-3.99078814],[-79.18800503,-3.99095935],[-79.18830617,-3.99113991],[-79.18826355,-3.9912172],[-79.18805909,-3.99154072],[-79.18817805,-3.99154373],[-79.18831392,-3.99153922],[-79.18871481,-3.99153036],[-79.18901415,-3.99152304],[-79.18924726,-3.99152001],[-79.18962666,-3.99149669],[-79.18973179,-3.99149189],[-79.18981403,-3.99149279],[-79.18989912,-3.9914937],[-79.19003927,-3.99150119],[-79.19021261,-3.99148259],[-79.19027374,-3.99147696],[-79.19037218,-3.99146791],[-79.19037258,-3.99146787],[-79.19054969,-3.99145158],[-79.19076937,-3.99143869],[-79.19081227,-3.99143795],[-79.19090406,-3.99143107],[-79.19100414,-3.99144743],[-79.19122577,-3.99152249],[-79.19124502,-3.9913995],[-79.19125578,-3.99118478],[-79.19126145,-3.99107166],[-79.19126581,-3.99092988],[-79.19127624,-3.99062108],[-79.1912936,-3.99061702],[-79.19156743,-3.99055305],[-79.19181561,-3.99049508],[-79.19505614,-3.98973804],[-79.19553213,-3.98971709],[-79.19621454,-3.98981935],[-79.19678414,-3.98976603],[-79.19709223,-3.98973719],[-79.19741743,-3.98964299],[-79.19788156,-3.98941578],[-79.19801263,-3.98950029],[-79.19790794,-3.98963182],[-79.19783883,-3.98979073],[-79.19762911,-3.99060424],[-79.19759666,-3.99080657],[-79.19752404,-3.99094684],[-79.19727636,-3.99115509],[-79.19715446,-3.99127812],[-79.19704498,-3.99143729],[-79.19695631,-3.99160389],[-79.19677695,-3.99177344],[-79.19649991,-3.99194566],[-79.19635009,-3.99206862],[-79.19633913,-3.9921446],[-79.19639392,-3.99224374],[-79.19639551,-3.99224662],[-79.1972635,-3.99225703],[-79.19744739,-3.99223624],[-79.19788818,-3.99203699],[-79.19817402,-3.99202274],[-79.1986245,-3.99208709],[-79.19872816,-3.99229756],[-79.19931231,-3.99134609],[-79.19979656,-3.99091123],[-79.1998599,-3.99093405],[-79.19988985,-3.99094484],[-79.20001728,-3.99052734],[-79.20018428,-3.98998318],[-79.20026503,-3.98965606],[-79.20035908,-3.9893529],[-79.20034161,-3.98929572],[-79.20030102,-3.98916289],[-79.20025567,-3.98903539],[-79.20017209,-3.98875868],[-79.20012441,-3.98853449],[-79.20008,-3.9881661],[-79.20003941,-3.98798801],[-79.20000338,-3.98790276],[-79.19985221,-3.98774357],[-79.19974853,-3.98765912],[-79.19969252,-3.98756234],[-79.19968599,-3.9874963],[-79.19971291,-3.9873863],[-79.19980667,-3.98721329],[-79.20002468,-3.98687212],[-79.20019976,-3.98655287],[-79.20025155,-3.98640082],[-79.20023079,-3.98630891],[-79.20017954,-3.98621214],[-79.20002736,-3.98607783],[-79.19948942,-3.98586898],[-79.19918655,-3.98579367],[-79.19876242,-3.98568679],[-79.19828596,-3.98552894],[-79.19816144,-3.98538321],[-79.19798836,-3.98538847],[-79.19798694,-3.98543603],[-79.19798162,-3.98557876],[-79.19797464,-3.9856514],[-79.19797362,-3.98566197],[-79.19797078,-3.98566209],[-79.19784908,-3.98566182],[-79.19780921,-3.98566092],[-79.197794,-3.98564366],[-79.19769353,-3.98556948],[-79.19766079,-3.98555149],[-79.19753986,-3.98551295],[-79.19735217,-3.9854934],[-79.19715908,-3.98542666],[-79.1970151,-3.98537351],[-79.19674613,-3.98537168],[-79.1963675,-3.98581766],[-79.19590484,-3.98631906],[-79.19576769,-3.98639352],[-79.19558555,-3.98647464],[-79.19547512,-3.98650433],[-79.19536148,-3.98650839],[-79.19526214,-3.98650721],[-79.19512659,-3.98649767],[-79.1950847,-3.98648768],[-79.19482055,-3.98635791],[-79.19413541,-3.98591738],[-79.19351927,-3.98551529],[-79.19328672,-3.9853602],[-79.19325006,-3.98533749],[-79.19310732,-3.98524722],[-79.19296598,-3.98517131],[-79.19277027,-3.98512016],[-79.19262924,-3.98511841],[-79.19258547,-3.98512766],[-79.19251055,-3.98514351],[-79.19244777,-3.98517213],[-79.19238098,-3.98520259],[-79.19234672,-3.98522242],[-79.19227779,-3.98526232],[-79.19220994,-3.9853016],[-79.19209497,-3.98538454],[-79.19209489,-3.9853846],[-79.19184415,-3.98556549]]]]}},{"type":"Feature","properties":{"nombre":"Jipiro","parroquia":"El Valle","parroquiaId":"el-valle","poblacion":3224},"geometry":{"type":"MultiPolygon","coordinates":[[[[-79.19220387,-3.97066441],[-79.19247428,-3.97145087],[-79.19230841,-3.97230136],[-79.19314646,-3.97295301],[-79.19303084,-3.97311951],[-79.19298575,-3.97323375],[-79.19295889,-3.97330179],[-79.19274919,-3.97383307],[-79.19173218,-3.97640963],[-79.19173318,-3.97668615],[-79.19173461,-3.97708297],[-79.19176747,-3.97721991],[-79.19178808,-3.97727307],[-79.19189712,-3.97741327],[-79.19203844,-3.9774997],[-79.19213302,-3.97752871],[-79.19243493,-3.9775702],[-79.19271678,-3.97762922],[-79.19287378,-3.97766255],[-79.19316316,-3.97769549],[-79.19325107,-3.97769425],[-79.19355703,-3.97765616],[-79.19372426,-3.97765796],[-79.19384863,-3.97769157],[-79.19386492,-3.97768586],[-79.19386731,-3.97768502],[-79.19392658,-3.97764755],[-79.19406999,-3.97758688],[-79.19408875,-3.97756466],[-79.19413216,-3.97753836],[-79.19426341,-3.97746082],[-79.19431574,-3.97741394],[-79.19434249,-3.97737915],[-79.19438966,-3.97730553],[-79.19454691,-3.97716046],[-79.19465275,-3.97714074],[-79.19476329,-3.97710721],[-79.1948849,-3.97706321],[-79.19507593,-3.97701837],[-79.19513403,-3.97700473],[-79.19523453,-3.97699908],[-79.19525004,-3.97699821],[-79.19532247,-3.97701291],[-79.19537607,-3.97700799],[-79.19541274,-3.97700587],[-79.19542498,-3.9772799],[-79.19543683,-3.97744045],[-79.19577984,-3.97748807],[-79.19596241,-3.977487],[-79.19609669,-3.97747952],[-79.19618822,-3.97747489],[-79.19680404,-3.97743338],[-79.19702976,-3.97742125],[-79.19780347,-3.97737325],[-79.19778593,-3.97720129],[-79.1978221,-3.97720023],[-79.19816592,-3.97718957],[-79.19824992,-3.97717764],[-79.19868297,-3.97714584],[-79.19887497,-3.97713847],[-79.19918573,-3.97709909],[-79.19940677,-3.97706249],[-79.19952947,-3.97705738],[-79.19983143,-3.97705266],[-79.2000499,-3.97706118],[-79.20011471,-3.97661728],[-79.20014058,-3.97655417],[-79.20018263,-3.97649493],[-79.20024564,-3.97644243],[-79.20035723,-3.97639579],[-79.20041633,-3.97638539],[-79.20087383,-3.97633758],[-79.20116355,-3.97632482],[-79.20137974,-3.97634202],[-79.20187483,-3.97642973],[-79.20211221,-3.97646751],[-79.20212355,-3.97634953],[-79.20212381,-3.9763468],[-79.20214962,-3.97628357],[-79.20223871,-3.97609626],[-79.20242622,-3.97572635],[-79.20260897,-3.97539392],[-79.20277784,-3.97500991],[-79.20287168,-3.9747851],[-79.20292324,-3.97468678],[-79.20292534,-3.97468239],[-79.20293708,-3.97465787],[-79.20293779,-3.9746564],[-79.20317054,-3.97401987],[-79.20353382,-3.97325196],[-79.20390906,-3.97252645],[-79.20421142,-3.97205499],[-79.20445963,-3.97154105],[-79.20479253,-3.97088808],[-79.20519811,-3.97035108],[-79.2052398,-3.97029588],[-79.20511514,-3.97030458],[-79.20407508,-3.97054098],[-79.20375947,-3.97062804],[-79.2031864,-3.9707654],[-79.20294524,-3.97080458],[-79.20262839,-3.97080868],[-79.20252209,-3.9708093],[-79.20240778,-3.97079039],[-79.20230568,-3.97065561],[-79.20218759,-3.97061369],[-79.20191932,-3.97061419],[-79.20182001,-3.97061498],[-79.20167431,-3.97061615],[-79.20149623,-3.97061757],[-79.2010033,-3.97052319],[-79.20067022,-3.97054543],[-79.2004615,-3.97056154],[-79.20021837,-3.97062588],[-79.19993615,-3.97069991],[-79.19970816,-3.97075867],[-79.19947693,-3.97084767],[-79.19924195,-3.970924],[-79.19926566,-3.97087557],[-79.19930469,-3.97079587],[-79.1993472,-3.97070273],[-79.19947602,-3.97034067],[-79.19955907,-3.97010725],[-79.19958083,-3.97004608],[-79.19964775,-3.96985798],[-79.19971922,-3.96965711],[-79.19975411,-3.96955906],[-79.19983451,-3.96933307],[-79.19987072,-3.96923129],[-79.19992725,-3.9690724],[-79.19996657,-3.96896189],[-79.20000249,-3.96886094],[-79.20017443,-3.96830205],[-79.20025531,-3.96803959],[-79.20015918,-3.96797204],[-79.19972609,-3.96775099],[-79.19960468,-3.96770766],[-79.19946653,-3.96770257],[-79.19934857,-3.96771787],[-79.19926314,-3.96772938],[-79.19922362,-3.96770614],[-79.19906339,-3.96761473],[-79.19894878,-3.96751961],[-79.19890045,-3.96745781],[-79.19879202,-3.96730395],[-79.198682,-3.966958],[-79.19860484,-3.9666935],[-79.19852314,-3.96661074],[-79.19842803,-3.96652679],[-79.19834,-3.96647636],[-79.19827755,-3.96647244],[-79.19822751,-3.96648423],[-79.19816109,-3.96651132],[-79.19802418,-3.96659045],[-79.19788393,-3.96667101],[-79.19760474,-3.96670285],[-79.19742112,-3.96671932],[-79.19740758,-3.96671624],[-79.19682071,-3.96676347],[-79.19672365,-3.96677127],[-79.19646004,-3.96679248],[-79.19641292,-3.96679614],[-79.1963246,-3.96681208],[-79.19619706,-3.96685128],[-79.19598699,-3.96693248],[-79.19587071,-3.96698394],[-79.19574401,-3.96704587],[-79.1956044,-3.96715981],[-79.19528154,-3.96746594],[-79.19510482,-3.96766413],[-79.19502294,-3.96779733],[-79.1948658,-3.96803384],[-79.19480184,-3.96814255],[-79.19469315,-3.96813415],[-79.1946923,-3.96813358],[-79.19468674,-3.9680644],[-79.19471296,-3.96797002],[-79.19446182,-3.96797766],[-79.19425462,-3.96798499],[-79.19422359,-3.96798609],[-79.19420432,-3.96779529],[-79.19420009,-3.96775242],[-79.1941761,-3.96750881],[-79.19423425,-3.96596579],[-79.19427847,-3.96424809],[-79.19404123,-3.9627939],[-79.19403662,-3.96276565],[-79.19403015,-3.96272596],[-79.19400224,-3.96258318],[-79.19399475,-3.96254486],[-79.1939597,-3.96255343],[-79.19385629,-3.96257626],[-79.19377579,-3.9626184],[-79.19366821,-3.96277587],[-79.19363923,-3.96283052],[-79.19359896,-3.96290647],[-79.19352212,-3.96304854],[-79.19351789,-3.96321391],[-79.19348697,-3.96335617],[-79.1934294,-3.96341754],[-79.19331835,-3.96342887],[-79.19319951,-3.96346704],[-79.19301924,-3.96360128],[-79.19278533,-3.96376227],[-79.19265492,-3.96386579],[-79.19252073,-3.96391939],[-79.19247839,-3.96401542],[-79.19235942,-3.96415359],[-79.19228226,-3.96439956],[-79.19217465,-3.96457628],[-79.19202097,-3.96481819],[-79.19187124,-3.96498325],[-79.19188462,-3.96615834],[-79.19177949,-3.96696839],[-79.19124392,-3.96699241],[-79.19100454,-3.96696676],[-79.19068401,-3.96692611],[-79.19031644,-3.96687703],[-79.19007512,-3.96684481],[-79.18972781,-3.96679844],[-79.18959637,-3.96678089],[-79.18957034,-3.96681682],[-79.1895513,-3.96685756],[-79.1895505,-3.96686433],[-79.18952818,-3.96705288],[-79.1895494,-3.96713244],[-79.18955586,-3.96715667],[-79.18958501,-3.96726592],[-79.18961856,-3.96739166],[-79.18962588,-3.96741913],[-79.18965797,-3.96753942],[-79.18966995,-3.96758432],[-79.18976857,-3.96772591],[-79.18987557,-3.96778933],[-79.1899928,-3.96818374],[-79.18999319,-3.96818504],[-79.18999618,-3.96819512],[-79.1900806,-3.96881256],[-79.19020776,-3.96931843],[-79.19024724,-3.96941344],[-79.19021047,-3.97010226],[-79.19019189,-3.9704504],[-79.19063076,-3.97049708],[-79.19069656,-3.97050408],[-79.19144389,-3.97058357],[-79.19220387,-3.97066441]]]]}},{"type":"Feature","properties":{"nombre":"Chinguilanchi","parroquia":"El Valle","parroquiaId":"el-valle","poblacion":2593},"geometry":{"type":"MultiPolygon","coordinates":[[[[-79.19404123,-3.9627939],[-79.19427847,-3.96424809],[-79.19423425,-3.96596579],[-79.1941761,-3.96750881],[-79.19420009,-3.96775242],[-79.19420432,-3.96779529],[-79.19422359,-3.96798609],[-79.19425462,-3.96798499],[-79.19446182,-3.96797766],[-79.19471296,-3.96797002],[-79.19468674,-3.9680644],[-79.1946923,-3.96813358],[-79.19469315,-3.96813415],[-79.19480184,-3.96814255],[-79.1948658,-3.96803384],[-79.19502294,-3.96779733],[-79.19510482,-3.96766413],[-79.19528154,-3.96746594],[-79.1956044,-3.96715981],[-79.19574401,-3.96704587],[-79.19587071,-3.96698394],[-79.19598699,-3.96693248],[-79.19619706,-3.96685128],[-79.1963246,-3.96681208],[-79.19641292,-3.96679614],[-79.19646004,-3.96679248],[-79.19672365,-3.96677127],[-79.19682071,-3.96676347],[-79.19740758,-3.96671624],[-79.19742112,-3.96671932],[-79.19760474,-3.96670285],[-79.19788393,-3.96667101],[-79.19802418,-3.96659045],[-79.19816109,-3.96651132],[-79.19822751,-3.96648423],[-79.19827755,-3.96647244],[-79.19834,-3.96647636],[-79.19842803,-3.96652679],[-79.19852314,-3.96661074],[-79.19860484,-3.9666935],[-79.198682,-3.966958],[-79.19879202,-3.96730395],[-79.19890045,-3.96745781],[-79.19894878,-3.96751961],[-79.19906339,-3.96761473],[-79.19922362,-3.96770614],[-79.19926314,-3.96772938],[-79.19934857,-3.96771787],[-79.19946653,-3.96770257],[-79.19960468,-3.96770766],[-79.19972609,-3.96775099],[-79.20015918,-3.96797204],[-79.20025531,-3.96803959],[-79.20030101,-3.96799209],[-79.20034499,-3.96787927],[-79.20037457,-3.96780875],[-79.20040451,-3.96774248],[-79.20042482,-3.96769077],[-79.20044301,-3.96768784],[-79.20049097,-3.96770681],[-79.20055348,-3.96775306],[-79.20061431,-3.96780831],[-79.20092749,-3.96782632],[-79.20125531,-3.9678458],[-79.20133463,-3.96785025],[-79.20139486,-3.96785731],[-79.20138403,-3.96780053],[-79.2013405,-3.96744298],[-79.20128816,-3.96729789],[-79.2012614,-3.96722581],[-79.20115691,-3.96707366],[-79.20106899,-3.9669694],[-79.20097748,-3.9668747],[-79.20088354,-3.96680152],[-79.2007752,-3.96677975],[-79.20064077,-3.96669931],[-79.20052782,-3.96660695],[-79.20045537,-3.96650751],[-79.20042342,-3.96641054],[-79.20039277,-3.96626453],[-79.20038374,-3.96615698],[-79.20038962,-3.96607073],[-79.20041952,-3.96601099],[-79.20048728,-3.96590719],[-79.20069062,-3.96568381],[-79.20098672,-3.96535788],[-79.20113705,-3.96524217],[-79.20125273,-3.96517544],[-79.20135682,-3.9651498],[-79.20171055,-3.96509424],[-79.20176989,-3.96507728],[-79.20189275,-3.9649962],[-79.20194171,-3.96493889],[-79.20195612,-3.96488509],[-79.20195507,-3.96482408],[-79.20191964,-3.96473569],[-79.20158885,-3.96452063],[-79.20133672,-3.96434184],[-79.20124287,-3.96423039],[-79.20121213,-3.96414637],[-79.20119504,-3.96409391],[-79.20118927,-3.96400896],[-79.2012016,-3.9638152],[-79.20120314,-3.96371215],[-79.20120518,-3.96357568],[-79.20120717,-3.96344318],[-79.20118971,-3.96325174],[-79.20114826,-3.96314399],[-79.20103519,-3.96299813],[-79.20097799,-3.96291815],[-79.20088531,-3.96278782],[-79.20069755,-3.96258883],[-79.20056932,-3.96239715],[-79.20055527,-3.96229565],[-79.20043869,-3.96221504],[-79.20014618,-3.96197994],[-79.20004713,-3.96184209],[-79.20000971,-3.96187736],[-79.19970107,-3.96230306],[-79.19951863,-3.96223717],[-79.19929253,-3.96214098],[-79.19907825,-3.9620807],[-79.19898276,-3.96217619],[-79.19889889,-3.96240329],[-79.1988984,-3.96263058],[-79.19877877,-3.96286957],[-79.19861354,-3.96290238],[-79.19854044,-3.96291689],[-79.1982546,-3.96290431],[-79.19792814,-3.96298121],[-79.19787857,-3.96287532],[-79.19778908,-3.9627913],[-79.19767521,-3.96272375],[-79.19753719,-3.96265077],[-79.19743962,-3.96259395],[-79.19735556,-3.96249475],[-79.19724607,-3.96235653],[-79.19718878,-3.9622247],[-79.19716074,-3.96216016],[-79.19710594,-3.96198019],[-79.19702537,-3.96171557],[-79.19665704,-3.96163119],[-79.1963714,-3.96156576],[-79.19641504,-3.96141448],[-79.19645631,-3.96123264],[-79.19633854,-3.9613163],[-79.19630301,-3.96133015],[-79.19628288,-3.96133801],[-79.19620806,-3.96136719],[-79.19609832,-3.96140032],[-79.19589946,-3.96142855],[-79.19586107,-3.96144501],[-79.19576916,-3.96151625],[-79.19559506,-3.96167013],[-79.19550801,-3.96178505],[-79.19549476,-3.96179406],[-79.19538924,-3.96183615],[-79.19510746,-3.96194232],[-79.19507635,-3.96196323],[-79.19492963,-3.96206506],[-79.19488483,-3.96210156],[-79.19482742,-3.96214169],[-79.19478354,-3.96216888],[-79.19477679,-3.96217306],[-79.19466879,-3.96222451],[-79.19457027,-3.96226521],[-79.19453182,-3.96228953],[-79.19446227,-3.9623519],[-79.19442932,-3.9623758],[-79.19440754,-3.9623916],[-79.19432883,-3.96243415],[-79.19422035,-3.96248966],[-79.19401156,-3.96254074],[-79.19400271,-3.96254291],[-79.19399475,-3.96254486],[-79.19400224,-3.96258318],[-79.19403015,-3.96272596],[-79.19403662,-3.96276565],[-79.19404123,-3.9627939]]]]}},{"type":"Feature","properties":{"nombre":"La Argelia","parroquia":"Punzara","parroquiaId":"punzara","poblacion":1745},"geometry":{"type":"MultiPolygon","coordinates":[[[[-79.20123182,-4.03274648],[-79.2012262,-4.03278264],[-79.20121851,-4.03288013],[-79.20120331,-4.0330001],[-79.2011656,-4.03316877],[-79.20113173,-4.03328495],[-79.20107913,-4.03343108],[-79.20101341,-4.03359782],[-79.20097589,-4.03368024],[-79.2009309,-4.03375889],[-79.20086726,-4.03383],[-79.20080739,-4.03388612],[-79.20080736,-4.03388615],[-79.20075127,-4.033931],[-79.20071013,-4.03396091],[-79.20046336,-4.03409786],[-79.20043345,-4.03411405],[-79.20035497,-4.03414012],[-79.20019093,-4.03419267],[-79.19992406,-4.03436524],[-79.19989105,-4.03452911],[-79.19988709,-4.03463035],[-79.1998763,-4.03486752],[-79.19995537,-4.03516123],[-79.19996231,-4.03523616],[-79.19995471,-4.03529615],[-79.19993217,-4.0353561],[-79.19989562,-4.03544727],[-79.19987916,-4.03560894],[-79.19990327,-4.03590739],[-79.20002906,-4.03612958],[-79.20008712,-4.03621521],[-79.20013174,-4.03630532],[-79.20017447,-4.03640104],[-79.20027224,-4.0366748],[-79.20042687,-4.03709584],[-79.20059146,-4.03726521],[-79.20068267,-4.03746454],[-79.2007038,-4.03770723],[-79.20069306,-4.03804187],[-79.20073554,-4.03842851],[-79.2007853,-4.03853237],[-79.20095172,-4.03862812],[-79.20104815,-4.03872706],[-79.20108452,-4.03885766],[-79.20106589,-4.03899484],[-79.20100221,-4.03916036],[-79.2008717,-4.0394027],[-79.20074807,-4.03954634],[-79.20065844,-4.03960353],[-79.20060957,-4.03963472],[-79.20058937,-4.03972503],[-79.20059916,-4.03982378],[-79.20070376,-4.0399947],[-79.200783,-4.04010646],[-79.20086655,-4.04022431],[-79.20091602,-4.04046203],[-79.20089892,-4.04066112],[-79.20083535,-4.04077142],[-79.20074014,-4.04087663],[-79.20032631,-4.0411401],[-79.20006274,-4.04127004],[-79.19996938,-4.04128656],[-79.19991941,-4.04128143],[-79.19986783,-4.04124451],[-79.19984409,-4.04122398],[-79.19979798,-4.04118411],[-79.1997414,-4.04114717],[-79.19968976,-4.04114203],[-79.19963634,-4.04118375],[-79.1996062,-4.04125062],[-79.1996077,-4.04132425],[-79.19963195,-4.04141905],[-79.19969156,-4.04160833],[-79.19971257,-4.04172016],[-79.19971243,-4.04178215],[-79.19961999,-4.04194048],[-79.19891879,-4.04234948],[-79.19800008,-4.0427265],[-79.19772455,-4.04284885],[-79.19761102,-4.04293294],[-79.1974301,-4.04328823],[-79.19728952,-4.04370661],[-79.19725368,-4.04389555],[-79.19727994,-4.04437629],[-79.19724361,-4.04478677],[-79.19721185,-4.04496658],[-79.1972203,-4.04526334],[-79.19727961,-4.04546872],[-79.19736473,-4.04562627],[-79.19749238,-4.04588405],[-79.19759156,-4.04612747],[-79.19760533,-4.04634208],[-79.1975925,-4.04719097],[-79.19758199,-4.04736675],[-79.19753996,-4.04760853],[-79.19760635,-4.0477916],[-79.19759049,-4.04809745],[-79.1974539,-4.0485443],[-79.1974572,-4.04888068],[-79.19740367,-4.04929112],[-79.19738056,-4.04967318],[-79.19736498,-4.04985404],[-79.1972997,-4.05013039],[-79.1968502,-4.05090821],[-79.19663803,-4.05157792],[-79.19649193,-4.05239755],[-79.19644705,-4.0525824],[-79.19658557,-4.0527682],[-79.1964823,-4.05286654],[-79.19631513,-4.05302572],[-79.19611663,-4.05303132],[-79.19603957,-4.05303349],[-79.19591449,-4.0530827],[-79.19582878,-4.05311643],[-79.1958823,-4.0541946],[-79.1959394,-4.05530723],[-79.19594935,-4.05564407],[-79.19596292,-4.05610288],[-79.19591734,-4.05665893],[-79.19592156,-4.05675321],[-79.19592458,-4.0568201],[-79.19592809,-4.05689796],[-79.19593769,-4.05711087],[-79.19594637,-4.05719315],[-79.19594727,-4.05720166],[-79.19596164,-4.05733787],[-79.19596692,-4.05736781],[-79.1959712,-4.05739207],[-79.19599481,-4.05748876],[-79.19600096,-4.05751398],[-79.19607894,-4.05783335],[-79.1960597,-4.05796009],[-79.1961045,-4.05817073],[-79.19613051,-4.05825692],[-79.19618496,-4.05841734],[-79.19622043,-4.05853465],[-79.19627203,-4.05868666],[-79.19629813,-4.05877974],[-79.19636209,-4.05899308],[-79.19640462,-4.05898551],[-79.19646564,-4.05897464],[-79.19666709,-4.05892573],[-79.19673078,-4.05891027],[-79.19718589,-4.05879977],[-79.1972221,-4.0589111],[-79.19724448,-4.05897074],[-79.19724513,-4.05897253],[-79.19732324,-4.05926958],[-79.19733878,-4.05932469],[-79.19736052,-4.0593902],[-79.19737744,-4.05943355],[-79.19740022,-4.0594742],[-79.19741872,-4.05949875],[-79.19744652,-4.05954846],[-79.19747602,-4.05960504],[-79.19750701,-4.05964028],[-79.19752889,-4.05968193],[-79.19754275,-4.05972681],[-79.19755928,-4.05978408],[-79.19757798,-4.05984064],[-79.19758377,-4.05991098],[-79.19758937,-4.0599791],[-79.19760733,-4.06008485],[-79.19762287,-4.06022323],[-79.19766138,-4.06031736],[-79.19771363,-4.06038828],[-79.19773608,-4.06041907],[-79.19776095,-4.06044779],[-79.19778264,-4.06049504],[-79.19780148,-4.06052854],[-79.19781757,-4.06058093],[-79.1978265,-4.06061441],[-79.19783246,-4.06064851],[-79.19783382,-4.06068315],[-79.1978317,-4.06070656],[-79.19781808,-4.06075627],[-79.19780992,-4.06078419],[-79.19778821,-4.06082574],[-79.19776561,-4.06086674],[-79.19776469,-4.06091358],[-79.19776633,-4.06094676],[-79.19776067,-4.0609794],[-79.19775451,-4.06100009],[-79.19774992,-4.06103887],[-79.19774983,-4.06107784],[-79.19774251,-4.061131],[-79.19775414,-4.06116439],[-79.19775584,-4.06121322],[-79.19776563,-4.06126099],[-79.19778892,-4.06131991],[-79.19780862,-4.06136688],[-79.19782643,-4.06141466],[-79.19784506,-4.06146209],[-79.19786693,-4.06150816],[-79.19789274,-4.0615622],[-79.19791721,-4.06161687],[-79.19793838,-4.06165173],[-79.19795986,-4.06171056],[-79.19798648,-4.06176713],[-79.19801165,-4.06182434],[-79.19802966,-4.06186697],[-79.1980547,-4.06190581],[-79.19807274,-4.06193298],[-79.19811223,-4.06198913],[-79.19815407,-4.06204339],[-79.19817389,-4.06208413],[-79.19824714,-4.06220924],[-79.19833536,-4.06235992],[-79.19837735,-4.06242656],[-79.1984334,-4.06253203],[-79.19845177,-4.06257376],[-79.19846852,-4.06261322],[-79.19852113,-4.06256252],[-79.19857589,-4.06251752],[-79.19863919,-4.06247698],[-79.19872599,-4.06243883],[-79.19880371,-4.06239659],[-79.19885079,-4.06236388],[-79.19892907,-4.06235013],[-79.19909704,-4.06233431],[-79.1992306,-4.06236617],[-79.19932191,-4.06240661],[-79.19938632,-4.0624347],[-79.19944984,-4.06246251],[-79.19957381,-4.06251071],[-79.19970711,-4.06262259],[-79.19986831,-4.06269475],[-79.19988256,-4.0621573],[-79.19987858,-4.06212411],[-79.19986147,-4.06207168],[-79.19961827,-4.06089873],[-79.19960311,-4.06087139],[-79.19954699,-4.06080182],[-79.19951212,-4.0607304],[-79.19950302,-4.06069149],[-79.19950587,-4.06066555],[-79.19953596,-4.06061814],[-79.19955108,-4.06058165],[-79.19955206,-4.06054222],[-79.19954179,-4.06050404],[-79.1995339,-4.06045004],[-79.19953348,-4.06039542],[-79.19953013,-4.0603695],[-79.19953617,-4.0601587],[-79.19934688,-4.05979033],[-79.19860442,-4.05770034],[-79.19824496,-4.05752031],[-79.19815565,-4.05695331],[-79.19800558,-4.05600053],[-79.19796916,-4.05486121],[-79.19796885,-4.05485154],[-79.19798235,-4.05482602],[-79.19802485,-4.05474565],[-79.19805668,-4.05468543],[-79.19817291,-4.05446563],[-79.19830841,-4.05420937],[-79.19833665,-4.05415569],[-79.1983509,-4.0541282],[-79.19837419,-4.05408183],[-79.19839247,-4.0540437],[-79.19839983,-4.05402729],[-79.19841342,-4.05399702],[-79.19843079,-4.05395488],[-79.19843996,-4.05393077],[-79.19844226,-4.05392435],[-79.19844864,-4.05390648],[-79.19845618,-4.05388384],[-79.19846319,-4.05386103],[-79.19847027,-4.0538358],[-79.19847666,-4.05381039],[-79.19848202,-4.05378624],[-79.19848668,-4.05376194],[-79.1984905,-4.05373836],[-79.19849925,-4.05362933],[-79.19849919,-4.05360266],[-79.19849828,-4.05357601],[-79.19849651,-4.0535494],[-79.19849589,-4.05354311],[-79.19848554,-4.05346721],[-79.19848195,-4.05344814],[-79.19847641,-4.05342253],[-79.19847078,-4.05339933],[-79.19846462,-4.05337628],[-79.19845742,-4.0533515],[-79.19844971,-4.05332688],[-79.19843492,-4.05328377],[-79.19841681,-4.0532359],[-79.19840087,-4.05319673],[-79.1983804,-4.05314903],[-79.19836784,-4.05312072],[-79.19834288,-4.05306543],[-79.19825417,-4.05286996],[-79.19816294,-4.05266893],[-79.19803139,-4.05237906],[-79.1979086,-4.05210851],[-79.19788404,-4.05205409],[-79.19787212,-4.05202724],[-79.19785304,-4.05198276],[-79.19783866,-4.05194744],[-79.19782266,-4.05190514],[-79.19781007,-4.05186847],[-79.19780364,-4.05184791],[-79.19779765,-4.05182732],[-79.19779268,-4.05180868],[-79.19778815,-4.05179004],[-79.19778378,-4.05176984],[-79.19777995,-4.05174952],[-79.19777699,-4.05173097],[-79.19777457,-4.05171234],[-79.19777281,-4.05169431],[-79.19777326,-4.05164052],[-79.19777172,-4.05163876],[-79.19802358,-4.05139894],[-79.19843746,-4.05100484],[-79.20399356,-4.04571425],[-79.20497003,-4.04478441],[-79.20574938,-4.0440423],[-79.20575107,-4.04404391],[-79.20581584,-4.04402047],[-79.20591972,-4.04399728],[-79.20597976,-4.04399104],[-79.20605907,-4.04398886],[-79.20608641,-4.04399069],[-79.20611968,-4.04401183],[-79.20615811,-4.04405894],[-79.20617395,-4.04410509],[-79.20618475,-4.0441893],[-79.20619964,-4.04425751],[-79.20621945,-4.04429662],[-79.20625138,-4.04431269],[-79.20631612,-4.04435597],[-79.20641089,-4.04437924],[-79.20655863,-4.0443906],[-79.20661445,-4.0443947],[-79.20666431,-4.04440783],[-79.2067072,-4.04443289],[-79.20673006,-4.04448014],[-79.20672701,-4.04451621],[-79.20670664,-4.04456481],[-79.2066776,-4.04462841],[-79.20664778,-4.04467337],[-79.20660614,-4.04469137],[-79.20656549,-4.04471054],[-79.20654184,-4.04473535],[-79.20653044,-4.04476209],[-79.20652463,-4.04478387],[-79.20652972,-4.04480441],[-79.20658227,-4.04486221],[-79.2066423,-4.04491488],[-79.20668271,-4.04496389],[-79.20673487,-4.04499828],[-79.2068037,-4.0450205],[-79.20688366,-4.04502049],[-79.20694843,-4.04500879],[-79.20699018,-4.04498537],[-79.20708139,-4.04490591],[-79.20722532,-4.04480496],[-79.20753016,-4.04470978],[-79.20758828,-4.04469446],[-79.20760701,-4.04468952],[-79.20766305,-4.04484291],[-79.20766464,-4.04498],[-79.20769418,-4.04513776],[-79.20772765,-4.0452317],[-79.20780042,-4.0453089],[-79.20787888,-4.0453372],[-79.20800011,-4.04544634],[-79.20813949,-4.04549665],[-79.20833575,-4.04551372],[-79.20846367,-4.0454876],[-79.20858278,-4.04541851],[-79.20859414,-4.04540994],[-79.20864098,-4.04536429],[-79.20864824,-4.04546016],[-79.20865849,-4.04554925],[-79.20870956,-4.04579007],[-79.2087567,-4.04576513],[-79.20879141,-4.04574884],[-79.2088435,-4.0457287],[-79.20896313,-4.04570564],[-79.2090124,-4.04569905],[-79.20925022,-4.04569515],[-79.20932056,-4.04581476],[-79.20937586,-4.04589246],[-79.20942902,-4.04595751],[-79.20943342,-4.04579801],[-79.20943318,-4.04578661],[-79.20943242,-4.04576392],[-79.20942719,-4.045644],[-79.2094098,-4.0455265],[-79.20940734,-4.04539575],[-79.20940593,-4.04532041],[-79.20940117,-4.04506839],[-79.2094488,-4.04470255],[-79.20945189,-4.04464504],[-79.20944395,-4.04457187],[-79.2094151,-4.04450725],[-79.20928462,-4.04426218],[-79.20928228,-4.04425819],[-79.20918827,-4.04409712],[-79.20910927,-4.04394738],[-79.20909001,-4.04390059],[-79.20908822,-4.04389634],[-79.20905758,-4.043743],[-79.20902801,-4.04355767],[-79.2090162,-4.04348209],[-79.20900811,-4.04342921],[-79.2090074,-4.04342478],[-79.2089922,-4.04333757],[-79.20899139,-4.04333314],[-79.20897239,-4.0431697],[-79.20897249,-4.04316518],[-79.20897651,-4.04289654],[-79.20888659,-4.04258908],[-79.20877787,-4.04227886],[-79.20873826,-4.04219106],[-79.20870609,-4.04211973],[-79.20839292,-4.04152501],[-79.20900125,-4.04095468],[-79.21029905,-4.03973794],[-79.21051128,-4.03953896],[-79.21198033,-4.03816165],[-79.21198286,-4.03816247],[-79.21228457,-4.03844356],[-79.21253745,-4.03873725],[-79.21275766,-4.03899298],[-79.21286497,-4.0391176],[-79.21295849,-4.03922957],[-79.21303174,-4.03931729],[-79.21304811,-4.03933689],[-79.21318279,-4.03949814],[-79.21322951,-4.03955408],[-79.21322985,-4.03956484],[-79.2130103,-4.04014804],[-79.21311153,-4.0402613],[-79.21316333,-4.04031767],[-79.21325676,-4.04041937],[-79.21345371,-4.04063374],[-79.21350653,-4.04069124],[-79.21358894,-4.04078707],[-79.21360074,-4.04080375],[-79.21367689,-4.04089651],[-79.21378877,-4.04100364],[-79.21392571,-4.04113334],[-79.2140646,-4.04126643],[-79.21422329,-4.04141849],[-79.21457116,-4.04175183],[-79.21485314,-4.04202264],[-79.21537137,-4.04251181],[-79.21601446,-4.0431386],[-79.21610209,-4.0432134],[-79.21631268,-4.04339317],[-79.21655878,-4.04359518],[-79.21660026,-4.04352755],[-79.21665379,-4.04346663],[-79.21670341,-4.04342523],[-79.21679858,-4.04334596],[-79.21686521,-4.04330822],[-79.21694217,-4.04328216],[-79.2169917,-4.04327884],[-79.2170374,-4.04329639],[-79.21702316,-4.04318251],[-79.21697416,-4.04293862],[-79.21695163,-4.04282644],[-79.21682932,-4.0427145],[-79.21665092,-4.04276221],[-79.21662805,-4.04264027],[-79.21660361,-4.04256008],[-79.21657428,-4.04246379],[-79.21657065,-4.04245188],[-79.21650253,-4.04226717],[-79.21639982,-4.04204441],[-79.21631774,-4.04190126],[-79.21623462,-4.04177873],[-79.21609365,-4.04159604],[-79.21590668,-4.04140492],[-79.2158018,-4.04131182],[-79.21568098,-4.04121932],[-79.2155953,-4.04115837],[-79.21550538,-4.04110057],[-79.21541141,-4.04104231],[-79.21530937,-4.0409654],[-79.21524592,-4.0409101],[-79.21523507,-4.04089843],[-79.21516094,-4.04081873],[-79.21515474,-4.04081206],[-79.21510687,-4.04075436],[-79.21505263,-4.04068877],[-79.21488631,-4.04048151],[-79.21474694,-4.04030958],[-79.21464441,-4.040172],[-79.21462683,-4.0401375],[-79.21448669,-4.03986312],[-79.21443099,-4.03972266],[-79.21418893,-4.03911212],[-79.21398099,-4.03858762],[-79.21357346,-4.03733897],[-79.21332151,-4.03693422],[-79.21331466,-4.03691065],[-79.21322368,-4.03659782],[-79.21315257,-4.03643019],[-79.21281961,-4.03616628],[-79.21258168,-4.0360222],[-79.21231982,-4.03592593],[-79.21222406,-4.03580284],[-79.21208936,-4.03562971],[-79.21181593,-4.03553813],[-79.211568,-4.03544912],[-79.2113183,-4.03524042],[-79.21124152,-4.03507546],[-79.21118327,-4.03488843],[-79.21081603,-4.03463557],[-79.21064433,-4.03411477],[-79.21062504,-4.03405625],[-79.21054033,-4.03408693],[-79.21045605,-4.03411876],[-79.21041084,-4.03413705],[-79.21037253,-4.03415255],[-79.21029016,-4.03418905],[-79.21020923,-4.03422869],[-79.21012988,-4.03427142],[-79.21005223,-4.03431719],[-79.20997638,-4.03436591],[-79.20990246,-4.03441754],[-79.20983056,-4.03447197],[-79.20976081,-4.03452915],[-79.2096933,-4.03458897],[-79.20963093,-4.03464858],[-79.20956527,-4.0347161],[-79.20952243,-4.03476281],[-79.20950427,-4.03478262],[-79.20944453,-4.03485027],[-79.20938541,-4.03491847],[-79.20932638,-4.03498676],[-79.20926735,-4.03505505],[-79.20920833,-4.03512333],[-79.2091493,-4.03519162],[-79.20909028,-4.03525991],[-79.20897222,-4.03539648],[-79.2089132,-4.03546477],[-79.20885417,-4.03553305],[-79.20879515,-4.03560134],[-79.20873612,-4.03566963],[-79.20867709,-4.03573791],[-79.20861807,-4.0358062],[-79.20855904,-4.03587449],[-79.20850002,-4.03594278],[-79.20844099,-4.03601106],[-79.20838196,-4.03607935],[-79.20832294,-4.03614764],[-79.20826391,-4.03621592],[-79.20820488,-4.03628421],[-79.20814586,-4.0363525],[-79.20808683,-4.03642078],[-79.20802781,-4.03648907],[-79.20796878,-4.03655736],[-79.2079314,-4.0366006],[-79.20790975,-4.03662564],[-79.20785073,-4.03669393],[-79.2077917,-4.03676222],[-79.20773263,-4.03683047],[-79.20767287,-4.0368981],[-79.2076113,-4.03696408],[-79.20754692,-4.03702728],[-79.20747884,-4.03708644],[-79.20740646,-4.03714019],[-79.20733029,-4.03718839],[-79.20725148,-4.03723211],[-79.20717097,-4.03727259],[-79.20708954,-4.03731119],[-79.20692616,-4.03738728],[-79.20684447,-4.03742531],[-79.20676278,-4.03746335],[-79.20668109,-4.03750138],[-79.20659939,-4.0375394],[-79.20651729,-4.03757654],[-79.20643459,-4.0376123],[-79.20639179,-4.03763588],[-79.20631944,-4.03741322],[-79.2063001,-4.03735437],[-79.20622806,-4.03717621],[-79.20606155,-4.03686098],[-79.20593478,-4.03665542],[-79.20568683,-4.03629959],[-79.20537981,-4.03582807],[-79.20501363,-4.03528464],[-79.20461825,-4.03469593],[-79.2043233,-4.0342632],[-79.20403052,-4.03381611],[-79.20383383,-4.03355585],[-79.20375469,-4.03346596],[-79.20365268,-4.03337673],[-79.20355948,-4.03331144],[-79.20348962,-4.0332625],[-79.20320297,-4.03311806],[-79.20262457,-4.03287347],[-79.20245698,-4.03277323],[-79.20240901,-4.03274164],[-79.20123182,-4.03274648]]]]}},{"type":"Feature","properties":{"nombre":"Ciudad Alegría","parroquia":"Punzara","parroquiaId":"punzara","poblacion":679},"geometry":{"type":"MultiPolygon","coordinates":[[[[-79.20433906,-4.02756777],[-79.20418136,-4.02915649],[-79.20410326,-4.03000564],[-79.20400168,-4.03069685],[-79.20392084,-4.0317063],[-79.20387213,-4.03218708],[-79.20379966,-4.03264149],[-79.20367251,-4.03304554],[-79.20355948,-4.03331144],[-79.20365268,-4.03337673],[-79.20375469,-4.03346596],[-79.20383383,-4.03355585],[-79.20403052,-4.03381611],[-79.2043233,-4.0342632],[-79.20461825,-4.03469593],[-79.20501363,-4.03528464],[-79.20537981,-4.03582807],[-79.20568683,-4.03629959],[-79.20593478,-4.03665542],[-79.20606155,-4.03686098],[-79.20622806,-4.03717621],[-79.2063001,-4.03735437],[-79.20631944,-4.03741322],[-79.20639179,-4.03763588],[-79.20643459,-4.0376123],[-79.20651729,-4.03757654],[-79.20659939,-4.0375394],[-79.20668109,-4.03750138],[-79.20676278,-4.03746335],[-79.20684447,-4.03742531],[-79.20692616,-4.03738728],[-79.20708954,-4.03731119],[-79.20717097,-4.03727259],[-79.20725148,-4.03723211],[-79.20733029,-4.03718839],[-79.20740646,-4.03714019],[-79.20747884,-4.03708644],[-79.20754692,-4.03702728],[-79.2076113,-4.03696408],[-79.20767287,-4.0368981],[-79.20773263,-4.03683047],[-79.2077917,-4.03676222],[-79.20785073,-4.03669393],[-79.20790975,-4.03662564],[-79.2079314,-4.0366006],[-79.20796878,-4.03655736],[-79.20802781,-4.03648907],[-79.20808683,-4.03642078],[-79.20814586,-4.0363525],[-79.20820488,-4.03628421],[-79.20826391,-4.03621592],[-79.20832294,-4.03614764],[-79.20838196,-4.03607935],[-79.20844099,-4.03601106],[-79.20850002,-4.03594278],[-79.20855904,-4.03587449],[-79.20861807,-4.0358062],[-79.20867709,-4.03573791],[-79.20873612,-4.03566963],[-79.20879515,-4.03560134],[-79.20885417,-4.03553305],[-79.2089132,-4.03546477],[-79.20897222,-4.03539648],[-79.20909028,-4.03525991],[-79.2091493,-4.03519162],[-79.20920833,-4.03512333],[-79.20926735,-4.03505505],[-79.20932638,-4.03498676],[-79.20938541,-4.03491847],[-79.20944453,-4.03485027],[-79.20950427,-4.03478262],[-79.20952243,-4.03476281],[-79.20956527,-4.0347161],[-79.20963093,-4.03464858],[-79.2096933,-4.03458897],[-79.20976081,-4.03452915],[-79.20983056,-4.03447197],[-79.20990246,-4.03441754],[-79.20997638,-4.03436591],[-79.21005223,-4.03431719],[-79.21012988,-4.03427142],[-79.21020923,-4.03422869],[-79.21029016,-4.03418905],[-79.21037253,-4.03415255],[-79.21041084,-4.03413705],[-79.21045605,-4.03411876],[-79.21054033,-4.03408693],[-79.21062504,-4.03405625],[-79.21053148,-4.03395097],[-79.21051787,-4.03393565],[-79.21018216,-4.03355877],[-79.20990339,-4.03330951],[-79.20943099,-4.03289229],[-79.20928504,-4.03273266],[-79.20922723,-4.03248631],[-79.20912769,-4.03224923],[-79.20904569,-4.03215933],[-79.20888498,-4.03211232],[-79.20870288,-4.03204014],[-79.2086086,-4.03197623],[-79.20851047,-4.03191067],[-79.20848064,-4.03182591],[-79.20846505,-4.03176271],[-79.20846688,-4.03172929],[-79.20847425,-4.03169785],[-79.2084743,-4.03167488],[-79.2084715,-4.03164808],[-79.20845631,-4.03162125],[-79.20844395,-4.03160782],[-79.20841539,-4.03159436],[-79.20838634,-4.03158896],[-79.20834869,-4.03158943],[-79.20830107,-4.03157497],[-79.20827537,-4.03156152],[-79.20825254,-4.03154233],[-79.20824351,-4.03150724],[-79.20821944,-4.03142646],[-79.20817865,-4.03134024],[-79.20811214,-4.03124918],[-79.20807028,-4.03121942],[-79.20803409,-4.03120977],[-79.20799121,-4.03120584],[-79.20794167,-4.03119808],[-79.20791691,-4.03119037],[-79.20782649,-4.03113945],[-79.20779984,-4.03112503],[-79.2077665,-4.03111922],[-79.2077341,-4.03111627],[-79.20771281,-4.03111181],[-79.20766267,-4.03109698],[-79.20760746,-4.03106719],[-79.20758752,-4.03103556],[-79.20756283,-4.03099436],[-79.20755145,-4.03096849],[-79.20753724,-4.03093401],[-79.20752682,-4.03090528],[-79.20751445,-4.03081991],[-79.20749017,-4.03066595],[-79.20747323,-4.03057021],[-79.20745329,-4.03053572],[-79.20740954,-4.03049734],[-79.20736762,-4.03049246],[-79.2073333,-4.03050004],[-79.20730185,-4.03050093],[-79.20727234,-4.0304846],[-79.20723508,-4.03042444],[-79.20720398,-4.03036769],[-79.20717659,-4.03025375],[-79.2071454,-4.03013884],[-79.20711514,-4.03002872],[-79.20703526,-4.02995485],[-79.20691157,-4.02986462],[-79.20684976,-4.02980037],[-79.20681713,-4.02974862],[-79.20678523,-4.02967677],[-79.20671014,-4.02959048],[-79.20664832,-4.02953484],[-79.20654837,-4.02948198],[-79.2064503,-4.02944348],[-79.20629601,-4.02939912],[-79.20622649,-4.02937791],[-79.20610653,-4.02932693],[-79.20605896,-4.0292895],[-79.2059552,-4.02923759],[-79.20585905,-4.0291924],[-79.20579999,-4.02918079],[-79.20574567,-4.02917971],[-79.20567808,-4.02914989],[-79.20561914,-4.02908373],[-79.20558223,-4.02896785],[-79.2055471,-4.02890461],[-79.20545956,-4.02884796],[-79.20540911,-4.02881818],[-79.20532322,-4.02877144],[-79.20525303,-4.02872405],[-79.20519505,-4.02865693],[-79.20514475,-4.02856112],[-79.20512871,-4.0284874],[-79.20509354,-4.02840832],[-79.20503955,-4.02829772],[-79.20496742,-4.02816166],[-79.20484116,-4.02794223],[-79.20475947,-4.0278186],[-79.20468478,-4.02765983],[-79.20467543,-4.02763996],[-79.20465619,-4.02759906],[-79.20468103,-4.0275397],[-79.20452641,-4.02751058],[-79.20434213,-4.02745563],[-79.20433906,-4.02756777]]]]}},{"type":"Feature","properties":{"nombre":"San Juan del Valle","parroquia":"El Valle","parroquiaId":"el-valle","poblacion":2225},"geometry":{"type":"MultiPolygon","coordinates":[[[[-79.2000499,-3.97706118],[-79.19994742,-3.97777951],[-79.19988682,-3.97825907],[-79.19992567,-3.97846969],[-79.20009097,-3.97914353],[-79.20024346,-3.97968098],[-79.20027397,-3.97989039],[-79.2002808,-3.98003874],[-79.20028758,-3.98020503],[-79.20028478,-3.98039881],[-79.200287,-3.98047179],[-79.20030595,-3.98052566],[-79.20044711,-3.98079393],[-79.20064636,-3.98162392],[-79.20116987,-3.98152948],[-79.20118314,-3.98152705],[-79.20127439,-3.98196149],[-79.20136692,-3.98246483],[-79.20142136,-3.98273913],[-79.20144534,-3.98288416],[-79.20147213,-3.98305289],[-79.2014897,-3.98319289],[-79.20146719,-3.98335433],[-79.20137997,-3.98369579],[-79.20131205,-3.984038],[-79.20121747,-3.9844749],[-79.20118416,-3.98467436],[-79.20118273,-3.98500596],[-79.20121523,-3.98547448],[-79.20123266,-3.98542903],[-79.20132152,-3.98519286],[-79.20144941,-3.98488307],[-79.20154561,-3.98468303],[-79.20173797,-3.98430449],[-79.2020041,-3.98385289],[-79.20225457,-3.98337398],[-79.20239594,-3.98310945],[-79.20242392,-3.98305855],[-79.20257441,-3.98307157],[-79.20257464,-3.98307117],[-79.20261606,-3.98288949],[-79.20268195,-3.98264119],[-79.20271977,-3.98242095],[-79.20273412,-3.9822616],[-79.2027437,-3.98214443],[-79.20276515,-3.98194057],[-79.20277952,-3.98177184],[-79.20277994,-3.98157965],[-79.20277565,-3.9814062],[-79.20277114,-3.98133119],[-79.20276682,-3.9811718],[-79.20275774,-3.98105458],[-79.20274409,-3.98089049],[-79.20272572,-3.98075451],[-79.20270271,-3.98059976],[-79.20269368,-3.98045911],[-79.20270329,-3.98033257],[-79.2027222,-3.98022479],[-79.20274809,-3.98012407],[-79.20281845,-3.97996484],[-79.20291228,-3.97974472],[-79.2030062,-3.97948242],[-79.20308135,-3.97926695],[-79.20311887,-3.97918266],[-79.20311908,-3.97918178],[-79.20313752,-3.97910384],[-79.20313772,-3.97910301],[-79.20314249,-3.97905614],[-79.20314281,-3.97890614],[-79.20312457,-3.97870922],[-79.20308284,-3.97857787],[-79.20302253,-3.97840899],[-79.20302244,-3.97840878],[-79.20297144,-3.97829168],[-79.20297134,-3.97829148],[-79.20287153,-3.97808755],[-79.20287144,-3.97808734],[-79.20270429,-3.97772155],[-79.20252295,-3.97739771],[-79.20234622,-3.977102],[-79.2022253,-3.97690016],[-79.2022252,-3.97689996],[-79.20214164,-3.97673591],[-79.2021416,-3.97673582],[-79.20210453,-3.97662802],[-79.20211162,-3.97647357],[-79.20211221,-3.97646751],[-79.20187483,-3.97642973],[-79.20137974,-3.97634202],[-79.20116355,-3.97632482],[-79.20087383,-3.97633758],[-79.20041633,-3.97638539],[-79.20035723,-3.97639579],[-79.20024564,-3.97644243],[-79.20018263,-3.97649493],[-79.20014058,-3.97655417],[-79.20011471,-3.97661728],[-79.2000499,-3.97706118]]]]}},{"type":"Feature","properties":{"nombre":"Héroes del Cenepa","parroquia":"Punzara","parroquiaId":"punzara","poblacion":3716},"geometry":{"type":"MultiPolygon","coordinates":[[[[-79.20468103,-4.0275397],[-79.20465619,-4.02759906],[-79.20467543,-4.02763996],[-79.20468478,-4.02765983],[-79.20475947,-4.0278186],[-79.20484116,-4.02794223],[-79.20496742,-4.02816166],[-79.20503955,-4.02829772],[-79.20509354,-4.02840832],[-79.20512871,-4.0284874],[-79.20514475,-4.02856112],[-79.20519505,-4.02865693],[-79.20525303,-4.02872405],[-79.20532322,-4.02877144],[-79.20540911,-4.02881818],[-79.20545956,-4.02884796],[-79.2055471,-4.02890461],[-79.20558223,-4.02896785],[-79.20561914,-4.02908373],[-79.20567808,-4.02914989],[-79.20574567,-4.02917971],[-79.20579999,-4.02918079],[-79.20585905,-4.0291924],[-79.2059552,-4.02923759],[-79.20605896,-4.0292895],[-79.20610653,-4.02932693],[-79.20622649,-4.02937791],[-79.20629601,-4.02939912],[-79.2064503,-4.02944348],[-79.20654837,-4.02948198],[-79.20664832,-4.02953484],[-79.20671014,-4.02959048],[-79.20678523,-4.02967677],[-79.20681713,-4.02974862],[-79.20684976,-4.02980037],[-79.20691157,-4.02986462],[-79.20703526,-4.02995485],[-79.20711514,-4.03002872],[-79.2071454,-4.03013884],[-79.20717659,-4.03025375],[-79.20720398,-4.03036769],[-79.20723508,-4.03042444],[-79.20727234,-4.0304846],[-79.20730185,-4.03050093],[-79.2073333,-4.03050004],[-79.20736762,-4.03049246],[-79.20740954,-4.03049734],[-79.20745329,-4.03053572],[-79.20747323,-4.03057021],[-79.20749017,-4.03066595],[-79.20751445,-4.03081991],[-79.20752682,-4.03090528],[-79.20753724,-4.03093401],[-79.20755145,-4.03096849],[-79.20756283,-4.03099436],[-79.20758752,-4.03103556],[-79.20760746,-4.03106719],[-79.20766267,-4.03109698],[-79.20771281,-4.03111181],[-79.2077341,-4.03111627],[-79.2077665,-4.03111922],[-79.20779984,-4.03112503],[-79.20782649,-4.03113945],[-79.20791691,-4.03119037],[-79.20794167,-4.03119808],[-79.20799121,-4.03120584],[-79.20803409,-4.03120977],[-79.20807028,-4.03121942],[-79.20811214,-4.03124918],[-79.20817865,-4.03134024],[-79.20821944,-4.03142646],[-79.20824351,-4.03150724],[-79.20825254,-4.03154233],[-79.20827537,-4.03156152],[-79.20830107,-4.03157497],[-79.20834869,-4.03158943],[-79.20838634,-4.03158896],[-79.20841539,-4.03159436],[-79.20844395,-4.03160782],[-79.20845631,-4.03162125],[-79.2084715,-4.03164808],[-79.2084743,-4.03167488],[-79.20847425,-4.03169785],[-79.20846688,-4.03172929],[-79.20846505,-4.03176271],[-79.20848064,-4.03182591],[-79.20851047,-4.03191067],[-79.2086086,-4.03197623],[-79.20870288,-4.03204014],[-79.20888498,-4.03211232],[-79.20904569,-4.03215933],[-79.20912769,-4.03224923],[-79.20922723,-4.03248631],[-79.20928504,-4.03273266],[-79.20943099,-4.03289229],[-79.20990339,-4.03330951],[-79.21018216,-4.03355877],[-79.21051787,-4.03393565],[-79.21053148,-4.03395097],[-79.21062504,-4.03405625],[-79.21064433,-4.03411477],[-79.21081603,-4.03463557],[-79.21118327,-4.03488843],[-79.21124152,-4.03507546],[-79.2113183,-4.03524042],[-79.211568,-4.03544912],[-79.21181593,-4.03553813],[-79.21208936,-4.03562971],[-79.21222406,-4.03580284],[-79.21231982,-4.03592593],[-79.21258168,-4.0360222],[-79.21281961,-4.03616628],[-79.21315257,-4.03643019],[-79.21322368,-4.03659782],[-79.21331466,-4.03691065],[-79.21332151,-4.03693422],[-79.21387243,-4.03638771],[-79.21817778,-4.03235115],[-79.21822144,-4.03231022],[-79.21827683,-4.03227268],[-79.21811943,-4.03230038],[-79.21789904,-4.03230468],[-79.21774185,-4.032284],[-79.21743837,-4.03215294],[-79.21732768,-4.03210724],[-79.21702169,-4.03203719],[-79.21693722,-4.03199035],[-79.21660435,-4.03167739],[-79.21651231,-4.03160049],[-79.21636994,-4.0314278],[-79.21624155,-4.0313098],[-79.2161459,-4.03125217],[-79.21604172,-4.03117156],[-79.21596321,-4.03112114],[-79.21579338,-4.03099157],[-79.2156821,-4.03089084],[-79.21557082,-4.03079442],[-79.21544518,-4.03072237],[-79.21527082,-4.03070763],[-79.21514505,-4.03069443],[-79.2150608,-4.03065693],[-79.21502948,-4.03059513],[-79.21503543,-4.03048892],[-79.21501695,-4.03044007],[-79.21498001,-4.03033663],[-79.21493613,-4.03014131],[-79.21490058,-4.0300551],[-79.21483357,-4.02997313],[-79.21478646,-4.02994719],[-79.21470927,-4.02994414],[-79.21451049,-4.0299839],[-79.21438755,-4.0299865],[-79.21433045,-4.02994905],[-79.21427621,-4.02991161],[-79.21419918,-4.0298411],[-79.21413778,-4.02980939],[-79.21404633,-4.02979196],[-79.21392765,-4.02980749],[-79.2138262,-4.02978573],[-79.21375198,-4.0297382],[-79.21365785,-4.02963894],[-79.21357073,-4.02960286],[-79.21349065,-4.02961704],[-79.21339195,-4.02964841],[-79.21321175,-4.02968533],[-79.21311899,-4.02961335],[-79.21305335,-4.02956297],[-79.21297909,-4.02952978],[-79.21290909,-4.0295081],[-79.21287638,-4.02943051],[-79.21283372,-4.02933137],[-79.21278107,-4.02921928],[-79.21269705,-4.02907411],[-79.21258578,-4.02896908],[-79.2124445,-4.02885823],[-79.21238313,-4.0288179],[-79.21227026,-4.02878751],[-79.21218878,-4.0287902],[-79.21210432,-4.02884456],[-79.21199261,-4.02894049],[-79.2118825,-4.02896035],[-79.21180251,-4.02893433],[-79.21176967,-4.0289156],[-79.21174541,-4.02889545],[-79.21167972,-4.02886803],[-79.21160398,-4.02885638],[-79.21149818,-4.02886763],[-79.21136379,-4.02887451],[-79.21127241,-4.02882694],[-79.21120108,-4.02876219],[-79.21108685,-4.02870451],[-79.21097825,-4.02868561],[-79.21078098,-4.02868948],[-79.21071242,-4.02866206],[-79.21064387,-4.02863463],[-79.21061967,-4.02858577],[-79.21061277,-4.02847522],[-79.21058437,-4.0283876],[-79.21052877,-4.02832001],[-79.21045317,-4.02824376],[-79.21035464,-4.02819904],[-79.21018445,-4.02823455],[-79.21006146,-4.02826156],[-79.20990402,-4.02835308],[-79.20981104,-4.02838302],[-79.2097711,-4.02834418],[-79.20975273,-4.02824796],[-79.20979164,-4.02810306],[-79.20978903,-4.02798821],[-79.20977061,-4.0279164],[-79.20968352,-4.0278674],[-79.20945939,-4.02773053],[-79.20932379,-4.02763836],[-79.20911111,-4.02749578],[-79.20895978,-4.02740788],[-79.20875538,-4.02740456],[-79.20834226,-4.02740652],[-79.2081507,-4.02741184],[-79.20808348,-4.02742891],[-79.2080133,-4.02748905],[-79.20795039,-4.02749609],[-79.20777601,-4.02748853],[-79.20763313,-4.0274595],[-79.207496,-4.02741326],[-79.20726872,-4.02741133],[-79.2071429,-4.0274254],[-79.20705281,-4.02744387],[-79.20694698,-4.0274666],[-79.20681248,-4.02752516],[-79.20663513,-4.0275707],[-79.20634613,-4.0276849],[-79.20617875,-4.02774195],[-79.20609728,-4.0277389],[-79.20601585,-4.02771575],[-79.20591594,-4.02764663],[-79.2058188,-4.02762058],[-79.20575304,-4.02762043],[-79.20563006,-4.02764313],[-79.20555429,-4.02764583],[-79.20549,-4.02763133],[-79.20543862,-4.02759246],[-79.20541439,-4.02756083],[-79.20540015,-4.02753639],[-79.20538738,-4.02749043],[-79.20538033,-4.02744735],[-79.20537468,-4.02741719],[-79.20536184,-4.02740424],[-79.20531895,-4.02740989],[-79.20527741,-4.02744712],[-79.20524164,-4.02746283],[-79.20518163,-4.02744835],[-79.2051202,-4.02743529],[-79.20504156,-4.02744373],[-79.20476406,-4.02752924],[-79.20468103,-4.0275397]]]]}},{"type":"Feature","properties":{"nombre":"San Isidro","parroquia":"Punzara","parroquiaId":"punzara","poblacion":3554},"geometry":{"type":"MultiPolygon","coordinates":[[[[-79.20055199,-4.02664008],[-79.20059008,-4.02688056],[-79.20069578,-4.02703699],[-79.20089866,-4.0271905],[-79.20101794,-4.02729202],[-79.20121751,-4.02753726],[-79.20129533,-4.02766577],[-79.20137707,-4.02785345],[-79.2014438,-4.02807486],[-79.2014659,-4.02821741],[-79.20146562,-4.02834492],[-79.20143553,-4.02844235],[-79.20137557,-4.02853597],[-79.20131192,-4.02861083],[-79.20124083,-4.02867443],[-79.2011286,-4.02876418],[-79.20085985,-4.02894732],[-79.20071116,-4.02911085],[-79.20052212,-4.02940604],[-79.20047612,-4.02962307],[-79.20052218,-4.02986575],[-79.20056255,-4.02997336],[-79.20065471,-4.0300403],[-79.20078751,-4.03008879],[-79.20097209,-4.03010033],[-79.20109021,-4.030108],[-79.20121935,-4.03014537],[-79.20166921,-4.03040219],[-79.20171704,-4.03048015],[-79.20174631,-4.03060257],[-79.20174604,-4.03072491],[-79.20169527,-4.03089925],[-79.20166157,-4.03094043],[-79.20162041,-4.03097784],[-79.20155687,-4.03100395],[-79.2014971,-4.03101131],[-79.20142987,-4.03101867],[-79.20135518,-4.0310185],[-79.20117406,-4.0310181],[-79.20098091,-4.03114679],[-79.20102209,-4.03136442],[-79.20112257,-4.03150925],[-79.20121192,-4.0316332],[-79.20131244,-4.03177593],[-79.20138318,-4.03186984],[-79.20144283,-4.03191872],[-79.20149499,-4.03197134],[-79.20151167,-4.0320295],[-79.20151527,-4.03208951],[-79.2015039,-4.03213755],[-79.2014102,-4.03231804],[-79.20129983,-4.0325179],[-79.20124893,-4.03263644],[-79.20123551,-4.03272271],[-79.20123182,-4.03274648],[-79.20240901,-4.03274164],[-79.20245698,-4.03277323],[-79.20262457,-4.03287347],[-79.20320297,-4.03311806],[-79.20348962,-4.0332625],[-79.20355948,-4.03331144],[-79.20367251,-4.03304554],[-79.20379966,-4.03264149],[-79.20387213,-4.03218708],[-79.20392084,-4.0317063],[-79.20400168,-4.03069685],[-79.20410326,-4.03000564],[-79.20418136,-4.02915649],[-79.20433906,-4.02756777],[-79.20434213,-4.02745563],[-79.20452641,-4.02751058],[-79.20468103,-4.0275397],[-79.20476932,-4.02732873],[-79.20465421,-4.02660175],[-79.2046374,-4.02644955],[-79.2047956,-4.02646622],[-79.20484176,-4.02647297],[-79.20498044,-4.02580721],[-79.20503821,-4.0255389],[-79.20557418,-4.0255731],[-79.20605012,-4.0256043],[-79.2060901,-4.02497133],[-79.20611207,-4.02473165],[-79.20596361,-4.02472252],[-79.20545032,-4.02469143],[-79.20541425,-4.02446454],[-79.20534321,-4.02399211],[-79.20533462,-4.02393827],[-79.20520061,-4.02304444],[-79.20519425,-4.02241002],[-79.20521303,-4.02216542],[-79.20519716,-4.02166298],[-79.20514397,-4.02119418],[-79.20514248,-4.02118695],[-79.20513895,-4.02116981],[-79.20508552,-4.02110197],[-79.20506989,-4.02108213],[-79.20498681,-4.02097663],[-79.20490462,-4.02087228],[-79.2049034,-4.02087073],[-79.20490052,-4.02085329],[-79.20490022,-4.02084606],[-79.20490117,-4.02083688],[-79.20490253,-4.02082893],[-79.20492753,-4.02074683],[-79.20494324,-4.02069526],[-79.20495713,-4.02064601],[-79.20495686,-4.02061196],[-79.2049526,-4.0205726],[-79.20493553,-4.02041456],[-79.20493374,-4.02039795],[-79.20489834,-4.02007024],[-79.20486863,-4.0199473],[-79.20486878,-4.01994507],[-79.20483241,-4.01985614],[-79.20481708,-4.01983602],[-79.20481311,-4.01983313],[-79.2047884,-4.01981517],[-79.20477611,-4.01979755],[-79.20476311,-4.0197458],[-79.20475849,-4.01974595],[-79.20474653,-4.01968279],[-79.20474557,-4.0195593],[-79.20474562,-4.01952225],[-79.20474864,-4.01949399],[-79.20475285,-4.01947467],[-79.20477474,-4.01938081],[-79.2047756,-4.01937852],[-79.20477435,-4.01937825],[-79.2043647,-4.01936176],[-79.20425062,-4.01941249],[-79.20413268,-4.01941009],[-79.20359339,-4.01937933],[-79.20284968,-4.01934708],[-79.20283738,-4.01937953],[-79.2022233,-4.02100005],[-79.20167733,-4.02203563],[-79.20127301,-4.02254393],[-79.20098487,-4.02319523],[-79.20083651,-4.02380062],[-79.20087387,-4.0240404],[-79.20113347,-4.02484532],[-79.20118928,-4.02494295],[-79.20122262,-4.02506303],[-79.20124101,-4.02519057],[-79.2012594,-4.02532187],[-79.20126663,-4.02542689],[-79.20126275,-4.02549438],[-79.20126242,-4.02564438],[-79.20123223,-4.02579057],[-79.20118895,-4.02594236],[-79.20114399,-4.02600976],[-79.20108784,-4.02606964],[-79.20103547,-4.02611077],[-79.20088388,-4.02617912],[-79.20061077,-4.02637308],[-79.20055199,-4.02664008]]]]}},{"type":"Feature","properties":{"nombre":"Juan José Castillo","parroquia":"Punzara","parroquiaId":"punzara","poblacion":1817},"geometry":{"type":"MultiPolygon","coordinates":[[[[-79.21697494,-4.02893065],[-79.21703414,-4.02893349],[-79.21703418,-4.02893335],[-79.21705584,-4.0289371],[-79.21714042,-4.02894425],[-79.21717897,-4.0288432],[-79.21723853,-4.02867254],[-79.21732223,-4.02841462],[-79.21740529,-4.02815649],[-79.21746067,-4.0279844],[-79.21751605,-4.02781231],[-79.21754373,-4.02772627],[-79.21757142,-4.02764022],[-79.21759845,-4.02755397],[-79.21762359,-4.02746714],[-79.2176468,-4.02737977],[-79.21766807,-4.02729191],[-79.2176874,-4.0272036],[-79.21770476,-4.02711487],[-79.21772016,-4.02702578],[-79.21773358,-4.02693637],[-79.21774502,-4.02684668],[-79.21776812,-4.02657643],[-79.21777602,-4.02648636],[-79.21778837,-4.0263968],[-79.21780781,-4.02630855],[-79.21783669,-4.02622296],[-79.21787564,-4.02614149],[-79.21798121,-4.02599549],[-79.21785911,-4.02576685],[-79.21784347,-4.02572949],[-79.21770691,-4.025422],[-79.21760755,-4.02509879],[-79.21754572,-4.02461059],[-79.21746022,-4.02382805],[-79.21736643,-4.02291487],[-79.21730214,-4.02224291],[-79.21722087,-4.02148623],[-79.2171564,-4.02089753],[-79.21713117,-4.02066492],[-79.21710187,-4.02033613],[-79.21704727,-4.02033325],[-79.21680531,-4.02031179],[-79.2161137,-4.02020046],[-79.21573787,-4.02014509],[-79.21549353,-4.02010077],[-79.21532135,-4.02007096],[-79.21505802,-4.02000563],[-79.21484417,-4.01995221],[-79.21462347,-4.01988282],[-79.21452425,-4.01982375],[-79.21444043,-4.01975954],[-79.2142464,-4.01958877],[-79.2137803,-4.01913563],[-79.21368078,-4.01907374],[-79.21348443,-4.01898144],[-79.21326516,-4.01891277],[-79.21266013,-4.01875354],[-79.21235057,-4.01867184],[-79.21184583,-4.01852997],[-79.21145799,-4.01841284],[-79.21111593,-4.01828218],[-79.21077454,-4.01813251],[-79.210589,-4.01803268],[-79.2104191,-4.01794043],[-79.21040584,-4.01823532],[-79.21040736,-4.01885259],[-79.21041151,-4.01957178],[-79.21041186,-4.01965327],[-79.21041387,-4.01969338],[-79.21047508,-4.02046294],[-79.21049988,-4.02076085],[-79.21063394,-4.02126195],[-79.21072443,-4.021487],[-79.21088905,-4.02203285],[-79.21106084,-4.02257441],[-79.21111904,-4.02275828],[-79.21112895,-4.02280137],[-79.21114305,-4.02289183],[-79.21114564,-4.02301673],[-79.21111732,-4.02354923],[-79.21107168,-4.02415348],[-79.21106965,-4.02442909],[-79.21102816,-4.02464513],[-79.21370652,-4.02544204],[-79.21374837,-4.02545082],[-79.21379203,-4.02564232],[-79.21381651,-4.0258876],[-79.21379339,-4.02611125],[-79.21379322,-4.0261902],[-79.21397552,-4.02671576],[-79.21412223,-4.02717305],[-79.21424524,-4.02757645],[-79.21436809,-4.02805283],[-79.21450667,-4.02857601],[-79.21509134,-4.02865337],[-79.21541932,-4.02869888],[-79.2155465,-4.02871702],[-79.21616989,-4.02881793],[-79.2165208,-4.02887956],[-79.21675819,-4.02891019],[-79.21695665,-4.02892978],[-79.21697494,-4.02893065]]]]}},{"type":"Feature","properties":{"nombre":"Yaguarcuna","parroquia":"San Sebastián","parroquiaId":"san-sebastian","poblacion":3676},"geometry":{"type":"MultiPolygon","coordinates":[[[[-79.19635389,-4.02166037],[-79.19636767,-4.02177694],[-79.19648422,-4.02276289],[-79.19649154,-4.02282478],[-79.19649261,-4.02283385],[-79.19648798,-4.02301737],[-79.19653645,-4.02298193],[-79.1967247,-4.02284423],[-79.19680932,-4.02278235],[-79.19693577,-4.02269993],[-79.19704286,-4.02264664],[-79.19716935,-4.02258467],[-79.19726553,-4.02253251],[-79.19737825,-4.02245558],[-79.19754324,-4.02232087],[-79.19781832,-4.02205409],[-79.19803015,-4.02184231],[-79.19822262,-4.02169663],[-79.19922379,-4.02107157],[-79.19934848,-4.02097872],[-79.19947747,-4.02088268],[-79.19956314,-4.02080091],[-79.19961001,-4.02076784],[-79.19964646,-4.02074213],[-79.19965079,-4.02073907],[-79.19969965,-4.02073167],[-79.19975288,-4.02072282],[-79.19980725,-4.02071417],[-79.19986112,-4.02070559],[-79.19991346,-4.02069726],[-79.19996706,-4.02068873],[-79.20002104,-4.02068014],[-79.20007519,-4.02067152],[-79.20015514,-4.02065881],[-79.20024869,-4.02064499],[-79.20032613,-4.02063325],[-79.20037955,-4.02062516],[-79.20042507,-4.02061826],[-79.20044259,-4.02014487],[-79.20078584,-4.02016676],[-79.2008591,-4.02016901],[-79.20084728,-4.02004616],[-79.2007982,-4.01961062],[-79.2007985,-4.01947186],[-79.20085862,-4.01812981],[-79.20089668,-4.01707242],[-79.20093979,-4.01588106],[-79.2009943,-4.0149218],[-79.20103261,-4.01374478],[-79.2010328,-4.01374057],[-79.20072429,-4.01411317],[-79.20057663,-4.01433775],[-79.20013699,-4.01552287],[-79.19893706,-4.01561935],[-79.1982938,-4.01627682],[-79.19765912,-4.01693143],[-79.19769473,-4.01742364],[-79.19762594,-4.01743878],[-79.19759808,-4.01744801],[-79.19749681,-4.01748154],[-79.19739334,-4.0175158],[-79.19729072,-4.01754978],[-79.1971847,-4.01758508],[-79.19713191,-4.0176026],[-79.19707932,-4.0176201],[-79.19698151,-4.01765255],[-79.19697701,-4.01765412],[-79.19690691,-4.01767784],[-79.19686374,-4.01769244],[-79.19678945,-4.0177165],[-79.19661826,-4.01777188],[-79.19655707,-4.01777989],[-79.1962764,-4.01781723],[-79.19594345,-4.01786152],[-79.19600404,-4.01803653],[-79.19604748,-4.01816199],[-79.19600973,-4.02102272],[-79.19600943,-4.0210455],[-79.19602068,-4.02106302],[-79.19629023,-4.02146552],[-79.19633957,-4.0215392],[-79.19635389,-4.02166037]]]]}},{"type":"Feature","properties":{"nombre":"Santa Teresita","parroquia":"Punzara","parroquiaId":"punzara","poblacion":3719},"geometry":{"type":"MultiPolygon","coordinates":[[[[-79.20582884,-4.0130664],[-79.2052548,-4.01410587],[-79.20507987,-4.01457202],[-79.20473715,-4.01550433],[-79.20446383,-4.01629564],[-79.20435105,-4.01666384],[-79.20428945,-4.01697786],[-79.20439641,-4.01709293],[-79.20442207,-4.01712314],[-79.20444206,-4.0171361],[-79.20449779,-4.0171434],[-79.20503566,-4.0171802],[-79.20507948,-4.01718344],[-79.20510201,-4.01725338],[-79.20512764,-4.01743238],[-79.20512532,-4.01745741],[-79.20513265,-4.01747165],[-79.20515521,-4.0175212],[-79.2051676,-4.01755309],[-79.20517602,-4.0175918],[-79.20516282,-4.01766801],[-79.20517831,-4.01783759],[-79.20518554,-4.01790019],[-79.20519103,-4.01798042],[-79.2051915,-4.01802651],[-79.20518745,-4.01806348],[-79.20516848,-4.01818861],[-79.20513524,-4.01836206],[-79.20511917,-4.01845647],[-79.20511056,-4.01850595],[-79.2050957,-4.01856907],[-79.20506624,-4.0186792],[-79.20502502,-4.0188229],[-79.20499516,-4.01894265],[-79.20496248,-4.01912009],[-79.20494088,-4.01915248],[-79.20489988,-4.01920658],[-79.20486645,-4.01925131],[-79.20482257,-4.01930279],[-79.20478823,-4.01934756],[-79.20477435,-4.01937825],[-79.2047756,-4.01937852],[-79.20477474,-4.01938081],[-79.20475285,-4.01947467],[-79.20474864,-4.01949399],[-79.20474562,-4.01952225],[-79.20474557,-4.0195593],[-79.20474653,-4.01968279],[-79.20475849,-4.01974595],[-79.20476311,-4.0197458],[-79.20477611,-4.01979755],[-79.2047884,-4.01981517],[-79.20481311,-4.01983313],[-79.20481708,-4.01983602],[-79.20483241,-4.01985614],[-79.20486878,-4.01994507],[-79.20486863,-4.0199473],[-79.20489834,-4.02007024],[-79.20493374,-4.02039795],[-79.20493553,-4.02041456],[-79.2049526,-4.0205726],[-79.20495686,-4.02061196],[-79.20495713,-4.02064601],[-79.20494324,-4.02069526],[-79.20492753,-4.02074683],[-79.20490253,-4.02082893],[-79.20490117,-4.02083688],[-79.20490022,-4.02084606],[-79.20490052,-4.02085329],[-79.2049034,-4.02087073],[-79.20490462,-4.02087228],[-79.20498681,-4.02097663],[-79.20506989,-4.02108213],[-79.20508552,-4.02110197],[-79.20513895,-4.02116981],[-79.20514248,-4.02118695],[-79.20514397,-4.02119418],[-79.20519716,-4.02166298],[-79.20521303,-4.02216542],[-79.20519425,-4.02241002],[-79.20520061,-4.02304444],[-79.20533462,-4.02393827],[-79.20562839,-4.02396314],[-79.20629653,-4.02401989],[-79.20681415,-4.0239471],[-79.20777048,-4.02377309],[-79.20850923,-4.02389566],[-79.21098501,-4.02463229],[-79.21102816,-4.02464513],[-79.21106965,-4.02442909],[-79.21107168,-4.02415348],[-79.21111732,-4.02354923],[-79.21114564,-4.02301673],[-79.21114305,-4.02289183],[-79.21112895,-4.02280137],[-79.21111904,-4.02275828],[-79.21106084,-4.02257441],[-79.21088905,-4.02203285],[-79.21072443,-4.021487],[-79.21063394,-4.02126195],[-79.21049988,-4.02076085],[-79.21047508,-4.02046294],[-79.21041387,-4.01969338],[-79.21041186,-4.01965327],[-79.21041151,-4.01957178],[-79.21040736,-4.01885259],[-79.21040584,-4.01823532],[-79.2104191,-4.01794043],[-79.21005221,-4.01772215],[-79.2097497,-4.01747888],[-79.20946164,-4.01716316],[-79.20916719,-4.01682517],[-79.20897404,-4.01658215],[-79.20868611,-4.0162047],[-79.20853503,-4.01600555],[-79.20839257,-4.01578058],[-79.20824639,-4.01559938],[-79.20824004,-4.01559148],[-79.20810313,-4.01544189],[-79.20809363,-4.01542918],[-79.20808795,-4.0154129],[-79.20808513,-4.01539471],[-79.20808707,-4.01537845],[-79.20808901,-4.01536506],[-79.20809762,-4.01535072],[-79.20812338,-4.0153357],[-79.20816202,-4.01531497],[-79.20828559,-4.01526465],[-79.20843671,-4.01520433],[-79.20850821,-4.01519372],[-79.20855109,-4.01519525],[-79.20859542,-4.01520781],[-79.20863966,-4.01521913],[-79.20866968,-4.01522063],[-79.20868757,-4.01520919],[-79.20870176,-4.01519238],[-79.20881654,-4.01458591],[-79.20888011,-4.01427981],[-79.20889023,-4.01400996],[-79.20892107,-4.01385116],[-79.20896668,-4.01374551],[-79.20905336,-4.01367792],[-79.20908483,-4.01362133],[-79.20905964,-4.01363918],[-79.20901527,-4.01366492],[-79.20898095,-4.01367346],[-79.20893899,-4.01368676],[-79.20889938,-4.01371299],[-79.20887793,-4.0137206],[-79.20885742,-4.01372821],[-79.20884263,-4.01373871],[-79.20882637,-4.01376595],[-79.2088001,-4.01379268],[-79.20877388,-4.01379933],[-79.20870574,-4.01379965],[-79.20863283,-4.01380476],[-79.20857802,-4.01381277],[-79.20852128,-4.01382796],[-79.2084784,-4.01382643],[-79.20845794,-4.01381729],[-79.20843939,-4.0138005],[-79.20841321,-4.01378657],[-79.20838398,-4.01378966],[-79.2083392,-4.01378861],[-79.20828598,-4.01377832],[-79.20825012,-4.01376253],[-79.20818923,-4.01371646],[-79.20807776,-4.01370377],[-79.20803205,-4.01369123],[-79.2080178,-4.01366823],[-79.20802171,-4.01362709],[-79.20802659,-4.01357351],[-79.2080009,-4.01355527],[-79.20792856,-4.01351683],[-79.20778294,-4.01343229],[-79.20776602,-4.01342262],[-79.20772582,-4.01340465],[-79.20770488,-4.01338208],[-79.20766971,-4.01335261],[-79.20762022,-4.01332188],[-79.20756978,-4.01329115],[-79.20753459,-4.01325949],[-79.20745464,-4.0132172],[-79.20736804,-4.01316342],[-79.20733498,-4.01314929],[-79.2073266,-4.01313465],[-79.20731475,-4.01311475],[-79.20730342,-4.01309642],[-79.2072941,-4.0130834],[-79.20728646,-4.0130698],[-79.20727561,-4.01305938],[-79.20725983,-4.01304224],[-79.207242,-4.01302414],[-79.20722093,-4.01300526],[-79.20717585,-4.01296457],[-79.20716218,-4.01295264],[-79.20714784,-4.01294204],[-79.20712973,-4.01292328],[-79.20710526,-4.01289936],[-79.20709103,-4.01289238],[-79.20708022,-4.01288414],[-79.2070658,-4.01285765],[-79.20705135,-4.01283021],[-79.20704607,-4.01282422],[-79.20704064,-4.01282161],[-79.20678944,-4.01258381],[-79.20676213,-4.01253932],[-79.20629458,-4.01226914],[-79.2061164,-4.0125641],[-79.20582884,-4.0130664]]]]}},{"type":"Feature","properties":{"nombre":"Colinas Lojanas","parroquia":"Punzara","parroquiaId":"punzara","poblacion":3846},"geometry":{"type":"MultiPolygon","coordinates":[[[[-79.21664861,-4.01678488],[-79.21667459,-4.0168242],[-79.21671878,-4.01694109],[-79.21672954,-4.01696978],[-79.21674563,-4.01702245],[-79.21675881,-4.01709904],[-79.21678393,-4.0173795],[-79.21684728,-4.01804571],[-79.21690014,-4.0187186],[-79.21695508,-4.01930823],[-79.21699702,-4.0197428],[-79.21704288,-4.02013048],[-79.21706937,-4.02021572],[-79.21710187,-4.02033613],[-79.21713117,-4.02066492],[-79.2171564,-4.02089753],[-79.21722087,-4.02148623],[-79.21730214,-4.02224291],[-79.21736643,-4.02291487],[-79.21746022,-4.02382805],[-79.21754572,-4.02461059],[-79.21760755,-4.02509879],[-79.21770691,-4.025422],[-79.21784347,-4.02572949],[-79.21785911,-4.02576685],[-79.21798121,-4.02599549],[-79.21787564,-4.02614149],[-79.21783669,-4.02622296],[-79.21780781,-4.02630855],[-79.21778837,-4.0263968],[-79.21777602,-4.02648636],[-79.21776812,-4.02657643],[-79.21774502,-4.02684668],[-79.21773358,-4.02693637],[-79.21772016,-4.02702578],[-79.21770476,-4.02711487],[-79.2176874,-4.0272036],[-79.21766807,-4.02729191],[-79.2176468,-4.02737977],[-79.21762359,-4.02746714],[-79.21759845,-4.02755397],[-79.21757142,-4.02764022],[-79.21754373,-4.02772627],[-79.21751605,-4.02781231],[-79.21746067,-4.0279844],[-79.21740529,-4.02815649],[-79.21732223,-4.02841462],[-79.21723853,-4.02867254],[-79.21717897,-4.0288432],[-79.21714042,-4.02894425],[-79.2171134,-4.02901163],[-79.2170437,-4.02917838],[-79.21700833,-4.02926154],[-79.21697295,-4.02934469],[-79.21693769,-4.0294279],[-79.21690309,-4.02951138],[-79.21686981,-4.0295954],[-79.21683849,-4.02968018],[-79.21680983,-4.02976589],[-79.21678436,-4.02985262],[-79.2167622,-4.02994026],[-79.21674336,-4.03002868],[-79.21672789,-4.03011775],[-79.2167158,-4.03020735],[-79.21670707,-4.03029734],[-79.21670126,-4.03038758],[-79.21669769,-4.03047793],[-79.21669445,-4.03065875],[-79.21669344,-4.03074917],[-79.21669244,-4.03083959],[-79.21669144,-4.03093001],[-79.21669044,-4.03102042],[-79.21668984,-4.03107398],[-79.21668944,-4.03111084],[-79.21668772,-4.03120125],[-79.21668058,-4.03129135],[-79.21666206,-4.03137975],[-79.21662747,-4.03146306],[-79.21657686,-4.03153767],[-79.21656603,-4.0315482],[-79.21653194,-4.03158137],[-79.21651231,-4.03160049],[-79.21660435,-4.03167739],[-79.21693722,-4.03199035],[-79.21702169,-4.03203719],[-79.21732768,-4.03210724],[-79.21743837,-4.03215294],[-79.21774185,-4.032284],[-79.21789904,-4.03230468],[-79.21811943,-4.03230038],[-79.21827683,-4.03227268],[-79.22768659,-4.02589675],[-79.22768877,-4.0258977],[-79.22849927,-4.02615526],[-79.22941237,-4.02696776],[-79.22974731,-4.0273661],[-79.23017062,-4.02779982],[-79.2305964,-4.02833668],[-79.23080854,-4.02894962],[-79.23058033,-4.02915871],[-79.23024349,-4.02935103],[-79.23015286,-4.02940277],[-79.22999381,-4.0295618],[-79.22994605,-4.02959931],[-79.22919325,-4.03019058],[-79.22932031,-4.03025263],[-79.22894291,-4.03090368],[-79.22799829,-4.03138384],[-79.22772956,-4.03152044],[-79.22745088,-4.03313339],[-79.22711735,-4.03381044],[-79.22702284,-4.03407497],[-79.2273592,-4.03413754],[-79.22771255,-4.03392762],[-79.22836637,-4.0333487],[-79.22885472,-4.03343089],[-79.22931205,-4.03347782],[-79.2297163,-4.03343135],[-79.22999837,-4.03339893],[-79.23011619,-4.0318029],[-79.23087194,-4.03134519],[-79.23088033,-4.03134704],[-79.23096255,-4.03161253],[-79.23126305,-4.03191177],[-79.23136985,-4.03188138],[-79.23143456,-4.03192363],[-79.23165215,-4.03177864],[-79.23186959,-4.03170638],[-79.23198542,-4.03135448],[-79.23204534,-4.03107715],[-79.23206131,-4.03092427],[-79.23210544,-4.03062889],[-79.23274385,-4.02948976],[-79.23279241,-4.02895047],[-79.23281415,-4.028709],[-79.23249403,-4.02867002],[-79.23272284,-4.02682458],[-79.22843125,-4.02563035],[-79.22832371,-4.02546504],[-79.23730019,-4.01938243],[-79.2375134,-4.01923795],[-79.23751326,-4.01923792],[-79.23731372,-4.01919449],[-79.23719687,-4.0192248],[-79.23699163,-4.01932843],[-79.23690172,-4.01933906],[-79.23690165,-4.01933907],[-79.23678659,-4.01932288],[-79.23669732,-4.01930674],[-79.23665668,-4.01928872],[-79.2366564,-4.01928845],[-79.23662735,-4.01926111],[-79.23662697,-4.01926076],[-79.23653017,-4.0191272],[-79.23651408,-4.01910501],[-79.23650331,-4.01909621],[-79.23645811,-4.0190593],[-79.23645511,-4.01905754],[-79.23605937,-4.01882509],[-79.23604256,-4.01879915],[-79.23601087,-4.01877118],[-79.23590317,-4.01870789],[-79.23581047,-4.01865342],[-79.23577601,-4.01863317],[-79.23574033,-4.01861715],[-79.2356808,-4.01861702],[-79.23564509,-4.01860897],[-79.23564454,-4.01860871],[-79.23560455,-4.01859035],[-79.23560148,-4.01858895],[-79.23553805,-4.01855693],[-79.23548847,-4.01854486],[-79.23548808,-4.01854468],[-79.23533086,-4.01847277],[-79.23533054,-4.01847249],[-79.23530022,-4.01844574],[-79.23529917,-4.01844481],[-79.23526179,-4.01840619],[-79.23521799,-4.01836094],[-79.23521761,-4.01836039],[-79.2351896,-4.01831945],[-79.2351893,-4.01831902],[-79.23516757,-4.01827513],[-79.23515378,-4.01822727],[-79.23512477,-4.01818251],[-79.23506469,-4.01813342],[-79.23502111,-4.01809546],[-79.23488947,-4.01794372],[-79.23474293,-4.01780192],[-79.23466167,-4.01775391],[-79.23466158,-4.01775385],[-79.23445051,-4.01760772],[-79.23442489,-4.01758999],[-79.23427569,-4.01747953],[-79.23424771,-4.01739231],[-79.23423518,-4.01735047],[-79.234228,-4.01732651],[-79.23422409,-4.01730059],[-79.2342003,-4.01728659],[-79.23411721,-4.01729634],[-79.23411694,-4.01729637],[-79.23411655,-4.0172963],[-79.23408553,-4.01729039],[-79.2340852,-4.01729033],[-79.2340634,-4.01727633],[-79.23406338,-4.01727617],[-79.23405949,-4.01725042],[-79.23406749,-4.01722453],[-79.23407349,-4.01719862],[-79.23407313,-4.01719819],[-79.2340636,-4.01718665],[-79.23395636,-4.01722229],[-79.23377859,-4.01729963],[-79.23361773,-4.01735507],[-79.23361767,-4.01735497],[-79.23360982,-4.0173411],[-79.23361724,-4.01731095],[-79.23362426,-4.01728241],[-79.23360999,-4.01726538],[-79.23360991,-4.01726544],[-79.23358614,-4.01728326],[-79.23354219,-4.01732577],[-79.23353694,-4.01733086],[-79.23349854,-4.01736376],[-79.23349838,-4.01736378],[-79.23347274,-4.01736643],[-79.23347253,-4.01736646],[-79.23344519,-4.0173499],[-79.23344356,-4.01734876],[-79.23342648,-4.01733686],[-79.23342633,-4.01733677],[-79.23342631,-4.01733675],[-79.23342628,-4.01733673],[-79.2334125,-4.01727561],[-79.23341253,-4.01727548],[-79.23342082,-4.01722752],[-79.23353345,-4.01704359],[-79.23353347,-4.01704345],[-79.23355015,-4.01696665],[-79.23357491,-4.01685263],[-79.23357495,-4.0168525],[-79.23358364,-4.01682064],[-79.23359392,-4.01678296],[-79.23361632,-4.01670094],[-79.23352297,-4.01675779],[-79.233461,-4.01679552],[-79.23325931,-4.0169593],[-79.23313611,-4.01710783],[-79.23313597,-4.01710799],[-79.23313576,-4.01710825],[-79.23206505,-4.01591906],[-79.23176024,-4.01598779],[-79.23166128,-4.01533563],[-79.23166113,-4.01533465],[-79.23163735,-4.01525041],[-79.23134474,-4.01421422],[-79.23129732,-4.01435605],[-79.23092468,-4.01478572],[-79.23092413,-4.01478635],[-79.23086995,-4.01484883],[-79.2307894,-4.01542527],[-79.23073538,-4.01581191],[-79.23061771,-4.01665407],[-79.23061363,-4.01668325],[-79.23060453,-4.01674837],[-79.23058482,-4.01688943],[-79.23056705,-4.01701658],[-79.23054321,-4.01718725],[-79.23052642,-4.01730737],[-79.2304976,-4.01751363],[-79.23048476,-4.01760551],[-79.23045662,-4.01780696],[-79.2304566,-4.01780709],[-79.23039946,-4.0180035],[-79.23032994,-4.01817975],[-79.23025469,-4.01833342],[-79.2301515,-4.01848528],[-79.23002973,-4.01862616],[-79.22987937,-4.01876397],[-79.22971882,-4.01889076],[-79.22951536,-4.0190109],[-79.22918948,-4.01913174],[-79.22896228,-4.01920519],[-79.22888681,-4.01917249],[-79.22882845,-4.01911363],[-79.22853505,-4.01870089],[-79.22818364,-4.0181736],[-79.22815958,-4.01814214],[-79.22805923,-4.01801096],[-79.22684616,-4.0167889],[-79.22678843,-4.01673074],[-79.22668286,-4.01662751],[-79.22661353,-4.01656634],[-79.22661142,-4.01656447],[-79.22652441,-4.01649458],[-79.22644825,-4.01644564],[-79.22636624,-4.01640583],[-79.22625545,-4.01636772],[-79.22625454,-4.01636741],[-79.22623419,-4.01636111],[-79.22623377,-4.01636098],[-79.22613486,-4.01633035],[-79.22600853,-4.01629744],[-79.22591518,-4.01627209],[-79.22558928,-4.01621256],[-79.22536271,-4.01617047],[-79.22511538,-4.01610684],[-79.22504686,-4.01608883],[-79.2249549,-4.0160398],[-79.22418606,-4.01557382],[-79.22406377,-4.01549836],[-79.22357687,-4.01519789],[-79.22349056,-4.01513724],[-79.2234033,-4.01504773],[-79.22332869,-4.01490485],[-79.22322348,-4.01468737],[-79.22312368,-4.01454066],[-79.22300084,-4.01442175],[-79.22286836,-4.01431654],[-79.22245434,-4.01406913],[-79.22202079,-4.01379996],[-79.2220175,-4.01379792],[-79.22192178,-4.01374232],[-79.22192144,-4.01374212],[-79.22180803,-4.01367623],[-79.22125931,-4.01350272],[-79.22114142,-4.013464],[-79.22111186,-4.01345126],[-79.2210727,-4.01343439],[-79.22102908,-4.01341601],[-79.22102894,-4.01341595],[-79.22099586,-4.01340201],[-79.22090182,-4.01334951],[-79.22004594,-4.01266163],[-79.21976819,-4.01291157],[-79.21971279,-4.01297078],[-79.21966495,-4.01305872],[-79.21961703,-4.01318494],[-79.21956908,-4.01332456],[-79.21954798,-4.01338768],[-79.21952101,-4.01351777],[-79.21953404,-4.01366135],[-79.21954527,-4.01375707],[-79.21960176,-4.01407301],[-79.21969212,-4.01448424],[-79.21924153,-4.0146268],[-79.21937208,-4.01503262],[-79.21944401,-4.01537131],[-79.21952643,-4.0158165],[-79.21957234,-4.0160714],[-79.21960887,-4.01625211],[-79.21963473,-4.01633309],[-79.21963848,-4.01634034],[-79.21967375,-4.01639205],[-79.21936513,-4.0165753],[-79.21932913,-4.01656086],[-79.21918957,-4.0166474],[-79.21904211,-4.01675331],[-79.21897415,-4.01678115],[-79.21874459,-4.01684166],[-79.21859804,-4.01685713],[-79.21844875,-4.01681374],[-79.21823589,-4.016758],[-79.218131,-4.01667667],[-79.21800812,-4.01665056],[-79.21772598,-4.01657099],[-79.21745084,-4.01655747],[-79.21733397,-4.01652438],[-79.2173285,-4.01649557],[-79.217252,-4.01648849],[-79.21722099,-4.01648562],[-79.21717801,-4.01649371],[-79.21710664,-4.01650714],[-79.21704178,-4.01651934],[-79.21703432,-4.01653235],[-79.21701446,-4.01656701],[-79.21697223,-4.01657475],[-79.21690076,-4.01658786],[-79.21680214,-4.01660594],[-79.21674794,-4.0167704],[-79.21664861,-4.01678488]]]]}},{"type":"Feature","properties":{"nombre":"Ramón Pinto","parroquia":"El Sagrario","parroquiaId":"el-sagrario","poblacion":4549},"geometry":{"type":"MultiPolygon","coordinates":[[[[-79.20539332,-3.99451504],[-79.20471956,-4.00045707],[-79.20460016,-4.00144717],[-79.20723054,-4.00155696],[-79.20752897,-4.00157805],[-79.20755837,-4.00158013],[-79.20756182,-4.00158037],[-79.20756192,-4.00157716],[-79.2075621,-4.00157701],[-79.20767932,-4.00147867],[-79.20773328,-4.00140114],[-79.20777834,-4.0012932],[-79.20780326,-4.00117059],[-79.20791059,-4.00025587],[-79.20790881,-4.00004092],[-79.20787574,-3.9996831],[-79.20787865,-3.99931007],[-79.20790893,-3.9989549],[-79.20794224,-3.99863464],[-79.20794224,-3.9986346],[-79.20776279,-3.99861858],[-79.2070678,-3.99855657],[-79.20710577,-3.99826401],[-79.20711598,-3.99818532],[-79.20718439,-3.99765812],[-79.20718777,-3.99763743],[-79.20718826,-3.99763444],[-79.20718827,-3.99763435],[-79.20723344,-3.9973579],[-79.20725747,-3.99721078],[-79.20732629,-3.99702154],[-79.20739722,-3.99671346],[-79.20740112,-3.99668908],[-79.20744409,-3.99642019],[-79.20747796,-3.99614638],[-79.20751184,-3.99587257],[-79.20752313,-3.99570627],[-79.20752586,-3.9956661],[-79.20755195,-3.99528219],[-79.2075559,-3.99523951],[-79.2075563,-3.99523522],[-79.20755632,-3.99523505],[-79.20758904,-3.99488209],[-79.20759549,-3.9948125],[-79.20765849,-3.99475136],[-79.20773782,-3.99474859],[-79.20775826,-3.99474787],[-79.20775834,-3.99474787],[-79.20815621,-3.99495423],[-79.20829755,-3.99502754],[-79.20829763,-3.99502757],[-79.20842089,-3.99487582],[-79.20854605,-3.99472174],[-79.20805714,-3.99451535],[-79.20786072,-3.99443243],[-79.20786062,-3.99443242],[-79.20774798,-3.99440805],[-79.2077479,-3.99440804],[-79.20768992,-3.99440468],[-79.20764815,-3.99440226],[-79.20751495,-3.99443725],[-79.20751469,-3.99443733],[-79.20701353,-3.99460141],[-79.20701343,-3.99460139],[-79.20694772,-3.99459198],[-79.20690817,-3.99458632],[-79.20690808,-3.99458632],[-79.20645888,-3.99457702],[-79.20570456,-3.9945614],[-79.20570447,-3.99456138],[-79.20565754,-3.99455133],[-79.20553823,-3.99452576],[-79.20553814,-3.99452575],[-79.20539332,-3.99451504]]]]}},{"type":"Feature","properties":{"nombre":"18 de Noviembre","parroquia":"El Sagrario","parroquiaId":"el-sagrario","poblacion":1433},"geometry":{"type":"MultiPolygon","coordinates":[[[[-79.20303808,-3.99822882],[-79.20296058,-3.99930118],[-79.20286595,-4.00008906],[-79.20283999,-4.00034467],[-79.2033231,-4.00037356],[-79.20466802,-4.00045399],[-79.20466821,-4.000454],[-79.20471956,-4.00045707],[-79.20539332,-3.99451504],[-79.20534944,-3.9945097],[-79.20326933,-3.99425633],[-79.2032453,-3.99458048],[-79.20320084,-3.99530674],[-79.20314286,-3.99633155],[-79.20309239,-3.99719417],[-79.20303869,-3.99822043],[-79.20303808,-3.99822882]]]]}},{"type":"Feature","properties":{"nombre":"Daniel Álvarez","parroquia":"Punzara","parroquiaId":"punzara","poblacion":4484},"geometry":{"type":"MultiPolygon","coordinates":[[[[-79.21042329,-4.01293189],[-79.21039347,-4.01296104],[-79.21037557,-4.01296432],[-79.21034033,-4.01295563],[-79.21031654,-4.01294027],[-79.21028989,-4.01292681],[-79.21027083,-4.01292581],[-79.21024605,-4.01292576],[-79.21020888,-4.01293238],[-79.21017549,-4.0129457],[-79.21015449,-4.01296193],[-79.21013443,-4.01298485],[-79.21009522,-4.01304697],[-79.20999983,-4.01309365],[-79.20993691,-4.013105],[-79.20982255,-4.01310475],[-79.20973695,-4.01312013],[-79.20963106,-4.0131471],[-79.20958719,-4.01316088],[-79.2095538,-4.01318043],[-79.20948392,-4.01321754],[-79.20944456,-4.01323569],[-79.20940875,-4.01326863],[-79.20932951,-4.01333784],[-79.20928843,-4.01338608],[-79.20924583,-4.01347307],[-79.20916607,-4.01355998],[-79.20909734,-4.01361247],[-79.20908483,-4.01362133],[-79.20905336,-4.01367792],[-79.20896668,-4.01374551],[-79.20892107,-4.01385116],[-79.20889023,-4.01400996],[-79.20888011,-4.01427981],[-79.20881654,-4.01458591],[-79.20870176,-4.01519238],[-79.20868757,-4.01520919],[-79.20866968,-4.01522063],[-79.20863966,-4.01521913],[-79.20859542,-4.01520781],[-79.20855109,-4.01519525],[-79.20850821,-4.01519372],[-79.20843671,-4.01520433],[-79.20828559,-4.01526465],[-79.20816202,-4.01531497],[-79.20812338,-4.0153357],[-79.20809762,-4.01535072],[-79.20808901,-4.01536506],[-79.20808707,-4.01537845],[-79.20808513,-4.01539471],[-79.20808795,-4.0154129],[-79.20809363,-4.01542918],[-79.20810313,-4.01544189],[-79.20824004,-4.01559148],[-79.20824639,-4.01559938],[-79.20839257,-4.01578058],[-79.20853503,-4.01600555],[-79.20868611,-4.0162047],[-79.20897404,-4.01658215],[-79.20916719,-4.01682517],[-79.20946164,-4.01716316],[-79.2097497,-4.01747888],[-79.21005221,-4.01772215],[-79.2104191,-4.01794043],[-79.210589,-4.01803268],[-79.21077454,-4.01813251],[-79.21111593,-4.01828218],[-79.21145799,-4.01841284],[-79.21184583,-4.01852997],[-79.21235057,-4.01867184],[-79.21266013,-4.01875354],[-79.21326516,-4.01891277],[-79.21348443,-4.01898144],[-79.21368078,-4.01907374],[-79.2137803,-4.01913563],[-79.2142464,-4.01958877],[-79.21444043,-4.01975954],[-79.21452425,-4.01982375],[-79.21462347,-4.01988282],[-79.21484417,-4.01995221],[-79.21505802,-4.02000563],[-79.21532135,-4.02007096],[-79.21549353,-4.02010077],[-79.21573787,-4.02014509],[-79.2161137,-4.02020046],[-79.21680531,-4.02031179],[-79.21704727,-4.02033325],[-79.21710187,-4.02033613],[-79.21706937,-4.02021572],[-79.21704288,-4.02013048],[-79.21699702,-4.0197428],[-79.21695508,-4.01930823],[-79.21690014,-4.0187186],[-79.21684728,-4.01804571],[-79.21678393,-4.0173795],[-79.21675881,-4.01709904],[-79.21674563,-4.01702245],[-79.21672954,-4.01696978],[-79.21671878,-4.01694109],[-79.21667459,-4.0168242],[-79.21664861,-4.01678488],[-79.21664808,-4.01678408],[-79.2166452,-4.01678537],[-79.21664448,-4.01678569],[-79.21664286,-4.01678588],[-79.21659052,-4.01680391],[-79.2160788,-4.01679346],[-79.21599502,-4.01677809],[-79.21596232,-4.01677209],[-79.21575456,-4.01677152],[-79.21561921,-4.01677114],[-79.21552988,-4.0167461],[-79.21549495,-4.016731],[-79.21542171,-4.0165557],[-79.21530856,-4.01632865],[-79.21527672,-4.01618072],[-79.21527126,-4.016063],[-79.21527322,-4.01600422],[-79.21527304,-4.01600365],[-79.21527334,-4.01600064],[-79.21527585,-4.0159252],[-79.2152588,-4.0158742],[-79.215224,-4.01577436],[-79.21513698,-4.01569522],[-79.21512716,-4.0156816],[-79.21509951,-4.01564325],[-79.21507427,-4.01560823],[-79.21506797,-4.01554864],[-79.21508379,-4.01550203],[-79.21511392,-4.01545185],[-79.21512282,-4.01537775],[-79.21512304,-4.01535707],[-79.2151172,-4.01530323],[-79.21510688,-4.01525745],[-79.21508161,-4.01523646],[-79.21505275,-4.01522653],[-79.21504784,-4.01522521],[-79.21504869,-4.01522583],[-79.21502021,-4.01521949],[-79.21500547,-4.01520459],[-79.21499861,-4.0151971],[-79.21498674,-4.01517674],[-79.21496417,-4.01514798],[-79.21492168,-4.01510362],[-79.2149104,-4.01508775],[-79.21490627,-4.0150767],[-79.21488809,-4.01503438],[-79.21487671,-4.01498621],[-79.21487638,-4.01498241],[-79.21486124,-4.01496263],[-79.21483894,-4.01494584],[-79.2148282,-4.01494132],[-79.2148287,-4.01494266],[-79.2147722,-4.01491988],[-79.21474897,-4.01491774],[-79.21471761,-4.01491176],[-79.21468536,-4.01490662],[-79.21466844,-4.01488117],[-79.21465154,-4.01484704],[-79.21462183,-4.01481647],[-79.2145958,-4.01480045],[-79.21456822,-4.01477409],[-79.21455845,-4.01474775],[-79.21456163,-4.01472913],[-79.21457537,-4.0146788],[-79.2145978,-4.01463578],[-79.21460264,-4.0146017],[-79.21458783,-4.01456368],[-79.21458191,-4.01455796],[-79.21454346,-4.01452163],[-79.21448334,-4.01449633],[-79.21448075,-4.01449585],[-79.21447098,-4.01449403],[-79.21446977,-4.01449399],[-79.21443077,-4.01448199],[-79.2144016,-4.01447386],[-79.2143799,-4.01445646],[-79.21435257,-4.0144265],[-79.21433314,-4.01441878],[-79.21428761,-4.01440294],[-79.21427593,-4.01439413],[-79.21426718,-4.01438923],[-79.21425325,-4.01436108],[-79.21423367,-4.01432396],[-79.21421019,-4.01430536],[-79.21418609,-4.01429335],[-79.21416614,-4.01429271],[-79.21413695,-4.01429533],[-79.21410298,-4.01430214],[-79.21406544,-4.01431103],[-79.21402794,-4.01430138],[-79.21401754,-4.01428879],[-79.21399646,-4.01426033],[-79.2139873,-4.01423041],[-79.21398855,-4.0142008],[-79.21398864,-4.01416163],[-79.21398687,-4.01415325],[-79.21397796,-4.01414306],[-79.2139464,-4.01413671],[-79.21390769,-4.01413633],[-79.21386001,-4.01414998],[-79.21383621,-4.01413976],[-79.2138181,-4.01411639],[-79.21379732,-4.01408226],[-79.21374347,-4.0140615],[-79.21369168,-4.01404524],[-79.21367853,-4.01404694],[-79.21362963,-4.01405452],[-79.2135843,-4.01405881],[-79.21351184,-4.01403468],[-79.21347199,-4.01400977],[-79.21344524,-4.01398249],[-79.21342861,-4.01395973],[-79.2134224,-4.01394327],[-79.21340694,-4.01392798],[-79.21338346,-4.01390879],[-79.21331797,-4.01389549],[-79.213279,-4.01387686],[-79.21325347,-4.01384122],[-79.21319817,-4.01379923],[-79.21316538,-4.01375239],[-79.21315368,-4.01373349],[-79.21313702,-4.01370698],[-79.2131126,-4.01369445],[-79.21305346,-4.01368419],[-79.21303508,-4.01368469],[-79.21301675,-4.01367402],[-79.21297365,-4.01363624],[-79.21293653,-4.01358711],[-79.21292106,-4.01357811],[-79.21288115,-4.01358251],[-79.21283972,-4.01359916],[-79.21282782,-4.01359435],[-79.21280702,-4.01357038],[-79.21278389,-4.01352786],[-79.21277744,-4.0134809],[-79.2127605,-4.01346531],[-79.21267808,-4.01343044],[-79.21263257,-4.01340731],[-79.21259394,-4.01336835],[-79.21257354,-4.01334529],[-79.21256542,-4.01333741],[-79.21254997,-4.01332219],[-79.21252289,-4.01331107],[-79.21248665,-4.01329543],[-79.2124147,-4.01327898],[-79.21238263,-4.01327216],[-79.21237749,-4.01327076],[-79.21237446,-4.01327042],[-79.21235392,-4.01326605],[-79.21232266,-4.01326022],[-79.21228742,-4.01324914],[-79.21212602,-4.01319376],[-79.21205413,-4.01316346],[-79.21197886,-4.01315707],[-79.21187977,-4.01315063],[-79.21184219,-4.01312375],[-79.21181228,-4.0130701],[-79.2117857,-4.01302314],[-79.21174623,-4.01299148],[-79.21170707,-4.01295931],[-79.21169619,-4.01295121],[-79.21169484,-4.01294977],[-79.21169456,-4.01294947],[-79.21168816,-4.01294264],[-79.21168192,-4.01293598],[-79.21167893,-4.01293606],[-79.21167239,-4.01293622],[-79.21157173,-4.01287604],[-79.2115261,-4.01282426],[-79.21149959,-4.0127419],[-79.21145686,-4.01267577],[-79.21140845,-4.01258379],[-79.21138479,-4.01251292],[-79.21134292,-4.01248125],[-79.21129154,-4.01244764],[-79.2112401,-4.01243892],[-79.21114204,-4.01239564],[-79.211084,-4.01235149],[-79.2110374,-4.01230641],[-79.2110022,-4.0122824],[-79.21093262,-4.01228608],[-79.21088111,-4.01231085],[-79.21084101,-4.01234713],[-79.21078862,-4.01240183],[-79.21074644,-4.01245219],[-79.21067383,-4.01253337],[-79.21062802,-4.01256773],[-79.21057557,-4.01258579],[-79.21052498,-4.01262205],[-79.21043324,-4.01274051],[-79.21042827,-4.01283333],[-79.21043194,-4.01289842],[-79.21042329,-4.01293189]]]]}},{"type":"Feature","properties":{"nombre":"Pradera","parroquia":"San Sebastián","parroquiaId":"san-sebastian","poblacion":4700},"geometry":{"type":"MultiPolygon","coordinates":[[[[-79.20024395,-4.00948563],[-79.19988606,-4.00961117],[-79.1997737,-4.00965058],[-79.19962469,-4.00971885],[-79.19920161,-4.00970356],[-79.19896158,-4.00965422],[-79.19883106,-4.00960664],[-79.19862008,-4.00959461],[-79.19836411,-4.00963855],[-79.19823827,-4.00966267],[-79.19814527,-4.00970553],[-79.1980679,-4.00978575],[-79.19795182,-4.0099233],[-79.19777864,-4.01002197],[-79.1974759,-4.0101692],[-79.1973579,-4.01024497],[-79.19715576,-4.01051727],[-79.19710229,-4.01059],[-79.19682323,-4.01092995],[-79.19661386,-4.01123381],[-79.19620964,-4.01174538],[-79.19584696,-4.01221973],[-79.19575519,-4.01235015],[-79.19574076,-4.01241185],[-79.19575341,-4.01250805],[-79.1953161,-4.01246689],[-79.19528035,-4.01247399],[-79.19523737,-4.01251696],[-79.19523726,-4.01256863],[-79.19526281,-4.01265195],[-79.19528692,-4.0127367],[-79.19530113,-4.01277405],[-79.19509264,-4.01268315],[-79.19500568,-4.01260676],[-79.19482174,-4.01275529],[-79.19465983,-4.01283863],[-79.19443346,-4.01292105],[-79.1942352,-4.01288877],[-79.19422322,-4.01288682],[-79.19422642,-4.01289601],[-79.19422648,-4.01289618],[-79.19482025,-4.01461742],[-79.19594345,-4.01786152],[-79.1962764,-4.01781723],[-79.19655707,-4.01777989],[-79.19661826,-4.01777188],[-79.19678945,-4.0177165],[-79.19686374,-4.01769244],[-79.19690691,-4.01767784],[-79.19697701,-4.01765412],[-79.19698151,-4.01765255],[-79.19707932,-4.0176201],[-79.19713191,-4.0176026],[-79.1971847,-4.01758508],[-79.19729072,-4.01754978],[-79.19739334,-4.0175158],[-79.19749681,-4.01748154],[-79.19759808,-4.01744801],[-79.19762594,-4.01743878],[-79.19769473,-4.01742364],[-79.19765912,-4.01693143],[-79.1982938,-4.01627682],[-79.19893706,-4.01561935],[-79.20013699,-4.01552287],[-79.20057663,-4.01433775],[-79.20072429,-4.01411317],[-79.2010328,-4.01374057],[-79.20107276,-4.01281898],[-79.20109561,-4.01217545],[-79.20115632,-4.01056066],[-79.20119973,-4.0096234],[-79.20120035,-4.00961019],[-79.20110819,-4.00961103],[-79.20103666,-4.0096076],[-79.20103586,-4.00960727],[-79.20099327,-4.00951523],[-79.20098342,-4.00945305],[-79.2009879,-4.00944409],[-79.20091756,-4.00943585],[-79.20087782,-4.00943135],[-79.20086071,-4.00943074],[-79.20081933,-4.00942926],[-79.20076281,-4.00941347],[-79.20072775,-4.00939577],[-79.20072135,-4.00938989],[-79.20068396,-4.00935553],[-79.20058981,-4.00934953],[-79.20056454,-4.00934792],[-79.20053771,-4.00935276],[-79.20047154,-4.00938106],[-79.20045829,-4.00938715],[-79.20042509,-4.00940259],[-79.20025467,-4.00948187],[-79.20024395,-4.00948563]]]]}},{"type":"Feature","properties":{"nombre":"Barrio Central","parroquia":"El Sagrario","parroquiaId":"el-sagrario","poblacion":1900},"geometry":{"type":"MultiPolygon","coordinates":[[[[-79.20296953,-3.99822563],[-79.20303808,-3.99822882],[-79.20303869,-3.99822043],[-79.20309239,-3.99719417],[-79.20314286,-3.99633155],[-79.20320084,-3.99530674],[-79.2032453,-3.99458048],[-79.20326933,-3.99425633],[-79.20323196,-3.99425178],[-79.20226056,-3.99417464],[-79.20142806,-3.99411778],[-79.19981267,-3.99399252],[-79.19926863,-3.99448888],[-79.19928628,-3.99469225],[-79.19926179,-3.99499604],[-79.19915877,-3.99635474],[-79.19903114,-3.99793501],[-79.20197292,-3.99817048],[-79.20296953,-3.99822563]]]]}},{"type":"Feature","properties":{"nombre":"Bolonia","parroquia":"Sucre","parroquiaId":"sucre","poblacion":337},"geometry":{"type":"MultiPolygon","coordinates":[[[[-79.24556422,-3.99781068],[-79.24552862,-3.99774481],[-79.2455108,-3.99770584],[-79.24549553,-3.99766811],[-79.24548123,-3.99762508],[-79.24548129,-3.99759517],[-79.24546947,-3.99755328],[-79.24545238,-3.99749495],[-79.24542827,-3.99740279],[-79.24541219,-3.9973385],[-79.245397,-3.99725965],[-79.24538907,-3.99718038],[-79.24538707,-3.99709254],[-79.24541107,-3.99700885],[-79.24541212,-3.99696923],[-79.24541135,-3.99687726],[-79.24541145,-3.99682941],[-79.24540558,-3.99678753],[-79.2453853,-3.99674727],[-79.24537556,-3.9967117],[-79.24536031,-3.99666197],[-79.2453391,-3.99660795],[-79.24527521,-3.99647622],[-79.24523957,-3.99643427],[-79.24521579,-3.9964103],[-79.24519325,-3.99638787],[-79.24514093,-3.996336],[-79.24509279,-3.99628827],[-79.2450439,-3.99624239],[-79.24499588,-3.9961945],[-79.24493642,-3.99614652],[-79.24483093,-3.99606367],[-79.24476357,-3.99604896],[-79.24472174,-3.99606086],[-79.2446893,-3.99607022],[-79.24458518,-3.99608456],[-79.24447794,-3.99608572],[-79.24441837,-3.99609158],[-79.2443528,-3.99611536],[-79.244292,-3.99614519],[-79.24421569,-3.99617488],[-79.24412628,-3.99621058],[-79.24400709,-3.99624023],[-79.24388794,-3.99625792],[-79.24382242,-3.99625777],[-79.24374173,-3.99626798],[-79.24370071,-3.9962681],[-79.24361414,-3.99628467],[-79.24349474,-3.99630492],[-79.24343521,-3.99629283],[-79.24341142,-3.99627484],[-79.24335125,-3.99624877],[-79.24327112,-3.9961795],[-79.24321099,-3.99614665],[-79.24315566,-3.99611279],[-79.24309616,-3.99608276],[-79.24303666,-3.9960587],[-79.24295334,-3.99602862],[-79.24291173,-3.99598666],[-79.24289398,-3.99593279],[-79.24284972,-3.99586092],[-79.2428302,-3.99582125],[-79.24275632,-3.99566467],[-79.24273093,-3.995592],[-79.24268843,-3.9955081],[-79.24265704,-3.99543979],[-79.24264921,-3.99541766],[-79.24259773,-3.99533511],[-79.2425661,-3.99525451],[-79.2425553,-3.99522042],[-79.24254864,-3.99518481],[-79.24254132,-3.99515029],[-79.24253471,-3.99508934],[-79.24252544,-3.99502748],[-79.24252208,-3.99497016],[-79.24251939,-3.99492858],[-79.24251923,-3.99492868],[-79.2425176,-3.99486151],[-79.24250795,-3.99481251],[-79.24248685,-3.99474981],[-79.24247986,-3.99473708],[-79.24246177,-3.99471389],[-79.24244786,-3.99467816],[-79.24235618,-3.99455312],[-79.24235105,-3.99454399],[-79.242332,-3.994508],[-79.24226435,-3.99438104],[-79.24219865,-3.99426246],[-79.24213929,-3.99415916],[-79.24213317,-3.99415483],[-79.24199659,-3.99411702],[-79.24182877,-3.99424851],[-79.24173797,-3.99434259],[-79.24165349,-3.99440879],[-79.24112442,-3.99482334],[-79.24109097,-3.994846],[-79.24105474,-3.99486383],[-79.24101641,-3.99487648],[-79.24097671,-3.99488372],[-79.24093648,-3.99488541],[-79.24093639,-3.99488541],[-79.24089623,-3.99488151],[-79.24085699,-3.9948721],[-79.2408194,-3.99485736],[-79.24027787,-3.99460043],[-79.24019765,-3.99456636],[-79.24011491,-3.99453902],[-79.24003021,-3.99451862],[-79.23994413,-3.99450527],[-79.23985724,-3.99449909],[-79.23977014,-3.9945001],[-79.23968342,-3.99450831],[-79.23959767,-3.99452365],[-79.23958878,-3.99452601],[-79.23958326,-3.9944435],[-79.23956921,-3.99432863],[-79.23956958,-3.99415637],[-79.23959835,-3.9940703],[-79.23961292,-3.99394114],[-79.23961332,-3.99375452],[-79.23962776,-3.99368277],[-79.23962801,-3.99356793],[-79.23962831,-3.99342438],[-79.23965709,-3.99333831],[-79.23966872,-3.99318063],[-79.2396679,-3.99316703],[-79.23967279,-3.99305695],[-79.23967475,-3.99293028],[-79.23967623,-3.99283379],[-79.23967713,-3.99280914],[-79.23967981,-3.99274198],[-79.23968088,-3.99272013],[-79.23968572,-3.99259214],[-79.23968752,-3.99250268],[-79.23969755,-3.99236456],[-79.23969761,-3.99233565],[-79.23970102,-3.99232121],[-79.23971463,-3.99229148],[-79.23975029,-3.99224225],[-79.23977237,-3.99220999],[-79.23978769,-3.99217092],[-79.2397924,-3.99214415],[-79.2397984,-3.99211355],[-79.23981118,-3.99207107],[-79.23983668,-3.99202352],[-79.23987834,-3.99194115],[-79.23990528,-3.99189764],[-79.23990335,-3.99189694],[-79.23990254,-3.99186314],[-79.23990956,-3.99183302],[-79.23990531,-3.99172563],[-79.23991462,-3.99169382],[-79.23993316,-3.99166734],[-79.23995568,-3.99163424],[-79.23996894,-3.99160775],[-79.23996901,-3.99157327],[-79.23997044,-3.99152554],[-79.23998158,-3.99148561],[-79.24001306,-3.99143098],[-79.2400479,-3.99134652],[-79.24007675,-3.99126713],[-79.24013903,-3.99119532],[-79.24014616,-3.99115151],[-79.24014341,-3.99112322],[-79.24010977,-3.99105529],[-79.24008203,-3.99102236],[-79.24005749,-3.99097848],[-79.24001964,-3.99090418],[-79.24001059,-3.9908575],[-79.24000685,-3.99079281],[-79.24001116,-3.99075465],[-79.2400204,-3.99071226],[-79.24004369,-3.99068474],[-79.24005955,-3.99066957],[-79.23952938,-3.99066957],[-79.23951164,-3.99055668],[-79.23941185,-3.99064252],[-79.23930798,-3.99075235],[-79.23928647,-3.9907858],[-79.23927566,-3.99082526],[-79.23925821,-3.99094768],[-79.23919835,-3.99132872],[-79.23916593,-3.99145067],[-79.23914581,-3.99144703],[-79.23896703,-3.99142077],[-79.23813185,-3.99129811],[-79.23808944,-3.99129164],[-79.23809941,-3.99164576],[-79.23810668,-3.99196859],[-79.23805902,-3.99197107],[-79.23796419,-3.99197994],[-79.23794282,-3.99197006],[-79.23750379,-3.99200739],[-79.23705512,-3.99204976],[-79.23675895,-3.99208226],[-79.23673342,-3.99199555],[-79.23670788,-3.99190884],[-79.23668234,-3.99182212],[-79.23665681,-3.99173541],[-79.23663127,-3.9916487],[-79.23660574,-3.99156199],[-79.2365802,-3.99147527],[-79.23655467,-3.99138856],[-79.23653475,-3.99132092],[-79.23652913,-3.99130185],[-79.23650359,-3.99121513],[-79.23647806,-3.99112842],[-79.23645262,-3.99104168],[-79.23642794,-3.99095472],[-79.23642634,-3.99094867],[-79.23640488,-3.99086731],[-79.23638434,-3.99077927],[-79.2363672,-3.9906905],[-79.2363543,-3.99060102],[-79.23634586,-3.990511],[-79.23627472,-3.99051099],[-79.23589287,-3.99060204],[-79.23525968,-3.99076203],[-79.23507368,-3.99084297],[-79.23474932,-3.99101453],[-79.23412884,-3.99115761],[-79.23344095,-3.99114275],[-79.23327589,-3.99116986],[-79.23306126,-3.99127108],[-79.2326469,-3.99147056],[-79.23247276,-3.99150966],[-79.2322597,-3.99149963],[-79.23205136,-3.99144834],[-79.23168845,-3.99125915],[-79.23145172,-3.99106766],[-79.23133775,-3.99101832],[-79.23131723,-3.99172824],[-79.23132464,-3.99271589],[-79.23133211,-3.99279055],[-79.23122754,-3.9928497],[-79.23078193,-3.99302303],[-79.2305988,-3.99309426],[-79.23043538,-3.99312979],[-79.23024478,-3.99313129],[-79.23004278,-3.99311937],[-79.22969815,-3.99307323],[-79.22934922,-3.99300352],[-79.22930706,-3.9929951],[-79.22917213,-3.99296245],[-79.2290978,-3.99296038],[-79.22893536,-3.99298001],[-79.22868043,-3.99303456],[-79.2285525,-3.99306064],[-79.2284171,-3.99310245],[-79.22829305,-3.99317683],[-79.22811396,-3.99331161],[-79.22771258,-3.99368088],[-79.22743699,-3.9938656],[-79.22735578,-3.99386768],[-79.22729294,-3.99384266],[-79.22723394,-3.99380425],[-79.22716126,-3.99373194],[-79.22709705,-3.99364701],[-79.22703636,-3.99350907],[-79.2269795,-3.99336156],[-79.22692859,-3.99310689],[-79.22689741,-3.99282276],[-79.22688642,-3.99266418],[-79.22687607,-3.99260294],[-79.22685886,-3.99257321],[-79.22684427,-3.99255088],[-79.22682728,-3.99253722],[-79.22679809,-3.99252618],[-79.22675806,-3.99254462],[-79.22630154,-3.99301967],[-79.22632794,-3.99304198],[-79.22637221,-3.9930593],[-79.22641745,-3.99306682],[-79.22646706,-3.99306967],[-79.22648035,-3.99309363],[-79.22648219,-3.99312617],[-79.22647246,-3.99321802],[-79.22644369,-3.99330313],[-79.22640835,-3.99333846],[-79.22637398,-3.99337093],[-79.2263558,-3.99340343],[-79.22632983,-3.99351534],[-79.22631253,-3.99358325],[-79.22631057,-3.99361195],[-79.22631051,-3.99363875],[-79.22633426,-3.99367421],[-79.22638468,-3.9937126],[-79.22642463,-3.9937481],[-79.22644645,-3.99379121],[-79.2264692,-3.99384868],[-79.22647005,-3.99389844],[-79.2264585,-3.99394914],[-79.22645363,-3.99399889],[-79.22648872,-3.9940784],[-79.2265239,-3.99411389],[-79.22659338,-3.99415328],[-79.22668666,-3.99420324],[-79.22677806,-3.99424268],[-79.22685422,-3.99427825],[-79.22688938,-3.99432426],[-79.22691116,-3.99438747],[-79.22694542,-3.99441147],[-79.22698351,-3.99442208],[-79.22701306,-3.99442023],[-79.22708649,-3.99439264],[-79.22713327,-3.99435542],[-79.22717442,-3.99427129],[-79.22721559,-3.99418333],[-79.22725,-3.99413269],[-79.22727864,-3.99411169],[-79.22733104,-3.99411659],[-79.22736817,-3.99413486],[-79.22739954,-3.99416938],[-79.22743845,-3.99424506],[-79.22750591,-3.99433517],[-79.2276343,-3.99445794],[-79.22773032,-3.99456342],[-79.22778831,-3.99462575],[-79.22786828,-3.99466325],[-79.228013,-3.99472098],[-79.22812341,-3.99478247],[-79.22816907,-3.99481989],[-79.22821941,-3.99489848],[-79.22824303,-3.99499614],[-79.22827055,-3.99504884],[-79.2283086,-3.99508146],[-79.22832561,-3.99514561],[-79.22833878,-3.99522603],[-79.22836328,-3.99535336],[-79.22835838,-3.99541843],[-79.22831824,-3.99547002],[-79.22824186,-3.99553972],[-79.22822651,-3.99558849],[-79.22822635,-3.99566027],[-79.22826146,-3.99573308],[-79.22831935,-3.9958423],[-79.2283631,-3.99588259],[-79.22844304,-3.99593253],[-79.22849255,-3.99595273],[-79.22854211,-3.99595092],[-79.2285917,-3.99593381],[-79.22861844,-3.99590707],[-79.22869105,-3.99582014],[-79.22872549,-3.99575801],[-79.22875896,-3.99570449],[-79.22879043,-3.99569403],[-79.22885239,-3.99568363],[-79.22890097,-3.99569235],[-79.22892856,-3.99571347],[-79.22892647,-3.99580055],[-79.22892735,-3.99583309],[-79.22894349,-3.99586183],[-79.22897775,-3.99588488],[-79.22902444,-3.99588689],[-79.22907304,-3.995887],[-79.22910162,-3.99589184],[-79.22913302,-3.99591201],[-79.22918346,-3.99594274],[-79.22921774,-3.99595526],[-79.22925585,-3.99595821],[-79.22929016,-3.99595828],[-79.22937308,-3.99595081],[-79.22942456,-3.99593944],[-79.22951427,-3.99587742],[-79.22959632,-3.99583262],[-79.22969833,-3.99581083],[-79.22980698,-3.99580724],[-79.22990983,-3.99583808],[-79.22998403,-3.99589854],[-79.2300696,-3.99594402],[-79.23016381,-3.99600595],[-79.23022595,-3.99602475],[-79.23034806,-3.99607167],[-79.23051022,-3.99610862],[-79.23058169,-3.99611308],[-79.23066308,-3.99615202],[-79.23073732,-3.99619237],[-79.2308273,-3.99622558],[-79.23087727,-3.9962544],[-79.23091223,-3.99628247],[-79.23093712,-3.99633994],[-79.23094489,-3.99638303],[-79.23098339,-3.99642761],[-79.23107118,-3.9964845],[-79.23114829,-3.99652343],[-79.23124253,-3.99656741],[-79.23135961,-3.99662939],[-79.2314146,-3.99665176],[-79.23151244,-3.99668643],[-79.23160526,-3.99672826],[-79.23161739,-3.99673977],[-79.23162445,-3.99677998],[-79.23165078,-3.99683315],[-79.23171288,-3.99687061],[-79.23178216,-3.99689372],[-79.23185643,-3.99692259],[-79.23197003,-3.9969372],[-79.23211795,-3.996949],[-79.23228809,-3.99693358],[-79.23238318,-3.99691871],[-79.23247755,-3.99690599],[-79.23250969,-3.99691468],[-79.23252612,-3.99692045],[-79.23255679,-3.99694923],[-79.23257386,-3.99698587],[-79.23258018,-3.997039],[-79.23258065,-3.99715312],[-79.23257274,-3.99717464],[-79.23252404,-3.99722406],[-79.23250466,-3.99726278],[-79.23250459,-3.99729579],[-79.23251455,-3.99731376],[-79.23255526,-3.99732892],[-79.23264172,-3.99733915],[-79.23271386,-3.99736084],[-79.23284525,-3.99741568],[-79.23297305,-3.9974784],[-79.23303658,-3.99751514],[-79.23311435,-3.99757416],[-79.23315785,-3.99761948],[-79.23314984,-3.99769267],[-79.23312683,-3.9977565],[-79.23307099,-3.99779801],[-79.23299231,-3.99782583],[-79.23296012,-3.99784084],[-79.23293645,-3.99787883],[-79.23291628,-3.99795199],[-79.23289328,-3.99801295],[-79.23282868,-3.99814416],[-79.23281284,-3.99819796],[-79.23281348,-3.99823098],[-79.23282984,-3.99826762],[-79.2328641,-3.99829138],[-79.23292193,-3.99831878],[-79.2329976,-3.99835986],[-79.23303544,-3.99838075],[-79.23313047,-3.99839244],[-79.23325833,-3.99842645],[-79.23347191,-3.99848433],[-79.23358688,-3.99852908],[-79.23361756,-3.99855355],[-79.23367392,-3.99860177],[-79.23374512,-3.99872968],[-79.2337585,-3.99882086],[-79.23377765,-3.99888909],[-79.23377969,-3.99893934],[-79.23380395,-3.99895734],[-79.23390609,-3.99898985],[-79.23402038,-3.99901809],[-79.23415465,-3.9990636],[-79.23430825,-3.99909408],[-79.23454042,-3.99914698],[-79.23461432,-3.99916518],[-79.2346465,-3.99915687],[-79.23468608,-3.99914547],[-79.23470375,-3.99912254],[-79.23470998,-3.9991082],[-79.23470051,-3.99907851],[-79.2346915,-3.99905983],[-79.23468584,-3.99903494],[-79.23468874,-3.99901389],[-79.23470022,-3.99899286],[-79.23477608,-3.99894517],[-79.23486915,-3.99887121],[-79.23497464,-3.99878243],[-79.23499856,-3.99874038],[-79.23502103,-3.99870597],[-79.23506444,-3.99868118],[-79.23510735,-3.99866883],[-79.23517218,-3.99865653],[-79.23524608,-3.99863085],[-79.23530855,-3.99860706],[-79.23535192,-3.99860381],[-79.2353829,-3.99860052],[-79.23540963,-3.99857618],[-79.23544643,-3.99852793],[-79.23546467,-3.99846385],[-79.23547472,-3.99844377],[-79.23549718,-3.99841415],[-79.23556873,-3.99837316],[-79.23564787,-3.99835227],[-79.23575943,-3.99832428],[-79.23588671,-3.99829345],[-79.23597532,-3.9983013],[-79.23604818,-3.99832012],[-79.23607199,-3.99833022],[-79.23610862,-3.99835375],[-79.23615954,-3.998384],[-79.23622953,-3.99840951],[-79.23634529,-3.99842029],[-79.23641629,-3.99841996],[-79.23647539,-3.99840861],[-79.23657025,-3.99839206],[-79.23673883,-3.99831474],[-79.23673892,-3.99831415],[-79.23674157,-3.99831427],[-79.23688974,-3.9983305],[-79.23702905,-3.99832776],[-79.23714484,-3.99832275],[-79.23725249,-3.99833733],[-79.23731585,-3.99834656],[-79.23740157,-3.99836589],[-79.23744592,-3.99837356],[-79.23747398,-3.99837418],[-79.23750307,-3.99836036],[-79.23754315,-3.99833461],[-79.23758847,-3.99831031],[-79.23761898,-3.9983008],[-79.23765519,-3.99830088],[-79.23768092,-3.99830476],[-79.23772665,-3.99830821],[-79.23774238,-3.99830394],[-79.23775813,-3.99829201],[-79.2377615,-3.99827862],[-79.23776058,-3.99826378],[-79.23775632,-3.99825038],[-79.23775397,-3.99823554],[-79.23775068,-3.99821256],[-79.23774737,-3.99819963],[-79.23775216,-3.99818912],[-79.23776933,-3.99817911],[-79.23778887,-3.99817676],[-79.23781604,-3.99817538],[-79.23784503,-3.99817943],[-79.23784523,-3.99817963],[-79.23785747,-3.9981836],[-79.2378627,-3.99818936],[-79.23786234,-3.99819675],[-79.23786172,-3.99820132],[-79.23787025,-3.99822478],[-79.23788021,-3.99824538],[-79.23789589,-3.99826838],[-79.23792159,-3.99828231],[-79.2379439,-3.99828676],[-79.23795921,-3.99828861],[-79.23797016,-3.99829534],[-79.23800725,-3.99832891],[-79.2380509,-3.99841609],[-79.23808834,-3.99851044],[-79.23810921,-3.99855684],[-79.23812388,-3.99860095],[-79.23812862,-3.99861341],[-79.23814147,-3.99862348],[-79.23815175,-3.99862513],[-79.23817602,-3.99861977],[-79.2382064,-3.99861864],[-79.23822545,-3.99862047],[-79.2382421,-3.99863187],[-79.23826464,-3.99867618],[-79.23827048,-3.99873122],[-79.23828645,-3.9987821],[-79.23831125,-3.99883051],[-79.23831452,-3.99883535],[-79.23834578,-3.99888929],[-79.23839919,-3.99897973],[-79.23840804,-3.99902042],[-79.23842157,-3.9991012],[-79.2384244,-3.99916819],[-79.23842966,-3.99921426],[-79.23843498,-3.99923521],[-79.23846227,-3.9992879],[-79.23848717,-3.9993382],[-79.23849605,-3.99936633],[-79.23851921,-3.99939629],[-79.23856379,-3.99943765],[-79.23860665,-3.99944732],[-79.23864237,-3.99945517],[-79.23866082,-3.99946298],[-79.23869528,-3.99950074],[-79.23873033,-3.99954747],[-79.23878856,-3.999611],[-79.23881351,-3.99964215],[-79.23886221,-3.99970446],[-79.23888891,-3.99975357],[-79.23892155,-3.99980747],[-79.23896153,-3.99987888],[-79.23898318,-3.99995295],[-79.23900101,-3.99997033],[-79.23902776,-3.99999791],[-79.23904736,-4.00002187],[-79.23907229,-4.0000614],[-79.2391145,-4.00009798],[-79.23915196,-4.00012916],[-79.23925548,-4.00018322],[-79.23930485,-4.00021024],[-79.23933281,-4.00022884],[-79.23934645,-4.0002528],[-79.23935591,-4.0002893],[-79.23937424,-4.00035095],[-79.23939085,-4.00038269],[-79.2394502,-4.00047792],[-79.23949538,-4.00052048],[-79.23953163,-4.00055944],[-79.23957624,-4.00058466],[-79.23961493,-4.00059491],[-79.23964529,-4.00060634],[-79.23967447,-4.000607],[-79.23969771,-4.00060286],[-79.23972215,-4.00059275],[-79.23973827,-4.00057364],[-79.23975559,-4.00055215],[-79.23976636,-4.00052705],[-79.23977953,-4.00049538],[-79.23979388,-4.00046969],[-79.23980761,-4.00045417],[-79.23983385,-4.00044046],[-79.23986662,-4.00043396],[-79.23988865,-4.00043879],[-79.23992194,-4.00046518],[-79.23994868,-4.00049574],[-79.23998856,-4.00050599],[-79.24006716,-4.00051872],[-79.24012252,-4.00053081],[-79.24017547,-4.00055843],[-79.2401949,-4.00059111],[-79.24020331,-4.00063266],[-79.24020301,-4.00076964],[-79.24020826,-4.00082109],[-79.24023259,-4.000866],[-79.24024802,-4.00089175],[-79.24027656,-4.00091155],[-79.24033791,-4.00091407],[-79.24039696,-4.0009129],[-79.2404919,-4.00090799],[-79.24055265,-4.00091027],[-79.24061406,-4.00093552],[-79.2406797,-4.00098878],[-79.24066954,-4.00106269],[-79.24065869,-4.00112224],[-79.24066929,-4.00117896],[-79.24068773,-4.00124719],[-79.24067397,-4.00132755],[-79.24066335,-4.00137448],[-79.24067487,-4.00141876],[-79.24070081,-4.00148121],[-79.24076277,-4.00158039],[-79.24080408,-4.00164795],[-79.24084333,-4.00169556],[-79.24086531,-4.00175933],[-79.24088944,-4.00183906],[-79.24092422,-4.00195326],[-79.2409755,-4.00203878],[-79.2410593,-4.00212035],[-79.24114531,-4.00217552],[-79.24119133,-4.00218608],[-79.24126807,-4.00221756],[-79.24133082,-4.00232985],[-79.24142947,-4.00237586],[-79.24148884,-4.00240443],[-79.24152751,-4.00241671],[-79.2416412,-4.00245279],[-79.24167283,-4.00245191],[-79.24169754,-4.00244254],[-79.24193829,-4.00233868],[-79.24212379,-4.00225822],[-79.24216083,-4.00225289],[-79.24232295,-4.00223177],[-79.24235984,-4.00223317],[-79.24238094,-4.00223395],[-79.24343941,-4.00076504],[-79.24396914,-4.00002988],[-79.2443719,-4.00003685],[-79.24477732,-3.99984632],[-79.24503968,-3.99970333],[-79.2453498,-3.99951259],[-79.24575522,-3.99932206],[-79.24623617,-3.99905442],[-79.24626874,-3.99892961],[-79.24635302,-3.99891499],[-79.24635305,-3.99889973],[-79.24634837,-3.99886144],[-79.24633889,-3.99883749],[-79.24630558,-3.99881589],[-79.24626038,-3.99878469],[-79.24619612,-3.99875345],[-79.24613903,-3.99871265],[-79.24607246,-3.99864791],[-79.24600359,-3.99854488],[-79.24595612,-3.99846104],[-79.24592291,-3.99839398],[-79.2459111,-3.9983485],[-79.2459017,-3.99828627],[-79.24589231,-3.99822165],[-79.24587812,-3.99816899],[-79.24584491,-3.99810432],[-79.24572294,-3.99794854],[-79.24566117,-3.99786706],[-79.24556577,-3.99781408],[-79.24556422,-3.99781068]]]]}},{"type":"Feature","properties":{"nombre":"Tebaida","parroquia":"Punzara","parroquiaId":"punzara","poblacion":7886},"geometry":{"type":"MultiPolygon","coordinates":[[[[-79.2033934,-4.01112548],[-79.20286174,-4.01400157],[-79.20268237,-4.01501343],[-79.20265125,-4.01527716],[-79.20278401,-4.0160259],[-79.20265761,-4.01795198],[-79.20284968,-4.01934708],[-79.20359339,-4.01937933],[-79.20413268,-4.01941009],[-79.20425062,-4.01941249],[-79.2043647,-4.01936176],[-79.20477435,-4.01937825],[-79.20478823,-4.01934756],[-79.20482257,-4.01930279],[-79.20486645,-4.01925131],[-79.20489988,-4.01920658],[-79.20494088,-4.01915248],[-79.20496248,-4.01912009],[-79.20499516,-4.01894265],[-79.20502502,-4.0188229],[-79.20506624,-4.0186792],[-79.2050957,-4.01856907],[-79.20511056,-4.01850595],[-79.20511917,-4.01845647],[-79.20513524,-4.01836206],[-79.20516848,-4.01818861],[-79.20518745,-4.01806348],[-79.2051915,-4.01802651],[-79.20519103,-4.01798042],[-79.20518554,-4.01790019],[-79.20517831,-4.01783759],[-79.20516282,-4.01766801],[-79.20517602,-4.0175918],[-79.2051676,-4.01755309],[-79.20515521,-4.0175212],[-79.20513265,-4.01747165],[-79.20512532,-4.01745741],[-79.20512764,-4.01743238],[-79.20510201,-4.01725338],[-79.20507948,-4.01718344],[-79.20503566,-4.0171802],[-79.20449779,-4.0171434],[-79.20444206,-4.0171361],[-79.20442207,-4.01712314],[-79.20439641,-4.01709293],[-79.20428945,-4.01697786],[-79.20435105,-4.01666384],[-79.20446383,-4.01629564],[-79.20473715,-4.01550433],[-79.20507987,-4.01457202],[-79.2052548,-4.01410587],[-79.20582884,-4.0130664],[-79.2061164,-4.0125641],[-79.20629458,-4.01226914],[-79.20676213,-4.01253932],[-79.20678944,-4.01258381],[-79.20704064,-4.01282161],[-79.20704607,-4.01282422],[-79.20705135,-4.01283021],[-79.2070658,-4.01285765],[-79.20708022,-4.01288414],[-79.20709103,-4.01289238],[-79.20710526,-4.01289936],[-79.20712973,-4.01292328],[-79.20714784,-4.01294204],[-79.20716218,-4.01295264],[-79.20717585,-4.01296457],[-79.20722093,-4.01300526],[-79.207242,-4.01302414],[-79.20725983,-4.01304224],[-79.20727561,-4.01305938],[-79.20728646,-4.0130698],[-79.2072941,-4.0130834],[-79.20730342,-4.01309642],[-79.20731475,-4.01311475],[-79.2073266,-4.01313465],[-79.20733498,-4.01314929],[-79.20736804,-4.01316342],[-79.20745464,-4.0132172],[-79.20753459,-4.01325949],[-79.20756978,-4.01329115],[-79.20762022,-4.01332188],[-79.20766971,-4.01335261],[-79.20770488,-4.01338208],[-79.20772582,-4.01340465],[-79.20776602,-4.01342262],[-79.20778294,-4.01343229],[-79.20792856,-4.01351683],[-79.2080009,-4.01355527],[-79.20802659,-4.01357351],[-79.20802171,-4.01362709],[-79.2080178,-4.01366823],[-79.20803205,-4.01369123],[-79.20807776,-4.01370377],[-79.20818923,-4.01371646],[-79.20825012,-4.01376253],[-79.20828598,-4.01377832],[-79.20828769,-4.01377301],[-79.20838418,-4.01358364],[-79.20844564,-4.01346301],[-79.20840481,-4.01310749],[-79.20846297,-4.01292339],[-79.20854227,-4.01282102],[-79.20857462,-4.01276206],[-79.20859906,-4.0126968],[-79.20859277,-4.0126329],[-79.20844981,-4.01231176],[-79.20841858,-4.01221049],[-79.20847655,-4.01217544],[-79.2088871,-4.01203495],[-79.20888124,-4.01202139],[-79.20882437,-4.01187987],[-79.20873483,-4.01164066],[-79.20862802,-4.01146171],[-79.20855823,-4.01134313],[-79.20853909,-4.01127418],[-79.2084937,-4.011109],[-79.20848897,-4.01098697],[-79.20850641,-4.01052478],[-79.20851398,-4.01000228],[-79.20853305,-4.00944965],[-79.20853697,-4.00896662],[-79.20854207,-4.00859053],[-79.20854061,-4.00827903],[-79.20854076,-4.00788211],[-79.20849901,-4.00788128],[-79.20795533,-4.00787461],[-79.20732362,-4.00784633],[-79.20712758,-4.00776114],[-79.20708198,-4.00774313],[-79.20680412,-4.00763334],[-79.20666193,-4.00757782],[-79.20653562,-4.00752807],[-79.20637065,-4.00746228],[-79.20627078,-4.00742199],[-79.20616866,-4.00738129],[-79.20610297,-4.00735211],[-79.20603178,-4.00732169],[-79.20600304,-4.00731441],[-79.20599742,-4.00731208],[-79.20595789,-4.00730313],[-79.20579344,-4.00728884],[-79.20571402,-4.00726108],[-79.20556997,-4.00718356],[-79.20544363,-4.00710935],[-79.20533171,-4.00698877],[-79.20525212,-4.00688691],[-79.20522383,-4.00674809],[-79.20515253,-4.00667257],[-79.2046017,-4.00635555],[-79.20432337,-4.00616952],[-79.20422469,-4.00608078],[-79.20422399,-4.00608007],[-79.2041617,-4.00601724],[-79.20405533,-4.00601],[-79.2033934,-4.01112548]]]]}},{"type":"Feature","properties":{"nombre":"Los Geraneos","parroquia":"San Sebastián","parroquiaId":"san-sebastian","poblacion":5727},"geometry":{"type":"MultiPolygon","coordinates":[[[[-79.20120035,-4.00961019],[-79.20119973,-4.0096234],[-79.20115632,-4.01056066],[-79.20109561,-4.01217545],[-79.20107276,-4.01281898],[-79.2010328,-4.01374057],[-79.20103261,-4.01374478],[-79.2009943,-4.0149218],[-79.20093979,-4.01588106],[-79.20089668,-4.01707242],[-79.20085862,-4.01812981],[-79.2007985,-4.01947186],[-79.2007982,-4.01961062],[-79.20084728,-4.02004616],[-79.2008591,-4.02016901],[-79.20088687,-4.02045776],[-79.20088925,-4.02055301],[-79.20087773,-4.02073857],[-79.2008624,-4.02091523],[-79.20082581,-4.02114426],[-79.20077282,-4.02140492],[-79.20071272,-4.02165361],[-79.20064075,-4.02187834],[-79.20048477,-4.02239238],[-79.20029514,-4.02303793],[-79.20025655,-4.02325078],[-79.2002204,-4.02344209],[-79.20017884,-4.02383209],[-79.20015722,-4.02407041],[-79.20011964,-4.02430352],[-79.20004608,-4.02460194],[-79.19988468,-4.0251107],[-79.19967907,-4.02573947],[-79.19963299,-4.0258944],[-79.19959828,-4.02607806],[-79.19957283,-4.02630102],[-79.19956417,-4.02663926],[-79.19955974,-4.02696117],[-79.19967438,-4.02696027],[-79.19985652,-4.02701331],[-79.19997438,-4.02704467],[-79.20012673,-4.02704978],[-79.20022556,-4.02698254],[-79.20039173,-4.02682214],[-79.20055199,-4.02664008],[-79.20061077,-4.02637308],[-79.20088388,-4.02617912],[-79.20103547,-4.02611077],[-79.20108784,-4.02606964],[-79.20114399,-4.02600976],[-79.20118895,-4.02594236],[-79.20123223,-4.02579057],[-79.20126242,-4.02564438],[-79.20126275,-4.02549438],[-79.20126663,-4.02542689],[-79.2012594,-4.02532187],[-79.20124101,-4.02519057],[-79.20122262,-4.02506303],[-79.20118928,-4.02494295],[-79.20113347,-4.02484532],[-79.20087387,-4.0240404],[-79.20083651,-4.02380062],[-79.20098487,-4.02319523],[-79.20127301,-4.02254393],[-79.20167733,-4.02203563],[-79.2022233,-4.02100005],[-79.20283738,-4.01937953],[-79.20284968,-4.01934708],[-79.20265761,-4.01795198],[-79.20278401,-4.0160259],[-79.20265125,-4.01527716],[-79.20268237,-4.01501343],[-79.20286174,-4.01400157],[-79.2033934,-4.01112548],[-79.20405533,-4.00601],[-79.20269911,-4.00587719],[-79.20262183,-4.00581944],[-79.2025348,-4.0056075],[-79.20139348,-4.0055264],[-79.20139213,-4.00554267],[-79.20133972,-4.00622111],[-79.20129994,-4.00698183],[-79.20124726,-4.0081947],[-79.20121383,-4.00931909],[-79.20120035,-4.00961019]]]]}},{"type":"Feature","properties":{"nombre":"Pucará","parroquia":"San Sebastián","parroquiaId":"san-sebastian","poblacion":3672},"geometry":{"type":"MultiPolygon","coordinates":[[[[-79.19514736,-4.00339051],[-79.19487101,-4.00352374],[-79.19502677,-4.00351679],[-79.19508767,-4.00369189],[-79.19509609,-4.00373624],[-79.19509757,-4.00375865],[-79.19510591,-4.00375867],[-79.19520237,-4.00376905],[-79.1952716,-4.00377543],[-79.19527827,-4.00377692],[-79.19541257,-4.00381023],[-79.19555962,-4.00389094],[-79.19563381,-4.0039557],[-79.19566198,-4.0039834],[-79.19566957,-4.00399873],[-79.19566955,-4.00400734],[-79.19566666,-4.00402169],[-79.19566092,-4.00402933],[-79.19564853,-4.00403026],[-79.19563616,-4.00402353],[-79.19561047,-4.0040053],[-79.19554107,-4.00396398],[-79.19544517,-4.00393519],[-79.19516791,-4.00391304],[-79.19510561,-4.00393997],[-79.19506174,-4.00409368],[-79.19502958,-4.00441803],[-79.19502382,-4.00467163],[-79.19508957,-4.00489581],[-79.19514962,-4.00514],[-79.19507331,-4.00556905],[-79.19507658,-4.00580194],[-79.19507032,-4.00605026],[-79.19506002,-4.00618231],[-79.19499297,-4.00651146],[-79.19497834,-4.00671295],[-79.195019,-4.00690433],[-79.19506388,-4.00702925],[-79.19508113,-4.00719686],[-79.19502885,-4.0073579],[-79.19494365,-4.00748424],[-79.19491514,-4.00750323],[-79.19477626,-4.00755137],[-79.19457661,-4.00760715],[-79.19439606,-4.00764862],[-79.19434125,-4.00765448],[-79.19423529,-4.00763032],[-79.19397641,-4.00753943],[-79.19378471,-4.00750372],[-79.19361678,-4.00748779],[-79.19342571,-4.00743593],[-79.19326315,-4.00742301],[-79.19295113,-4.00739242],[-79.19270159,-4.00738648],[-79.19261994,-4.00740963],[-79.19254481,-4.00744953],[-79.19248966,-4.00749912],[-79.19229196,-4.00776701],[-79.1920555,-4.0080346],[-79.19198522,-4.00818267],[-79.19193343,-4.00829416],[-79.19177206,-4.0084117],[-79.1916471,-4.00849879],[-79.19151815,-4.00863632],[-79.19143493,-4.00877824],[-79.19130864,-4.0090062],[-79.19120114,-4.00913947],[-79.19104212,-4.00929989],[-79.19091451,-4.00948047],[-79.19073368,-4.00977935],[-79.19055466,-4.00989862],[-79.19044606,-4.00994597],[-79.19019865,-4.0100014],[-79.18996813,-4.01006434],[-79.18988541,-4.01009258],[-79.18983096,-4.01015131],[-79.18980082,-4.01020723],[-79.18980354,-4.01027183],[-79.1898616,-4.0105203],[-79.18991461,-4.01076935],[-79.1899269,-4.01076877],[-79.18994584,-4.01076787],[-79.19340305,-4.01053218],[-79.19342119,-4.01058426],[-79.19422322,-4.01288682],[-79.1942352,-4.01288877],[-79.19443346,-4.01292105],[-79.19465983,-4.01283863],[-79.19482174,-4.01275529],[-79.19500568,-4.01260676],[-79.19509264,-4.01268315],[-79.19530113,-4.01277405],[-79.19528692,-4.0127367],[-79.19526281,-4.01265195],[-79.19523726,-4.01256863],[-79.19523737,-4.01251696],[-79.19528035,-4.01247399],[-79.1953161,-4.01246689],[-79.19575341,-4.01250805],[-79.19574076,-4.01241185],[-79.19575519,-4.01235015],[-79.19584696,-4.01221973],[-79.19620964,-4.01174538],[-79.19661386,-4.01123381],[-79.19682323,-4.01092995],[-79.19710229,-4.01059],[-79.19715576,-4.01051727],[-79.1973579,-4.01024497],[-79.1974759,-4.0101692],[-79.19777864,-4.01002197],[-79.19795182,-4.0099233],[-79.1980679,-4.00978575],[-79.19814527,-4.00970553],[-79.19823827,-4.00966267],[-79.19836411,-4.00963855],[-79.19862008,-4.00959461],[-79.19883106,-4.00960664],[-79.19896158,-4.00965422],[-79.19920161,-4.00970356],[-79.19962469,-4.00971885],[-79.1997737,-4.00965058],[-79.19988606,-4.00961117],[-79.20024395,-4.00948563],[-79.20025467,-4.00948187],[-79.20042509,-4.00940259],[-79.20045829,-4.00938715],[-79.20047154,-4.00938106],[-79.20053771,-4.00935276],[-79.20056454,-4.00934792],[-79.20058981,-4.00934953],[-79.20068396,-4.00935553],[-79.20072135,-4.00938989],[-79.20072775,-4.00939577],[-79.20076281,-4.00941347],[-79.20081933,-4.00942926],[-79.20086071,-4.00943074],[-79.20087782,-4.00943135],[-79.20091756,-4.00943585],[-79.2009879,-4.00944409],[-79.20098342,-4.00945305],[-79.20099327,-4.00951523],[-79.20103586,-4.00960727],[-79.20103666,-4.0096076],[-79.20110819,-4.00961103],[-79.20120035,-4.00961019],[-79.20121383,-4.00931909],[-79.20124726,-4.0081947],[-79.20129994,-4.00698183],[-79.20133972,-4.00622111],[-79.20139213,-4.00554267],[-79.20139348,-4.0055264],[-79.20154632,-4.00369032],[-79.1986258,-4.00348542],[-79.19552853,-4.00330318],[-79.19546475,-4.00330861],[-79.19524505,-4.00335601],[-79.19514736,-4.00339051]]]]}},{"type":"Feature","properties":{"nombre":"Perpetuo Socorro","parroquia":"El Sagrario","parroquiaId":"el-sagrario","poblacion":2165},"geometry":{"type":"MultiPolygon","coordinates":[[[[-79.20405533,-4.00601],[-79.2041617,-4.00601724],[-79.20422399,-4.00608007],[-79.20422469,-4.00608078],[-79.20432337,-4.00616952],[-79.2046017,-4.00635555],[-79.20515253,-4.00667257],[-79.20522383,-4.00674809],[-79.20525212,-4.00688691],[-79.20533171,-4.00698877],[-79.20543217,-4.00680238],[-79.20555301,-4.00655981],[-79.20564059,-4.0062717],[-79.20570088,-4.00594048],[-79.20576795,-4.00561077],[-79.20581465,-4.00549603],[-79.20589952,-4.00536105],[-79.20603198,-4.00525248],[-79.20636865,-4.00490392],[-79.20705151,-4.00421518],[-79.20728208,-4.00390466],[-79.2074306,-4.00353057],[-79.20747869,-4.00332731],[-79.2074993,-4.00316467],[-79.20749932,-4.00316416],[-79.20752417,-4.00268264],[-79.20752509,-4.00265983],[-79.20754083,-4.00227092],[-79.20756182,-4.00158037],[-79.20755837,-4.00158013],[-79.20752897,-4.00157805],[-79.20723054,-4.00155696],[-79.20460016,-4.00144717],[-79.20459899,-4.00145689],[-79.20406117,-4.00596135],[-79.20406091,-4.00596357],[-79.20405591,-4.00600557],[-79.20405533,-4.00601]]]]}},{"type":"Feature","properties":{"nombre":"Menfis","parroquia":"Sucre","parroquiaId":"sucre","poblacion":6175},"geometry":{"type":"MultiPolygon","coordinates":[[[[-79.24495545,-4.01147729],[-79.2447053,-4.01166441],[-79.24468065,-4.01168285],[-79.24459854,-4.01169702],[-79.24459268,-4.01164196],[-79.24458358,-4.01157888],[-79.24457163,-4.01154593],[-79.24456338,-4.0115232],[-79.24453948,-4.01147308],[-79.24452674,-4.01138774],[-79.24453057,-4.01132376],[-79.24454736,-4.01124591],[-79.24459932,-4.01112733],[-79.24465863,-4.01102545],[-79.24470315,-4.01093097],[-79.2447218,-4.01084755],[-79.24473307,-4.01076041],[-79.24473131,-4.0107159],[-79.24476098,-4.01066125],[-79.24480359,-4.01059643],[-79.24481109,-4.01054452],[-79.2448112,-4.01049074],[-79.24479289,-4.01041837],[-79.24478184,-4.01040629],[-79.24474503,-4.01034872],[-79.24470633,-4.01030784],[-79.24467506,-4.01025213],[-79.24464746,-4.01020385],[-79.24463279,-4.0101556],[-79.24462551,-4.01010552],[-79.24462382,-4.01002947],[-79.24462955,-4.00994232],[-79.2446333,-4.00991266],[-79.24465001,-4.00987375],[-79.24467412,-4.00982558],[-79.24470011,-4.00976258],[-79.24470392,-4.00970695],[-79.2447059,-4.00964575],[-79.24469316,-4.00955856],[-79.24466741,-4.00950843],[-79.24463977,-4.00947685],[-79.24459369,-4.00943966],[-79.24455497,-4.00940804],[-79.24448859,-4.00936246],[-79.24443143,-4.00931783],[-79.24439088,-4.00928065],[-79.24434303,-4.00920637],[-79.24431185,-4.00910615],[-79.24428248,-4.00902078],[-79.24424025,-4.00890756],[-79.24419239,-4.00883327],[-79.24414449,-4.00877939],[-79.24406894,-4.00870319],[-79.24401551,-4.00864187],[-79.24394371,-4.00854064],[-79.24385718,-4.0084162],[-79.24377064,-4.00829547],[-79.24372649,-4.00821192],[-79.24367503,-4.00809497],[-79.24365304,-4.00801703],[-79.24364943,-4.00797715],[-79.24365696,-4.00791225],[-79.24367379,-4.007814],[-79.24367393,-4.00774909],[-79.24365759,-4.00761552],[-79.24362452,-4.00753571],[-79.24357295,-4.00747069],[-79.24351764,-4.00742791],[-79.24343647,-4.00738508],[-79.24340514,-4.00735534],[-79.24339965,-4.00733586],[-79.24337763,-4.00726533],[-79.24337964,-4.00719301],[-79.24336682,-4.0071392],[-79.24336505,-4.00710396],[-79.24333933,-4.0070427],[-79.24331909,-4.00700742],[-79.24330256,-4.00696288],[-79.24329528,-4.00691464],[-79.24329353,-4.00687013],[-79.24327711,-4.00677366],[-79.2432661,-4.00674396],[-79.2432865,-4.00670042],[-79.24331244,-4.00666153],[-79.243355,-4.00662082],[-79.24337913,-4.00656524],[-79.24337924,-4.00651517],[-79.24336083,-4.00648545],[-79.24332948,-4.00646498],[-79.24328335,-4.00644634],[-79.24322616,-4.00642025],[-79.24318929,-4.00638865],[-79.24316905,-4.00635337],[-79.24316919,-4.00628846],[-79.24317852,-4.00624582],[-79.24318785,-4.00619762],[-79.24318795,-4.00615311],[-79.24318066,-4.00610673],[-79.24315496,-4.0060362],[-79.24312922,-4.00598051],[-79.24313119,-4.00592395],[-79.24313498,-4.00587945],[-79.24312948,-4.00585718],[-79.24310921,-4.00583859],[-79.24307966,-4.00583853],[-79.24305011,-4.00583847],[-79.2430206,-4.00582542],[-79.24300586,-4.0058087],[-79.24296161,-4.00577336],[-79.24291551,-4.00574359],[-79.2428694,-4.00571382],[-79.24280115,-4.00567844],[-79.2427495,-4.00564865],[-79.24272004,-4.0056115],[-79.24270167,-4.00556324],[-79.24269253,-4.00552056],[-79.24269271,-4.0054334],[-79.2426965,-4.00539075],[-79.24270403,-4.005324],[-79.24270966,-4.00527951],[-79.24270795,-4.00521645],[-79.242721,-4.00516177],[-79.24272476,-4.00512839],[-79.24272482,-4.00510243],[-79.24271197,-4.00506531],[-79.2426899,-4.00502261],[-79.242642,-4.00496687],[-79.24261625,-4.00492045],[-79.24258866,-4.00486475],[-79.24255922,-4.00481647],[-79.24255005,-4.00478863],[-79.24254459,-4.00475153],[-79.24254652,-4.00471258],[-79.24255581,-4.00468479],[-79.24256142,-4.00464956],[-79.24256148,-4.00462174],[-79.24254861,-4.00459761],[-79.24252647,-4.00458458],[-79.24249513,-4.00456225],[-79.24246008,-4.00454363],[-79.24241579,-4.0045287],[-79.24236968,-4.00449893],[-79.24234021,-4.00446734],[-79.24231627,-4.00443483],[-79.24228678,-4.00440509],[-79.24225542,-4.00439205],[-79.24221664,-4.00439196],[-79.24216492,-4.00439371],[-79.24205571,-4.00432507],[-79.24171029,-4.00316466],[-79.24197609,-4.00279579],[-79.24238094,-4.00223395],[-79.24235984,-4.00223317],[-79.24232295,-4.00223177],[-79.24216083,-4.00225289],[-79.24212379,-4.00225822],[-79.24193829,-4.00233868],[-79.24169754,-4.00244254],[-79.24167283,-4.00245191],[-79.2416412,-4.00245279],[-79.24152751,-4.00241671],[-79.24148884,-4.00240443],[-79.24142947,-4.00237586],[-79.24133082,-4.00232985],[-79.24126807,-4.00221756],[-79.24119133,-4.00218608],[-79.24114531,-4.00217552],[-79.2410593,-4.00212035],[-79.2409755,-4.00203878],[-79.24092422,-4.00195326],[-79.24088944,-4.00183906],[-79.24086531,-4.00175933],[-79.24084333,-4.00169556],[-79.24080408,-4.00164795],[-79.24076277,-4.00158039],[-79.24070081,-4.00148121],[-79.24067487,-4.00141876],[-79.24066335,-4.00137448],[-79.24067397,-4.00132755],[-79.24068773,-4.00124719],[-79.24066929,-4.00117896],[-79.24065869,-4.00112224],[-79.24066954,-4.00106269],[-79.2406797,-4.00098878],[-79.24061406,-4.00093552],[-79.24055265,-4.00091027],[-79.2404919,-4.00090799],[-79.24039696,-4.0009129],[-79.24033791,-4.00091407],[-79.24027656,-4.00091155],[-79.24024802,-4.00089175],[-79.24023259,-4.000866],[-79.24020826,-4.00082109],[-79.24020301,-4.00076964],[-79.24020331,-4.00063266],[-79.2401949,-4.00059111],[-79.24017547,-4.00055843],[-79.24012252,-4.00053081],[-79.24006716,-4.00051872],[-79.23998856,-4.00050599],[-79.23994868,-4.00049574],[-79.23992194,-4.00046518],[-79.23988865,-4.00043879],[-79.23986662,-4.00043396],[-79.23983385,-4.00044046],[-79.23980761,-4.00045417],[-79.23979388,-4.00046969],[-79.23977953,-4.00049538],[-79.23976636,-4.00052705],[-79.23975559,-4.00055215],[-79.23973827,-4.00057364],[-79.23972215,-4.00059275],[-79.23969771,-4.00060286],[-79.23967447,-4.000607],[-79.23964529,-4.00060634],[-79.23961493,-4.00059491],[-79.23957624,-4.00058466],[-79.23953163,-4.00055944],[-79.23949538,-4.00052048],[-79.2394502,-4.00047792],[-79.23939085,-4.00038269],[-79.23937424,-4.00035095],[-79.23935591,-4.0002893],[-79.23934645,-4.0002528],[-79.23933281,-4.00022884],[-79.23930485,-4.00021024],[-79.23925548,-4.00018322],[-79.23915196,-4.00012916],[-79.2391145,-4.00009798],[-79.23907229,-4.0000614],[-79.23904736,-4.00002187],[-79.23902776,-3.99999791],[-79.23900101,-3.99997033],[-79.23898318,-3.99995295],[-79.23896153,-3.99987888],[-79.23892155,-3.99980747],[-79.23888891,-3.99975357],[-79.23886221,-3.99970446],[-79.23881351,-3.99964215],[-79.23878856,-3.999611],[-79.23873033,-3.99954747],[-79.23869528,-3.99950074],[-79.23866082,-3.99946298],[-79.23864237,-3.99945517],[-79.23860665,-3.99944732],[-79.23856379,-3.99943765],[-79.23851921,-3.99939629],[-79.23849605,-3.99936633],[-79.23848717,-3.9993382],[-79.23846227,-3.9992879],[-79.23843498,-3.99923521],[-79.23842966,-3.99921426],[-79.2384244,-3.99916819],[-79.23842157,-3.9991012],[-79.23840804,-3.99902042],[-79.23839919,-3.99897973],[-79.23834578,-3.99888929],[-79.23831452,-3.99883535],[-79.23831125,-3.99883051],[-79.23828645,-3.9987821],[-79.23827048,-3.99873122],[-79.23826464,-3.99867618],[-79.2382421,-3.99863187],[-79.23822545,-3.99862047],[-79.2382064,-3.99861864],[-79.23817602,-3.99861977],[-79.23815175,-3.99862513],[-79.23814147,-3.99862348],[-79.23812862,-3.99861341],[-79.23812388,-3.99860095],[-79.23810921,-3.99855684],[-79.23808834,-3.99851044],[-79.2380509,-3.99841609],[-79.23800725,-3.99832891],[-79.23797016,-3.99829534],[-79.23795921,-3.99828861],[-79.2379439,-3.99828676],[-79.23792159,-3.99828231],[-79.23789589,-3.99826838],[-79.23788021,-3.99824538],[-79.23787025,-3.99822478],[-79.23786172,-3.99820132],[-79.23786234,-3.99819675],[-79.2378627,-3.99818936],[-79.23785747,-3.9981836],[-79.23784523,-3.99817963],[-79.23784503,-3.99817943],[-79.23781604,-3.99817538],[-79.23778887,-3.99817676],[-79.23776933,-3.99817911],[-79.23775216,-3.99818912],[-79.23774737,-3.99819963],[-79.23775068,-3.99821256],[-79.23775397,-3.99823554],[-79.23775632,-3.99825038],[-79.23776058,-3.99826378],[-79.2377615,-3.99827862],[-79.23775813,-3.99829201],[-79.23774238,-3.99830394],[-79.23772665,-3.99830821],[-79.23768092,-3.99830476],[-79.23765519,-3.99830088],[-79.23761898,-3.9983008],[-79.23758847,-3.99831031],[-79.23754315,-3.99833461],[-79.23750307,-3.99836036],[-79.23747398,-3.99837418],[-79.23744592,-3.99837356],[-79.23740157,-3.99836589],[-79.23731585,-3.99834656],[-79.23725249,-3.99833733],[-79.23714484,-3.99832275],[-79.23702905,-3.99832776],[-79.23688974,-3.9983305],[-79.23674157,-3.99831427],[-79.23673892,-3.99831415],[-79.23673883,-3.99831474],[-79.23672507,-3.99840347],[-79.23670459,-3.99849151],[-79.23667953,-3.99857835],[-79.23665186,-3.9986644],[-79.23662343,-3.9987502],[-79.23659499,-3.998836],[-79.23656655,-3.9989218],[-79.23653811,-3.9990076],[-79.23650968,-3.99909339],[-79.23648124,-3.99917919],[-79.2364528,-3.99926499],[-79.23642415,-3.99935071],[-79.23639374,-3.99943582],[-79.23635947,-3.99951943],[-79.23632614,-3.99958679],[-79.23631941,-3.99960038],[-79.23627182,-3.9996771],[-79.23624638,-3.99970898],[-79.23621556,-3.99974762],[-79.23615097,-3.99981055],[-79.23607909,-3.9998649],[-79.23600101,-3.99990982],[-79.23591797,-3.99994463],[-79.23583148,-3.99996966],[-79.23574307,-3.99998667],[-79.23565373,-3.99999779],[-79.23556399,-4.00000521],[-79.23547414,-4.00001116],[-79.23538429,-4.00001701],[-79.23535971,-4.00001861],[-79.23529443,-4.00002286],[-79.23520458,-4.00002871],[-79.23515754,-4.00003177],[-79.23511473,-4.00003455],[-79.23502487,-4.0000404],[-79.23493502,-4.00004625],[-79.23484516,-4.0000521],[-79.23475531,-4.00005795],[-79.23466546,-4.0000638],[-79.2345756,-4.00006965],[-79.23448575,-4.0000755],[-79.23439589,-4.00008135],[-79.23430604,-4.00008719],[-79.23421619,-4.00009304],[-79.23412633,-4.00009889],[-79.23403648,-4.00010474],[-79.23394662,-4.00011059],[-79.23385677,-4.00011644],[-79.23376692,-4.00012229],[-79.23367706,-4.00012814],[-79.23358721,-4.00013398],[-79.23356402,-4.00013549],[-79.23356353,-4.00013558],[-79.23349894,-4.00013993],[-79.2334075,-4.00014568],[-79.23331764,-4.00015153],[-79.23322779,-4.00015738],[-79.23313794,-4.00016323],[-79.23304808,-4.00016908],[-79.23295823,-4.00017493],[-79.23286837,-4.00018077],[-79.23277852,-4.00018662],[-79.23268867,-4.00019248],[-79.23259883,-4.00019863],[-79.23250906,-4.00020562],[-79.23241941,-4.00021403],[-79.23232997,-4.00022442],[-79.23224085,-4.00023735],[-79.23215219,-4.00025311],[-79.23206407,-4.00027168],[-79.23197658,-4.00029304],[-79.23188973,-4.0003169],[-79.23180344,-4.00034271],[-79.23171757,-4.00036991],[-79.23163196,-4.00039795],[-79.23154645,-4.00042629],[-79.23146095,-4.00045463],[-79.23137545,-4.00048298],[-79.23128994,-4.00051133],[-79.23120444,-4.00053968],[-79.23111894,-4.00056803],[-79.23103343,-4.00059637],[-79.23094793,-4.00062472],[-79.23086243,-4.00065307],[-79.23077692,-4.00068142],[-79.23069142,-4.00070977],[-79.23060592,-4.00073811],[-79.23052051,-4.00076675],[-79.23043566,-4.00079701],[-79.23035201,-4.00083044],[-79.23027035,-4.00086852],[-79.23019378,-4.00091135],[-79.23011743,-4.00096357],[-79.23004811,-4.00102122],[-79.22998439,-4.00108507],[-79.22992682,-4.00115456],[-79.2298759,-4.00122909],[-79.22983205,-4.00130804],[-79.22979567,-4.00139072],[-79.22976705,-4.00147642],[-79.22974644,-4.00156441],[-79.22973361,-4.00165389],[-79.22972715,-4.00174407],[-79.22972544,-4.00183447],[-79.22972681,-4.00192488],[-79.22972959,-4.00201526],[-79.22973255,-4.00210564],[-79.22973551,-4.00219602],[-79.22973846,-4.00228639],[-79.22974139,-4.00237677],[-79.22974387,-4.00246716],[-79.22974577,-4.00255757],[-79.22974709,-4.00264798],[-79.22974783,-4.00273841],[-79.22974798,-4.00282883],[-79.22974756,-4.00291926],[-79.22974655,-4.00300968],[-79.22974497,-4.00310009],[-79.2297428,-4.00319049],[-79.22974006,-4.00328087],[-79.22973673,-4.00337123],[-79.22973282,-4.00346157],[-79.22972833,-4.00355189],[-79.22972326,-4.00364217],[-79.22971761,-4.00373241],[-79.22971138,-4.00382262],[-79.22970458,-4.00391279],[-79.22969719,-4.00400291],[-79.2296844,-4.00405917],[-79.22967483,-4.00407769],[-79.22966468,-4.00409083],[-79.22965574,-4.004095],[-79.22964023,-4.00410453],[-79.22962771,-4.00410809],[-79.22961461,-4.00410926],[-79.22960604,-4.00410834],[-79.22959317,-4.00410682],[-79.22956579,-4.00409839],[-79.22952832,-4.00407678],[-79.22949324,-4.00404679],[-79.2294228,-4.00395501],[-79.22930503,-4.00377196],[-79.22907567,-4.00362887],[-79.22856934,-4.0033311],[-79.22824388,-4.00311749],[-79.2279384,-4.00292779],[-79.22772236,-4.00279334],[-79.22761202,-4.00270219],[-79.22749952,-4.00257604],[-79.22732112,-4.00237522],[-79.22716138,-4.00220931],[-79.22690839,-4.00197908],[-79.22669059,-4.00177763],[-79.22651652,-4.00162892],[-79.22640041,-4.00156072],[-79.22622431,-4.00146847],[-79.2260429,-4.00138812],[-79.22600725,-4.0013723],[-79.22595684,-4.00132721],[-79.2257666,-4.0011641],[-79.22554784,-4.0009684],[-79.22528129,-4.00069628],[-79.22482773,-4.00025731],[-79.2247035,-4.00009569],[-79.22470127,-4.00005354],[-79.22467653,-4.00003524],[-79.22462165,-3.99999464],[-79.22467943,-3.99972088],[-79.22468754,-3.99968242],[-79.2246969,-3.99961909],[-79.2246804,-3.99961527],[-79.2245512,-3.99956748],[-79.22443456,-3.99952177],[-79.22429057,-3.99945446],[-79.22416449,-3.99936567],[-79.22403962,-3.99924408],[-79.2240278,-3.99923259],[-79.2239493,-3.99917739],[-79.22387075,-3.99914372],[-79.22375372,-3.99911399],[-79.22322289,-3.99898354],[-79.22273557,-3.9988621],[-79.22210078,-3.99871493],[-79.22138942,-3.99853993],[-79.22086339,-3.99842782],[-79.22069792,-3.99840743],[-79.22061815,-3.9983976],[-79.22036375,-3.9983846],[-79.22014833,-3.99840901],[-79.21996624,-3.99844116],[-79.21972693,-3.99849901],[-79.2194641,-3.99857097],[-79.21931117,-3.99862635],[-79.21916911,-3.99865953],[-79.21906426,-3.99867366],[-79.21893859,-3.99868795],[-79.21877778,-3.9986876],[-79.21869406,-3.99866464],[-79.21819163,-3.9985487],[-79.21705701,-3.99825623],[-79.21617252,-3.99799475],[-79.21615946,-3.99799089],[-79.21593357,-3.99791216],[-79.21580648,-3.99785662],[-79.21565253,-3.99778733],[-79.21554978,-3.99772787],[-79.21524383,-3.99755082],[-79.21504149,-3.99747562],[-79.21482907,-3.99745892],[-79.21424268,-3.99741592],[-79.21408621,-3.99739877],[-79.21398624,-3.99736123],[-79.21390819,-3.99731703],[-79.21388887,-3.99738421],[-79.21395675,-3.99751625],[-79.21399169,-3.9978489],[-79.21398475,-3.99787995],[-79.21399951,-3.99794039],[-79.21405589,-3.99803382],[-79.21417003,-3.99813276],[-79.21427106,-3.99823467],[-79.21430371,-3.99828438],[-79.21435071,-3.99830602],[-79.21436375,-3.99833416],[-79.2144202,-3.99839589],[-79.21452894,-3.99851515],[-79.21456931,-3.99857326],[-79.21458642,-3.99865045],[-79.21457501,-3.99869289],[-79.21454875,-3.99871736],[-79.21441933,-3.99879902],[-79.21433344,-3.99885625],[-79.2143035,-3.99893095],[-79.21428907,-3.99899372],[-79.21428817,-3.99913428],[-79.21428738,-3.99922161],[-79.21433314,-3.99927015],[-79.21440514,-3.99930261],[-79.21441287,-3.99941771],[-79.21442583,-3.99948305],[-79.21451531,-3.99952751],[-79.21460915,-3.99953991],[-79.21469539,-3.99953938],[-79.21470846,-3.99955448],[-79.21470196,-3.99958773],[-79.21469104,-3.99967886],[-79.21470278,-3.9997552],[-79.21474471,-3.99986678],[-79.2147822,-3.99993864],[-79.21481239,-3.9999655],[-79.21490661,-4.00002409],[-79.21503105,-4.00009733],[-79.21510339,-4.00013672],[-79.21517119,-4.0001797],[-79.2151961,-4.0002276],[-79.21522404,-4.00030829],[-79.21526191,-4.00042082],[-79.21528535,-4.00048738],[-79.21531165,-4.00055467],[-79.21537162,-4.00058758],[-79.2154507,-4.00059493],[-79.21552262,-4.00060585],[-79.21555732,-4.00064564],[-79.21563978,-4.00074009],[-79.21565469,-4.00078677],[-79.21569385,-4.00085241],[-79.21582115,-4.0009271],[-79.21588557,-4.00099495],[-79.21588407,-4.00102628],[-79.21585955,-4.00112863],[-79.21582415,-4.001191],[-79.21580872,-4.0012133],[-79.21579786,-4.00122898],[-79.21575323,-4.00126812],[-79.21572851,-4.00129682],[-79.21571131,-4.00132195],[-79.21570842,-4.00139273],[-79.2157161,-4.00141847],[-79.21573035,-4.00144302],[-79.21583202,-4.0015234],[-79.21585939,-4.00153661],[-79.21590452,-4.00154042],[-79.21608163,-4.00160588],[-79.21619115,-4.00163675],[-79.2162825,-4.00170106],[-79.21631292,-4.00173367],[-79.21629458,-4.00183986],[-79.21628388,-4.00194127],[-79.21626089,-4.0019996],[-79.21626173,-4.00204745],[-79.21626533,-4.00214795],[-79.21626225,-4.00224842],[-79.21622875,-4.00231821],[-79.21625438,-4.00236133],[-79.2163056,-4.00247533],[-79.2163454,-4.00257686],[-79.21633189,-4.0026553],[-79.21626309,-4.00274415],[-79.21618292,-4.00279948],[-79.21616095,-4.00282145],[-79.21616184,-4.00285207],[-79.21623314,-4.00292974],[-79.21635392,-4.00304485],[-79.2164252,-4.00313401],[-79.21642325,-4.0031541],[-79.21637072,-4.00320566],[-79.21626768,-4.00326381],[-79.21624667,-4.00328291],[-79.21624854,-4.00329822],[-79.21631213,-4.00341703],[-79.2163624,-4.0035272],[-79.21636984,-4.00361526],[-79.21636115,-4.00366787],[-79.21643522,-4.00378574],[-79.21645135,-4.00381832],[-79.21644075,-4.00387476],[-79.2164501,-4.00395325],[-79.21647671,-4.0039868],[-79.21657092,-4.00404826],[-79.21658125,-4.0041191],[-79.21660683,-4.00418997],[-79.21659614,-4.00428374],[-79.2165903,-4.00434306],[-79.21662823,-4.00442831],[-79.21663468,-4.00453168],[-79.21665549,-4.00460159],[-79.21668021,-4.0046294],[-79.21673827,-4.00465919],[-79.21679161,-4.00467366],[-79.21683066,-4.00468332],[-79.2168649,-4.00471114],[-79.21693912,-4.00476298],[-79.21700105,-4.00477078],[-79.21706958,-4.00480538],[-79.21716471,-4.00488214],[-79.21730742,-4.00499155],[-79.21749008,-4.00513072],[-79.21761946,-4.00523531],[-79.2177117,-4.00532356],[-79.2178058,-4.00543669],[-79.21780747,-4.00554484],[-79.21783315,-4.00556882],[-79.21788551,-4.00559286],[-79.21791979,-4.00560537],[-79.2179511,-4.00566956],[-79.21796333,-4.00574519],[-79.21798318,-4.00581988],[-79.2180317,-4.00585539],[-79.21807545,-4.00589377],[-79.21812869,-4.00595418],[-79.21817144,-4.00601265],[-79.21818464,-4.00607966],[-79.21818734,-4.00615432],[-79.21820061,-4.00618401],[-79.21825201,-4.00621284],[-79.21831202,-4.00622636],[-79.21835967,-4.00622647],[-79.21836923,-4.00621213],[-79.21840843,-4.00615001],[-79.21843327,-4.0061204],[-79.21845901,-4.00611854],[-79.21849234,-4.00612914],[-79.21852181,-4.0061627],[-79.21855788,-4.00622499],[-79.21858543,-4.00626428],[-79.21858775,-4.00626774],[-79.21862817,-4.00630235],[-79.21865219,-4.00631685],[-79.21868407,-4.00634524],[-79.21870246,-4.00637817],[-79.21873696,-4.00639918],[-79.21876879,-4.0064148],[-79.21881671,-4.00642567],[-79.21886813,-4.00647065],[-79.21895587,-4.00652228],[-79.21901594,-4.00656398],[-79.21904328,-4.00659035],[-79.21906851,-4.00662959],[-79.21907406,-4.00667745],[-79.21906501,-4.00673305],[-79.21904941,-4.00678536],[-79.2190299,-4.00685619],[-79.21902622,-4.00690194],[-79.21899395,-4.00695271],[-79.21897866,-4.00699903],[-79.21897857,-4.00704389],[-79.21898271,-4.00705646],[-79.21901718,-4.00708943],[-79.21901443,-4.00712412],[-79.21901339,-4.0071917],[-79.21902879,-4.00722852],[-79.21904512,-4.00725069],[-79.21907545,-4.00727319],[-79.21911087,-4.00728164],[-79.21916953,-4.00728505],[-79.21918589,-4.00729316],[-79.21919712,-4.00733476],[-79.21924462,-4.00740125],[-79.21925824,-4.00743986],[-79.21926724,-4.00754366],[-79.21928146,-4.00757928],[-79.21931147,-4.00761074],[-79.21935636,-4.00764822],[-79.21938906,-4.00767431],[-79.21942497,-4.00772912],[-79.21944249,-4.00775518],[-79.21947775,-4.0078363],[-79.21950536,-4.00787434],[-79.21955084,-4.00791631],[-79.21962901,-4.00798407],[-79.21971848,-4.00806292],[-79.21982071,-4.00815884],[-79.21987693,-4.00819096],[-79.21989743,-4.00821224],[-79.21990572,-4.00823648],[-79.21992557,-4.00828258],[-79.21993654,-4.00830354],[-79.21997519,-4.00833473],[-79.22000727,-4.00836949],[-79.2200498,-4.00839859],[-79.22012686,-4.00842777],[-79.22017658,-4.00843715],[-79.2202191,-4.00846655],[-79.2202566,-4.0084759],[-79.22034148,-4.0084731],[-79.22041473,-4.00847894],[-79.22047394,-4.0085009],[-79.22055546,-4.00853876],[-79.22058104,-4.00854868],[-79.22060244,-4.00857176],[-79.22062558,-4.00860949],[-79.22066067,-4.00863648],[-79.22068266,-4.00865717],[-79.22073583,-4.00871799],[-79.22075543,-4.00874345],[-79.22076462,-4.00876291],[-79.22077051,-4.00879552],[-79.22077929,-4.00886582],[-79.22079315,-4.00892746],[-79.22079634,-4.00897023],[-79.22080372,-4.00899597],[-79.22082272,-4.00902382],[-79.22086348,-4.00904275],[-79.22087566,-4.00905803],[-79.22088747,-4.00910471],[-79.22090823,-4.00914423],[-79.22090906,-4.00917354],[-79.22091041,-4.00923575],[-79.22093561,-4.00929173],[-79.2209588,-4.00930793],[-79.22101444,-4.00932869],[-79.22108375,-4.00936533],[-79.22110008,-4.00938929],[-79.22110184,-4.00940006],[-79.22108624,-4.00945415],[-79.22105594,-4.00955666],[-79.2210289,-4.00966517],[-79.22102555,-4.00970254],[-79.22102667,-4.00973275],[-79.22103643,-4.00976627],[-79.22106105,-4.00980759],[-79.22109434,-4.00984146],[-79.22112971,-4.00987174],[-79.22117756,-4.00991282],[-79.22122873,-4.00993835],[-79.22126559,-4.00997103],[-79.22129437,-4.01002163],[-79.22132108,-4.01006416],[-79.22134782,-4.01009203],[-79.22137608,-4.01010614],[-79.22145916,-4.01010932],[-79.22148475,-4.01011924],[-79.22154458,-4.01012984],[-79.22159118,-4.01009851],[-79.22164914,-4.01006706],[-79.2216849,-4.01005422],[-79.2216964,-4.01005376],[-79.22171485,-4.01005769],[-79.22175233,-4.01007841],[-79.22180379,-4.01010663],[-79.22185023,-4.01011421],[-79.22191843,-4.01011287],[-79.22196073,-4.01010578],[-79.22202209,-4.01010113],[-79.22206501,-4.01008507],[-79.22211175,-4.01009146],[-79.22213861,-4.01006221],[-79.22216218,-4.01004252],[-79.22219736,-4.01002465],[-79.22223251,-4.01001815],[-79.22225814,-4.01001312],[-79.22227246,-4.00999999],[-79.22227667,-4.00997967],[-79.22227139,-4.00994586],[-79.22226877,-4.00991595],[-79.22227059,-4.0099016],[-79.22229354,-4.00989208],[-79.2223099,-4.00990079],[-79.22234079,-4.00993704],[-79.22236304,-4.00997597],[-79.22238653,-4.00999366],[-79.22241183,-4.0100009],[-79.22243918,-4.01002338],[-79.22247723,-4.01005188],[-79.22252062,-4.01009384],[-79.22254862,-4.01008972],[-79.22256951,-4.01007242],[-79.22258118,-4.01004463],[-79.2225819,-4.00998631],[-79.22258587,-4.00994176],[-79.22259166,-4.00988136],[-79.22260698,-4.00981979],[-79.22262909,-4.00978724],[-79.22264788,-4.00977173],[-79.22267946,-4.00976582],[-79.22270148,-4.00977334],[-79.22273062,-4.00979703],[-79.22275618,-4.00981712],[-79.22278444,-4.00983393],[-79.22280554,-4.00985491],[-79.22282215,-4.00988336],[-79.22284472,-4.00991302],[-79.22288905,-4.00993435],[-79.2229194,-4.00994548],[-79.22295329,-4.00997157],[-79.22299461,-4.01000635],[-79.22302999,-4.01003275],[-79.22307527,-4.01002746],[-79.22310601,-4.00999433],[-79.22313678,-4.00995163],[-79.22315618,-4.00993164],[-79.22318458,-4.00988236],[-79.22319876,-4.00985108],[-79.22334101,-4.01009317],[-79.22336193,-4.01011619],[-79.22337809,-4.01013536],[-79.22339618,-4.01014114],[-79.22342096,-4.01013928],[-79.22347153,-4.01010973],[-79.22397632,-4.00965658],[-79.2242432,-4.0094824],[-79.22448647,-4.00935851],[-79.22498135,-4.00921815],[-79.22575146,-4.00900695],[-79.22663634,-4.00876388],[-79.22704162,-4.00863461],[-79.22706817,-4.00864419],[-79.22731109,-4.00873856],[-79.22751097,-4.00884809],[-79.22765563,-4.00893836],[-79.2284645,-4.00947126],[-79.22886784,-4.00980326],[-79.22928835,-4.01012859],[-79.2295391,-4.01007363],[-79.22978321,-4.01000334],[-79.22979241,-4.01004385],[-79.22980386,-4.0100773],[-79.22982527,-4.01017999],[-79.2298706,-4.01035498],[-79.22993244,-4.01052472],[-79.22993517,-4.01053052],[-79.22994004,-4.01054086],[-79.22997091,-4.01060646],[-79.23003955,-4.01072313],[-79.23006246,-4.01076206],[-79.23008254,-4.01078692],[-79.23011518,-4.01083535],[-79.23017215,-4.01090536],[-79.23023249,-4.01097247],[-79.23042477,-4.01116296],[-79.23061965,-4.01135081],[-79.23074367,-4.0114819],[-79.23080173,-4.011551],[-79.2308562,-4.01162299],[-79.23090681,-4.01169777],[-79.23095345,-4.01177511],[-79.23099596,-4.01185481],[-79.23103424,-4.01193664],[-79.23106818,-4.01202039],[-79.23109769,-4.01210581],[-79.23112268,-4.01219267],[-79.23114309,-4.01228073],[-79.23115886,-4.01236975],[-79.23116994,-4.01245948],[-79.2311763,-4.01254967],[-79.23117793,-4.01264007],[-79.23116747,-4.01282054],[-79.23114362,-4.01299978],[-79.23109881,-4.0132673],[-79.23106854,-4.01344558],[-79.23102382,-4.01371311],[-79.23099559,-4.01389172],[-79.23096873,-4.01407055],[-79.23094324,-4.01424958],[-79.23091866,-4.01442874],[-79.2308941,-4.0146079],[-79.23088182,-4.01469748],[-79.23086995,-4.01484883],[-79.23092413,-4.01478635],[-79.23092468,-4.01478572],[-79.23129732,-4.01435605],[-79.23134474,-4.01421422],[-79.23163735,-4.01525041],[-79.23166113,-4.01533465],[-79.23166128,-4.01533563],[-79.23176024,-4.01598779],[-79.23206505,-4.01591906],[-79.23313576,-4.01710825],[-79.23313597,-4.01710799],[-79.23313611,-4.01710783],[-79.23325931,-4.0169593],[-79.233461,-4.01679552],[-79.23352297,-4.01675779],[-79.23361632,-4.01670094],[-79.23398213,-4.01649889],[-79.23478588,-4.0160939],[-79.23513414,-4.01589847],[-79.23550165,-4.01560977],[-79.23576656,-4.0153998],[-79.23605296,-4.01515878],[-79.23625812,-4.01503481],[-79.23646799,-4.01493478],[-79.23669225,-4.01478932],[-79.23685945,-4.01458871],[-79.2369911,-4.01430428],[-79.23716817,-4.01394339],[-79.23727097,-4.01377853],[-79.23744535,-4.01356358],[-79.23757667,-4.01342749],[-79.23773901,-4.01327472],[-79.23788935,-4.01315542],[-79.23799668,-4.01310302],[-79.23820893,-4.0130006],[-79.23850698,-4.01288879],[-79.23877402,-4.01278888],[-79.23906968,-4.01267707],[-79.23916273,-4.01261507],[-79.23924389,-4.01254347],[-79.23929892,-4.01243114],[-79.23937794,-4.01224708],[-79.23947609,-4.01202479],[-79.239524,-4.01190527],[-79.23959327,-4.01181929],[-79.23982249,-4.01158292],[-79.23996091,-4.01147077],[-79.24015184,-4.01131328],[-79.24022338,-4.01128233],[-79.24032828,-4.01124906],[-79.24058563,-4.01122808],[-79.24113844,-4.0111886],[-79.2415435,-4.01116316],[-79.24186997,-4.01112797],[-79.24228698,-4.0110882],[-79.2425753,-4.01106729],[-79.24270151,-4.01109388],[-79.24281335,-4.01115632],[-79.24317244,-4.01146334],[-79.24358378,-4.01184703],[-79.24365744,-4.0119405],[-79.24369535,-4.01203868],[-79.24374747,-4.01217756],[-79.24380407,-4.01244564],[-79.24386561,-4.01263479],[-79.24391784,-4.01272103],[-79.24402963,-4.01280979],[-79.24417248,-4.01285077],[-79.24431057,-4.01289653],[-79.24441766,-4.0129494],[-79.24453407,-4.01310516],[-79.24456674,-4.01316353],[-79.24464702,-4.01330699],[-79.24467885,-4.01336387],[-79.24476186,-4.0135387],[-79.24480314,-4.01367218],[-79.24485703,-4.01384644],[-79.2448707,-4.01389064],[-79.24497511,-4.01413248],[-79.24498727,-4.01417335],[-79.24498135,-4.01413159],[-79.24496392,-4.01400859],[-79.24516013,-4.01388269],[-79.24516299,-4.01388117],[-79.24521185,-4.01385523],[-79.24522523,-4.01383804],[-79.24525004,-4.01382469],[-79.24527483,-4.013819],[-79.24530374,-4.0138144],[-79.24531583,-4.01382434],[-79.24532873,-4.01383628],[-79.24534304,-4.01385154],[-79.24535783,-4.01387095],[-79.24536976,-4.01389126],[-79.24538444,-4.01392564],[-79.24541371,-4.01393606],[-79.24544802,-4.01393613],[-79.24548994,-4.01394005],[-79.24551851,-4.0139516],[-79.24554707,-4.01396506],[-79.24557371,-4.01398234],[-79.24559468,-4.01398047],[-79.24560426,-4.01395752],[-79.24562721,-4.01392312],[-79.2456635,-4.01388683],[-79.24569214,-4.01386392],[-79.24571508,-4.01382952],[-79.24575133,-4.01381046],[-79.24580665,-4.01378952],[-79.24589818,-4.01377058],[-79.24596108,-4.0137688],[-79.24600492,-4.0137689],[-79.24604305,-4.01376132],[-79.24606974,-4.01375755],[-79.24610023,-4.01375953],[-79.24613831,-4.01377684],[-79.24616499,-4.01378264],[-79.2462488,-4.01380387],[-79.24629263,-4.01380971],[-79.24633455,-4.01381554],[-79.24636123,-4.0138156],[-79.24636793,-4.01381682],[-79.24686536,-4.0142604],[-79.24686531,-4.01428179],[-79.24689736,-4.01436043],[-79.24692696,-4.01442069],[-79.24696492,-4.01449734],[-79.24699339,-4.01455003],[-79.24706472,-4.01461718],[-79.24709794,-4.01467946],[-79.24712641,-4.01473694],[-79.24712147,-4.01481827],[-79.24711179,-4.01489003],[-79.24711169,-4.01493788],[-79.24711152,-4.01501444],[-79.24718002,-4.01510973],[-79.24719697,-4.01516296],[-79.24721583,-4.0152587],[-79.24723473,-4.01533531],[-79.24724412,-4.01539753],[-79.24725826,-4.01546934],[-79.2472724,-4.01554593],[-79.24727226,-4.01560814],[-79.24729584,-4.01572303],[-79.24732429,-4.01579008],[-79.24738124,-4.01589547],[-79.24745247,-4.01601047],[-79.24749521,-4.01607755],[-79.24754743,-4.01616858],[-79.24760446,-4.01624048],[-79.24765201,-4.01628365],[-79.24770426,-4.01636032],[-79.24776607,-4.01642266],[-79.2478088,-4.01649932],[-79.24787062,-4.01655687],[-79.24796591,-4.01655707],[-79.24803262,-4.01655722],[-79.24805645,-4.01655727],[-79.24810891,-4.01653346],[-79.2481423,-4.01651917],[-79.24821859,-4.01649541],[-79.24829481,-4.01650036],[-79.24834707,-4.01657225],[-79.24841841,-4.01663461],[-79.24849998,-4.01672226],[-79.24857133,-4.01674671],[-79.24857309,-4.01674139],[-79.24858396,-4.01668886],[-79.2485886,-4.01663749],[-79.24859867,-4.01658691],[-79.24861405,-4.01653769],[-79.24864163,-4.01647042],[-79.24867357,-4.01640512],[-79.24870973,-4.01634207],[-79.24874996,-4.01628157],[-79.24885019,-4.01621453],[-79.24896051,-4.0161822],[-79.24898279,-4.01617976],[-79.24868462,-4.01587904],[-79.24854133,-4.01552514],[-79.24871041,-4.01504332],[-79.24896562,-4.01469304],[-79.24913653,-4.01445846],[-79.24918394,-4.0143934],[-79.24941618,-4.01431354],[-79.24938372,-4.01428532],[-79.24820381,-4.01325941],[-79.24822448,-4.0132447],[-79.24825463,-4.01322324],[-79.24835015,-4.01315526],[-79.24844769,-4.01308585],[-79.24854406,-4.01301726],[-79.24851102,-4.01301424],[-79.24845295,-4.01300893],[-79.24839194,-4.01298791],[-79.2483514,-4.01296928],[-79.24834508,-4.01296638],[-79.2482958,-4.01293499],[-79.2482585,-4.01290235],[-79.24825681,-4.01289421],[-79.24826618,-4.01284576],[-79.24826092,-4.01282079],[-79.24824971,-4.01280259],[-79.24816983,-4.01271959],[-79.24812787,-4.01262949],[-79.24809684,-4.01256287],[-79.24808163,-4.01253023],[-79.24802368,-4.0124272],[-79.24795695,-4.01234856],[-79.24792878,-4.01225853],[-79.24788534,-4.01214658],[-79.24787923,-4.01213034],[-79.24786923,-4.01210377],[-79.24784941,-4.01206277],[-79.24782742,-4.01202935],[-79.24780656,-4.01200475],[-79.24772799,-4.01191214],[-79.24772649,-4.01191038],[-79.2477112,-4.01189236],[-79.24769377,-4.01187181],[-79.24767608,-4.01185334],[-79.24764241,-4.01181818],[-79.24755987,-4.011732],[-79.24754095,-4.01171224],[-79.24744464,-4.01160696],[-79.24730558,-4.01145493],[-79.24721402,-4.01132008],[-79.24717311,-4.01124133],[-79.24714388,-4.01118507],[-79.24707054,-4.01104388],[-79.247032,-4.01095781],[-79.24698986,-4.01087624],[-79.24694964,-4.01081602],[-79.24690725,-4.01076782],[-79.24685406,-4.01071038],[-79.24676564,-4.01058052],[-79.24674994,-4.01055751],[-79.24672582,-4.01053327],[-79.24669333,-4.0105006],[-79.24667719,-4.01051025],[-79.24656539,-4.01057683],[-79.24655723,-4.01058169],[-79.24645351,-4.01064351],[-79.24634901,-4.01070577],[-79.24634829,-4.01070616],[-79.24628762,-4.01073972],[-79.24617339,-4.01080307],[-79.24591386,-4.010947],[-79.2459116,-4.01094825],[-79.24588455,-4.0109633],[-79.24584327,-4.01098437],[-79.24583259,-4.01098983],[-79.24563086,-4.0110931],[-79.24549973,-4.01116023],[-79.24530826,-4.01126399],[-79.24528626,-4.01127588],[-79.24522189,-4.01131073],[-79.24511057,-4.0113793],[-79.24510324,-4.01138382],[-79.24495545,-4.01147729]]]]}},{"type":"Feature","properties":{"nombre":"San Pedro","parroquia":"Punzara","parroquiaId":"punzara","poblacion":11153},"geometry":{"type":"MultiPolygon","coordinates":[[[[-79.20752509,-4.00265983],[-79.20752417,-4.00268264],[-79.20749932,-4.00316416],[-79.2074993,-4.00316467],[-79.20747869,-4.00332731],[-79.2074306,-4.00353057],[-79.20728208,-4.00390466],[-79.20705151,-4.00421518],[-79.20636865,-4.00490392],[-79.20603198,-4.00525248],[-79.20589952,-4.00536105],[-79.20581465,-4.00549603],[-79.20576795,-4.00561077],[-79.20570088,-4.00594048],[-79.20564059,-4.0062717],[-79.20555301,-4.00655981],[-79.20543217,-4.00680238],[-79.20533171,-4.00698877],[-79.20544363,-4.00710935],[-79.20556997,-4.00718356],[-79.20571402,-4.00726108],[-79.20579344,-4.00728884],[-79.20595789,-4.00730313],[-79.20599742,-4.00731208],[-79.20600304,-4.00731441],[-79.20603178,-4.00732169],[-79.20610297,-4.00735211],[-79.20616866,-4.00738129],[-79.20627078,-4.00742199],[-79.20637065,-4.00746228],[-79.20653562,-4.00752807],[-79.20666193,-4.00757782],[-79.20680412,-4.00763334],[-79.20708198,-4.00774313],[-79.20712758,-4.00776114],[-79.20732362,-4.00784633],[-79.20795533,-4.00787461],[-79.20849901,-4.00788128],[-79.20854076,-4.00788211],[-79.20921694,-4.00789565],[-79.2093008,-4.00789392],[-79.20935465,-4.00789021],[-79.20938325,-4.00788549],[-79.20947146,-4.00785793],[-79.20969801,-4.00775268],[-79.20991649,-4.00763736],[-79.20997943,-4.00761884],[-79.21004804,-4.00761708],[-79.21010232,-4.00763825],[-79.21015704,-4.00767139],[-79.2101989,-4.0077045],[-79.21023304,-4.00778113],[-79.21024904,-4.00787064],[-79.21025562,-4.00791229],[-79.21028215,-4.00798269],[-79.21034913,-4.00807662],[-79.2104457,-4.00814621],[-79.21051691,-4.00817163],[-79.21055094,-4.00817611],[-79.21057619,-4.00817617],[-79.21062352,-4.00816952],[-79.21067858,-4.00815888],[-79.2108165,-4.00810013],[-79.21088182,-4.00808161],[-79.21094187,-4.008076],[-79.21098236,-4.00807848],[-79.21103188,-4.0080963],[-79.2110809,-4.00811985],[-79.21113886,-4.00815558],[-79.21117378,-4.00820374],[-79.21121281,-4.00833231],[-79.21125476,-4.00875731],[-79.21127499,-4.00898847],[-79.21130347,-4.00909025],[-79.21132901,-4.00912424],[-79.21141349,-4.00906126],[-79.21155736,-4.00896325],[-79.21163675,-4.00893543],[-79.21229822,-4.00893472],[-79.21242042,-4.00894217],[-79.21244864,-4.00894905],[-79.21250704,-4.00896659],[-79.21268017,-4.0091067],[-79.21306443,-4.00944727],[-79.21314175,-4.00950592],[-79.21327158,-4.00954063],[-79.21338337,-4.00956683],[-79.21348325,-4.00959256],[-79.21352906,-4.00960319],[-79.2135721,-4.00961549],[-79.21361376,-4.00962778],[-79.21365183,-4.00964006],[-79.21366728,-4.00964564],[-79.21379718,-4.00970009],[-79.21396082,-4.00981952],[-79.2139984,-4.00984839],[-79.21432894,-4.00969408],[-79.21507833,-4.00952346],[-79.21469761,-4.00843308],[-79.21452366,-4.00788648],[-79.21519537,-4.00753698],[-79.21581875,-4.0073601],[-79.21603745,-4.0072848],[-79.21584599,-4.00697706],[-79.21540891,-4.00646121],[-79.21520523,-4.00618048],[-79.21507629,-4.00594508],[-79.21504912,-4.00577353],[-79.21506071,-4.00551078],[-79.2150972,-4.00519277],[-79.21505076,-4.00501564],[-79.21492822,-4.00482682],[-79.21467174,-4.00451969],[-79.21438056,-4.00415947],[-79.21408706,-4.00359732],[-79.21377155,-4.00302959],[-79.21359891,-4.00261984],[-79.21344776,-4.00225255],[-79.21344009,-4.00222146],[-79.21329486,-4.00163262],[-79.21310602,-4.00065488],[-79.21283416,-4.00127211],[-79.21246726,-4.00223565],[-79.21235021,-4.00276085],[-79.21233008,-4.00283282],[-79.21214978,-4.0029947],[-79.21190414,-4.0031758],[-79.2117139,-4.00326251],[-79.21157953,-4.00330993],[-79.21124496,-4.00327186],[-79.21066484,-4.0031067],[-79.21033856,-4.00306034],[-79.20974393,-4.00292005],[-79.20922584,-4.0027322],[-79.20887491,-4.00261734],[-79.20863748,-4.00255873],[-79.20837519,-4.00252911],[-79.20818308,-4.00252869],[-79.20785658,-4.00258191],[-79.20752524,-4.00265979],[-79.20752509,-4.00265983]]]]}},{"type":"Feature","properties":{"nombre":"Máximo Agustín Rodríguez","parroquia":"San Sebastián","parroquiaId":"san-sebastian","poblacion":5709},"geometry":{"type":"MultiPolygon","coordinates":[[[[-79.1986258,-4.00348542],[-79.20154632,-4.00369032],[-79.20139348,-4.0055264],[-79.2025348,-4.0056075],[-79.20262183,-4.00581944],[-79.20269911,-4.00587719],[-79.20405533,-4.00601],[-79.20405591,-4.00600557],[-79.20406091,-4.00596357],[-79.20406117,-4.00596135],[-79.20459899,-4.00145689],[-79.20460016,-4.00144717],[-79.20471956,-4.00045707],[-79.20466821,-4.000454],[-79.20466802,-4.00045399],[-79.2033231,-4.00037356],[-79.20283999,-4.00034467],[-79.20282964,-4.00034405],[-79.2028296,-4.00034405],[-79.19886704,-4.00010706],[-79.19886624,-4.00011826],[-79.19862681,-4.00347133],[-79.1986258,-4.00348542]]]]}},{"type":"Feature","properties":{"nombre":"Zamora Huayco","parroquia":"San Sebastián","parroquiaId":"san-sebastian","poblacion":5727},"geometry":{"type":"MultiPolygon","coordinates":[[[[-79.18991461,-4.01076935],[-79.1898616,-4.0105203],[-79.18980354,-4.01027183],[-79.18980082,-4.01020723],[-79.18983096,-4.01015131],[-79.18988541,-4.01009258],[-79.18996813,-4.01006434],[-79.19019865,-4.0100014],[-79.19044606,-4.00994597],[-79.19055466,-4.00989862],[-79.19073368,-4.00977935],[-79.19091451,-4.00948047],[-79.19104212,-4.00929989],[-79.19120114,-4.00913947],[-79.19130864,-4.0090062],[-79.19143493,-4.00877824],[-79.19151815,-4.00863632],[-79.1916471,-4.00849879],[-79.19177206,-4.0084117],[-79.19193343,-4.00829416],[-79.19198522,-4.00818267],[-79.1920555,-4.0080346],[-79.19229196,-4.00776701],[-79.19248966,-4.00749912],[-79.19254481,-4.00744953],[-79.19261994,-4.00740963],[-79.19270159,-4.00738648],[-79.19295113,-4.00739242],[-79.19326315,-4.00742301],[-79.19342571,-4.00743593],[-79.19361678,-4.00748779],[-79.19378471,-4.00750372],[-79.19397641,-4.00753943],[-79.19423529,-4.00763032],[-79.19434125,-4.00765448],[-79.19439606,-4.00764862],[-79.19457661,-4.00760715],[-79.19477626,-4.00755137],[-79.19491514,-4.00750323],[-79.19494365,-4.00748424],[-79.19502885,-4.0073579],[-79.19508113,-4.00719686],[-79.19506388,-4.00702925],[-79.195019,-4.00690433],[-79.19497834,-4.00671295],[-79.19499297,-4.00651146],[-79.19506002,-4.00618231],[-79.19507032,-4.00605026],[-79.19507658,-4.00580194],[-79.19507331,-4.00556905],[-79.19514962,-4.00514],[-79.19508957,-4.00489581],[-79.19502382,-4.00467163],[-79.19502958,-4.00441803],[-79.19506174,-4.00409368],[-79.19510561,-4.00393997],[-79.19516791,-4.00391304],[-79.19544517,-4.00393519],[-79.19554107,-4.00396398],[-79.19561047,-4.0040053],[-79.19563616,-4.00402353],[-79.19564853,-4.00403026],[-79.19566092,-4.00402933],[-79.19566666,-4.00402169],[-79.19566955,-4.00400734],[-79.19566957,-4.00399873],[-79.19566198,-4.0039834],[-79.19563381,-4.0039557],[-79.19555962,-4.00389094],[-79.19541257,-4.00381023],[-79.19527827,-4.00377692],[-79.1952716,-4.00377543],[-79.19520237,-4.00376905],[-79.19510591,-4.00375867],[-79.19509757,-4.00375865],[-79.19509609,-4.00373624],[-79.19508767,-4.00369189],[-79.19502677,-4.00351679],[-79.19487101,-4.00352374],[-79.19482946,-4.00349584],[-79.19458939,-4.00333463],[-79.19433655,-4.00296083],[-79.19431352,-4.00292678],[-79.19420434,-4.00276537],[-79.19423559,-4.00272056],[-79.19429761,-4.00263896],[-79.19418958,-4.00258026],[-79.19412701,-4.00254627],[-79.19397363,-4.00246236],[-79.1939039,-4.00260046],[-79.19378845,-4.00256262],[-79.19361555,-4.00253496],[-79.19351184,-4.00253329],[-79.19344907,-4.00255323],[-79.19338241,-4.00263085],[-79.19310609,-4.00228252],[-79.19264256,-4.00238319],[-79.19219344,-4.00248073],[-79.19215391,-4.00248885],[-79.19192905,-4.00220345],[-79.19174607,-4.00226631],[-79.19164448,-4.00234632],[-79.19143744,-4.0027933],[-79.19129944,-4.00268142],[-79.1912905,-4.00267394],[-79.19128803,-4.00267218],[-79.191169,-4.0025874],[-79.19101165,-4.00252595],[-79.19086366,-4.00251482],[-79.19078666,-4.00252754],[-79.19073532,-4.00254214],[-79.19068762,-4.00256596],[-79.19063439,-4.00260633],[-79.19045708,-4.00282034],[-79.19030648,-4.00297091],[-79.19023312,-4.00299835],[-79.19017997,-4.00300192],[-79.19013784,-4.00299078],[-79.1901049,-4.0029723],[-79.1900745,-4.0029509],[-79.19000863,-4.00288512],[-79.18992973,-4.00279699],[-79.18990075,-4.00276539],[-79.18989867,-4.00276229],[-79.18989302,-4.00275388],[-79.18987301,-4.0027332],[-79.18984101,-4.00270474],[-79.19001944,-4.00259832],[-79.18992477,-4.00243325],[-79.1900055,-4.00238623],[-79.19023723,-4.00238987],[-79.19019804,-4.00172354],[-79.18964285,-4.00195516],[-79.18937238,-4.00136653],[-79.18895781,-4.00152699],[-79.18881505,-4.00117336],[-79.18869298,-4.00122715],[-79.18839419,-4.00135261],[-79.18836627,-4.00116741],[-79.1883363,-4.00103359],[-79.18818925,-4.00065283],[-79.18810134,-4.00042144],[-79.18806113,-4.00044863],[-79.18804875,-4.00052756],[-79.18804442,-4.00061599],[-79.18794084,-4.00058411],[-79.18783884,-4.00055118],[-79.18774758,-4.0005214],[-79.18764472,-4.00048795],[-79.18755934,-4.00046134],[-79.18738827,-4.00039253],[-79.18743126,-4.00016406],[-79.18743611,-4.00003263],[-79.18743028,-3.99991646],[-79.18740761,-3.99984458],[-79.1873864,-3.99979868],[-79.18735205,-3.99977038],[-79.18727993,-3.99972462],[-79.18721398,-3.9996963],[-79.1870947,-3.99965322],[-79.18701091,-3.99962734],[-79.18689673,-3.99962296],[-79.18679575,-3.99964338],[-79.18671706,-3.99964603],[-79.18665151,-3.99963836],[-79.18658777,-3.99962506],[-79.18658317,-3.9996241],[-79.18652979,-3.99961692],[-79.18628475,-3.99958255],[-79.18601841,-3.9995702],[-79.18568769,-3.99956555],[-79.185671,-4.00046187],[-79.18144142,-4.00351056],[-79.18153206,-4.0037392],[-79.18319626,-4.0079373],[-79.18131518,-4.00900518],[-79.18266559,-4.01106413],[-79.18274428,-4.01106431],[-79.18293492,-4.01112304],[-79.18328294,-4.01128208],[-79.18357412,-4.01148195],[-79.18376908,-4.01153632],[-79.18399051,-4.01152075],[-79.18425264,-4.0114863],[-79.18447898,-4.01141014],[-79.18465143,-4.01141337],[-79.18486057,-4.01144506],[-79.18504708,-4.01148523],[-79.1851743,-4.01148835],[-79.18526485,-4.0114488],[-79.18531034,-4.01133534],[-79.18538712,-4.01116808],[-79.18555417,-4.01102073],[-79.18569316,-4.0109707],[-79.18991461,-4.01076935]]]]}},{"type":"Feature","properties":{"nombre":"Santo Domingo","parroquia":"El Sagrario","parroquiaId":"el-sagrario","poblacion":1046},"geometry":{"type":"MultiPolygon","coordinates":[[[[-79.20282964,-4.00034405],[-79.20283999,-4.00034467],[-79.20286595,-4.00008906],[-79.20296058,-3.99930118],[-79.20303808,-3.99822882],[-79.20296953,-3.99822563],[-79.20197292,-3.99817048],[-79.19903114,-3.99793501],[-79.19886704,-4.00010706],[-79.2028296,-4.00034405],[-79.20282964,-4.00034405]]]]}},{"type":"Feature","properties":{"nombre":"24 de Mayo","parroquia":"El Sagrario","parroquiaId":"el-sagrario","poblacion":3476},"geometry":{"type":"MultiPolygon","coordinates":[[[[-79.19431352,-4.00292678],[-79.19433655,-4.00296083],[-79.19458939,-4.00333463],[-79.19482946,-4.00349584],[-79.19487101,-4.00352374],[-79.19514736,-4.00339051],[-79.19524505,-4.00335601],[-79.19546475,-4.00330861],[-79.19552853,-4.00330318],[-79.1986258,-4.00348542],[-79.19862681,-4.00347133],[-79.19886624,-4.00011826],[-79.19886704,-4.00010706],[-79.19903114,-3.99793501],[-79.19915877,-3.99635474],[-79.19926179,-3.99499604],[-79.19928628,-3.99469225],[-79.19926863,-3.99448888],[-79.19926113,-3.99449573],[-79.19850474,-3.99509908],[-79.19808523,-3.99541827],[-79.1979259,-3.99572512],[-79.19782942,-3.99605219],[-79.19768655,-3.99667201],[-79.1975816,-3.9969517],[-79.19738895,-3.9971999],[-79.19723615,-3.99739163],[-79.19714854,-3.99755044],[-79.19707973,-3.99767264],[-79.19698933,-3.99783321],[-79.19655713,-3.9987237],[-79.1961637,-3.99953819],[-79.19584331,-4.00028106],[-79.19558396,-4.00071406],[-79.19540948,-4.00123639],[-79.19532439,-4.00160774],[-79.19518039,-4.00209261],[-79.19506041,-4.00227511],[-79.19455166,-4.00265106],[-79.19431352,-4.00292678]]]]}},{"type":"Feature","properties":{"nombre":"El Pedestal","parroquia":"Sucre","parroquiaId":"sucre","poblacion":5644},"geometry":{"type":"MultiPolygon","coordinates":[[[[-79.20995275,-3.9924317],[-79.20999723,-3.9928406],[-79.20874216,-3.99361921],[-79.20866038,-3.99280053],[-79.2083375,-3.99256394],[-79.20813481,-3.9924095],[-79.20796803,-3.99229236],[-79.20784866,-3.99225135],[-79.20766986,-3.99223754],[-79.20690629,-3.9924167],[-79.20640094,-3.99252794],[-79.20599132,-3.9926336],[-79.20577801,-3.99267961],[-79.20559687,-3.99265867],[-79.20543652,-3.9941212],[-79.20539988,-3.99445541],[-79.20539384,-3.99451043],[-79.20539356,-3.99451301],[-79.20539332,-3.99451504],[-79.20553814,-3.99452575],[-79.20553823,-3.99452576],[-79.20565754,-3.99455133],[-79.20570447,-3.99456138],[-79.20570456,-3.9945614],[-79.20645888,-3.99457702],[-79.20690808,-3.99458632],[-79.20690817,-3.99458632],[-79.20694772,-3.99459198],[-79.20701343,-3.99460139],[-79.20701353,-3.99460141],[-79.20751469,-3.99443733],[-79.20751495,-3.99443725],[-79.20764815,-3.99440226],[-79.20768992,-3.99440468],[-79.2077479,-3.99440804],[-79.20774798,-3.99440805],[-79.20786062,-3.99443242],[-79.20786072,-3.99443243],[-79.20805714,-3.99451535],[-79.20854605,-3.99472174],[-79.20842089,-3.99487582],[-79.20829763,-3.99502757],[-79.20829755,-3.99502754],[-79.20815621,-3.99495423],[-79.20775834,-3.99474787],[-79.20775826,-3.99474787],[-79.20773782,-3.99474859],[-79.20765849,-3.99475136],[-79.20759549,-3.9948125],[-79.20758904,-3.99488209],[-79.20755632,-3.99523505],[-79.2075563,-3.99523522],[-79.2075559,-3.99523951],[-79.20755195,-3.99528219],[-79.20752586,-3.9956661],[-79.20752313,-3.99570627],[-79.20751184,-3.99587257],[-79.20747796,-3.99614638],[-79.20744409,-3.99642019],[-79.20740112,-3.99668908],[-79.20739722,-3.99671346],[-79.20732629,-3.99702154],[-79.20725747,-3.99721078],[-79.20723344,-3.9973579],[-79.20718827,-3.99763435],[-79.20718826,-3.99763444],[-79.20718777,-3.99763743],[-79.20718439,-3.99765812],[-79.20711598,-3.99818532],[-79.20710577,-3.99826401],[-79.2070678,-3.99855657],[-79.20776279,-3.99861858],[-79.20794224,-3.9986346],[-79.20794224,-3.99863464],[-79.20828334,-3.99866569],[-79.20841221,-3.99880255],[-79.20851253,-3.99874221],[-79.20855033,-3.99872091],[-79.20855299,-3.99871991],[-79.20857817,-3.9987105],[-79.20889437,-3.99871544],[-79.20892712,-3.9987152],[-79.20892709,-3.99872669],[-79.20892895,-3.9987487],[-79.20892891,-3.99876593],[-79.20893173,-3.99878316],[-79.20893838,-3.99879466],[-79.20895837,-3.99880523],[-79.208983,-3.99880909],[-79.20908558,-3.99879311],[-79.20909736,-3.99879313],[-79.20913745,-3.99878819],[-79.20919775,-3.99878195],[-79.20927707,-3.99877894],[-79.20937436,-3.99878021],[-79.20959009,-3.99879024],[-79.20963048,-3.9987943],[-79.20965928,-3.99879436],[-79.20987771,-3.99880468],[-79.21011432,-3.99878934],[-79.21026307,-3.99874803],[-79.21067517,-3.99854796],[-79.21151653,-3.99815074],[-79.21212895,-3.99785923],[-79.21186533,-3.99682079],[-79.21172508,-3.9962939],[-79.21170437,-3.99622806],[-79.21168907,-3.9961425],[-79.21169221,-3.99606774],[-79.2117025,-3.9959912],[-79.2117265,-3.9959117],[-79.21184478,-3.99574628],[-79.21194211,-3.99563165],[-79.21204727,-3.99547936],[-79.21208554,-3.99540528],[-79.2121125,-3.99533416],[-79.21211516,-3.99520796],[-79.21210186,-3.99502192],[-79.21228479,-3.99498284],[-79.21260297,-3.99492133],[-79.2127233,-3.99491142],[-79.21278454,-3.99492584],[-79.21283006,-3.99495077],[-79.21285431,-3.99497523],[-79.21287852,-3.99501548],[-79.2128913,-3.99505283],[-79.21290397,-3.99514616],[-79.21292057,-3.99539885],[-79.21293463,-3.99550941],[-79.21305438,-3.99568884],[-79.21319529,-3.99590536],[-79.21329649,-3.99606861],[-79.2134045,-3.99635738],[-79.2136209,-3.99675549],[-79.21383438,-3.99718947],[-79.21388349,-3.99728061],[-79.21390819,-3.99731703],[-79.21398624,-3.99736123],[-79.21408621,-3.99739877],[-79.21424268,-3.99741592],[-79.21482907,-3.99745892],[-79.21504149,-3.99747562],[-79.21524383,-3.99755082],[-79.21554978,-3.99772787],[-79.215623,-3.99759355],[-79.21565176,-3.99751322],[-79.21568059,-3.99740132],[-79.21569794,-3.99731092],[-79.21570239,-3.99723772],[-79.21568396,-3.9971659],[-79.21563418,-3.99705239],[-79.21557582,-3.99693455],[-79.2154646,-3.99681086],[-79.21533196,-3.9966742],[-79.2151708,-3.99650445],[-79.21509943,-3.99636896],[-79.21505557,-3.99624725],[-79.21503014,-3.99610939],[-79.21500268,-3.99559111],[-79.21498289,-3.99482738],[-79.21495695,-3.99426174],[-79.2149083,-3.9936214],[-79.21487782,-3.99324355],[-79.21483541,-3.99295661],[-79.2147946,-3.9926608],[-79.2147639,-3.99231335],[-79.21475308,-3.99203196],[-79.21475808,-3.99169894],[-79.21476871,-3.9914133],[-79.21479554,-3.99121783],[-79.21487038,-3.99112259],[-79.21498143,-3.99104375],[-79.21479936,-3.99100866],[-79.21417148,-3.99089001],[-79.21412756,-3.99088166],[-79.21397515,-3.99082656],[-79.21382785,-3.99075019],[-79.2138272,-3.99074984],[-79.21379097,-3.99076461],[-79.2137505,-3.99078611],[-79.21371686,-3.99081044],[-79.21368534,-3.99084339],[-79.21365663,-3.99089931],[-79.2136394,-3.9909567],[-79.2136214,-3.99099541],[-79.21359777,-3.99101905],[-79.21356342,-3.99103548],[-79.2135248,-3.99105047],[-79.21347545,-3.99106615],[-79.21340963,-3.99109615],[-79.21337541,-3.9911116],[-79.21333879,-3.99115815],[-79.21325133,-3.99112642],[-79.21299353,-3.99103288],[-79.21298681,-3.99103003],[-79.21298738,-3.99076802],[-79.21265257,-3.99064499],[-79.21265258,-3.99064496],[-79.21263736,-3.9906394],[-79.21247492,-3.99085689],[-79.21242597,-3.99091181],[-79.21234223,-3.99107671],[-79.21220568,-3.99142572],[-79.21214457,-3.99159067],[-79.21211463,-3.99166716],[-79.21206033,-3.99170421],[-79.21157076,-3.99190504],[-79.21114507,-3.99211106],[-79.21076012,-3.99229457],[-79.21075435,-3.99229793],[-79.21074651,-3.99230106],[-79.21071291,-3.99230601],[-79.21070005,-3.99230526],[-79.21068933,-3.99230165],[-79.2106822,-3.99229589],[-79.21067651,-3.99228439],[-79.21066723,-3.99227791],[-79.210653,-3.99227619],[-79.20995275,-3.9924317]]]]}},{"type":"Feature","properties":{"nombre":"Juan de Salinas","parroquia":"El Sagrario","parroquiaId":"el-sagrario","poblacion":3311},"geometry":{"type":"MultiPolygon","coordinates":[[[[-79.20148802,-3.99137038],[-79.20130833,-3.99179569],[-79.20109898,-3.99247497],[-79.20087082,-3.9929367],[-79.20067732,-3.99318031],[-79.19981267,-3.99399252],[-79.20142806,-3.99411778],[-79.20226056,-3.99417464],[-79.20323196,-3.99425178],[-79.20326933,-3.99425633],[-79.20534944,-3.9945097],[-79.20539332,-3.99451504],[-79.20539356,-3.99451301],[-79.20539384,-3.99451043],[-79.20539988,-3.99445541],[-79.20543652,-3.9941212],[-79.20559687,-3.99265867],[-79.20559772,-3.99265091],[-79.20565108,-3.99213954],[-79.20563206,-3.99181851],[-79.20551243,-3.99157135],[-79.20532199,-3.99117792],[-79.20528028,-3.99108288],[-79.20527905,-3.99108007],[-79.20508382,-3.99063525],[-79.2048769,-3.99030385],[-79.20479594,-3.99017419],[-79.20472092,-3.99005589],[-79.20467685,-3.98998642],[-79.20460697,-3.98987477],[-79.20458754,-3.98984372],[-79.20458745,-3.98984351],[-79.20455027,-3.98977053],[-79.20452529,-3.9897215],[-79.20452061,-3.98971232],[-79.20446858,-3.9895997],[-79.2044463,-3.98953965],[-79.20441281,-3.98948707],[-79.20436157,-3.98944277],[-79.20436063,-3.98944196],[-79.2043047,-3.98940433],[-79.2042189,-3.98936289],[-79.20408462,-3.9892951],[-79.20400258,-3.98924242],[-79.20390193,-3.98916344],[-79.20389105,-3.98915369],[-79.2038013,-3.98907322],[-79.2037363,-3.98901957],[-79.2037193,-3.98900554],[-79.20361397,-3.98889378],[-79.20361394,-3.98889375],[-79.20358003,-3.98885777],[-79.20357586,-3.98885334],[-79.20353852,-3.98880671],[-79.20349766,-3.98875567],[-79.20345848,-3.98870824],[-79.20344179,-3.98868805],[-79.20336665,-3.98860769],[-79.20336448,-3.98860537],[-79.20342254,-3.9887391],[-79.20346426,-3.98887044],[-79.20347157,-3.98889343],[-79.20347804,-3.9889736],[-79.20348581,-3.98906966],[-79.20348714,-3.98908613],[-79.20348226,-3.98917987],[-79.20344922,-3.98934855],[-79.20341633,-3.98945161],[-79.20334599,-3.98959677],[-79.20328173,-3.98969144],[-79.20325702,-3.98972783],[-79.20324461,-3.98974081],[-79.20324374,-3.98974172],[-79.2031541,-3.98983542],[-79.20312883,-3.98986186],[-79.20305351,-3.98994067],[-79.20302046,-3.98997189],[-79.20296932,-3.99002018],[-79.20290711,-3.99005945],[-79.20290708,-3.99005946],[-79.20288051,-3.99007623],[-79.20279167,-3.99014635],[-79.20271216,-3.99022118],[-79.20271173,-3.99022164],[-79.20264198,-3.99029603],[-79.20244091,-3.99045966],[-79.20222114,-3.9906373],[-79.20219916,-3.99065639],[-79.20219899,-3.99065654],[-79.20204343,-3.99079161],[-79.2019569,-3.99087345],[-79.20195532,-3.99087494],[-79.20187037,-3.9909553],[-79.20168327,-3.99113302],[-79.20148802,-3.99137038]]]]}},{"type":"Feature","properties":{"nombre":"Celi Román","parroquia":"Sucre","parroquiaId":"sucre","poblacion":5574},"geometry":{"type":"MultiPolygon","coordinates":[[[[-79.20874216,-3.99361921],[-79.20999723,-3.9928406],[-79.20995275,-3.9924317],[-79.20995197,-3.99241],[-79.20983046,-3.99128648],[-79.20978015,-3.99086409],[-79.20976858,-3.99070736],[-79.20977349,-3.99063799],[-79.20979397,-3.99053396],[-79.20981681,-3.99043711],[-79.20999909,-3.98987288],[-79.21007823,-3.98963261],[-79.21013236,-3.98938869],[-79.21017225,-3.98911963],[-79.21017525,-3.98883493],[-79.21016957,-3.98870333],[-79.21012187,-3.98818166],[-79.21010157,-3.98765407],[-79.21009366,-3.98745308],[-79.21007908,-3.98703795],[-79.21007473,-3.98684535],[-79.21006491,-3.98667653],[-79.2097007,-3.98672395],[-79.20966498,-3.98671526],[-79.20962211,-3.98670942],[-79.20893009,-3.98679979],[-79.20752892,-3.98697329],[-79.20631937,-3.98710271],[-79.20541597,-3.98715846],[-79.2053974,-3.98752297],[-79.20537443,-3.98822631],[-79.20536111,-3.98887225],[-79.20535238,-3.98960433],[-79.20533548,-3.99025505],[-79.20532197,-3.99099191],[-79.20532199,-3.99117792],[-79.20551243,-3.99157135],[-79.20563206,-3.99181851],[-79.20565108,-3.99213954],[-79.20559772,-3.99265091],[-79.20559687,-3.99265867],[-79.20577801,-3.99267961],[-79.20599132,-3.9926336],[-79.20640094,-3.99252794],[-79.20690629,-3.9924167],[-79.20766986,-3.99223754],[-79.20784866,-3.99225135],[-79.20796803,-3.99229236],[-79.20813481,-3.9924095],[-79.2083375,-3.99256394],[-79.20866038,-3.99280053],[-79.20874216,-3.99361921]]]]}},{"type":"Feature","properties":{"nombre":"San José","parroquia":"Sucre","parroquiaId":"sucre","poblacion":3224},"geometry":{"type":"MultiPolygon","coordinates":[[[[-79.20467025,-3.97692617],[-79.20458628,-3.97755522],[-79.20455832,-3.97778616],[-79.20450782,-3.97809153],[-79.20449021,-3.97828825],[-79.20442895,-3.97879899],[-79.20437642,-3.97925106],[-79.20436401,-3.9794094],[-79.20441251,-3.98056102],[-79.20441784,-3.98075443],[-79.20442636,-3.98088963],[-79.20442867,-3.98092633],[-79.20448248,-3.98114972],[-79.2046236,-3.98164502],[-79.20490339,-3.98181502],[-79.20535546,-3.98229546],[-79.2055978,-3.98259745],[-79.20576294,-3.982905],[-79.20588804,-3.98321965],[-79.20596873,-3.98358444],[-79.20599102,-3.98385149],[-79.20599617,-3.98411133],[-79.20598338,-3.98474004],[-79.20596808,-3.98520368],[-79.20588141,-3.98562121],[-79.20578647,-3.98589949],[-79.20560946,-3.98645033],[-79.20546692,-3.9869223],[-79.20543094,-3.98703706],[-79.20541597,-3.98715846],[-79.20631937,-3.98710271],[-79.20752892,-3.98697329],[-79.20893009,-3.98679979],[-79.20962211,-3.98670942],[-79.20966498,-3.98671526],[-79.2097007,-3.98672395],[-79.21006491,-3.98667653],[-79.21006095,-3.98660846],[-79.21004709,-3.98640746],[-79.20997639,-3.98605083],[-79.20993037,-3.98585095],[-79.20983329,-3.9855768],[-79.20976814,-3.98540679],[-79.20968627,-3.98525708],[-79.20956644,-3.98503791],[-79.20935273,-3.98471685],[-79.20916275,-3.98443532],[-79.20871153,-3.98377998],[-79.20844674,-3.98339422],[-79.20821165,-3.9830432],[-79.20804659,-3.98280718],[-79.20782338,-3.98247175],[-79.20748744,-3.98193749],[-79.20709707,-3.98132664],[-79.20703898,-3.98122561],[-79.20699904,-3.98115616],[-79.20698191,-3.98110433],[-79.20692572,-3.98093429],[-79.20689753,-3.98075048],[-79.20691908,-3.98048066],[-79.20695366,-3.98035058],[-79.20702451,-3.98019762],[-79.20710676,-3.98005807],[-79.20733027,-3.9798174],[-79.2075707,-3.9795771],[-79.20780018,-3.97934764],[-79.20793598,-3.97921184],[-79.20802303,-3.97916777],[-79.20806819,-3.97914634],[-79.20808317,-3.97913903],[-79.20809176,-3.979129],[-79.20809606,-3.97912423],[-79.20810185,-3.9791102],[-79.20804256,-3.97843539],[-79.20803799,-3.97834207],[-79.20802856,-3.9782954],[-79.20801437,-3.97824991],[-79.20779386,-3.97776614],[-79.2077464,-3.97773474],[-79.20756307,-3.97764626],[-79.20702898,-3.97740731],[-79.20639514,-3.97720256],[-79.20576193,-3.97705211],[-79.20576186,-3.97705378],[-79.20573004,-3.97704728],[-79.20564976,-3.97703088],[-79.20564797,-3.97703052],[-79.20563988,-3.9770296],[-79.20479048,-3.97693278],[-79.20468166,-3.97692524],[-79.20467041,-3.9769241],[-79.20467025,-3.97692617]]]]}},{"type":"Feature","properties":{"nombre":"Las Palmas","parroquia":"El Valle","parroquiaId":"el-valle","poblacion":670},"geometry":{"type":"MultiPolygon","coordinates":[[[[-79.20121523,-3.98547448],[-79.20118016,-3.98556597],[-79.20107743,-3.98591888],[-79.20097082,-3.9863024],[-79.20084111,-3.98679305],[-79.20071812,-3.98726075],[-79.20059696,-3.9877629],[-79.20047203,-3.98824687],[-79.20043803,-3.98854442],[-79.2003911,-3.9890898],[-79.20035908,-3.9893529],[-79.20026503,-3.98965606],[-79.20018428,-3.98998318],[-79.20001728,-3.99052734],[-79.19988985,-3.99094484],[-79.20064257,-3.99121608],[-79.2011189,-3.99133245],[-79.20117174,-3.99133787],[-79.20148802,-3.99137038],[-79.20168327,-3.99113302],[-79.20187037,-3.9909553],[-79.20195532,-3.99087494],[-79.2019569,-3.99087345],[-79.20204343,-3.99079161],[-79.20219899,-3.99065654],[-79.20219916,-3.99065639],[-79.20222114,-3.9906373],[-79.20244091,-3.99045966],[-79.20264198,-3.99029603],[-79.20271173,-3.99022164],[-79.20271216,-3.99022118],[-79.20279167,-3.99014635],[-79.20288051,-3.99007623],[-79.20290708,-3.99005946],[-79.20290711,-3.99005945],[-79.20296932,-3.99002018],[-79.20302046,-3.98997189],[-79.20305351,-3.98994067],[-79.20312883,-3.98986186],[-79.2031541,-3.98983542],[-79.20324374,-3.98974172],[-79.20324461,-3.98974081],[-79.20325702,-3.98972783],[-79.20328173,-3.98969144],[-79.20334599,-3.98959677],[-79.20341633,-3.98945161],[-79.20344922,-3.98934855],[-79.20348226,-3.98917987],[-79.20348714,-3.98908613],[-79.20348581,-3.98906966],[-79.20347804,-3.9889736],[-79.20347157,-3.98889343],[-79.20346426,-3.98887044],[-79.20342254,-3.9887391],[-79.20336448,-3.98860537],[-79.20334359,-3.98855611],[-79.20327856,-3.98841065],[-79.20327847,-3.98841044],[-79.20321821,-3.98825582],[-79.20321812,-3.98825561],[-79.20315321,-3.9880963],[-79.20315312,-3.98809609],[-79.20310678,-3.98798369],[-79.20310669,-3.98798348],[-79.20302091,-3.98776084],[-79.20302083,-3.98776063],[-79.20296523,-3.98760603],[-79.20296515,-3.98760582],[-79.20289561,-3.98742306],[-79.20289553,-3.98742285],[-79.20283063,-3.98725416],[-79.2027889,-3.9871275],[-79.20276123,-3.98697275],[-79.20273817,-3.98684144],[-79.20267788,-3.98666318],[-79.2026778,-3.98666297],[-79.20260362,-3.98646614],[-79.20256193,-3.98632073],[-79.20252023,-3.98618001],[-79.20249248,-3.98606276],[-79.2024392,-3.98587748],[-79.20239285,-3.98572737],[-79.20234193,-3.98553038],[-79.20230487,-3.98540373],[-79.20228647,-3.98527712],[-79.20227292,-3.98507084],[-79.20227796,-3.98489741],[-79.20227813,-3.98481772],[-79.20228292,-3.98476148],[-79.20230687,-3.98448027],[-79.20233075,-3.98423188],[-79.20234971,-3.98410066],[-79.20240386,-3.98388281],[-79.20246986,-3.98358294],[-79.20253595,-3.98324089],[-79.20257464,-3.98307117],[-79.20257441,-3.98307157],[-79.20242392,-3.98305855],[-79.20239594,-3.98310945],[-79.20225457,-3.98337398],[-79.2020041,-3.98385289],[-79.20173797,-3.98430449],[-79.20154561,-3.98468303],[-79.20144941,-3.98488307],[-79.20132152,-3.98519286],[-79.20123266,-3.98542903],[-79.20121523,-3.98547448]]]]}},{"type":"Feature","properties":{"nombre":"San Vicente","parroquia":"Sucre","parroquiaId":"sucre","poblacion":4529},"geometry":{"type":"MultiPolygon","coordinates":[[[[-79.20935273,-3.98471685],[-79.20956644,-3.98503791],[-79.20968627,-3.98525708],[-79.20976814,-3.98540679],[-79.20983329,-3.9855768],[-79.20993037,-3.98585095],[-79.20997639,-3.98605083],[-79.21004709,-3.98640746],[-79.21006095,-3.98660846],[-79.21006491,-3.98667653],[-79.21007473,-3.98684535],[-79.21007908,-3.98703795],[-79.21009366,-3.98745308],[-79.21010157,-3.98765407],[-79.21012187,-3.98818166],[-79.21016957,-3.98870333],[-79.21017525,-3.98883493],[-79.21017225,-3.98911963],[-79.21013236,-3.98938869],[-79.21007823,-3.98963261],[-79.20999909,-3.98987288],[-79.20981681,-3.99043711],[-79.20979397,-3.99053396],[-79.20977349,-3.99063799],[-79.20976858,-3.99070736],[-79.20978015,-3.99086409],[-79.20983046,-3.99128648],[-79.20995197,-3.99241],[-79.20995275,-3.9924317],[-79.210653,-3.99227619],[-79.21066723,-3.99227791],[-79.21067651,-3.99228439],[-79.2106822,-3.99229589],[-79.21068933,-3.99230165],[-79.21070005,-3.99230526],[-79.21071291,-3.99230601],[-79.21074651,-3.99230106],[-79.21075435,-3.99229793],[-79.21076012,-3.99229457],[-79.21114507,-3.99211106],[-79.21157076,-3.99190504],[-79.21206033,-3.99170421],[-79.21211463,-3.99166716],[-79.21214457,-3.99159067],[-79.21220568,-3.99142572],[-79.21234223,-3.99107671],[-79.21242597,-3.99091181],[-79.21247492,-3.99085689],[-79.21263736,-3.9906394],[-79.21269364,-3.99051883],[-79.21283851,-3.99017463],[-79.21289137,-3.98996779],[-79.21289636,-3.98986492],[-79.21288968,-3.98975178],[-79.21287063,-3.98964476],[-79.21284468,-3.98952508],[-79.21281861,-3.98946401],[-79.21278416,-3.98941848],[-79.21270971,-3.98933764],[-79.21268314,-3.98931419],[-79.21263441,-3.98926384],[-79.21259158,-3.98918338],[-79.21254665,-3.98908421],[-79.21249221,-3.9889202],[-79.21246636,-3.98875626],[-79.21244881,-3.98860908],[-79.21240902,-3.98828242],[-79.21240212,-3.98816637],[-79.21242759,-3.98795589],[-79.21245912,-3.98769876],[-79.21244768,-3.98747982],[-79.21243384,-3.98727045],[-79.2123967,-3.98708579],[-79.21234305,-3.9868408],[-79.21227374,-3.98663874],[-79.21219861,-3.98643017],[-79.21212629,-3.98627331],[-79.21210268,-3.98617755],[-79.21210046,-3.9860986],[-79.2121113,-3.98604599],[-79.21215549,-3.98599225],[-79.21225333,-3.98591471],[-79.21243932,-3.98583496],[-79.21263364,-3.98576368],[-79.21279931,-3.98571373],[-79.2129531,-3.98565425],[-79.21300202,-3.98561847],[-79.21303663,-3.98558745],[-79.21307013,-3.98551574],[-79.21308732,-3.98543332],[-79.2130894,-3.98542128],[-79.21308352,-3.98538538],[-79.2130528,-3.98527048],[-79.21304115,-3.98514604],[-79.21305094,-3.98502883],[-79.21307977,-3.98491525],[-79.21292967,-3.98491971],[-79.21282012,-3.98490272],[-79.21270944,-3.98485822],[-79.21262837,-3.98479795],[-79.21245003,-3.98447598],[-79.212401,-3.98440409],[-79.21231133,-3.98422589],[-79.21219017,-3.98407059],[-79.21214026,-3.98401737],[-79.21200325,-3.98391659],[-79.21166637,-3.98370627],[-79.21142374,-3.98353636],[-79.21128531,-3.98343557],[-79.21116259,-3.98334056],[-79.21113485,-3.98294717],[-79.21108095,-3.9827547],[-79.21107998,-3.98254081],[-79.21098915,-3.98224203],[-79.21093382,-3.98204668],[-79.21078707,-3.98182816],[-79.21066726,-3.98170732],[-79.21049883,-3.98159786],[-79.21028183,-3.9814768],[-79.20996772,-3.98131104],[-79.2096664,-3.98117975],[-79.20954499,-3.9811436],[-79.20930783,-3.98108853],[-79.20899805,-3.98090555],[-79.2087854,-3.98075149],[-79.20874836,-3.98069399],[-79.20868159,-3.98050436],[-79.20853949,-3.9801179],[-79.20836422,-3.97986774],[-79.20816323,-3.97961035],[-79.20798486,-3.97947072],[-79.20780018,-3.97934764],[-79.2075707,-3.9795771],[-79.20733027,-3.9798174],[-79.20710676,-3.98005807],[-79.20702451,-3.98019762],[-79.20695366,-3.98035058],[-79.20691908,-3.98048066],[-79.20689753,-3.98075048],[-79.20692572,-3.98093429],[-79.20698191,-3.98110433],[-79.20699904,-3.98115616],[-79.20703898,-3.98122561],[-79.20709707,-3.98132664],[-79.20748744,-3.98193749],[-79.20782338,-3.98247175],[-79.20804659,-3.98280718],[-79.20821165,-3.9830432],[-79.20844674,-3.98339422],[-79.20871153,-3.98377998],[-79.20916275,-3.98443532],[-79.20935273,-3.98471685]]]]}},{"type":"Feature","properties":{"nombre":"San Cayetano","parroquia":"El Valle","parroquiaId":"el-valle","poblacion":7535},"geometry":{"type":"MultiPolygon","coordinates":[[[[-79.19513403,-3.97700473],[-79.19507593,-3.97701837],[-79.1948849,-3.97706321],[-79.19476329,-3.97710721],[-79.19465275,-3.97714074],[-79.19454691,-3.97716046],[-79.19438966,-3.97730553],[-79.19434249,-3.97737915],[-79.19431574,-3.97741394],[-79.19426341,-3.97746082],[-79.19413216,-3.97753836],[-79.19408875,-3.97756466],[-79.19406999,-3.97758688],[-79.19392658,-3.97764755],[-79.19386731,-3.97768502],[-79.19386492,-3.97768586],[-79.19384863,-3.97769157],[-79.19372426,-3.97765796],[-79.19355703,-3.97765616],[-79.19325107,-3.97769425],[-79.19316316,-3.97769549],[-79.19287378,-3.97766255],[-79.19271678,-3.97762922],[-79.19243493,-3.9775702],[-79.19213302,-3.97752871],[-79.19203844,-3.9774997],[-79.19189712,-3.97741327],[-79.19178808,-3.97727307],[-79.19176747,-3.97721991],[-79.19173461,-3.97708297],[-79.19173514,-3.97722984],[-79.19176448,-3.98537686],[-79.19176491,-3.98549825],[-79.19176516,-3.98556664],[-79.19175044,-3.9855961],[-79.19172427,-3.98564845],[-79.19184415,-3.98556549],[-79.19209489,-3.9853846],[-79.19209497,-3.98538454],[-79.19220994,-3.9853016],[-79.19227779,-3.98526232],[-79.19234672,-3.98522242],[-79.19238098,-3.98520259],[-79.19244777,-3.98517213],[-79.19251055,-3.98514351],[-79.19258547,-3.98512766],[-79.19262924,-3.98511841],[-79.19277027,-3.98512016],[-79.19296598,-3.98517131],[-79.19310732,-3.98524722],[-79.19325006,-3.98533749],[-79.19328672,-3.9853602],[-79.19351927,-3.98551529],[-79.19413541,-3.98591738],[-79.19482055,-3.98635791],[-79.1950847,-3.98648768],[-79.19512659,-3.98649767],[-79.19526214,-3.98650721],[-79.19536148,-3.98650839],[-79.19547512,-3.98650433],[-79.19558555,-3.98647464],[-79.19576769,-3.98639352],[-79.19590484,-3.98631906],[-79.1963675,-3.98581766],[-79.19674613,-3.98537168],[-79.1970151,-3.98537351],[-79.19715908,-3.98542666],[-79.19735217,-3.9854934],[-79.19753986,-3.98551295],[-79.19766079,-3.98555149],[-79.19769353,-3.98556948],[-79.197794,-3.98564366],[-79.19780921,-3.98566092],[-79.19784908,-3.98566182],[-79.19797078,-3.98566209],[-79.19797362,-3.98566197],[-79.19797464,-3.9856514],[-79.19798162,-3.98557876],[-79.19798694,-3.98543603],[-79.19798836,-3.98538847],[-79.19816144,-3.98538321],[-79.19828596,-3.98552894],[-79.19876242,-3.98568679],[-79.19918655,-3.98579367],[-79.19948942,-3.98586898],[-79.20002736,-3.98607783],[-79.20017954,-3.98621214],[-79.20023079,-3.98630891],[-79.20025155,-3.98640082],[-79.20019976,-3.98655287],[-79.20002468,-3.98687212],[-79.19980667,-3.98721329],[-79.19971291,-3.9873863],[-79.19968599,-3.9874963],[-79.19969252,-3.98756234],[-79.19974853,-3.98765912],[-79.19985221,-3.98774357],[-79.20000338,-3.98790276],[-79.20003941,-3.98798801],[-79.20008,-3.9881661],[-79.20012441,-3.98853449],[-79.20017209,-3.98875868],[-79.20025567,-3.98903539],[-79.20030102,-3.98916289],[-79.20034161,-3.98929572],[-79.20035908,-3.9893529],[-79.2003911,-3.9890898],[-79.20043803,-3.98854442],[-79.20047203,-3.98824687],[-79.20059696,-3.9877629],[-79.20071812,-3.98726075],[-79.20084111,-3.98679305],[-79.20097082,-3.9863024],[-79.20107743,-3.98591888],[-79.20118016,-3.98556597],[-79.20121523,-3.98547448],[-79.20118273,-3.98500596],[-79.20118416,-3.98467436],[-79.20121747,-3.9844749],[-79.20131205,-3.984038],[-79.20137997,-3.98369579],[-79.20146719,-3.98335433],[-79.2014897,-3.98319289],[-79.20147213,-3.98305289],[-79.20144534,-3.98288416],[-79.20142136,-3.98273913],[-79.20136692,-3.98246483],[-79.20127439,-3.98196149],[-79.20118314,-3.98152705],[-79.20116987,-3.98152948],[-79.20064636,-3.98162392],[-79.20044711,-3.98079393],[-79.20030595,-3.98052566],[-79.200287,-3.98047179],[-79.20028478,-3.98039881],[-79.20028758,-3.98020503],[-79.2002808,-3.98003874],[-79.20027397,-3.97989039],[-79.20024346,-3.97968098],[-79.20009097,-3.97914353],[-79.19992567,-3.97846969],[-79.19988682,-3.97825907],[-79.19994742,-3.97777951],[-79.2000499,-3.97706118],[-79.19983143,-3.97705266],[-79.19952947,-3.97705738],[-79.19940677,-3.97706249],[-79.19918573,-3.97709909],[-79.19887497,-3.97713847],[-79.19868297,-3.97714584],[-79.19824992,-3.97717764],[-79.19816592,-3.97718957],[-79.1978221,-3.97720023],[-79.19778593,-3.97720129],[-79.19780347,-3.97737325],[-79.19702976,-3.97742125],[-79.19680404,-3.97743338],[-79.19618822,-3.97747489],[-79.19609669,-3.97747952],[-79.19596241,-3.977487],[-79.19577984,-3.97748807],[-79.19543683,-3.97744045],[-79.19542498,-3.9772799],[-79.19541274,-3.97700587],[-79.19537607,-3.97700799],[-79.19532247,-3.97701291],[-79.19525004,-3.97699821],[-79.19523453,-3.97699908],[-79.19513403,-3.97700473]]]]}},{"type":"Feature","properties":{"nombre":"Borja","parroquia":"Sucre","parroquiaId":"sucre","poblacion":2867},"geometry":{"type":"MultiPolygon","coordinates":[[[[-79.22635578,-3.97896242],[-79.2265362,-3.97852343],[-79.22639696,-3.97857481],[-79.22626444,-3.97860574],[-79.22613194,-3.978624],[-79.22597852,-3.97862271],[-79.22564226,-3.9785684],[-79.22531459,-3.97850166],[-79.22471064,-3.97839058],[-79.22418261,-3.97828987],[-79.22355687,-3.97816716],[-79.22330057,-3.97812144],[-79.22301954,-3.97808064],[-79.22274322,-3.97807047],[-79.22249923,-3.97808813],[-79.22242996,-3.97809725],[-79.22227427,-3.97812114],[-79.22210169,-3.97816574],[-79.2219129,-3.97822084],[-79.22170594,-3.97830078],[-79.22143503,-3.97843035],[-79.22091511,-3.97870101],[-79.22022634,-3.97905648],[-79.21966441,-3.97935864],[-79.21896111,-3.9797118],[-79.21884802,-3.97975512],[-79.21878514,-3.97974733],[-79.21867846,-3.97972413],[-79.21835656,-3.97964113],[-79.21812619,-3.97958978],[-79.21747074,-3.97945355],[-79.21692788,-3.97931265],[-79.21674495,-3.97929694],[-79.21640572,-3.97929429],[-79.21620755,-3.97927281],[-79.21603235,-3.97920927],[-79.21579152,-3.97905396],[-79.21551538,-3.9787773],[-79.21546747,-3.97874868],[-79.21547418,-3.97877451],[-79.21547555,-3.97880323],[-79.2154755,-3.97882691],[-79.21546088,-3.97887478],[-79.21536621,-3.97904412],[-79.21531113,-3.97914553],[-79.2152321,-3.979284],[-79.21517293,-3.97938185],[-79.21512203,-3.97946392],[-79.21496465,-3.97952243],[-79.21482998,-3.97966282],[-79.21443589,-3.9801328],[-79.21437068,-3.9802069],[-79.21434513,-3.98024123],[-79.21433456,-3.98027948],[-79.21433268,-3.98033968],[-79.21432936,-3.98048523],[-79.21428507,-3.98069663],[-79.2142042,-3.98107925],[-79.21418863,-3.98122564],[-79.21417958,-3.98144956],[-79.21414,-3.98168298],[-79.214043,-3.98203494],[-79.21382352,-3.98261824],[-79.21365579,-3.98306862],[-79.2136132,-3.98337285],[-79.21360246,-3.98349318],[-79.21358554,-3.98363053],[-79.21354705,-3.98376267],[-79.21353012,-3.98378793],[-79.21351508,-3.9838001],[-79.21350435,-3.98380366],[-79.21346931,-3.98381435],[-79.2133671,-3.98381772],[-79.2133185,-3.98381761],[-79.21327918,-3.98382614],[-79.21326271,-3.98383759],[-79.21325483,-3.98384762],[-79.21325051,-3.98386268],[-79.21324327,-3.98390645],[-79.21323525,-3.98398108],[-79.21320361,-3.98422396],[-79.21319844,-3.98425677],[-79.21329051,-3.98425213],[-79.21334232,-3.98425523],[-79.21339589,-3.9842697],[-79.21343573,-3.98430269],[-79.21347551,-3.984359],[-79.21354391,-3.98440161],[-79.21366887,-3.98445332],[-79.21372659,-3.98447498],[-79.21379615,-3.98453195],[-79.21394132,-3.98460225],[-79.21402882,-3.98462756],[-79.21411868,-3.98466125],[-79.21418528,-3.98470685],[-79.21423525,-3.98473388],[-79.21424535,-3.98474766],[-79.21424525,-3.98479252],[-79.21424166,-3.98480328],[-79.21419209,-3.98486717],[-79.21411984,-3.98494895],[-79.21405657,-3.985017],[-79.21404818,-3.98503852],[-79.2140475,-3.98507978],[-79.21406693,-3.98512564],[-79.21407737,-3.98514576],[-79.21413634,-3.98519757],[-79.214201,-3.98526087],[-79.21429042,-3.98533476],[-79.21437798,-3.98538375],[-79.2144456,-3.98540304],[-79.21450182,-3.98540603],[-79.2145571,-3.9853985],[-79.21458952,-3.98538995],[-79.21462291,-3.98537472],[-79.21464487,-3.98535275],[-79.21465734,-3.98531259],[-79.21466985,-3.98525902],[-79.21468422,-3.9852246],[-79.21470523,-3.98520359],[-79.21475099,-3.98519125],[-79.21480337,-3.98520572],[-79.21483852,-3.98525747],[-79.21487937,-3.98531403],[-79.21491834,-3.98536005],[-79.2150163,-3.98545022],[-79.21507532,-3.9854781],[-79.21512774,-3.98547726],[-79.21518778,-3.98547356],[-79.21527355,-3.98547087],[-79.21535262,-3.98548157],[-79.21539259,-3.98550367],[-79.21543732,-3.98553343],[-79.21549635,-3.98555462],[-79.21559449,-3.98556153],[-79.21572981,-3.98556087],[-79.21579646,-3.98558589],[-79.21582495,-3.98562902],[-79.21583718,-3.98570465],[-79.21583322,-3.98577259],[-79.21579206,-3.98585671],[-79.2157176,-3.98591972],[-79.21568226,-3.98595505],[-79.21567454,-3.98600001],[-79.21567444,-3.98604595],[-79.21571343,-3.9860824],[-79.21576393,-3.98608633],[-79.21583352,-3.98607404],[-79.21591554,-3.98604551],[-79.2159804,-3.98601407],[-79.21605293,-3.98596447],[-79.21610075,-3.98588514],[-79.21612476,-3.98579715],[-79.21614305,-3.98571201],[-79.21619567,-3.98561739],[-79.21625395,-3.98554478],[-79.21629691,-3.98550946],[-79.2163217,-3.98550091],[-79.21649899,-3.98548119],[-79.21653718,-3.98544874],[-79.21655152,-3.98542867],[-79.21656115,-3.98537989],[-79.21657086,-3.98529474],[-79.21658732,-3.98517323],[-79.2166047,-3.985068],[-79.21663534,-3.98500395],[-79.21666017,-3.98497529],[-79.21671646,-3.98494383],[-79.21682991,-3.98492207],[-79.21696145,-3.98490608],[-79.21703219,-3.9848904],[-79.21710226,-3.98487548],[-79.21715584,-3.98488493],[-79.21719293,-3.98492018],[-79.21725634,-3.98501362],[-79.21728193,-3.98507756],[-79.21730187,-3.98510918],[-79.21737032,-3.98518541],[-79.21741602,-3.98520417],[-79.21748884,-3.98524165],[-79.21751877,-3.98528263],[-79.21756301,-3.98531503],[-79.2176187,-3.9853417],[-79.21774297,-3.98538217],[-79.2178001,-3.98540239],[-79.21785154,-3.9854104],[-79.21790157,-3.9854105],[-79.21793735,-3.98539048],[-79.21798826,-3.98531308],[-79.21802903,-3.98529594],[-79.2180962,-3.98530111],[-79.21819474,-3.98534511],[-79.21832745,-3.98544875],[-79.21840662,-3.98552429],[-79.21842369,-3.98556021],[-79.21842073,-3.98560614],[-79.21840488,-3.98566496],[-79.21840118,-3.98572453],[-79.21844543,-3.98575262],[-79.21852687,-3.98577002],[-79.21867271,-3.98575311],[-79.21872998,-3.98570802],[-79.21875298,-3.98564849],[-79.21875677,-3.98554873],[-79.21875981,-3.98546405],[-79.218785,-3.98538299],[-79.21882153,-3.98534144],[-79.21888163,-3.98531143],[-79.21893598,-3.98529576],[-79.21903178,-3.98528161],[-79.21912251,-3.98529975],[-79.21923748,-3.98534378],[-79.21932823,-3.98535403],[-79.21945044,-3.98535286],[-79.21961992,-3.98530944],[-79.21971143,-3.98529529],[-79.21978008,-3.98528036],[-79.21983652,-3.9852891],[-79.21989937,-3.98530861],[-79.21992012,-3.98529574],[-79.21992455,-3.98523187],[-79.21990404,-3.98513062],[-79.21987986,-3.98507458],[-79.21985573,-3.98499486],[-79.21985581,-3.98495826],[-79.21987302,-3.98493317],[-79.21994026,-3.98490676],[-79.22001102,-3.98490404],[-79.22008172,-3.98492788],[-79.22015233,-3.98499622],[-79.22019915,-3.9851571],[-79.2202233,-3.98522893],[-79.22029171,-3.9853231],[-79.22034809,-3.98535839],[-79.2204052,-3.98539082],[-79.2204215,-3.98545473],[-79.22042619,-3.98559829],[-79.22044394,-3.98565503],[-79.22049104,-3.98568672],[-79.2205396,-3.98570405],[-79.22056964,-3.98569622],[-79.22066337,-3.98564618],[-79.22073566,-3.98559681],[-79.22078574,-3.98557539],[-79.22084295,-3.98555972],[-79.22089798,-3.98556056],[-79.22095297,-3.98557862],[-79.22102076,-3.98562614],[-79.22107709,-3.98568871],[-79.22120413,-3.9857708],[-79.22132907,-3.98583208],[-79.22144754,-3.98590986],[-79.22154742,-3.98599621],[-79.22170079,-3.98612932],[-79.22178646,-3.98617329],[-79.22189715,-3.98621372],[-79.22197002,-3.9862268],[-79.22206148,-3.98623992],[-79.22210858,-3.98626873],[-79.22213423,-3.98630683],[-79.22217701,-3.98635573],[-79.22222554,-3.98638598],[-79.22229486,-3.98638972],[-79.22234135,-3.98637187],[-79.22237929,-3.98634325],[-79.22239938,-3.98630668],[-79.22243839,-3.98611728],[-79.22244709,-3.98605557],[-79.22244364,-3.9860003],[-79.22243304,-3.98594357],[-79.22240035,-3.98585594],[-79.2223797,-3.98582288],[-79.22233125,-3.98575171],[-79.22231849,-3.9857036],[-79.22230305,-3.9855715],[-79.22230247,-3.98550762],[-79.2223183,-3.98546028],[-79.22235626,-3.9854216],[-79.22240701,-3.98541741],[-79.222462,-3.9854369],[-79.22248907,-3.98548146],[-79.22250465,-3.98554466],[-79.22258223,-3.98569412],[-79.22264911,-3.9858371],[-79.22270171,-3.98597071],[-79.22275147,-3.98609643],[-79.22279415,-3.98619055],[-79.22280038,-3.98628387],[-79.22286588,-3.98640029],[-79.22294989,-3.98655478],[-79.22299899,-3.98665322],[-79.22301452,-3.98674441],[-79.22304155,-3.98680117],[-79.22308505,-3.98684648],[-79.22317721,-3.98686606],[-79.22322224,-3.98686042],[-79.22325087,-3.98684254],[-79.22331892,-3.98677163],[-79.22338479,-3.98671794],[-79.22348998,-3.98665859],[-79.22361444,-3.98660718],[-79.22370025,-3.98658655],[-79.22376384,-3.98659818],[-79.22381807,-3.98663634],[-79.22383726,-3.98668662],[-79.22384571,-3.98674621],[-79.22382131,-3.98679281],[-79.2237654,-3.98687021],[-79.22373313,-3.98691823],[-79.22372302,-3.98696558],[-79.22374152,-3.98700509],[-79.22378221,-3.98702815],[-79.22384653,-3.98702973],[-79.22392088,-3.9870184],[-79.22397661,-3.98702785],[-79.22404013,-3.98707034],[-79.22405645,-3.98712492],[-79.22405771,-3.9872046],[-79.22400026,-3.98732864],[-79.22396513,-3.9873824],[-79.22396927,-3.98745059],[-79.22399271,-3.9875174],[-79.22404907,-3.98756274],[-79.22414051,-3.98758231],[-79.2243035,-3.98756544],[-79.22441437,-3.9875262],[-79.2245302,-3.98750133],[-79.22460236,-3.98751297],[-79.22468301,-3.98756339],[-79.22474231,-3.98757572],[-79.22481516,-3.98759669],[-79.22493877,-3.98761491],[-79.22501736,-3.98762441],[-79.22503876,-3.98764455],[-79.22506002,-3.98772857],[-79.22504628,-3.98780391],[-79.22500829,-3.98785766],[-79.22494241,-3.98791637],[-79.22486081,-3.98797146],[-79.2247642,-3.98803226],[-79.22471907,-3.98808097],[-79.22469463,-3.98814695],[-79.22466872,-3.988228],[-79.22467146,-3.98828327],[-79.22471271,-3.98837882],[-79.22474547,-3.98843344],[-79.22477971,-3.9884651],[-79.22483682,-3.9884968],[-79.22490383,-3.98857518],[-79.22497868,-3.98866363],[-79.2250271,-3.98874986],[-79.22502544,-3.98885681],[-79.22501722,-3.98902187],[-79.22501271,-3.98912594],[-79.22504402,-3.98919204],[-79.22512824,-3.9892439],[-79.22524966,-3.9892822],[-79.22531183,-3.98928449],[-79.22539976,-3.9892732],[-79.22545849,-3.98921877],[-79.22549503,-3.98917363],[-79.22555871,-3.98914076],[-79.22560731,-3.98914014],[-79.22563946,-3.98914954],[-79.22566298,-3.98917902],[-79.22567568,-3.98925657],[-79.22569127,-3.98931474],[-79.22578114,-3.98940035],[-79.22588882,-3.98951398],[-79.22591368,-3.9895851],[-79.22590923,-3.98965973],[-79.22589332,-3.98974726],[-79.22584455,-3.98982898],[-79.22578151,-3.98989488],[-79.22562125,-3.98997133],[-79.22554036,-3.99003073],[-79.225518,-3.99012686],[-79.22550351,-3.99022086],[-79.22552047,-3.99030702],[-79.22557394,-3.99037102],[-79.22561898,-3.99036394],[-79.22570839,-3.99033327],[-79.22576273,-3.99032118],[-79.22579488,-3.99032484],[-79.22583413,-3.99035579],[-79.22591819,-3.99048158],[-79.2259537,-3.9905886],[-79.22598217,-3.9906425],[-79.22598921,-3.99068917],[-79.2259677,-3.99072501],[-79.22586317,-3.99080947],[-79.225788,-3.99086817],[-79.2257493,-3.99091689],[-79.22570195,-3.99100077],[-79.22568324,-3.9910603],[-79.22568455,-3.99111413],[-79.2257044,-3.99118882],[-79.22577138,-3.99128658],[-79.22586403,-3.99140737],[-79.22592822,-3.9914678],[-79.22601808,-3.99155843],[-79.22609149,-3.99165477],[-79.22608921,-3.99171864],[-79.22605894,-3.99183629],[-79.22604158,-3.99193386],[-79.22602565,-3.99203001],[-79.22598823,-3.99214692],[-79.22596882,-3.99219999],[-79.22596797,-3.99226244],[-79.22598862,-3.9922998],[-79.22605928,-3.99234518],[-79.22617208,-3.99239997],[-79.22623771,-3.99245968],[-79.22629196,-3.99249066],[-79.22636409,-3.99251307],[-79.22640335,-3.99253971],[-79.22642467,-3.99259216],[-79.22642168,-3.99265388],[-79.22639582,-3.99271626],[-79.22632481,-3.99283669],[-79.2262961,-3.99288974],[-79.22628815,-3.99293423],[-79.22628806,-3.99297299],[-79.22629159,-3.99299668],[-79.22630154,-3.99301967],[-79.22675806,-3.99254462],[-79.22679809,-3.99252618],[-79.22682728,-3.99253722],[-79.22684427,-3.99255088],[-79.22685886,-3.99257321],[-79.22687607,-3.99260294],[-79.22688642,-3.99266418],[-79.22689741,-3.99282276],[-79.22692859,-3.99310689],[-79.2269795,-3.99336156],[-79.22703636,-3.99350907],[-79.22709705,-3.99364701],[-79.22716126,-3.99373194],[-79.22723394,-3.99380425],[-79.22729294,-3.99384266],[-79.22735578,-3.99386768],[-79.22743699,-3.9938656],[-79.22771258,-3.99368088],[-79.22811396,-3.99331161],[-79.22829305,-3.99317683],[-79.2284171,-3.99310245],[-79.2285525,-3.99306064],[-79.22868043,-3.99303456],[-79.22893536,-3.99298001],[-79.2290978,-3.99296038],[-79.22917213,-3.99296245],[-79.22930706,-3.9929951],[-79.22934922,-3.99300352],[-79.22969815,-3.99307323],[-79.23004278,-3.99311937],[-79.23024478,-3.99313129],[-79.23043538,-3.99312979],[-79.2305988,-3.99309426],[-79.23078193,-3.99302303],[-79.23122754,-3.9928497],[-79.23133211,-3.99279055],[-79.23132464,-3.99271589],[-79.23131723,-3.99172824],[-79.23133775,-3.99101832],[-79.23134414,-3.99072918],[-79.23137481,-3.98975884],[-79.23135148,-3.98908123],[-79.23135596,-3.98876734],[-79.23132795,-3.9884974],[-79.23106694,-3.9875628],[-79.23084566,-3.98676418],[-79.23060933,-3.98587557],[-79.23041833,-3.98517462],[-79.23017234,-3.98434724],[-79.23007972,-3.9839872],[-79.22998693,-3.98370756],[-79.22994705,-3.9836424],[-79.22988624,-3.98355805],[-79.22976846,-3.98337979],[-79.22958624,-3.98320667],[-79.2292889,-3.98303998],[-79.22906039,-3.98294952],[-79.22862421,-3.98283125],[-79.2281309,-3.9826853],[-79.22748152,-3.98244273],[-79.22718643,-3.98229472],[-79.22692004,-3.98209317],[-79.22668235,-3.98184001],[-79.22650303,-3.98158239],[-79.22644973,-3.98148122],[-79.22631024,-3.98116547],[-79.22624781,-3.98095097],[-79.22621028,-3.98067718],[-79.22621363,-3.98036932],[-79.22635578,-3.97896242]]]]}},{"type":"Feature","properties":{"nombre":"Plateado","parroquia":"Sucre","parroquiaId":"sucre","poblacion":2726},"geometry":{"type":"MultiPolygon","coordinates":[[[[-79.22724087,-3.97609635],[-79.22718888,-3.97616147],[-79.22715721,-3.97620926],[-79.2271369,-3.97624741],[-79.22709795,-3.97635029],[-79.22708593,-3.97639871],[-79.22706305,-3.97651829],[-79.22705628,-3.97661756],[-79.22704449,-3.97684123],[-79.2270417,-3.97702904],[-79.22704117,-3.97728145],[-79.22703348,-3.97753205],[-79.22701325,-3.97780415],[-79.22699695,-3.97790461],[-79.22695735,-3.97804329],[-79.22691637,-3.97811791],[-79.22688015,-3.97818776],[-79.22674184,-3.97836452],[-79.22667267,-3.97842707],[-79.2265362,-3.97852343],[-79.22635578,-3.97896242],[-79.22621363,-3.98036932],[-79.22621028,-3.98067718],[-79.22624781,-3.98095097],[-79.22631024,-3.98116547],[-79.22644973,-3.98148122],[-79.22650303,-3.98158239],[-79.22668235,-3.98184001],[-79.22692004,-3.98209317],[-79.22718643,-3.98229472],[-79.22748152,-3.98244273],[-79.2281309,-3.9826853],[-79.22862421,-3.98283125],[-79.22906039,-3.98294952],[-79.2292889,-3.98303998],[-79.22958624,-3.98320667],[-79.22976846,-3.98337979],[-79.22988624,-3.98355805],[-79.22994705,-3.9836424],[-79.22998693,-3.98370756],[-79.23007972,-3.9839872],[-79.23017234,-3.98434724],[-79.23041833,-3.98517462],[-79.23060933,-3.98587557],[-79.23084566,-3.98676418],[-79.23106694,-3.9875628],[-79.23132795,-3.9884974],[-79.23135596,-3.98876734],[-79.23135148,-3.98908123],[-79.23137481,-3.98975884],[-79.23134414,-3.99072918],[-79.23133775,-3.99101832],[-79.23145172,-3.99106766],[-79.23168845,-3.99125915],[-79.23205136,-3.99144834],[-79.2322597,-3.99149963],[-79.23247276,-3.99150966],[-79.2326469,-3.99147056],[-79.23306126,-3.99127108],[-79.23327589,-3.99116986],[-79.23344095,-3.99114275],[-79.23412884,-3.99115761],[-79.23474932,-3.99101453],[-79.23507368,-3.99084297],[-79.23525968,-3.99076203],[-79.23589287,-3.99060204],[-79.23627472,-3.99051099],[-79.23634586,-3.990511],[-79.2363543,-3.99060102],[-79.2363672,-3.9906905],[-79.23638434,-3.99077927],[-79.23640488,-3.99086731],[-79.23642634,-3.99094867],[-79.23642794,-3.99095472],[-79.23645262,-3.99104168],[-79.23647806,-3.99112842],[-79.23650359,-3.99121513],[-79.23652913,-3.99130185],[-79.23653475,-3.99132092],[-79.23655467,-3.99138856],[-79.2365802,-3.99147527],[-79.23660574,-3.99156199],[-79.23663127,-3.9916487],[-79.23665681,-3.99173541],[-79.23668234,-3.99182212],[-79.23670788,-3.99190884],[-79.23673342,-3.99199555],[-79.23675895,-3.99208226],[-79.23705512,-3.99204976],[-79.23750379,-3.99200739],[-79.23794282,-3.99197006],[-79.23796419,-3.99197994],[-79.23805902,-3.99197107],[-79.23810668,-3.99196859],[-79.23809941,-3.99164576],[-79.23808944,-3.99129164],[-79.23813185,-3.99129811],[-79.23896703,-3.99142077],[-79.23914581,-3.99144703],[-79.23916593,-3.99145067],[-79.23919835,-3.99132872],[-79.23925821,-3.99094768],[-79.23927566,-3.99082526],[-79.23928647,-3.9907858],[-79.23930798,-3.99075235],[-79.23941185,-3.99064252],[-79.23951164,-3.99055668],[-79.23952283,-3.99054706],[-79.23954075,-3.99052317],[-79.23954318,-3.99049805],[-79.23951485,-3.99037956],[-79.23945343,-3.99018625],[-79.239419,-3.9900779],[-79.23928394,-3.98973308],[-79.23923064,-3.98959301],[-79.23920697,-3.98952118],[-79.23911662,-3.98943605],[-79.23904087,-3.98936283],[-79.23904082,-3.98936215],[-79.23902572,-3.98915234],[-79.23901915,-3.98905645],[-79.23911448,-3.98912112],[-79.23942419,-3.98932187],[-79.23961203,-3.98949454],[-79.23964986,-3.98952503],[-79.23967725,-3.9895471],[-79.23971966,-3.98958129],[-79.23975724,-3.98961158],[-79.23999227,-3.98969512],[-79.24032736,-3.98980343],[-79.240439,-3.9898389],[-79.24052174,-3.98983846],[-79.24052201,-3.98983684],[-79.24052327,-3.98983845],[-79.24052491,-3.98983257],[-79.24052902,-3.98982905],[-79.2405425,-3.98982144],[-79.24055671,-3.98981909],[-79.24065142,-3.98981285],[-79.24068598,-3.98980646],[-79.24070648,-3.98980238],[-79.24073196,-3.98979744],[-79.24074836,-3.9897963],[-79.24076241,-3.98979398],[-79.24082169,-3.98979085],[-79.24103211,-3.98972778],[-79.24117724,-3.98968428],[-79.24125092,-3.98965788],[-79.24148978,-3.98958472],[-79.24154436,-3.989568],[-79.24177998,-3.98949584],[-79.24191445,-3.98942013],[-79.24194377,-3.98939834],[-79.24195332,-3.98939058],[-79.24196168,-3.98938043],[-79.24197124,-3.98936669],[-79.24197901,-3.98935475],[-79.24198559,-3.98934101],[-79.24199218,-3.98932188],[-79.24199221,-3.98930693],[-79.24199225,-3.98929078],[-79.24198812,-3.98927223],[-79.24198116,-3.98925916],[-79.24195476,-3.98921569],[-79.24193581,-3.98920164],[-79.24190814,-3.98918114],[-79.24183294,-3.98914557],[-79.24164028,-3.98906457],[-79.24160161,-3.9890331],[-79.24158271,-3.98895746],[-79.24157717,-3.98887514],[-79.24156423,-3.98868371],[-79.24156445,-3.98858227],[-79.24158472,-3.98846173],[-79.24162679,-3.98834777],[-79.24161815,-3.98834361],[-79.24158236,-3.98832637],[-79.2414402,-3.98825788],[-79.24124605,-3.98818634],[-79.24104223,-3.98813709],[-79.24102277,-3.98813534],[-79.24085739,-3.98812043],[-79.2407364,-3.98810486],[-79.24039595,-3.98777491],[-79.24037376,-3.98773764],[-79.24075762,-3.98753739],[-79.24112772,-3.9873688],[-79.24144271,-3.9871302],[-79.24144743,-3.98712684],[-79.2414477,-3.98712664],[-79.24146238,-3.98711616],[-79.24150951,-3.98708251],[-79.24166726,-3.98728861],[-79.24169147,-3.98733371],[-79.24171925,-3.98730188],[-79.24173178,-3.98728752],[-79.24209247,-3.98687424],[-79.24209793,-3.98686799],[-79.24250775,-3.98639841],[-79.24270494,-3.98617077],[-79.24268716,-3.98615972],[-79.24036937,-3.98471925],[-79.23997339,-3.98447315],[-79.23965136,-3.98427301],[-79.23939965,-3.98411658],[-79.23920175,-3.98399358],[-79.23878366,-3.98373374],[-79.23840084,-3.98349746],[-79.23784581,-3.98315088],[-79.23696003,-3.98297142],[-79.2362936,-3.98283641],[-79.23616019,-3.98280599],[-79.23540156,-3.98263302],[-79.23534841,-3.98261817],[-79.23514937,-3.98257221],[-79.23475769,-3.98239037],[-79.23461792,-3.98229454],[-79.23443249,-3.9821674],[-79.23401598,-3.98176958],[-79.23365643,-3.98134331],[-79.23330378,-3.98092189],[-79.23261571,-3.98008363],[-79.2321394,-3.97955867],[-79.23116392,-3.97856894],[-79.22954058,-3.97713879],[-79.22937224,-3.97700612],[-79.22878601,-3.97649884],[-79.22856727,-3.97634331],[-79.22795773,-3.9760057],[-79.22783474,-3.9759562],[-79.22771587,-3.9759308],[-79.2275719,-3.97593363],[-79.22745292,-3.97596166],[-79.22733178,-3.97602426],[-79.22724087,-3.97609635]]]]}},{"type":"Feature","properties":{"nombre":"Turunuma","parroquia":"Sucre","parroquiaId":"sucre","poblacion":2462},"geometry":{"type":"MultiPolygon","coordinates":[[[[-79.20809538,-3.96992272],[-79.20770495,-3.97023645],[-79.2073511,-3.9706046],[-79.20688981,-3.97108736],[-79.20671771,-3.97135399],[-79.20638466,-3.97201933],[-79.20620807,-3.97237782],[-79.20568047,-3.97342662],[-79.20560811,-3.97357951],[-79.20528653,-3.97418023],[-79.20504664,-3.97476582],[-79.20503576,-3.97478881],[-79.20489695,-3.97520432],[-79.20482588,-3.97569656],[-79.20474783,-3.97608108],[-79.20470554,-3.97646857],[-79.20467041,-3.9769241],[-79.20468166,-3.97692524],[-79.20479048,-3.97693278],[-79.20563988,-3.9770296],[-79.20564797,-3.97703052],[-79.20564976,-3.97703088],[-79.20573004,-3.97704728],[-79.20577058,-3.97686581],[-79.20577403,-3.97685774],[-79.20577906,-3.97684699],[-79.20578836,-3.97684198],[-79.20580051,-3.97683914],[-79.20581624,-3.97683774],[-79.20584053,-3.9768421],[-79.2069688,-3.97712224],[-79.20751813,-3.97725798],[-79.20816968,-3.97737041],[-79.20885528,-3.97746473],[-79.20907562,-3.97750062],[-79.20925376,-3.97752685],[-79.20963678,-3.9775497],[-79.20995214,-3.97757718],[-79.21010929,-3.97761484],[-79.21021308,-3.97765143],[-79.21027493,-3.97769463],[-79.21031199,-3.97772647],[-79.21057071,-3.97795749],[-79.21083127,-3.97821071],[-79.21114594,-3.978554],[-79.21119255,-3.97859238],[-79.21122016,-3.9786068],[-79.2112609,-3.97862461],[-79.21129682,-3.97862945],[-79.21136117,-3.97861643],[-79.21178073,-3.97848576],[-79.21219543,-3.97840532],[-79.21235152,-3.97838173],[-79.21238605,-3.97838539],[-79.21245033,-3.97840587],[-79.21249909,-3.97844306],[-79.21266555,-3.97858219],[-79.21274286,-3.97863619],[-79.21277262,-3.97864582],[-79.21282384,-3.97864234],[-79.21294541,-3.97861031],[-79.21306336,-3.97859621],[-79.21313721,-3.97859637],[-79.2132016,-3.97861908],[-79.2132966,-3.97870079],[-79.21335126,-3.97876311],[-79.21338933,-3.97878473],[-79.21341314,-3.97879196],[-79.21342743,-3.97879199],[-79.21345128,-3.97878247],[-79.21362177,-3.97862913],[-79.21393869,-3.97837111],[-79.21402841,-3.97833119],[-79.2141104,-3.97831031],[-79.21414902,-3.97829939],[-79.21423681,-3.97828472],[-79.21433557,-3.9782919],[-79.21449131,-3.97832166],[-79.21465562,-3.97835217],[-79.21478133,-3.97838976],[-79.21502219,-3.97849144],[-79.21522253,-3.97860236],[-79.21546747,-3.97874868],[-79.21546473,-3.97873645],[-79.21546125,-3.97872308],[-79.21498528,-3.97689361],[-79.21498483,-3.9768936],[-79.21498471,-3.9768936],[-79.21423294,-3.97687714],[-79.21417419,-3.9768742],[-79.21413053,-3.97686575],[-79.21408449,-3.97685213],[-79.21406297,-3.97684576],[-79.21399231,-3.97681636],[-79.21391442,-3.97676606],[-79.21383139,-3.9766865],[-79.21372784,-3.9765371],[-79.21372771,-3.97653691],[-79.21355679,-3.97628083],[-79.21355666,-3.97628065],[-79.21324164,-3.97581013],[-79.21324151,-3.97580995],[-79.21266187,-3.97487361],[-79.21266176,-3.97487342],[-79.21204997,-3.973981],[-79.21204984,-3.97398081],[-79.21156161,-3.97323535],[-79.21156149,-3.97323516],[-79.21098105,-3.97237808],[-79.21098093,-3.9723779],[-79.21039316,-3.97149295],[-79.21039303,-3.97149277],[-79.20955553,-3.9702369],[-79.20955541,-3.97023672],[-79.20897898,-3.9701149],[-79.20858319,-3.97005445],[-79.20828516,-3.97007416],[-79.20809538,-3.96992272]]]]}},{"type":"Feature","properties":{"nombre":"La Paz","parroquia":"El Valle","parroquiaId":"el-valle","poblacion":1110},"geometry":{"type":"MultiPolygon","coordinates":[[[[-79.20014618,-3.96197994],[-79.20043869,-3.96221504],[-79.20055527,-3.96229565],[-79.20061516,-3.96223895],[-79.200681,-3.96219794],[-79.20083533,-3.96221646],[-79.20099154,-3.96224647],[-79.20126292,-3.96233893],[-79.20155801,-3.96248025],[-79.20167417,-3.9625207],[-79.20180373,-3.96253821],[-79.20196376,-3.9625644],[-79.2022473,-3.96276024],[-79.20255273,-3.96296666],[-79.20278102,-3.96315377],[-79.20302058,-3.96342129],[-79.20318959,-3.9637011],[-79.20330539,-3.96391189],[-79.20340058,-3.96395804],[-79.20347772,-3.96397447],[-79.2035463,-3.96399185],[-79.20368157,-3.96400937],[-79.20377136,-3.96401108],[-79.20386408,-3.96409131],[-79.20399825,-3.9641763],[-79.20413822,-3.96422397],[-79.20439266,-3.96421591],[-79.20448248,-3.96420678],[-79.20484872,-3.96417241],[-79.20519041,-3.96413726],[-79.2052404,-3.96415316],[-79.2052618,-3.96417331],[-79.20527173,-3.96420778],[-79.2052759,-3.96426234],[-79.20522416,-3.96439285],[-79.20511225,-3.96458784],[-79.20502761,-3.9647312],[-79.20499165,-3.96483591],[-79.20499278,-3.96497803],[-79.2050082,-3.96507846],[-79.20504219,-3.96526237],[-79.20513024,-3.96552812],[-79.20515846,-3.96569614],[-79.20517216,-3.96597178],[-79.2052119,-3.9661025],[-79.20532721,-3.96631664],[-79.20541013,-3.96643548],[-79.20545906,-3.96659732],[-79.20562558,-3.96721391],[-79.20564344,-3.96726224],[-79.20573691,-3.96728098],[-79.20583211,-3.96732246],[-79.20624863,-3.96756679],[-79.20671846,-3.96716229],[-79.20701356,-3.96685717],[-79.20717835,-3.96666518],[-79.20733455,-3.96648034],[-79.2078048,-3.9658196],[-79.20844705,-3.9649396],[-79.20916549,-3.96385305],[-79.20927741,-3.96365376],[-79.20935682,-3.96352024],[-79.20926169,-3.96347102],[-79.20853854,-3.96304466],[-79.20855725,-3.96301037],[-79.20816663,-3.962778],[-79.20786049,-3.96259589],[-79.2073434,-3.96228829],[-79.20691512,-3.96197988],[-79.20691461,-3.9619804],[-79.20686589,-3.96194541],[-79.20657442,-3.96225248],[-79.20646378,-3.96236029],[-79.20642865,-3.96239451],[-79.20631746,-3.96228902],[-79.2062729,-3.96223719],[-79.20621133,-3.96216559],[-79.20603604,-3.96229986],[-79.20600436,-3.96232412],[-79.20597137,-3.96229085],[-79.20564858,-3.96196529],[-79.20572809,-3.96183813],[-79.20599377,-3.96148163],[-79.20600244,-3.96147265],[-79.2055808,-3.96095366],[-79.20544321,-3.9607641],[-79.20540985,-3.96068892],[-79.20535525,-3.96059789],[-79.20528038,-3.96052117],[-79.20521854,-3.96047797],[-79.20488955,-3.96011905],[-79.20460842,-3.96004839],[-79.2044573,-3.95997628],[-79.20427522,-3.95986991],[-79.20421231,-3.9598023],[-79.20413626,-3.959716],[-79.20394372,-3.9595194],[-79.20391885,-3.95945594],[-79.20383454,-3.95933494],[-79.20378344,-3.9592798],[-79.20370374,-3.95922939],[-79.20362523,-3.95918256],[-79.20353476,-3.95915724],[-79.2034739,-3.95914292],[-79.20346754,-3.95913955],[-79.20345509,-3.95909487],[-79.20343266,-3.95900031],[-79.20338886,-3.95887701],[-79.20334138,-3.95879915],[-79.20331439,-3.9587692],[-79.20312165,-3.95894474],[-79.20311873,-3.9589475],[-79.20004713,-3.96184209],[-79.20014618,-3.96197994]]]]}},{"type":"Feature","properties":{"nombre":"Carigan","parroquia":"Carigán","parroquiaId":"carigan","poblacion":3214},"geometry":{"type":"MultiPolygon","coordinates":[[[[-79.23800149,-3.95827275],[-79.23806433,-3.95828191],[-79.23815009,-3.95828687],[-79.23832736,-3.95827194],[-79.23843001,-3.95825768],[-79.23846327,-3.95825744],[-79.23847125,-3.9582911],[-79.23847617,-3.95839103],[-79.23847619,-3.95839109],[-79.2384846,-3.95856138],[-79.23872968,-3.95880254],[-79.23877312,-3.95883927],[-79.23877543,-3.95884982],[-79.23886889,-3.95894266],[-79.23903798,-3.95909757],[-79.23906089,-3.95906605],[-79.23906105,-3.95906619],[-79.2390766,-3.95904506],[-79.23927767,-3.95923654],[-79.2394364,-3.95935976],[-79.23978802,-3.95970001],[-79.24004625,-3.95993097],[-79.24003574,-3.95995139],[-79.23988768,-3.96022563],[-79.23981686,-3.96036903],[-79.239771,-3.96049207],[-79.23944694,-3.96056092],[-79.23924243,-3.96061216],[-79.23903499,-3.96069785],[-79.23881167,-3.96085671],[-79.2385667,-3.96111602],[-79.23845343,-3.9612823],[-79.23842446,-3.96133342],[-79.23831617,-3.96152449],[-79.23826979,-3.96160633],[-79.23809628,-3.96186723],[-79.23802457,-3.96198191],[-79.237874,-3.96221128],[-79.23774206,-3.96241627],[-79.23766164,-3.96259411],[-79.23759836,-3.96278059],[-79.2375061,-3.96314932],[-79.23738492,-3.96367015],[-79.23730821,-3.96400119],[-79.23719351,-3.96401638],[-79.23705982,-3.96405469],[-79.23698811,-3.96406695],[-79.23682271,-3.96417809],[-79.23668242,-3.96427588],[-79.23654455,-3.96435933],[-79.2363924,-3.96443317],[-79.23626694,-3.96450372],[-79.23622402,-3.96452181],[-79.23618496,-3.96451742],[-79.23614067,-3.96450776],[-79.23610015,-3.96451915],[-79.23602239,-3.96456732],[-79.2359622,-3.96463944],[-79.23590867,-3.96471828],[-79.23587902,-3.9647699],[-79.23579835,-3.96483959],[-79.23573912,-3.96491075],[-79.2356894,-3.96499104],[-79.23566217,-3.96502495],[-79.23558006,-3.96509847],[-79.23548272,-3.96516621],[-79.23542591,-3.96521872],[-79.23536519,-3.96531764],[-79.23533315,-3.96537069],[-79.23525105,-3.96544181],[-79.2351627,-3.96553732],[-79.23511401,-3.96558172],[-79.23503816,-3.96562797],[-79.23501231,-3.96568486],[-79.2349893,-3.96574941],[-79.23498063,-3.9657958],[-79.2349682,-3.96581348],[-79.23495197,-3.96582876],[-79.23494065,-3.9658509],[-79.23493899,-3.96588184],[-79.23494505,-3.9659455],[-79.23494213,-3.96597325],[-79.23493591,-3.96598759],[-79.23491114,-3.96598371],[-79.23483917,-3.9659936],[-79.23478258,-3.96601969],[-79.23474904,-3.9660336],[-79.23471426,-3.96603305],[-79.23469332,-3.96602248],[-79.23467806,-3.96602723],[-79.23464516,-3.96604008],[-79.23460466,-3.96604047],[-79.23455507,-3.96605807],[-79.23451213,-3.96608621],[-79.23448013,-3.96612251],[-79.2344022,-3.96624867],[-79.23432423,-3.96639349],[-79.23427736,-3.96647521],[-79.23422435,-3.96653539],[-79.23417328,-3.96657452],[-79.23412368,-3.96659929],[-79.23405595,-3.96663264],[-79.23403254,-3.96666226],[-79.23400247,-3.96668899],[-79.23388896,-3.96673947],[-79.23375689,-3.96678417],[-79.23362456,-3.96683544],[-79.23355418,-3.96688314],[-79.23351898,-3.96692682],[-79.23353572,-3.96703491],[-79.23354122,-3.96713636],[-79.2335207,-3.96715259],[-79.2334311,-3.96716484],[-79.23338965,-3.96716379],[-79.23325961,-3.96714676],[-79.23319004,-3.96715092],[-79.23313997,-3.96716708],[-79.23305223,-3.96720422],[-79.23299015,-3.96727108],[-79.23293855,-3.96733748],[-79.23282731,-3.96744251],[-79.23278678,-3.96745821],[-79.23274198,-3.96746242],[-79.23269958,-3.96745898],[-79.23256761,-3.96745535],[-79.23250375,-3.96746335],[-79.23239408,-3.96750474],[-79.23226338,-3.96757508],[-79.23220948,-3.96760388],[-79.23215841,-3.96764588],[-79.2321068,-3.96771754],[-79.23208957,-3.96775387],[-79.23204228,-3.96781023],[-79.23199692,-3.9678532],[-79.23191913,-3.96791524],[-79.23182789,-3.96802654],[-79.23178828,-3.9680542],[-79.23169952,-3.968121],[-79.23162984,-3.96817732],[-79.23152149,-3.96826609],[-79.23144846,-3.96832814],[-79.231342,-3.96842744],[-79.231268,-3.96849666],[-79.23120401,-3.96856303],[-79.23116724,-3.96860554],[-79.23111848,-3.96867865],[-79.23105166,-3.96873497],[-79.23092236,-3.96882034],[-79.23084174,-3.96886467],[-79.23069432,-3.96895766],[-79.23057646,-3.9690378],[-79.23047533,-3.96909405],[-79.23042522,-3.96913222],[-79.23039465,-3.96917139],[-79.23035305,-3.96924068],[-79.2302648,-3.96928739],[-79.23018374,-3.9693164],[-79.2300903,-3.96934395],[-79.22997347,-3.96938916],[-79.22992287,-3.96943164],[-79.22989415,-3.9694933],[-79.22987583,-3.96963979],[-79.22985074,-3.96978568],[-79.22983252,-3.96983971],[-79.22980529,-3.9698741],[-79.2297173,-3.96991028],[-79.22964938,-3.96992569],[-79.22958742,-3.96993153],[-79.22956598,-3.96993149],[-79.22955531,-3.96991113],[-79.22953996,-3.9698441],[-79.22949133,-3.96975069],[-79.22944027,-3.96967522],[-79.22925625,-3.96994877],[-79.22908648,-3.97024388],[-79.22898507,-3.97031714],[-79.22892431,-3.97034451],[-79.22877327,-3.97039682],[-79.22863805,-3.97044518],[-79.22852574,-3.97050638],[-79.22840382,-3.97056501],[-79.22829226,-3.97056477],[-79.22818111,-3.97049373],[-79.22797548,-3.97030293],[-79.22782904,-3.9702258],[-79.22768128,-3.97017683],[-79.22752072,-3.97015088],[-79.22733973,-3.97013513],[-79.22715111,-3.97010254],[-79.22698438,-3.9699961],[-79.22685706,-3.96991901],[-79.22672465,-3.96984448],[-79.22655656,-3.96975962],[-79.22642403,-3.96974141],[-79.22626213,-3.96974362],[-79.22604028,-3.96976363],[-79.22586684,-3.96979654],[-79.22575972,-3.96981935],[-79.22573163,-3.96983978],[-79.22570871,-3.96989063],[-79.22570857,-3.96989094],[-79.22569566,-3.96996772],[-79.22568261,-3.97005264],[-79.22568275,-3.97005281],[-79.22568241,-3.97005503],[-79.22568482,-3.97005539],[-79.22569001,-3.97006188],[-79.22604443,-3.9701091],[-79.22627188,-3.97027834],[-79.22644396,-3.97039478],[-79.22660745,-3.97059141],[-79.22679561,-3.97104768],[-79.22706347,-3.97157799],[-79.22713004,-3.97189471],[-79.2273268,-3.97225602],[-79.22734054,-3.97271403],[-79.22724912,-3.97320558],[-79.22745271,-3.9743098],[-79.22744406,-3.97442165],[-79.22738911,-3.97457137],[-79.22717806,-3.97495753],[-79.22686514,-3.97532413],[-79.2272311,-3.97607628],[-79.22724087,-3.97609635],[-79.22733178,-3.97602426],[-79.22745292,-3.97596166],[-79.2275719,-3.97593363],[-79.22771587,-3.9759308],[-79.22783474,-3.9759562],[-79.22795773,-3.9760057],[-79.22856727,-3.97634331],[-79.22878601,-3.97649884],[-79.22937224,-3.97700612],[-79.22954058,-3.97713879],[-79.23116392,-3.97856894],[-79.2321394,-3.97955867],[-79.23261571,-3.98008363],[-79.23330378,-3.98092189],[-79.23365643,-3.98134331],[-79.23401598,-3.98176958],[-79.23443249,-3.9821674],[-79.23461792,-3.98229454],[-79.23475769,-3.98239037],[-79.23514937,-3.98257221],[-79.23534841,-3.98261817],[-79.23540156,-3.98263302],[-79.23616019,-3.98280599],[-79.2362936,-3.98283641],[-79.23696003,-3.98297142],[-79.23784581,-3.98315088],[-79.2387729,-3.98119766],[-79.23900389,-3.980711],[-79.23910944,-3.98048862],[-79.23938396,-3.97991025],[-79.24109285,-3.97630987],[-79.24351295,-3.97121097],[-79.24744632,-3.96292353],[-79.24757693,-3.96299527],[-79.24760044,-3.962999],[-79.24763932,-3.96300733],[-79.2481792,-3.96319259],[-79.24839907,-3.96326804],[-79.24846149,-3.96328945],[-79.24867073,-3.96336125],[-79.24868094,-3.96335735],[-79.25069391,-3.96258937],[-79.25095685,-3.96198205],[-79.25135912,-3.96105294],[-79.25165037,-3.96038025],[-79.2526878,-3.96091714],[-79.25282063,-3.96095556],[-79.25313728,-3.96104715],[-79.25330652,-3.9610828],[-79.25347704,-3.96111872],[-79.25378924,-3.96118448],[-79.25386265,-3.96119939],[-79.25419916,-3.96126772],[-79.2560061,-3.96100883],[-79.25633885,-3.96086223],[-79.25634233,-3.96086075],[-79.25634252,-3.96086068],[-79.25694802,-3.96061397],[-79.25721638,-3.96049026],[-79.25759109,-3.96031753],[-79.25759554,-3.96031558],[-79.25812953,-3.9600924],[-79.2581355,-3.96009008],[-79.25814023,-3.96008846],[-79.25850397,-3.95997146],[-79.25850551,-3.95997097],[-79.25856096,-3.95993183],[-79.2592654,-3.95943466],[-79.25933144,-3.95938806],[-79.25954672,-3.95922291],[-79.26003717,-3.9588467],[-79.26004434,-3.9588412],[-79.2602814,-3.95866314],[-79.25961939,-3.95831854],[-79.25960708,-3.95831213],[-79.25899667,-3.95857115],[-79.25825536,-3.95897935],[-79.25822838,-3.95898482],[-79.25807683,-3.95901555],[-79.25780831,-3.9590689],[-79.25749437,-3.9591263],[-79.25724949,-3.95917817],[-79.25710458,-3.95928684],[-79.25661186,-3.95956289],[-79.25609711,-3.95985127],[-79.25408302,-3.96058201],[-79.25383891,-3.96055568],[-79.25381149,-3.96053858],[-79.25377324,-3.96050657],[-79.25371513,-3.96042494],[-79.2536614,-3.96023572],[-79.25364189,-3.96010543],[-79.25363253,-3.96004292],[-79.25359946,-3.95985122],[-79.25356734,-3.95967992],[-79.25355974,-3.95963934],[-79.25355962,-3.95963887],[-79.25349344,-3.95914527],[-79.2541356,-3.95865947],[-79.25360947,-3.95774773],[-79.25332696,-3.95762079],[-79.25318532,-3.95757554],[-79.25307621,-3.95751857],[-79.25283604,-3.95738269],[-79.25274353,-3.95730105],[-79.25265358,-3.95719661],[-79.25250383,-3.9569824],[-79.25231717,-3.95679133],[-79.2523085,-3.95678332],[-79.25230113,-3.95677751],[-79.25218623,-3.95669321],[-79.25215714,-3.95666095],[-79.25208632,-3.95658237],[-79.25199162,-3.95644863],[-79.25192045,-3.95615106],[-79.25190914,-3.95610374],[-79.25186653,-3.95571939],[-79.25193944,-3.95515832],[-79.25208713,-3.9548389],[-79.25219967,-3.95434755],[-79.25244916,-3.95357112],[-79.25288181,-3.95283118],[-79.25274517,-3.95256767],[-79.25254429,-3.95218193],[-79.25279629,-3.95165096],[-79.25295338,-3.95131994],[-79.2534819,-3.95020632],[-79.25039285,-3.94824233],[-79.25001203,-3.94864102],[-79.24973987,-3.94892276],[-79.24962059,-3.94899907],[-79.24939651,-3.94907037],[-79.24902849,-3.94916434],[-79.24874822,-3.94922308],[-79.24841445,-3.94928443],[-79.248018,-3.94936126],[-79.24776056,-3.94943919],[-79.24761367,-3.94950587],[-79.24748768,-3.94960322],[-79.24740552,-3.94970258],[-79.24733861,-3.94980388],[-79.24730215,-3.94987032],[-79.24725439,-3.94997788],[-79.24722935,-3.95009874],[-79.24721762,-3.95024194],[-79.24724965,-3.9504181],[-79.2473217,-3.95059625],[-79.24741852,-3.95077447],[-79.24752302,-3.95094163],[-79.24761602,-3.95110984],[-79.2476748,-3.9512516],[-79.24770698,-3.95135886],[-79.24772201,-3.95146033],[-79.24771846,-3.95150258],[-79.24770831,-3.95163065],[-79.2476852,-3.95174353],[-79.24761629,-3.95189077],[-79.2474577,-3.95208375],[-79.24719225,-3.95234158],[-79.24678531,-3.95281731],[-79.24641858,-3.953207],[-79.24587226,-3.95380493],[-79.24545057,-3.95423521],[-79.24542309,-3.95421072],[-79.24508379,-3.95388274],[-79.2447795,-3.9535887],[-79.24471048,-3.9535166],[-79.24441883,-3.95311218],[-79.24410686,-3.95277221],[-79.24405382,-3.95271578],[-79.24381275,-3.9524639],[-79.24379223,-3.95244246],[-79.24287586,-3.95317055],[-79.2427792,-3.95324735],[-79.24273212,-3.95324861],[-79.24248054,-3.95280402],[-79.24227453,-3.95243704],[-79.24206731,-3.95219161],[-79.24197798,-3.95207849],[-79.24196374,-3.95205166],[-79.24196189,-3.95202582],[-79.24196194,-3.95200094],[-79.24195535,-3.95196551],[-79.24194492,-3.95194061],[-79.24194212,-3.95191189],[-79.24194219,-3.95187648],[-79.24196615,-3.95181242],[-79.24200156,-3.95173784],[-79.24201305,-3.95171299],[-79.24201404,-3.95169767],[-79.2420017,-3.95167468],[-79.24191237,-3.95155773],[-79.24176555,-3.95136554],[-79.24161026,-3.95112548],[-79.24142504,-3.95084085],[-79.24117025,-3.95033644],[-79.24093657,-3.94987316],[-79.24089697,-3.94978606],[-79.24082119,-3.94980169],[-79.2407268,-3.94982589],[-79.24056522,-3.94985282],[-79.24040796,-3.94986972],[-79.24031927,-3.94990111],[-79.24022196,-3.94995832],[-79.24009514,-3.95005363],[-79.24000263,-3.95010879],[-79.23995862,-3.95011794],[-79.23991277,-3.95011485],[-79.23982171,-3.95008416],[-79.23970035,-3.9500199],[-79.23951484,-3.94987834],[-79.2393668,-3.94975302],[-79.23935255,-3.94973684],[-79.23935318,-3.9497195],[-79.23935882,-3.94970005],[-79.23937454,-3.94962371],[-79.23937987,-3.94945863],[-79.23937756,-3.94920459],[-79.23937639,-3.94907583],[-79.23937725,-3.94867153],[-79.23933713,-3.94849864],[-79.23929237,-3.94830576],[-79.23911759,-3.9479226],[-79.23907952,-3.94769886],[-79.23907555,-3.94763968],[-79.23903608,-3.94769657],[-79.23892146,-3.9476281],[-79.23877778,-3.94754226],[-79.23843013,-3.94778961],[-79.23830025,-3.94788207],[-79.23821294,-3.94795483],[-79.23811425,-3.94801297],[-79.23793869,-3.94811367],[-79.23790644,-3.94815529],[-79.2378877,-3.94818755],[-79.23783757,-3.94834166],[-79.23778015,-3.94851139],[-79.23775927,-3.9485697],[-79.23775435,-3.94859511],[-79.23774879,-3.94862386],[-79.23768853,-3.94868809],[-79.237626,-3.94870007],[-79.23757016,-3.94871077],[-79.23748159,-3.9487412],[-79.23728189,-3.94878238],[-79.2371716,-3.94880512],[-79.23715508,-3.94880674],[-79.23705968,-3.94881608],[-79.23681866,-3.94883969],[-79.23659211,-3.94888655],[-79.23648074,-3.94890249],[-79.23644974,-3.94891313],[-79.23645014,-3.94891966],[-79.23645529,-3.94895639],[-79.23648023,-3.94901729],[-79.23645925,-3.94905711],[-79.23644659,-3.94911583],[-79.23644023,-3.94916198],[-79.23644006,-3.94917728],[-79.2364475,-3.94921713],[-79.23645307,-3.94925935],[-79.23645384,-3.94929586],[-79.23636681,-3.9493024],[-79.23633841,-3.94939571],[-79.23630687,-3.94949216],[-79.23629818,-3.94964951],[-79.23620376,-3.94984025],[-79.23575319,-3.94981882],[-79.23567318,-3.94982456],[-79.23563071,-3.94983957],[-79.23560599,-3.94984276],[-79.23563344,-3.94986083],[-79.23564738,-3.95017633],[-79.23568351,-3.95028858],[-79.2357012,-3.95034354],[-79.23561656,-3.95034333],[-79.23550313,-3.95034306],[-79.23551065,-3.95036166],[-79.23553994,-3.95040599],[-79.23560626,-3.95050637],[-79.23561861,-3.95054564],[-79.2356274,-3.95058847],[-79.23569237,-3.95069862],[-79.2357393,-3.95069915],[-79.23578902,-3.95075648],[-79.23587289,-3.95094062],[-79.23591896,-3.95099216],[-79.23597819,-3.95112055],[-79.23598023,-3.95112497],[-79.23592644,-3.95119773],[-79.23574445,-3.95132104],[-79.23563239,-3.95139697],[-79.23551351,-3.95147752],[-79.23549902,-3.9514997],[-79.23552333,-3.95152566],[-79.23551893,-3.95157315],[-79.23554461,-3.95163222],[-79.23558014,-3.95169626],[-79.23557956,-3.95171942],[-79.23562705,-3.9517913],[-79.23565435,-3.95183849],[-79.23570407,-3.95198454],[-79.23573839,-3.95208629],[-79.23581021,-3.95221192],[-79.23588656,-3.95242874],[-79.23599533,-3.95281417],[-79.23604388,-3.95294706],[-79.2360649,-3.95314568],[-79.23607538,-3.95342715],[-79.23609716,-3.95366254],[-79.23613255,-3.95382889],[-79.23619646,-3.95402163],[-79.23619637,-3.95406589],[-79.23619152,-3.95410416],[-79.23619028,-3.95412569],[-79.236195,-3.95414723],[-79.23641127,-3.95439173],[-79.23662397,-3.95463383],[-79.23693532,-3.95497663],[-79.23714978,-3.95517263],[-79.23752232,-3.95564898],[-79.23759944,-3.9557915],[-79.23767999,-3.95600461],[-79.23774741,-3.95622965],[-79.23781374,-3.95640684],[-79.2379855,-3.956857],[-79.23805551,-3.95698396],[-79.23814921,-3.95717436],[-79.23818705,-3.95730125],[-79.23819044,-3.95738858],[-79.23816257,-3.95748508],[-79.23804699,-3.95763112],[-79.23794187,-3.95777684],[-79.23787135,-3.95789153],[-79.23785213,-3.95796446],[-79.23785788,-3.95806376],[-79.23791242,-3.95818111],[-79.23800149,-3.95827275]]]]}},{"type":"Feature","properties":{"nombre":"La Estancia","parroquia":"El Valle","parroquiaId":"el-valle","poblacion":1574},"geometry":{"type":"MultiPolygon","coordinates":[[[[-79.20121213,-3.96414637],[-79.20124287,-3.96423039],[-79.20133672,-3.96434184],[-79.20158885,-3.96452063],[-79.20191964,-3.96473569],[-79.20195507,-3.96482408],[-79.20195612,-3.96488509],[-79.20194171,-3.96493889],[-79.20189275,-3.9649962],[-79.20176989,-3.96507728],[-79.20171055,-3.96509424],[-79.20135682,-3.9651498],[-79.20125273,-3.96517544],[-79.20113705,-3.96524217],[-79.20098672,-3.96535788],[-79.20069062,-3.96568381],[-79.20048728,-3.96590719],[-79.20041952,-3.96601099],[-79.20038962,-3.96607073],[-79.20038374,-3.96615698],[-79.20039277,-3.96626453],[-79.20042342,-3.96641054],[-79.20045537,-3.96650751],[-79.20052782,-3.96660695],[-79.20064077,-3.96669931],[-79.2007752,-3.96677975],[-79.20088354,-3.96680152],[-79.20097748,-3.9668747],[-79.20106899,-3.9669694],[-79.20115691,-3.96707366],[-79.2012614,-3.96722581],[-79.20128816,-3.96729789],[-79.2013405,-3.96744298],[-79.20138403,-3.96780053],[-79.20139486,-3.96785731],[-79.20133463,-3.96785025],[-79.20125531,-3.9678458],[-79.20092749,-3.96782632],[-79.20061431,-3.96780831],[-79.20055348,-3.96775306],[-79.20049097,-3.96770681],[-79.20044301,-3.96768784],[-79.20042482,-3.96769077],[-79.20040451,-3.96774248],[-79.20037457,-3.96780875],[-79.20034499,-3.96787927],[-79.20030101,-3.96799209],[-79.20025531,-3.96803959],[-79.20017443,-3.96830205],[-79.20000249,-3.96886094],[-79.19996657,-3.96896189],[-79.19992725,-3.9690724],[-79.19987072,-3.96923129],[-79.19983451,-3.96933307],[-79.19975411,-3.96955906],[-79.19971922,-3.96965711],[-79.19964775,-3.96985798],[-79.19958083,-3.97004608],[-79.19955907,-3.97010725],[-79.19947602,-3.97034067],[-79.1993472,-3.97070273],[-79.19930469,-3.97079587],[-79.19926566,-3.97087557],[-79.19924195,-3.970924],[-79.19947693,-3.97084767],[-79.19970816,-3.97075867],[-79.19993615,-3.97069991],[-79.20021837,-3.97062588],[-79.2004615,-3.97056154],[-79.20067022,-3.97054543],[-79.2010033,-3.97052319],[-79.20149623,-3.97061757],[-79.20167431,-3.97061615],[-79.20182001,-3.97061498],[-79.20191932,-3.97061419],[-79.20218759,-3.97061369],[-79.20230568,-3.97065561],[-79.20240778,-3.97079039],[-79.20252209,-3.9708093],[-79.2025651,-3.97073579],[-79.20280621,-3.97034261],[-79.20288662,-3.97021484],[-79.20302732,-3.97004098],[-79.20308462,-3.96998177],[-79.20364204,-3.96955234],[-79.2044419,-3.96893969],[-79.205383,-3.96822974],[-79.20624863,-3.96756679],[-79.20583211,-3.96732246],[-79.20573691,-3.96728098],[-79.20564344,-3.96726224],[-79.20562558,-3.96721391],[-79.20545906,-3.96659732],[-79.20541013,-3.96643548],[-79.20532721,-3.96631664],[-79.2052119,-3.9661025],[-79.20517216,-3.96597178],[-79.20515846,-3.96569614],[-79.20513024,-3.96552812],[-79.20504219,-3.96526237],[-79.2050082,-3.96507846],[-79.20499278,-3.96497803],[-79.20499165,-3.96483591],[-79.20502761,-3.9647312],[-79.20511225,-3.96458784],[-79.20522416,-3.96439285],[-79.2052759,-3.96426234],[-79.20527173,-3.96420778],[-79.2052618,-3.96417331],[-79.2052404,-3.96415316],[-79.20519041,-3.96413726],[-79.20484872,-3.96417241],[-79.20448248,-3.96420678],[-79.20439266,-3.96421591],[-79.20413822,-3.96422397],[-79.20399825,-3.9641763],[-79.20386408,-3.96409131],[-79.20377136,-3.96401108],[-79.20368157,-3.96400937],[-79.2035463,-3.96399185],[-79.20347772,-3.96397447],[-79.20340058,-3.96395804],[-79.20330539,-3.96391189],[-79.20318959,-3.9637011],[-79.20302058,-3.96342129],[-79.20278102,-3.96315377],[-79.20255273,-3.96296666],[-79.2022473,-3.96276024],[-79.20196376,-3.9625644],[-79.20180373,-3.96253821],[-79.20167417,-3.9625207],[-79.20155801,-3.96248025],[-79.20126292,-3.96233893],[-79.20099154,-3.96224647],[-79.20083533,-3.96221646],[-79.200681,-3.96219794],[-79.20061516,-3.96223895],[-79.20055527,-3.96229565],[-79.20056932,-3.96239715],[-79.20069755,-3.96258883],[-79.20088531,-3.96278782],[-79.20097799,-3.96291815],[-79.20103519,-3.96299813],[-79.20114826,-3.96314399],[-79.20118971,-3.96325174],[-79.20120717,-3.96344318],[-79.20120518,-3.96357568],[-79.20120314,-3.96371215],[-79.2012016,-3.9638152],[-79.20118927,-3.96400896],[-79.20119504,-3.96409391],[-79.20121213,-3.96414637]]]]}},{"type":"Feature","properties":{"nombre":"Pitas","parroquia":"Carigán","parroquiaId":"carigan","poblacion":6979},"geometry":{"type":"MultiPolygon","coordinates":[[[[-79.21380961,-3.96162473],[-79.21380442,-3.96162592],[-79.21380418,-3.96162592],[-79.21378703,-3.96162947],[-79.21367497,-3.96164797],[-79.21358161,-3.96165246],[-79.21349758,-3.96165697],[-79.21339026,-3.96164267],[-79.21327361,-3.96162367],[-79.21311962,-3.96160458],[-79.21296093,-3.96159955],[-79.21283956,-3.96160398],[-79.21269476,-3.96165523],[-79.21256857,-3.96172996],[-79.21255764,-3.96174852],[-79.2123612,-3.962082],[-79.21231652,-3.96230388],[-79.21224089,-3.96267942],[-79.21208521,-3.96312137],[-79.21172731,-3.96350311],[-79.21112796,-3.96389301],[-79.21100264,-3.96399194],[-79.21086329,-3.96404226],[-79.2106857,-3.96404187],[-79.21050771,-3.96407662],[-79.21036255,-3.96417449],[-79.21015678,-3.96435686],[-79.20990214,-3.96481106],[-79.20971778,-3.96546806],[-79.20965085,-3.96566831],[-79.20961453,-3.96581589],[-79.20955761,-3.96594731],[-79.209455,-3.96625431],[-79.20942453,-3.96651235],[-79.20919832,-3.9674097],[-79.20885551,-3.96796511],[-79.20866321,-3.96820108],[-79.20835044,-3.96839008],[-79.20777327,-3.96856157],[-79.20727305,-3.96887895],[-79.20727301,-3.96887897],[-79.20740499,-3.96906363],[-79.20803374,-3.96987353],[-79.2080339,-3.96987366],[-79.20809538,-3.96992272],[-79.20828516,-3.97007416],[-79.20858319,-3.97005445],[-79.20897898,-3.9701149],[-79.20955541,-3.97023672],[-79.20955553,-3.9702369],[-79.21039303,-3.97149277],[-79.21039316,-3.97149295],[-79.21098093,-3.9723779],[-79.21098105,-3.97237808],[-79.21156149,-3.97323516],[-79.21156161,-3.97323535],[-79.21204984,-3.97398081],[-79.21204997,-3.973981],[-79.21266176,-3.97487342],[-79.21266187,-3.97487361],[-79.21324151,-3.97580995],[-79.21324164,-3.97581013],[-79.21355666,-3.97628065],[-79.21355679,-3.97628083],[-79.21372771,-3.97653691],[-79.21372784,-3.9765371],[-79.21383139,-3.9766865],[-79.21391442,-3.97676606],[-79.21399231,-3.97681636],[-79.21406297,-3.97684576],[-79.21408449,-3.97685213],[-79.21413053,-3.97686575],[-79.21417419,-3.9768742],[-79.21423294,-3.97687714],[-79.21498471,-3.9768936],[-79.2149826,-3.97683101],[-79.21498361,-3.976768],[-79.21498859,-3.97669795],[-79.21498889,-3.97669567],[-79.21499589,-3.97664269],[-79.21499662,-3.97663716],[-79.21500551,-3.97658166],[-79.2150299,-3.97646495],[-79.21506712,-3.97632933],[-79.21509217,-3.97625563],[-79.21550106,-3.97518578],[-79.21566448,-3.97475948],[-79.21600071,-3.97388229],[-79.21615176,-3.97356221],[-79.21627016,-3.97331597],[-79.21655102,-3.97296703],[-79.21670682,-3.9727348],[-79.2167501,-3.9726012],[-79.21679215,-3.97238961],[-79.21679278,-3.97238726],[-79.21679323,-3.97238558],[-79.21679326,-3.97238548],[-79.21679602,-3.97238652],[-79.21796657,-3.97283583],[-79.21828751,-3.97296649],[-79.21866966,-3.97310656],[-79.21877591,-3.97313464],[-79.21887753,-3.97316271],[-79.21896993,-3.97317684],[-79.21908545,-3.97318869],[-79.21919405,-3.97319589],[-79.21933824,-3.9731962],[-79.21933848,-3.9731962],[-79.21955315,-3.9732013],[-79.21955339,-3.97320131],[-79.21981889,-3.97320652],[-79.21981913,-3.97320652],[-79.22002226,-3.97320232],[-79.2200225,-3.97320232],[-79.22014849,-3.97318171],[-79.22019016,-3.97317483],[-79.22024056,-3.9731665],[-79.22044946,-3.97311305],[-79.22074005,-3.97297407],[-79.22091827,-3.97284401],[-79.22100368,-3.97276635],[-79.22101346,-3.97275746],[-79.22101349,-3.97275743],[-79.22104253,-3.97273102],[-79.22076338,-3.972107],[-79.22051412,-3.97156783],[-79.22046756,-3.97140426],[-79.22042446,-3.97120481],[-79.22036941,-3.97088992],[-79.22032976,-3.97070797],[-79.22026936,-3.97045252],[-79.22022618,-3.9702898],[-79.22018471,-3.97013932],[-79.22013459,-3.96996259],[-79.22000821,-3.96962132],[-79.2199286,-3.96939381],[-79.21972089,-3.96881629],[-79.21949071,-3.96815827],[-79.2193436,-3.96774001],[-79.21922761,-3.96742674],[-79.21918087,-3.96729898],[-79.21911155,-3.96714844],[-79.2190196,-3.96698911],[-79.21891545,-3.96683849],[-79.21880259,-3.96668961],[-79.21867753,-3.96654595],[-79.21855415,-3.96643026],[-79.21835073,-3.96628468],[-79.21814729,-3.96615484],[-79.21791072,-3.96604415],[-79.21763407,-3.96594738],[-79.21739741,-3.96587867],[-79.21706673,-3.96580276],[-79.21672213,-3.96572857],[-79.21661597,-3.96570385],[-79.2165537,-3.96567822],[-79.2165256,-3.96562147],[-79.21652921,-3.96556202],[-79.21652982,-3.96556107],[-79.21657114,-3.96549741],[-79.21664795,-3.96540489],[-79.21670565,-3.96529485],[-79.2167724,-3.96502219],[-79.21685399,-3.96469424],[-79.2168535,-3.964694],[-79.2168549,-3.96468837],[-79.21677707,-3.96464921],[-79.21669743,-3.96461254],[-79.21660745,-3.96457063],[-79.21660204,-3.96456837],[-79.21660097,-3.96456785],[-79.21655693,-3.96455109],[-79.21626651,-3.96445117],[-79.21611767,-3.96443052],[-79.21574851,-3.96438833],[-79.21562517,-3.96435887],[-79.21556757,-3.96433434],[-79.21555758,-3.96432714],[-79.21555236,-3.96431756],[-79.21555238,-3.96430751],[-79.21555765,-3.964295],[-79.21563215,-3.96414734],[-79.21559475,-3.96412089],[-79.21559456,-3.96412072],[-79.21558888,-3.96411626],[-79.21543796,-3.96399761],[-79.21517062,-3.96379548],[-79.21516212,-3.96380663],[-79.2151441,-3.96383462],[-79.21512871,-3.9638261],[-79.21506058,-3.96379843],[-79.21502267,-3.96378304],[-79.21490336,-3.96372589],[-79.21480761,-3.96367727],[-79.21478542,-3.963666],[-79.21467599,-3.96361607],[-79.21463481,-3.96359994],[-79.21457263,-3.96357382],[-79.21437154,-3.96348416],[-79.21435125,-3.96347777],[-79.21432107,-3.96346828],[-79.21415848,-3.9633709],[-79.21387863,-3.96304622],[-79.21384267,-3.96301089],[-79.21409392,-3.96200678],[-79.21436566,-3.96168602],[-79.21415173,-3.9615463],[-79.21381494,-3.96162351],[-79.21380961,-3.96162473]]]]}},{"type":"Feature","properties":{"nombre":"La Inmaculada","parroquia":"El Valle","parroquiaId":"el-valle","poblacion":1544},"geometry":{"type":"MultiPolygon","coordinates":[[[[-79.21121431,-3.96027019],[-79.21065181,-3.96129104],[-79.20991872,-3.96254551],[-79.20938468,-3.96347339],[-79.20935682,-3.96352024],[-79.20927741,-3.96365376],[-79.20916549,-3.96385305],[-79.20844705,-3.9649396],[-79.2078048,-3.9658196],[-79.20733455,-3.96648034],[-79.20717835,-3.96666518],[-79.20701356,-3.96685717],[-79.20671846,-3.96716229],[-79.20624863,-3.96756679],[-79.205383,-3.96822974],[-79.2044419,-3.96893969],[-79.20364204,-3.96955234],[-79.20308462,-3.96998177],[-79.20302732,-3.97004098],[-79.20288662,-3.97021484],[-79.20280621,-3.97034261],[-79.2025651,-3.97073579],[-79.20252209,-3.9708093],[-79.20262839,-3.97080868],[-79.20294524,-3.97080458],[-79.2031864,-3.9707654],[-79.20375947,-3.97062804],[-79.20407508,-3.97054098],[-79.20511514,-3.97030458],[-79.2052398,-3.97029588],[-79.20581929,-3.96987345],[-79.20642277,-3.96950555],[-79.20727301,-3.96887897],[-79.20727305,-3.96887895],[-79.20777327,-3.96856157],[-79.20835044,-3.96839008],[-79.20866321,-3.96820108],[-79.20885551,-3.96796511],[-79.20919832,-3.9674097],[-79.20942453,-3.96651235],[-79.209455,-3.96625431],[-79.20955761,-3.96594731],[-79.20961453,-3.96581589],[-79.20965085,-3.96566831],[-79.20971778,-3.96546806],[-79.20990214,-3.96481106],[-79.21015678,-3.96435686],[-79.21036255,-3.96417449],[-79.21050771,-3.96407662],[-79.2106857,-3.96404187],[-79.21086329,-3.96404226],[-79.21100264,-3.96399194],[-79.21112796,-3.96389301],[-79.21172731,-3.96350311],[-79.21208521,-3.96312137],[-79.21224089,-3.96267942],[-79.21231652,-3.96230388],[-79.2123612,-3.962082],[-79.21255764,-3.96174852],[-79.21256857,-3.96172996],[-79.21269476,-3.96165523],[-79.21283956,-3.96160398],[-79.21296093,-3.96159955],[-79.21311962,-3.96160458],[-79.21327361,-3.96162367],[-79.21339026,-3.96164267],[-79.21349758,-3.96165697],[-79.21358161,-3.96165246],[-79.21367497,-3.96164797],[-79.21378703,-3.96162947],[-79.21380418,-3.96162592],[-79.21380442,-3.96162592],[-79.21380961,-3.96162473],[-79.21381494,-3.96162351],[-79.21415173,-3.9615463],[-79.21402966,-3.96150728],[-79.21395554,-3.96148161],[-79.21354886,-3.961241],[-79.21334631,-3.96126127],[-79.21310628,-3.96125559],[-79.21301069,-3.96125332],[-79.21287737,-3.9612214],[-79.21272349,-3.96113194],[-79.2126503,-3.96108094],[-79.2124963,-3.96098933],[-79.2123616,-3.96090919],[-79.21233701,-3.96089456],[-79.21222362,-3.96083368],[-79.21198939,-3.96070189],[-79.21193709,-3.96067311],[-79.21178779,-3.9605865],[-79.21163654,-3.96049876],[-79.21155797,-3.96045065],[-79.2114279,-3.96037736],[-79.21135905,-3.96033856],[-79.21129646,-3.9603033],[-79.21127715,-3.96029286],[-79.21121845,-3.96025872],[-79.21121431,-3.96027019]]]]}},{"type":"Feature","properties":{"nombre":"Zalapa","parroquia":"Carigán","parroquiaId":"carigan","poblacion":230},"geometry":{"type":"MultiPolygon","coordinates":[[[[-79.24395149,-3.9444834],[-79.24390717,-3.9444869],[-79.24383502,-3.94447095],[-79.24378781,-3.94449167],[-79.24375347,-3.94450595],[-79.24364979,-3.94453516],[-79.24358397,-3.9445666],[-79.2435225,-3.94457221],[-79.24343026,-3.9445914],[-79.24334518,-3.94460701],[-79.24330228,-3.94461625],[-79.24320575,-3.94464045],[-79.24317573,-3.9446411],[-79.24312285,-3.94463955],[-79.24307284,-3.94463442],[-79.24304352,-3.94463939],[-79.24300347,-3.94465437],[-79.24298271,-3.94467227],[-79.24294546,-3.94471454],[-79.24290751,-3.94474533],[-79.24284171,-3.94477103],[-79.24279094,-3.94478599],[-79.24274944,-3.94480744],[-79.2426958,-3.94482814],[-79.24266862,-3.94483956],[-79.24262633,-3.9448969],[-79.24258192,-3.94494561],[-79.2425118,-3.94498135],[-79.2424574,-3.94502286],[-79.24241876,-3.94504862],[-79.24239087,-3.94505359],[-79.24224588,-3.94501093],[-79.2422274,-3.94496711],[-79.24218821,-3.94490889],[-79.24212328,-3.94486138],[-79.24209642,-3.94484848],[-79.24208818,-3.94484768],[-79.24206501,-3.94484541],[-79.24203955,-3.94485662],[-79.24200657,-3.94488586],[-79.24198629,-3.94492638],[-79.24196821,-3.94498419],[-79.2419591,-3.94504954],[-79.24194916,-3.94507998],[-79.24194856,-3.94508182],[-79.24191039,-3.9450885],[-79.24186401,-3.94508916],[-79.24181015,-3.94508829],[-79.24175761,-3.94508574],[-79.24172937,-3.94508436],[-79.24163586,-3.94508416],[-79.24155809,-3.94506972],[-79.24145639,-3.94505073],[-79.24143691,-3.94504812],[-79.241399,-3.94504207],[-79.2410135,-3.94552215],[-79.24090033,-3.94564393],[-79.24077415,-3.94583028],[-79.24076291,-3.94586576],[-79.2407533,-3.9458876],[-79.2406938,-3.94603281],[-79.24068665,-3.94604577],[-79.24062336,-3.94616039],[-79.24056842,-3.94621973],[-79.24043221,-3.94634496],[-79.24037278,-3.94645494],[-79.24030467,-3.94652086],[-79.24022124,-3.94656913],[-79.24021458,-3.94661096],[-79.24023512,-3.94666981],[-79.24012422,-3.94654993],[-79.23995052,-3.94636216],[-79.23987585,-3.94640743],[-79.23962051,-3.94656526],[-79.23940957,-3.94669473],[-79.2393485,-3.94673481],[-79.23911781,-3.94688527],[-79.23870259,-3.94709207],[-79.23876621,-3.94718704],[-79.23891141,-3.94737879],[-79.23910299,-3.94746537],[-79.23917377,-3.94749736],[-79.23910285,-3.94759944],[-79.23907555,-3.94763968],[-79.23907952,-3.94769886],[-79.23911759,-3.9479226],[-79.23929237,-3.94830576],[-79.23933713,-3.94849864],[-79.23937725,-3.94867153],[-79.23937639,-3.94907583],[-79.23937756,-3.94920459],[-79.23937987,-3.94945863],[-79.23937454,-3.94962371],[-79.23935882,-3.94970005],[-79.23935318,-3.9497195],[-79.23935255,-3.94973684],[-79.2393668,-3.94975302],[-79.23951484,-3.94987834],[-79.23970035,-3.9500199],[-79.23982171,-3.95008416],[-79.23991277,-3.95011485],[-79.23995862,-3.95011794],[-79.24000263,-3.95010879],[-79.24009514,-3.95005363],[-79.24022196,-3.94995832],[-79.24031927,-3.94990111],[-79.24040796,-3.94986972],[-79.24056522,-3.94985282],[-79.2407268,-3.94982589],[-79.24082119,-3.94980169],[-79.24089697,-3.94978606],[-79.24093657,-3.94987316],[-79.24117025,-3.95033644],[-79.24142504,-3.95084085],[-79.24161026,-3.95112548],[-79.24176555,-3.95136554],[-79.24191237,-3.95155773],[-79.2420017,-3.95167468],[-79.24201404,-3.95169767],[-79.24201305,-3.95171299],[-79.24200156,-3.95173784],[-79.24196615,-3.95181242],[-79.24194219,-3.95187648],[-79.24194212,-3.95191189],[-79.24194492,-3.95194061],[-79.24195535,-3.95196551],[-79.24196194,-3.95200094],[-79.24196189,-3.95202582],[-79.24196374,-3.95205166],[-79.24197798,-3.95207849],[-79.24206731,-3.95219161],[-79.24227453,-3.95243704],[-79.24248054,-3.95280402],[-79.24273212,-3.95324861],[-79.2427792,-3.95324735],[-79.24287586,-3.95317055],[-79.24379223,-3.95244246],[-79.24381275,-3.9524639],[-79.24405382,-3.95271578],[-79.24410686,-3.95277221],[-79.24441883,-3.95311218],[-79.24471048,-3.9535166],[-79.2447795,-3.9535887],[-79.24508379,-3.95388274],[-79.24542309,-3.95421072],[-79.24545057,-3.95423521],[-79.24587226,-3.95380493],[-79.24641858,-3.953207],[-79.24678531,-3.95281731],[-79.24719225,-3.95234158],[-79.2474577,-3.95208375],[-79.24761629,-3.95189077],[-79.2476852,-3.95174353],[-79.24770831,-3.95163065],[-79.24771846,-3.95150258],[-79.24772201,-3.95146033],[-79.24770698,-3.95135886],[-79.2476748,-3.9512516],[-79.24761602,-3.95110984],[-79.24752302,-3.95094163],[-79.24741852,-3.95077447],[-79.2473217,-3.95059625],[-79.24724965,-3.9504181],[-79.24721762,-3.95024194],[-79.24722935,-3.95009874],[-79.24725439,-3.94997788],[-79.24730215,-3.94987032],[-79.24733861,-3.94980388],[-79.24740552,-3.94970258],[-79.24748768,-3.94960322],[-79.24761367,-3.94950587],[-79.24776056,-3.94943919],[-79.248018,-3.94936126],[-79.24841445,-3.94928443],[-79.24874822,-3.94922308],[-79.24902849,-3.94916434],[-79.24939651,-3.94907037],[-79.24962059,-3.94899907],[-79.24973987,-3.94892276],[-79.25001203,-3.94864102],[-79.25039285,-3.94824233],[-79.24436271,-3.94440838],[-79.24433469,-3.94441746],[-79.2442353,-3.9444395],[-79.2441152,-3.94445647],[-79.24402728,-3.94446562],[-79.24399225,-3.94447129],[-79.24395149,-3.9444834]]]]}},{"type":"Feature","properties":{"nombre":"Sauces Norte","parroquia":"Carigán","parroquiaId":"carigan","poblacion":3810},"geometry":{"type":"MultiPolygon","coordinates":[[[[-79.2201199,-3.94682065],[-79.22027146,-3.94683673],[-79.22050733,-3.94682289],[-79.2206551,-3.94686154],[-79.22072273,-3.94688609],[-79.22099752,-3.94707754],[-79.22120439,-3.94725982],[-79.22126786,-3.94732216],[-79.22131829,-3.94735576],[-79.22137348,-3.94739225],[-79.22145153,-3.9474307],[-79.22156108,-3.94745007],[-79.22169729,-3.94747333],[-79.22181259,-3.94747071],[-79.22191075,-3.94746518],[-79.22194601,-3.94746334],[-79.22201274,-3.947452],[-79.22205564,-3.94744443],[-79.22212333,-3.9474264],[-79.22217673,-3.94740737],[-79.22220915,-3.94739883],[-79.22225964,-3.94740468],[-79.22231582,-3.9474249],[-79.22237582,-3.94743842],[-79.2225441,-3.94743114],[-79.22254049,-3.94741043],[-79.22248866,-3.94713876],[-79.22238714,-3.94670909],[-79.22223814,-3.94620275],[-79.22211172,-3.945718],[-79.22204563,-3.94542717],[-79.22200917,-3.94521176],[-79.22199549,-3.94492344],[-79.2219958,-3.9447763],[-79.2220104,-3.94463398],[-79.22207055,-3.94435179],[-79.22213053,-3.94415214],[-79.22219284,-3.94397643],[-79.22229578,-3.94373979],[-79.22237709,-3.94359282],[-79.22254435,-3.94335273],[-79.22267568,-3.94320827],[-79.22281536,-3.94305904],[-79.22295378,-3.9429409],[-79.22309217,-3.94283713],[-79.22325794,-3.94273819],[-79.22360853,-3.94254754],[-79.22381722,-3.94243076],[-79.2243693,-3.94214723],[-79.2247581,-3.94191479],[-79.22490599,-3.9418218],[-79.22502414,-3.94171439],[-79.22510294,-3.94162723],[-79.22518176,-3.94152811],[-79.22523909,-3.94145526],[-79.22529166,-3.94137881],[-79.22538138,-3.94119478],[-79.22558497,-3.94067245],[-79.22569146,-3.94044778],[-79.22585661,-3.94008088],[-79.22598113,-3.9397773],[-79.22603632,-3.93958602],[-79.22605803,-3.93945806],[-79.22606074,-3.93930734],[-79.22606103,-3.93916858],[-79.22604539,-3.93894681],[-79.22598093,-3.93874732],[-79.2259252,-3.93862638],[-79.22585753,-3.93852216],[-79.2257246,-3.93830057],[-79.2255595,-3.9380813],[-79.2253932,-3.93786443],[-79.22517935,-3.93760797],[-79.22500836,-3.93735998],[-79.22489211,-3.93713364],[-79.22482461,-3.93694927],[-79.22477608,-3.93680203],[-79.22476961,-3.93676085],[-79.22476668,-3.93674219],[-79.22474955,-3.93658007],[-79.22474097,-3.93650767],[-79.22474246,-3.93636652],[-79.22476422,-3.93621464],[-79.22486259,-3.93588468],[-79.22493823,-3.93560372],[-79.22494386,-3.93552634],[-79.2249505,-3.93543508],[-79.22494961,-3.93541877],[-79.22494362,-3.93530826],[-79.22486833,-3.93493828],[-79.22471725,-3.93461922],[-79.22448954,-3.934212],[-79.22440524,-3.93406125],[-79.22410774,-3.93342761],[-79.22409483,-3.93340009],[-79.22401802,-3.9332365],[-79.22375308,-3.9326722],[-79.22373023,-3.9325739],[-79.22371383,-3.9325034],[-79.22368058,-3.9323333],[-79.22365338,-3.93216212],[-79.22363226,-3.93199008],[-79.22361724,-3.93181739],[-79.22361663,-3.93180566],[-79.22360834,-3.93164427],[-79.22360588,-3.93148982],[-79.22360558,-3.93147095],[-79.22360896,-3.93129763],[-79.22361847,-3.93112455],[-79.22363411,-3.93095191],[-79.22365384,-3.93079584],[-79.22365585,-3.93077995],[-79.22366037,-3.93075937],[-79.22360731,-3.93073099],[-79.2235926,-3.93072313],[-79.2235538,-3.93070238],[-79.22350715,-3.93067743],[-79.22343907,-3.93064102],[-79.22339672,-3.93061837],[-79.22339355,-3.93067936],[-79.22338874,-3.93077209],[-79.22338633,-3.93081859],[-79.22338082,-3.93092457],[-79.22337281,-3.93105282],[-79.2233666,-3.9311523],[-79.2233608,-3.93124513],[-79.22335671,-3.93131068],[-79.22334926,-3.93142981],[-79.22335407,-3.93148929],[-79.22336298,-3.93159954],[-79.22337023,-3.93168915],[-79.22337898,-3.93179736],[-79.22339976,-3.93188162],[-79.22341748,-3.93195343],[-79.22343944,-3.93204248],[-79.22344258,-3.93210149],[-79.22344832,-3.93220949],[-79.2234541,-3.93231813],[-79.22344053,-3.93239219],[-79.22342326,-3.9324865],[-79.2233475,-3.93257308],[-79.22331627,-3.93260877],[-79.22326931,-3.93263811],[-79.22319415,-3.93268506],[-79.22256861,-3.9328981],[-79.22237012,-3.93303548],[-79.22218623,-3.93347914],[-79.22224666,-3.93373957],[-79.22233771,-3.93393882],[-79.22283186,-3.93420846],[-79.22290116,-3.93424627],[-79.22293421,-3.93427327],[-79.22338986,-3.93464564],[-79.22391638,-3.93522939],[-79.2240546,-3.93538264],[-79.22405079,-3.93543327],[-79.22405618,-3.93551707],[-79.22405983,-3.93557392],[-79.22406129,-3.93561752],[-79.22406422,-3.93570518],[-79.22403588,-3.93585982],[-79.22395146,-3.93605183],[-79.22391887,-3.93611887],[-79.22387177,-3.93621573],[-79.22377344,-3.93636084],[-79.22362586,-3.93662538],[-79.2235172,-3.9367989],[-79.22344813,-3.93691779],[-79.22337137,-3.93705395],[-79.22330725,-3.93720129],[-79.22326493,-3.93734652],[-79.22321314,-3.93755735],[-79.22317058,-3.93781977],[-79.22312613,-3.93809994],[-79.22311854,-3.9381478],[-79.22303146,-3.93849216],[-79.2229843,-3.93872176],[-79.22275399,-3.9392749],[-79.22253005,-3.93968386],[-79.22219441,-3.93977155],[-79.22164259,-3.94042012],[-79.22156859,-3.94050708],[-79.22140495,-3.94063799],[-79.22129738,-3.94074089],[-79.22119907,-3.94087662],[-79.22118665,-3.94090498],[-79.22113341,-3.94102649],[-79.22108171,-3.94119513],[-79.22112665,-3.94179441],[-79.22101978,-3.94233568],[-79.22081814,-3.94269624],[-79.22061823,-3.94294968],[-79.22051998,-3.94305729],[-79.22023495,-3.94351255],[-79.21992781,-3.94377202],[-79.21943051,-3.94397269],[-79.21931348,-3.94412818],[-79.21919187,-3.94433317],[-79.219156,-3.94465521],[-79.21927526,-3.94563988],[-79.21958446,-3.94614432],[-79.21986371,-3.94656962],[-79.2201199,-3.94682065]]]]}},{"type":"Feature","properties":{"nombre":"Motupe","parroquia":"Carigán","parroquiaId":"carigan","poblacion":7254},"geometry":{"type":"MultiPolygon","coordinates":[[[[-79.22448954,-3.934212],[-79.22471725,-3.93461922],[-79.22486833,-3.93493828],[-79.22494362,-3.93530826],[-79.22494961,-3.93541877],[-79.2249505,-3.93543508],[-79.22494386,-3.93552634],[-79.22493823,-3.93560372],[-79.22486259,-3.93588468],[-79.22476422,-3.93621464],[-79.22474246,-3.93636652],[-79.22474097,-3.93650767],[-79.22474955,-3.93658007],[-79.22476668,-3.93674219],[-79.22476961,-3.93676085],[-79.22477608,-3.93680203],[-79.22482461,-3.93694927],[-79.22489211,-3.93713364],[-79.22500836,-3.93735998],[-79.22517935,-3.93760797],[-79.2253932,-3.93786443],[-79.2255595,-3.9380813],[-79.2257246,-3.93830057],[-79.22585753,-3.93852216],[-79.2259252,-3.93862638],[-79.22598093,-3.93874732],[-79.22604539,-3.93894681],[-79.22606103,-3.93916858],[-79.22606074,-3.93930734],[-79.22605803,-3.93945806],[-79.22603632,-3.93958602],[-79.22598113,-3.9397773],[-79.22585661,-3.94008088],[-79.22569146,-3.94044778],[-79.22558497,-3.94067245],[-79.22538138,-3.94119478],[-79.22529166,-3.94137881],[-79.22523909,-3.94145526],[-79.22518176,-3.94152811],[-79.22510294,-3.94162723],[-79.22502414,-3.94171439],[-79.22490599,-3.9418218],[-79.2247581,-3.94191479],[-79.2243693,-3.94214723],[-79.22381722,-3.94243076],[-79.22360853,-3.94254754],[-79.22325794,-3.94273819],[-79.22309217,-3.94283713],[-79.22295378,-3.9429409],[-79.22281536,-3.94305904],[-79.22267568,-3.94320827],[-79.22254435,-3.94335273],[-79.22237709,-3.94359282],[-79.22229578,-3.94373979],[-79.22219284,-3.94397643],[-79.22213053,-3.94415214],[-79.22207055,-3.94435179],[-79.2220104,-3.94463398],[-79.2219958,-3.9447763],[-79.22199549,-3.94492344],[-79.22200917,-3.94521176],[-79.22204563,-3.94542717],[-79.22211172,-3.945718],[-79.22223814,-3.94620275],[-79.22238714,-3.94670909],[-79.22248866,-3.94713876],[-79.22254049,-3.94741043],[-79.2225441,-3.94743114],[-79.22237582,-3.94743842],[-79.22231582,-3.9474249],[-79.22225964,-3.94740468],[-79.22220915,-3.94739883],[-79.22217673,-3.94740737],[-79.22212333,-3.9474264],[-79.22205564,-3.94744443],[-79.22201274,-3.947452],[-79.22194601,-3.94746334],[-79.22191075,-3.94746518],[-79.22181259,-3.94747071],[-79.22169729,-3.94747333],[-79.22156108,-3.94745007],[-79.22145153,-3.9474307],[-79.22137348,-3.94739225],[-79.22131829,-3.94735576],[-79.22126786,-3.94732216],[-79.22120439,-3.94725982],[-79.22099752,-3.94707754],[-79.22072273,-3.94688609],[-79.2206551,-3.94686154],[-79.22050733,-3.94682289],[-79.22027146,-3.94683673],[-79.2201199,-3.94682065],[-79.22013728,-3.94690298],[-79.22014762,-3.94695196],[-79.22017062,-3.9471114],[-79.22017425,-3.94718756],[-79.22017956,-3.94729892],[-79.22018378,-3.94750988],[-79.22019715,-3.94780523],[-79.22020614,-3.94796463],[-79.22028357,-3.94830359],[-79.22025477,-3.94869227],[-79.22003945,-3.94897125],[-79.21970216,-3.94963116],[-79.21997664,-3.94980207],[-79.22007483,-3.94990523],[-79.2201021,-3.94993549],[-79.22014502,-3.94999666],[-79.22029216,-3.95021211],[-79.22033843,-3.95022582],[-79.22044778,-3.95033611],[-79.22068315,-3.95055912],[-79.2208281,-3.9507293],[-79.2208866,-3.95080688],[-79.22096663,-3.95088217],[-79.22096921,-3.9508846],[-79.22097049,-3.95088535],[-79.22104036,-3.95094299],[-79.22116545,-3.9510005],[-79.22134641,-3.95108812],[-79.22148023,-3.95114332],[-79.22156014,-3.95117628],[-79.22159252,-3.95118223],[-79.22160919,-3.95118466],[-79.22162417,-3.9511787],[-79.2216426,-3.9511608],[-79.22169332,-3.95111426],[-79.22175891,-3.95107492],[-79.22184829,-3.95105358],[-79.22191749,-3.95104691],[-79.22197043,-3.95104484],[-79.22202852,-3.95104257],[-79.22204952,-3.95104174],[-79.22207045,-3.95104748],[-79.22208055,-3.95105648],[-79.22208393,-3.95107886],[-79.22204745,-3.95136029],[-79.22201394,-3.95164948],[-79.22198338,-3.95185612],[-79.22189752,-3.95228515],[-79.22185117,-3.95255284],[-79.22181913,-3.95289546],[-79.22181299,-3.95298446],[-79.22181003,-3.95302414],[-79.22180466,-3.953099],[-79.22180354,-3.95320381],[-79.22180315,-3.95330465],[-79.22180234,-3.95334578],[-79.22180419,-3.95340513],[-79.22180668,-3.95349985],[-79.22180921,-3.95358085],[-79.22181154,-3.95366312],[-79.22183304,-3.95392484],[-79.2218399,-3.95406243],[-79.221848,-3.95421935],[-79.22184734,-3.95423109],[-79.22184775,-3.95428792],[-79.22184776,-3.95436892],[-79.22184814,-3.95444559],[-79.22184703,-3.95454427],[-79.2218434,-3.95464402],[-79.22183904,-3.95475135],[-79.22183574,-3.95478634],[-79.22182497,-3.95486515],[-79.22180946,-3.95497967],[-79.22180544,-3.95501069],[-79.22180465,-3.9550144],[-79.2218044,-3.95501638],[-79.22180294,-3.95502323],[-79.22176369,-3.95516641],[-79.22173168,-3.95526813],[-79.22170973,-3.95533735],[-79.22171322,-3.95537445],[-79.22172629,-3.95538883],[-79.22175368,-3.95539248],[-79.22180729,-3.95538781],[-79.22188361,-3.95534849],[-79.22233707,-3.95502959],[-79.22243822,-3.95496234],[-79.22257368,-3.9548966],[-79.2227992,-3.95482052],[-79.22315872,-3.95469114],[-79.22324978,-3.95466358],[-79.2233084,-3.95465414],[-79.2234961,-3.95466172],[-79.22362858,-3.95464956],[-79.22378685,-3.95460827],[-79.22393605,-3.95457701],[-79.22399323,-3.95457427],[-79.22406754,-3.95457825],[-79.22414231,-3.9545942],[-79.22427518,-3.95462224],[-79.22433189,-3.95461662],[-79.22443918,-3.95457666],[-79.22455792,-3.95452715],[-79.22478727,-3.9544439],[-79.22495557,-3.95438876],[-79.22504808,-3.95435163],[-79.22510766,-3.95434028],[-79.22514198,-3.95433461],[-79.22530446,-3.95432778],[-79.22559703,-3.95431501],[-79.22590344,-3.95429126],[-79.22642664,-3.95425918],[-79.22656749,-3.95424342],[-79.22669737,-3.95421143],[-79.22678065,-3.95419276],[-79.22683237,-3.95418154],[-79.22686478,-3.95417525],[-79.22690944,-3.95417427],[-79.22693695,-3.9541772],[-79.22696089,-3.9541812],[-79.22699052,-3.95419526],[-79.22701115,-3.95420945],[-79.2270972,-3.95427121],[-79.22718035,-3.95431912],[-79.22726783,-3.95435556],[-79.22740781,-3.95440072],[-79.22758311,-3.95447036],[-79.22762382,-3.954483],[-79.22765952,-3.95449887],[-79.22769485,-3.95452012],[-79.22773193,-3.95455788],[-79.22773271,-3.95455844],[-79.22775002,-3.95457813],[-79.22782873,-3.95471081],[-79.22791183,-3.95483779],[-79.22801104,-3.95495823],[-79.22806449,-3.95502773],[-79.22811258,-3.95509901],[-79.22813874,-3.95512],[-79.22815778,-3.95512901],[-79.22819289,-3.95514045],[-79.22826611,-3.95515556],[-79.22832028,-3.95516113],[-79.22840053,-3.95516189],[-79.22842618,-3.95516234],[-79.22860318,-3.95516447],[-79.22864204,-3.95516495],[-79.2286844,-3.95516543],[-79.22877144,-3.95516679],[-79.22881166,-3.95516707],[-79.22885829,-3.95516912],[-79.22890609,-3.95517078],[-79.2289465,-3.95517282],[-79.22897409,-3.95517288],[-79.22899935,-3.95517254],[-79.22908252,-3.95517038],[-79.2291065,-3.95516716],[-79.22914907,-3.95516423],[-79.22921429,-3.95515427],[-79.22924228,-3.95515004],[-79.22925277,-3.95514811],[-79.22926793,-3.95514775],[-79.22929125,-3.95514663],[-79.22932234,-3.95514552],[-79.22936936,-3.95514836],[-79.22940353,-3.95515975],[-79.22943381,-3.95517464],[-79.22943808,-3.95517777],[-79.22944817,-3.9551856],[-79.22945709,-3.95519343],[-79.22946632,-3.95520008],[-79.22946777,-3.95520086],[-79.22962445,-3.95530997],[-79.22975362,-3.95539782],[-79.22987422,-3.9554799],[-79.23006815,-3.95566234],[-79.23016805,-3.95577265],[-79.23019815,-3.95580601],[-79.23022224,-3.95583306],[-79.23024287,-3.95587761],[-79.23028792,-3.95600073],[-79.23035659,-3.95617428],[-79.230432,-3.95633522],[-79.23045049,-3.95637905],[-79.23050086,-3.956555],[-79.23053481,-3.95672303],[-79.2305613,-3.95688699],[-79.23057999,-3.95698654],[-79.23060702,-3.95704474],[-79.23068122,-3.95710304],[-79.23078905,-3.95717006],[-79.23079407,-3.95717175],[-79.23084254,-3.95719741],[-79.2309104,-3.9572155],[-79.23100113,-3.95722789],[-79.23113548,-3.95723249],[-79.23131701,-3.95723216],[-79.23148637,-3.95724329],[-79.23165503,-3.95724221],[-79.23175543,-3.95722925],[-79.23180231,-3.95721884],[-79.23182447,-3.95721674],[-79.23184019,-3.95721677],[-79.2318602,-3.95721753],[-79.23187926,-3.9572256],[-79.23189732,-3.95723699],[-79.23192456,-3.95726685],[-79.23199384,-3.95734638],[-79.23211887,-3.9574768],[-79.2322358,-3.95760481],[-79.23239607,-3.95774679],[-79.23250263,-3.95782167],[-79.23275674,-3.95797246],[-79.23288047,-3.95804115],[-79.23289331,-3.95805171],[-79.23293468,-3.95809247],[-79.23315332,-3.95833984],[-79.23334581,-3.95856468],[-79.23343846,-3.95868641],[-79.23352873,-3.95880575],[-79.23366754,-3.95895295],[-79.2339257,-3.95917904],[-79.23404342,-3.9592565],[-79.23414338,-3.95932066],[-79.23425167,-3.95936875],[-79.23428264,-3.9593762],[-79.23438019,-3.95942524],[-79.23448614,-3.95945299],[-79.23454926,-3.95945791],[-79.23461479,-3.95945326],[-79.23468869,-3.9594271],[-79.23477221,-3.95936268],[-79.23480973,-3.95931167],[-79.23497891,-3.95906286],[-79.23513074,-3.95880001],[-79.23522866,-3.95868179],[-79.23530501,-3.95863051],[-79.23538612,-3.95857446],[-79.23547556,-3.9585268],[-79.23553635,-3.95850779],[-79.23564713,-3.95850204],[-79.23584338,-3.95850511],[-79.2359643,-3.95849754],[-79.23606533,-3.9584901],[-79.2361721,-3.95846736],[-79.23624649,-3.95843881],[-79.23636176,-3.95837053],[-79.23654221,-3.95828823],[-79.23668523,-3.95824834],[-79.23680342,-3.95823137],[-79.23691968,-3.95823161],[-79.2370569,-3.95822999],[-79.23715216,-3.95824359],[-79.23720905,-3.95827231],[-79.23731142,-3.95833581],[-79.23739711,-3.95836853],[-79.23751907,-3.9583774],[-79.23759911,-3.95837757],[-79.23764295,-3.95837479],[-79.23776691,-3.95833678],[-79.23788123,-3.95830508],[-79.23793378,-3.9582845],[-79.23797001,-3.95827309],[-79.23799765,-3.95827219],[-79.23800149,-3.95827275],[-79.23791242,-3.95818111],[-79.23785788,-3.95806376],[-79.23785213,-3.95796446],[-79.23787135,-3.95789153],[-79.23794187,-3.95777684],[-79.23804699,-3.95763112],[-79.23816257,-3.95748508],[-79.23819044,-3.95738858],[-79.23818705,-3.95730125],[-79.23814921,-3.95717436],[-79.23805551,-3.95698396],[-79.2379855,-3.956857],[-79.23781374,-3.95640684],[-79.23774741,-3.95622965],[-79.23767999,-3.95600461],[-79.23759944,-3.9557915],[-79.23752232,-3.95564898],[-79.23714978,-3.95517263],[-79.23693532,-3.95497663],[-79.23662397,-3.95463383],[-79.23641127,-3.95439173],[-79.236195,-3.95414723],[-79.23619028,-3.95412569],[-79.23619152,-3.95410416],[-79.23619637,-3.95406589],[-79.23619646,-3.95402163],[-79.23613255,-3.95382889],[-79.23609716,-3.95366254],[-79.23607538,-3.95342715],[-79.2360649,-3.95314568],[-79.23604388,-3.95294706],[-79.23599533,-3.95281417],[-79.23588656,-3.95242874],[-79.23581021,-3.95221192],[-79.23573839,-3.95208629],[-79.23570407,-3.95198454],[-79.23565435,-3.95183849],[-79.23562705,-3.9517913],[-79.23557956,-3.95171942],[-79.23558014,-3.95169626],[-79.23554461,-3.95163222],[-79.23551893,-3.95157315],[-79.23552333,-3.95152566],[-79.23549902,-3.9514997],[-79.23551351,-3.95147752],[-79.23563239,-3.95139697],[-79.23574445,-3.95132104],[-79.23592644,-3.95119773],[-79.23598023,-3.95112497],[-79.23597819,-3.95112055],[-79.23591896,-3.95099216],[-79.23587289,-3.95094062],[-79.23578902,-3.95075648],[-79.2357393,-3.95069915],[-79.23569237,-3.95069862],[-79.2356274,-3.95058847],[-79.23561861,-3.95054564],[-79.23560626,-3.95050637],[-79.23553994,-3.95040599],[-79.23551065,-3.95036166],[-79.23550313,-3.95034306],[-79.23561656,-3.95034333],[-79.2357012,-3.95034354],[-79.23568351,-3.95028858],[-79.23564738,-3.95017633],[-79.23563344,-3.94986083],[-79.23560599,-3.94984276],[-79.23563071,-3.94983957],[-79.23567318,-3.94982456],[-79.23575319,-3.94981882],[-79.23620376,-3.94984025],[-79.23629818,-3.94964951],[-79.23630687,-3.94949216],[-79.23633841,-3.94939571],[-79.23636681,-3.9493024],[-79.23645384,-3.94929586],[-79.23645307,-3.94925935],[-79.2364475,-3.94921713],[-79.23644006,-3.94917728],[-79.23644023,-3.94916198],[-79.23644659,-3.94911583],[-79.23645925,-3.94905711],[-79.23648023,-3.94901729],[-79.23645529,-3.94895639],[-79.23645014,-3.94891966],[-79.23644974,-3.94891313],[-79.23648074,-3.94890249],[-79.23659211,-3.94888655],[-79.23681866,-3.94883969],[-79.23705968,-3.94881608],[-79.23715508,-3.94880674],[-79.2371716,-3.94880512],[-79.23728189,-3.94878238],[-79.23748159,-3.9487412],[-79.23757016,-3.94871077],[-79.237626,-3.94870007],[-79.23768853,-3.94868809],[-79.23774879,-3.94862386],[-79.23775435,-3.94859511],[-79.23775927,-3.9485697],[-79.23778015,-3.94851139],[-79.23783757,-3.94834166],[-79.2378877,-3.94818755],[-79.23790644,-3.94815529],[-79.23793869,-3.94811367],[-79.23811425,-3.94801297],[-79.23821294,-3.94795483],[-79.23830025,-3.94788207],[-79.23843013,-3.94778961],[-79.23877778,-3.94754226],[-79.23892146,-3.9476281],[-79.23903608,-3.94769657],[-79.23907555,-3.94763968],[-79.23910285,-3.94759944],[-79.23917377,-3.94749736],[-79.23910299,-3.94746537],[-79.23891141,-3.94737879],[-79.23876621,-3.94718704],[-79.23870259,-3.94709207],[-79.23911781,-3.94688527],[-79.2393485,-3.94673481],[-79.23940957,-3.94669473],[-79.23962051,-3.94656526],[-79.23987585,-3.94640743],[-79.23995052,-3.94636216],[-79.24012422,-3.94654993],[-79.24023512,-3.94666981],[-79.24021458,-3.94661096],[-79.24022124,-3.94656913],[-79.24030467,-3.94652086],[-79.24037278,-3.94645494],[-79.24043221,-3.94634496],[-79.24056842,-3.94621973],[-79.24062336,-3.94616039],[-79.24068665,-3.94604577],[-79.2406938,-3.94603281],[-79.2407533,-3.9458876],[-79.24076291,-3.94586576],[-79.24077415,-3.94583028],[-79.24090033,-3.94564393],[-79.2410135,-3.94552215],[-79.241399,-3.94504207],[-79.24143691,-3.94504812],[-79.24145639,-3.94505073],[-79.24155809,-3.94506972],[-79.24163586,-3.94508416],[-79.24172937,-3.94508436],[-79.24175761,-3.94508574],[-79.24181015,-3.94508829],[-79.24186401,-3.94508916],[-79.24191039,-3.9450885],[-79.24194856,-3.94508182],[-79.24194916,-3.94507998],[-79.2419591,-3.94504954],[-79.24196821,-3.94498419],[-79.24198629,-3.94492638],[-79.24200657,-3.94488586],[-79.24203955,-3.94485662],[-79.24206501,-3.94484541],[-79.24208818,-3.94484768],[-79.24209642,-3.94484848],[-79.24212328,-3.94486138],[-79.24218821,-3.94490889],[-79.2422274,-3.94496711],[-79.24224588,-3.94501093],[-79.24239087,-3.94505359],[-79.24241876,-3.94504862],[-79.2424574,-3.94502286],[-79.2425118,-3.94498135],[-79.24258192,-3.94494561],[-79.24262633,-3.9448969],[-79.24266862,-3.94483956],[-79.2426958,-3.94482814],[-79.24274944,-3.94480744],[-79.24279094,-3.94478599],[-79.24284171,-3.94477103],[-79.24290751,-3.94474533],[-79.24294546,-3.94471454],[-79.24298271,-3.94467227],[-79.24300347,-3.94465437],[-79.24304352,-3.94463939],[-79.24307284,-3.94463442],[-79.24312285,-3.94463955],[-79.24317573,-3.9446411],[-79.24320575,-3.94464045],[-79.24330228,-3.94461625],[-79.24334518,-3.94460701],[-79.24343026,-3.9445914],[-79.2435225,-3.94457221],[-79.24358397,-3.9445666],[-79.24364979,-3.94453516],[-79.24375347,-3.94450595],[-79.24378781,-3.94449167],[-79.24383502,-3.94447095],[-79.24390717,-3.9444869],[-79.24395149,-3.9444834],[-79.24399225,-3.94447129],[-79.24402728,-3.94446562],[-79.2441152,-3.94445647],[-79.2442353,-3.9444395],[-79.24433469,-3.94441746],[-79.24436271,-3.94440838],[-79.24432403,-3.94438379],[-79.24427876,-3.94435501],[-79.24355823,-3.94389689],[-79.24354522,-3.94385305],[-79.24318525,-3.94263982],[-79.24324272,-3.94249639],[-79.2433287,-3.9423913],[-79.24338628,-3.94220002],[-79.24342512,-3.94185558],[-79.24349244,-3.94155904],[-79.24349322,-3.94118977],[-79.24342116,-3.94112811],[-79.24341724,-3.94112554],[-79.24340538,-3.94111776],[-79.24332504,-3.94106508],[-79.24331522,-3.94105864],[-79.24329484,-3.94104527],[-79.24327572,-3.94103273],[-79.24311936,-3.94089545],[-79.24310804,-3.94087895],[-79.24310612,-3.94087478],[-79.24309837,-3.94085791],[-79.24309234,-3.94084114],[-79.24308257,-3.94081399],[-79.2429988,-3.94053077],[-79.24298262,-3.94045417],[-79.24279832,-3.94035216],[-79.24277294,-3.94033811],[-79.24276159,-3.94033183],[-79.24274614,-3.94032184],[-79.24274446,-3.9403204],[-79.24273954,-3.94031617],[-79.24259926,-3.94007989],[-79.24259761,-3.9400747],[-79.24258338,-3.9400299],[-79.24258061,-3.94002119],[-79.24257382,-3.93999983],[-79.24256002,-3.93995638],[-79.24244386,-3.93979582],[-79.24243313,-3.9397867],[-79.24242729,-3.93978174],[-79.24240355,-3.93976158],[-79.2421079,-3.93959108],[-79.24207939,-3.93957737],[-79.24205544,-3.93956585],[-79.24202845,-3.93955287],[-79.24188196,-3.93947172],[-79.24177208,-3.93937673],[-79.24175655,-3.9393609],[-79.24174865,-3.93934949],[-79.24174294,-3.93934125],[-79.24159289,-3.93908583],[-79.24156489,-3.93905405],[-79.24153123,-3.93901587],[-79.24148228,-3.93896032],[-79.24147311,-3.93895261],[-79.241073,-3.93860962],[-79.24106505,-3.93860087],[-79.24105863,-3.93859251],[-79.24098215,-3.93848449],[-79.24089525,-3.93841874],[-79.24075311,-3.93837066],[-79.24073724,-3.93836277],[-79.24072253,-3.93835287],[-79.24070924,-3.93834112],[-79.24026334,-3.93835413],[-79.2401259,-3.93836129],[-79.24011863,-3.93836147],[-79.24009398,-3.93835913],[-79.23991773,-3.93832421],[-79.23968956,-3.93827476],[-79.23950445,-3.93821236],[-79.23920675,-3.93807374],[-79.23895501,-3.93799976],[-79.23871486,-3.93797053],[-79.23859598,-3.93795606],[-79.2382397,-3.93792912],[-79.23786116,-3.93792832],[-79.2378459,-3.93792828],[-79.23773856,-3.93794411],[-79.23764869,-3.93795735],[-79.23764866,-3.93795736],[-79.23749423,-3.93798012],[-79.23745838,-3.93798632],[-79.23743987,-3.93799075],[-79.23742105,-3.93799621],[-79.23736168,-3.93801594],[-79.23728723,-3.93804069],[-79.23724479,-3.9380548],[-79.23667007,-3.93799179],[-79.23659425,-3.93799163],[-79.23649322,-3.93799142],[-79.23637959,-3.93802229],[-79.23637333,-3.93802383],[-79.23633146,-3.93803307],[-79.2362783,-3.93804481],[-79.23625127,-3.93805078],[-79.23603351,-3.93785966],[-79.23600821,-3.93779112],[-79.23594498,-3.93775283],[-79.23589693,-3.93773894],[-79.23575317,-3.93773863],[-79.23569829,-3.93773852],[-79.23565381,-3.93773842],[-79.23558343,-3.93773827],[-79.2352273,-3.93774207],[-79.23522105,-3.93773482],[-79.23521988,-3.93773346],[-79.23521894,-3.93773237],[-79.23521864,-3.93773195],[-79.23521818,-3.93773146],[-79.23500007,-3.93733384],[-79.23498396,-3.93728822],[-79.23497343,-3.93727017],[-79.2349576,-3.93724301],[-79.23494177,-3.93721584],[-79.23491011,-3.93716152],[-79.23490263,-3.93714869],[-79.23480913,-3.93708853],[-79.2347026,-3.93708117],[-79.23463257,-3.93712684],[-79.23462193,-3.93713378],[-79.23460552,-3.93714449],[-79.23458048,-3.93716082],[-79.23432702,-3.93726897],[-79.2342048,-3.93731861],[-79.23420009,-3.93732042],[-79.23419505,-3.93732214],[-79.23399363,-3.9373864],[-79.2338994,-3.93741708],[-79.23374452,-3.93745984],[-79.23342677,-3.93745518],[-79.23337742,-3.9374238],[-79.23326516,-3.93745237],[-79.23314738,-3.93750007],[-79.2330688,-3.93756328],[-79.23299881,-3.93759739],[-79.23293396,-3.93761609],[-79.23285038,-3.93762447],[-79.23285031,-3.93762446],[-79.23280513,-3.93761379],[-79.23276145,-3.93757975],[-79.23271681,-3.93752572],[-79.23266321,-3.93748166],[-79.23260956,-3.93745758],[-79.23256383,-3.93745149],[-79.23256377,-3.93745151],[-79.23252104,-3.93746938],[-79.23247823,-3.93749126],[-79.23243241,-3.93752811],[-79.23240554,-3.93754004],[-79.23238318,-3.93755562],[-79.23236045,-3.93757429],[-79.23231662,-3.93760757],[-79.23228412,-3.93764413],[-79.23222972,-3.93769529],[-79.2321794,-3.93772693],[-79.23215912,-3.93773746],[-79.23213803,-3.93774637],[-79.23213779,-3.93774638],[-79.2321048,-3.93774793],[-79.23210456,-3.93774793],[-79.23207562,-3.93774787],[-79.23207538,-3.93774787],[-79.23203105,-3.93774858],[-79.23203081,-3.93774859],[-79.23200187,-3.93774852],[-79.23200164,-3.93774852],[-79.2319573,-3.93774762],[-79.23195725,-3.93774762],[-79.2319184,-3.93774998],[-79.23191816,-3.93774997],[-79.23189166,-3.93774911],[-79.23184548,-3.93774331],[-79.23178317,-3.93773807],[-79.23178296,-3.93773807],[-79.23178293,-3.93773807],[-79.23171257,-3.93773895],[-79.23164858,-3.93772661],[-79.23159353,-3.93769869],[-79.23153845,-3.93768487],[-79.23144043,-3.93766594],[-79.23144019,-3.93766593],[-79.23138775,-3.93766338],[-79.23138751,-3.93766338],[-79.23135372,-3.93766331],[-79.23132535,-3.93766488],[-79.23130184,-3.93766646],[-79.2313018,-3.93766644],[-79.23127107,-3.93765581],[-79.23121113,-3.93764103],[-79.23115443,-3.93762951],[-79.23106614,-3.93760409],[-79.2309973,-3.93758523],[-79.23099706,-3.93758523],[-79.23094462,-3.93758512],[-79.23091057,-3.937594],[-79.23086031,-3.93759959],[-79.23080357,-3.93760516],[-79.23075006,-3.93761237],[-79.23074982,-3.93761237],[-79.23070468,-3.93761228],[-79.2306269,-3.93760153],[-79.23056458,-3.93756477],[-79.23052249,-3.93753945],[-79.23049498,-3.93751741],[-79.23045616,-3.93748071],[-79.23044975,-3.93744325],[-79.23045792,-3.9374156],[-79.2304766,-3.93739366],[-79.2304871,-3.93738247],[-79.23051559,-3.9373521],[-79.23054475,-3.93731349],[-79.23056005,-3.93729291],[-79.23061289,-3.93721651],[-79.23063485,-3.93717749],[-79.23063007,-3.93713841],[-79.23061235,-3.93708628],[-79.23060922,-3.93703418],[-79.23061258,-3.93697884],[-79.23059894,-3.93691126],[-79.23058518,-3.93684418],[-79.23055632,-3.93675608],[-79.23054504,-3.93669303],[-79.23053422,-3.93665966],[-79.23051819,-3.9366341],[-79.23050463,-3.93661183],[-79.23048734,-3.93660562],[-79.23047709,-3.9366057],[-79.23047684,-3.9366057],[-79.23047104,-3.93661369],[-79.23046479,-3.93662566],[-79.23044578,-3.93663407],[-79.23040451,-3.93664256],[-79.23035354,-3.93664245],[-79.23028532,-3.93661945],[-79.23022278,-3.93659931],[-79.23014033,-3.93657485],[-79.2300357,-3.93651712],[-79.22992293,-3.93644697],[-79.22988745,-3.93639718],[-79.22987981,-3.93635366],[-79.22989227,-3.93631329],[-79.22991554,-3.93628382],[-79.22993155,-3.93627818],[-79.22999449,-3.93625602],[-79.23007469,-3.9362531],[-79.23007478,-3.9362531],[-79.23009301,-3.93625444],[-79.23016131,-3.93625949],[-79.23016135,-3.93625947],[-79.23016155,-3.93625949],[-79.23023895,-3.93623635],[-79.23029788,-3.93616345],[-79.23030885,-3.93609823],[-79.23028733,-3.93603448],[-79.2302511,-3.93598926],[-79.23020399,-3.93594264],[-79.23016055,-3.93592118],[-79.2301358,-3.93590895],[-79.23013423,-3.93590723],[-79.23018289,-3.93568266],[-79.23019587,-3.93562274],[-79.2302567,-3.93550894],[-79.23035663,-3.9354728],[-79.23058707,-3.93549714],[-79.23070225,-3.93551442],[-79.23085871,-3.93553789],[-79.23121606,-3.93558079],[-79.23170915,-3.93492627],[-79.23198989,-3.93455361],[-79.23322687,-3.93291162],[-79.23238222,-3.93218878],[-79.23230946,-3.93212652],[-79.23223146,-3.93220195],[-79.23178922,-3.93219587],[-79.23143462,-3.93219101],[-79.23120958,-3.93216831],[-79.23117636,-3.93216496],[-79.23084101,-3.93213185],[-79.23073004,-3.93213478],[-79.23051221,-3.9321691],[-79.23042876,-3.93215889],[-79.2303382,-3.93204747],[-79.2302961,-3.93149866],[-79.22963923,-3.93180259],[-79.22936841,-3.93192791],[-79.22936602,-3.93196087],[-79.22935405,-3.93212644],[-79.22948917,-3.93244254],[-79.22952434,-3.93270818],[-79.2295305,-3.93284273],[-79.22927577,-3.93369485],[-79.22883507,-3.93516905],[-79.2288348,-3.93516912],[-79.22872795,-3.93522327],[-79.22862268,-3.93526345],[-79.22853782,-3.93526636],[-79.22843893,-3.93521799],[-79.22836941,-3.93517279],[-79.22829215,-3.93513223],[-79.22822106,-3.93510101],[-79.22815767,-3.93508223],[-79.22815743,-3.93508223],[-79.22808652,-3.93508208],[-79.22808628,-3.93508208],[-79.22802464,-3.9350835],[-79.22793176,-3.93511126],[-79.22786512,-3.93517171],[-79.22783635,-3.93520302],[-79.22783631,-3.93520307],[-79.2278124,-3.93522909],[-79.22779781,-3.93525896],[-79.22778133,-3.93529272],[-79.22776418,-3.93535638],[-79.22776354,-3.93537367],[-79.2277615,-3.93542868],[-79.2277609,-3.93544493],[-79.22776534,-3.93553971],[-79.22777126,-3.93566246],[-79.2277587,-3.93575099],[-79.22774,-3.93581465],[-79.22769506,-3.93585339],[-79.22763469,-3.93587036],[-79.22763445,-3.93587035],[-79.22757127,-3.93587022],[-79.22752336,-3.93584837],[-79.22749571,-3.9357582],[-79.22746799,-3.93570065],[-79.22741548,-3.93565704],[-79.22740401,-3.9356523],[-79.22738148,-3.93564299],[-79.22738124,-3.93564299],[-79.22732424,-3.93564286],[-79.22725926,-3.93565049],[-79.22720973,-3.93566437],[-79.22717723,-3.93567052],[-79.22713077,-3.93569372],[-79.22703016,-3.93572147],[-79.22702999,-3.93572145],[-79.22696985,-3.93571513],[-79.22693896,-3.93568865],[-79.22692823,-3.93564513],[-79.22692066,-3.93556743],[-79.22689608,-3.93548503],[-79.22685907,-3.93542902],[-79.22679575,-3.93538253],[-79.22670768,-3.93533082],[-79.22662076,-3.93528681],[-79.22653074,-3.93528072],[-79.22653068,-3.93528073],[-79.22643704,-3.93529917],[-79.22638188,-3.93532955],[-79.22633189,-3.93536483],[-79.22631616,-3.93539527],[-79.22631118,-3.93543949],[-79.22632765,-3.93551521],[-79.22632746,-3.9356076],[-79.22634004,-3.9356725],[-79.22635753,-3.9357325],[-79.22635744,-3.93577673],[-79.22634467,-3.93579734],[-79.22631039,-3.93581103],[-79.22631022,-3.935811],[-79.22626735,-3.93580308],[-79.22622531,-3.93577841],[-79.22618822,-3.93573116],[-79.22615217,-3.93565736],[-79.22611602,-3.93562681],[-79.22607008,-3.93560017],[-79.22601339,-3.93556663],[-79.22591855,-3.93552416],[-79.22574845,-3.93543337],[-79.22569765,-3.93538707],[-79.2256342,-3.93531026],[-79.22555222,-3.93520491],[-79.22549362,-3.93514483],[-79.22548673,-3.93514003],[-79.22546528,-3.93512511],[-79.2254312,-3.935113],[-79.22543198,-3.93511274],[-79.22522901,-3.93475958],[-79.22523567,-3.93475393],[-79.22522049,-3.93474475],[-79.22518467,-3.93472309],[-79.22509638,-3.9346697],[-79.22495378,-3.93451627],[-79.22481547,-3.93458297],[-79.22480351,-3.93453923],[-79.22473037,-3.93427176],[-79.22464975,-3.93409454],[-79.22467866,-3.93394148],[-79.22473124,-3.93386025],[-79.22479815,-3.93375991],[-79.22483636,-3.93371692],[-79.2248441,-3.933669],[-79.2248535,-3.93361079],[-79.22485567,-3.93359734],[-79.22482731,-3.93349201],[-79.22479511,-3.93340159],[-79.22478468,-3.93337229],[-79.22482298,-3.93328624],[-79.22470864,-3.93328121],[-79.22465633,-3.93323803],[-79.22487131,-3.93296096],[-79.22508191,-3.93250205],[-79.22508203,-3.93249065],[-79.22508791,-3.93191829],[-79.22511014,-3.93180885],[-79.22512354,-3.93174288],[-79.22513229,-3.93169977],[-79.22507982,-3.93154321],[-79.22506823,-3.93150866],[-79.22503884,-3.93144104],[-79.2249537,-3.93132762],[-79.22495269,-3.93132627],[-79.22491474,-3.93127573],[-79.22489429,-3.93124849],[-79.22390231,-3.93085679],[-79.22367383,-3.93076657],[-79.22366037,-3.93075937],[-79.22365585,-3.93077995],[-79.22365384,-3.93079584],[-79.22363411,-3.93095191],[-79.22361847,-3.93112455],[-79.22360896,-3.93129763],[-79.22360558,-3.93147095],[-79.22360588,-3.93148982],[-79.22360834,-3.93164427],[-79.22361663,-3.93180566],[-79.22361724,-3.93181739],[-79.22363226,-3.93199008],[-79.22365338,-3.93216212],[-79.22368058,-3.9323333],[-79.22371383,-3.9325034],[-79.22373023,-3.9325739],[-79.22375308,-3.9326722],[-79.22401802,-3.9332365],[-79.22409483,-3.93340009],[-79.22410774,-3.93342761],[-79.22440524,-3.93406125],[-79.22448954,-3.934212]]]]}},{"type":"Feature","properties":{"nombre":"Amable María","parroquia":"El Valle","parroquiaId":"el-valle","poblacion":1406},"geometry":{"type":"MultiPolygon","coordinates":[[[[-79.21226695,-3.93441435],[-79.21216362,-3.93441585],[-79.21210793,-3.93438627],[-79.2120462,-3.93432065],[-79.21200497,-3.93427689],[-79.21196497,-3.93420238],[-79.21194504,-3.93417584],[-79.21192579,-3.93417029],[-79.21189001,-3.93414263],[-79.21181158,-3.93414843],[-79.21179934,-3.93414813],[-79.21159795,-3.93416451],[-79.21151874,-3.93413182],[-79.2112521,-3.93402181],[-79.21121643,-3.93402902],[-79.21111492,-3.93404954],[-79.21094584,-3.93404827],[-79.2107785,-3.93403109],[-79.21066708,-3.93405663],[-79.21063317,-3.93405602],[-79.21050016,-3.93405364],[-79.21042291,-3.93403669],[-79.21042127,-3.93414399],[-79.2104116,-3.93419289],[-79.21042806,-3.9344226],[-79.21047531,-3.93455825],[-79.2106464,-3.93481276],[-79.21105808,-3.93520161],[-79.21106546,-3.93520539],[-79.21135783,-3.93502168],[-79.21174635,-3.93492965],[-79.2120698,-3.93499183],[-79.21217616,-3.9350182],[-79.21230084,-3.93502931],[-79.21232851,-3.93505166],[-79.2123804,-3.93509358],[-79.21286399,-3.93548418],[-79.21288343,-3.93549988],[-79.21299812,-3.93550061],[-79.21306284,-3.93550187],[-79.21307953,-3.9355022],[-79.21319502,-3.93551411],[-79.21325866,-3.93552067],[-79.21330646,-3.93552565],[-79.21333568,-3.93552865],[-79.21343779,-3.93553914],[-79.21358137,-3.935554],[-79.21361692,-3.9355577],[-79.21371621,-3.93556793],[-79.21379605,-3.93557617],[-79.21387257,-3.93558284],[-79.21397537,-3.93559183],[-79.21407271,-3.93560396],[-79.2140978,-3.93560708],[-79.21411281,-3.93560895],[-79.21433874,-3.93563719],[-79.21436709,-3.93564331],[-79.21441695,-3.93565255],[-79.21446385,-3.93565772],[-79.21451183,-3.93566099],[-79.21450035,-3.93569414],[-79.21448327,-3.9357435],[-79.21446454,-3.93579761],[-79.21444468,-3.93585432],[-79.21443254,-3.93588899],[-79.21439871,-3.93598559],[-79.21437794,-3.93604491],[-79.21430996,-3.93613212],[-79.21419047,-3.93630632],[-79.2145333,-3.9364018],[-79.21459898,-3.93643065],[-79.21464751,-3.93646521],[-79.21466173,-3.93649969],[-79.21466734,-3.93654851],[-79.21466728,-3.93657722],[-79.21466095,-3.93686431],[-79.21497762,-3.93677647],[-79.21492557,-3.93814796],[-79.21482689,-3.94074789],[-79.21274906,-3.94448804],[-79.21275388,-3.94435754],[-79.21274244,-3.94413621],[-79.21271616,-3.94389092],[-79.21267422,-3.94380447],[-79.21263784,-3.94376015],[-79.21260317,-3.94371792],[-79.21252547,-3.94362327],[-79.21217281,-3.94329923],[-79.2119911,-3.94374834],[-79.2119801,-3.94377552],[-79.21169053,-3.94438597],[-79.21169972,-3.94440762],[-79.21164803,-3.94453916],[-79.21150671,-3.9449039],[-79.21139251,-3.94529674],[-79.21132664,-3.94557655],[-79.21120655,-3.94582098],[-79.2111605,-3.94592969],[-79.21108818,-3.94610041],[-79.21092379,-3.94638996],[-79.21073288,-3.94657193],[-79.2106693,-3.94673316],[-79.21022262,-3.9475023],[-79.21016586,-3.94760004],[-79.21015317,-3.94762679],[-79.21015453,-3.94764656],[-79.21014987,-3.94767747],[-79.21014371,-3.94769617],[-79.21012287,-3.94775789],[-79.21009639,-3.94784428],[-79.21017227,-3.94810849],[-79.21021671,-3.94812341],[-79.21024434,-3.94813052],[-79.21028287,-3.9481344],[-79.21031133,-3.94813085],[-79.21033736,-3.94812367],[-79.210358,-3.94811277],[-79.21047233,-3.94803869],[-79.21054959,-3.94795367],[-79.21062331,-3.94787255],[-79.21066979,-3.94782146],[-79.21068883,-3.94780053],[-79.21082926,-3.94764602],[-79.21090161,-3.94757918],[-79.21093984,-3.94756231],[-79.2110402,-3.94756402],[-79.21100088,-3.9476348],[-79.2106974,-3.94818106],[-79.21018339,-3.94910629],[-79.20861543,-3.95195843],[-79.20850549,-3.95215843],[-79.20843954,-3.95227838],[-79.20822206,-3.95225685],[-79.20803037,-3.95224063],[-79.20782248,-3.95223292],[-79.20758283,-3.95217914],[-79.2072233,-3.95207308],[-79.20705685,-3.95196883],[-79.20707079,-3.95203798],[-79.20707082,-3.95203813],[-79.207106,-3.95223761],[-79.20713228,-3.95242141],[-79.20712062,-3.95252666],[-79.20705169,-3.95267771],[-79.20691214,-3.95287646],[-79.20642475,-3.95353765],[-79.20641938,-3.95354644],[-79.20635161,-3.95364274],[-79.20455944,-3.95337563],[-79.20447054,-3.95541289],[-79.20414868,-3.95610398],[-79.20431588,-3.95785704],[-79.20386885,-3.95826419],[-79.20331439,-3.9587692],[-79.20334138,-3.95879915],[-79.20338886,-3.95887701],[-79.20343266,-3.95900031],[-79.20345509,-3.95909487],[-79.20346754,-3.95913955],[-79.2034739,-3.95914292],[-79.20353476,-3.95915724],[-79.20362523,-3.95918256],[-79.20370374,-3.95922939],[-79.20378344,-3.9592798],[-79.20383454,-3.95933494],[-79.20391885,-3.95945594],[-79.20394372,-3.9595194],[-79.20413626,-3.959716],[-79.20421231,-3.9598023],[-79.20427522,-3.95986991],[-79.2044573,-3.95997628],[-79.20460842,-3.96004839],[-79.20488955,-3.96011905],[-79.20521854,-3.96047797],[-79.20528038,-3.96052117],[-79.20535525,-3.96059789],[-79.20540985,-3.96068892],[-79.20544321,-3.9607641],[-79.2055808,-3.96095366],[-79.20600244,-3.96147265],[-79.20599377,-3.96148163],[-79.20572809,-3.96183813],[-79.20564858,-3.96196529],[-79.20597137,-3.96229085],[-79.20600436,-3.96232412],[-79.20603604,-3.96229986],[-79.20621133,-3.96216559],[-79.2062729,-3.96223719],[-79.20631746,-3.96228902],[-79.20642865,-3.96239451],[-79.20646378,-3.96236029],[-79.20657442,-3.96225248],[-79.20686589,-3.96194541],[-79.20691461,-3.9619804],[-79.20691512,-3.96197988],[-79.2073434,-3.96228829],[-79.20786049,-3.96259589],[-79.20816663,-3.962778],[-79.20855725,-3.96301037],[-79.20853854,-3.96304466],[-79.20926169,-3.96347102],[-79.20935682,-3.96352024],[-79.20938468,-3.96347339],[-79.20991872,-3.96254551],[-79.21065181,-3.96129104],[-79.21121431,-3.96027019],[-79.21121845,-3.96025872],[-79.21127715,-3.96029286],[-79.21129646,-3.9603033],[-79.21135905,-3.96033856],[-79.2114279,-3.96037736],[-79.21155797,-3.96045065],[-79.21163654,-3.96049876],[-79.21178779,-3.9605865],[-79.21193709,-3.96067311],[-79.21198939,-3.96070189],[-79.21222362,-3.96083368],[-79.21233701,-3.96089456],[-79.2123616,-3.96090919],[-79.2124963,-3.96098933],[-79.2126503,-3.96108094],[-79.21272349,-3.96113194],[-79.21287737,-3.9612214],[-79.21301069,-3.96125332],[-79.21310628,-3.96125559],[-79.21334631,-3.96126127],[-79.21354886,-3.961241],[-79.21395554,-3.96148161],[-79.21402966,-3.96150728],[-79.21415173,-3.9615463],[-79.21434549,-3.96145562],[-79.21457689,-3.96116536],[-79.21466132,-3.96089262],[-79.21466127,-3.96089047],[-79.21465097,-3.96047439],[-79.21455007,-3.96004856],[-79.21454861,-3.9600424],[-79.21454595,-3.96004039],[-79.21415723,-3.95926898],[-79.21415906,-3.95926485],[-79.21427404,-3.95900466],[-79.21469511,-3.95888732],[-79.21490914,-3.95882876],[-79.21555354,-3.95894933],[-79.21586836,-3.95903823],[-79.2161205,-3.95839885],[-79.21612002,-3.95839701],[-79.21588265,-3.95748118],[-79.21582914,-3.95705296],[-79.21583053,-3.95705001],[-79.21611397,-3.95644398],[-79.21620649,-3.95612735],[-79.21620671,-3.95612449],[-79.21623526,-3.95574642],[-79.21623611,-3.95574328],[-79.21631979,-3.95543378],[-79.21652393,-3.95520562],[-79.21681976,-3.95505386],[-79.21734652,-3.95437972],[-79.21764102,-3.95434404],[-79.21841133,-3.95402926],[-79.21949454,-3.95341861],[-79.21949528,-3.95341309],[-79.21952463,-3.95319393],[-79.21949633,-3.95297748],[-79.21926735,-3.95180364],[-79.21928649,-3.9509432],[-79.21928747,-3.95094036],[-79.21945322,-3.95046019],[-79.21966038,-3.94985918],[-79.21966142,-3.94985348],[-79.21970111,-3.94963685],[-79.21970216,-3.94963116],[-79.22003945,-3.94897125],[-79.22025477,-3.94869227],[-79.22028357,-3.94830359],[-79.22020614,-3.94796463],[-79.22019715,-3.94780523],[-79.22018378,-3.94750988],[-79.22017956,-3.94729892],[-79.22017425,-3.94718756],[-79.22017062,-3.9471114],[-79.22014762,-3.94695196],[-79.22013728,-3.94690298],[-79.2201199,-3.94682065],[-79.21986371,-3.94656962],[-79.21958446,-3.94614432],[-79.21927526,-3.94563988],[-79.219156,-3.94465521],[-79.21919187,-3.94433317],[-79.21931348,-3.94412818],[-79.21943051,-3.94397269],[-79.21992781,-3.94377202],[-79.22023495,-3.94351255],[-79.22051998,-3.94305729],[-79.22061823,-3.94294968],[-79.22081814,-3.94269624],[-79.22101978,-3.94233568],[-79.22112665,-3.94179441],[-79.22108171,-3.94119513],[-79.22113341,-3.94102649],[-79.22118665,-3.94090498],[-79.22119907,-3.94087662],[-79.22129738,-3.94074089],[-79.22140495,-3.94063799],[-79.22156859,-3.94050708],[-79.22164259,-3.94042012],[-79.22219441,-3.93977155],[-79.22253005,-3.93968386],[-79.22275399,-3.9392749],[-79.2229843,-3.93872176],[-79.22303146,-3.93849216],[-79.22311854,-3.9381478],[-79.22312613,-3.93809994],[-79.22317058,-3.93781977],[-79.22321314,-3.93755735],[-79.22326493,-3.93734652],[-79.22330725,-3.93720129],[-79.22337137,-3.93705395],[-79.22344813,-3.93691779],[-79.2235172,-3.9367989],[-79.22362586,-3.93662538],[-79.22377344,-3.93636084],[-79.22387177,-3.93621573],[-79.22391887,-3.93611887],[-79.22395146,-3.93605183],[-79.22403588,-3.93585982],[-79.22406422,-3.93570518],[-79.22406129,-3.93561752],[-79.22405983,-3.93557392],[-79.22405618,-3.93551707],[-79.22405079,-3.93543327],[-79.2240546,-3.93538264],[-79.22391638,-3.93522939],[-79.22338986,-3.93464564],[-79.22328479,-3.93468496],[-79.22302403,-3.93471739],[-79.22254023,-3.93470669],[-79.22127739,-3.93485583],[-79.22091602,-3.93484147],[-79.22012054,-3.93477317],[-79.21999204,-3.934755],[-79.22002346,-3.93447026],[-79.22007317,-3.93401985],[-79.22014956,-3.93332541],[-79.22015045,-3.93290254],[-79.22013284,-3.93220867],[-79.22008163,-3.93147594],[-79.22011853,-3.93063515],[-79.22024559,-3.93007487],[-79.21853969,-3.93008895],[-79.21840309,-3.93009166],[-79.21779443,-3.93010372],[-79.21772181,-3.93017138],[-79.21759754,-3.93039329],[-79.21747634,-3.93039773],[-79.21733739,-3.93043512],[-79.21753835,-3.93296923],[-79.21766577,-3.9329635],[-79.21759607,-3.93379318],[-79.21748327,-3.93379122],[-79.21741493,-3.93438526],[-79.21720225,-3.9343924],[-79.21682905,-3.93443663],[-79.21661475,-3.93448654],[-79.21639887,-3.9345586],[-79.21639617,-3.9345598],[-79.21636522,-3.93457351],[-79.21615393,-3.93466712],[-79.21603461,-3.93472004],[-79.21585237,-3.93476477],[-79.21564786,-3.93479452],[-79.2150482,-3.93488177],[-79.2149879,-3.93488356],[-79.21493439,-3.93488514],[-79.21479646,-3.93488747],[-79.21473937,-3.93488997],[-79.21461455,-3.93490534],[-79.21458036,-3.93489379],[-79.21456227,-3.93491074],[-79.21435931,-3.93489801],[-79.21413752,-3.93490449],[-79.21402846,-3.93489612],[-79.21388478,-3.93488063],[-79.21381285,-3.9348774],[-79.21381269,-3.93494974],[-79.21375414,-3.9349414],[-79.21369919,-3.93493358],[-79.21361386,-3.93492462],[-79.21350026,-3.93491272],[-79.21342547,-3.93492083],[-79.21340995,-3.93492252],[-79.21335158,-3.93492885],[-79.21303948,-3.93490675],[-79.21298793,-3.93488817],[-79.21289715,-3.93485545],[-79.2128035,-3.93482161],[-79.21275052,-3.93479834],[-79.21263849,-3.93474914],[-79.2126361,-3.93474809],[-79.21260982,-3.93469966],[-79.2124841,-3.93467452],[-79.21243256,-3.93452168],[-79.21242238,-3.93448368],[-79.21238658,-3.93446769],[-79.21226695,-3.93441435]]]]}},{"type":"Feature","properties":{"nombre":"Isidro Ayora","parroquia":"Punzara","parroquiaId":"punzara","poblacion":6478},"geometry":{"type":"MultiPolygon","coordinates":[[[[-79.21432894,-4.00969408],[-79.2139984,-4.00984839],[-79.21396082,-4.00981952],[-79.21379718,-4.00970009],[-79.21366728,-4.00964564],[-79.21365183,-4.00964006],[-79.21361376,-4.00962778],[-79.2135721,-4.00961549],[-79.21352906,-4.00960319],[-79.21348325,-4.00959256],[-79.21338337,-4.00956683],[-79.21327158,-4.00954063],[-79.21314175,-4.00950592],[-79.21306443,-4.00944727],[-79.21268017,-4.0091067],[-79.21250704,-4.00896659],[-79.21244864,-4.00894905],[-79.21242042,-4.00894217],[-79.21229822,-4.00893472],[-79.21163675,-4.00893543],[-79.21155736,-4.00896325],[-79.21141349,-4.00906126],[-79.21132901,-4.00912424],[-79.21130347,-4.00909025],[-79.21127499,-4.00898847],[-79.21125476,-4.00875731],[-79.21121281,-4.00833231],[-79.21117378,-4.00820374],[-79.21113886,-4.00815558],[-79.2110809,-4.00811985],[-79.21103188,-4.0080963],[-79.21098236,-4.00807848],[-79.21094187,-4.008076],[-79.21088182,-4.00808161],[-79.2108165,-4.00810013],[-79.21067858,-4.00815888],[-79.21062352,-4.00816952],[-79.21057619,-4.00817617],[-79.21055094,-4.00817611],[-79.21051691,-4.00817163],[-79.2104457,-4.00814621],[-79.21034913,-4.00807662],[-79.21028215,-4.00798269],[-79.21025562,-4.00791229],[-79.21024904,-4.00787064],[-79.21023304,-4.00778113],[-79.2101989,-4.0077045],[-79.21015704,-4.00767139],[-79.21010232,-4.00763825],[-79.21004804,-4.00761708],[-79.20997943,-4.00761884],[-79.20991649,-4.00763736],[-79.20969801,-4.00775268],[-79.20947146,-4.00785793],[-79.20938325,-4.00788549],[-79.20935465,-4.00789021],[-79.2093008,-4.00789392],[-79.20921694,-4.00789565],[-79.20854076,-4.00788211],[-79.20854061,-4.00827903],[-79.20854207,-4.00859053],[-79.20853697,-4.00896662],[-79.20853305,-4.00944965],[-79.20851398,-4.01000228],[-79.20850641,-4.01052478],[-79.20848897,-4.01098697],[-79.2084937,-4.011109],[-79.20853909,-4.01127418],[-79.20855823,-4.01134313],[-79.20862802,-4.01146171],[-79.20873483,-4.01164066],[-79.20882437,-4.01187987],[-79.20888124,-4.01202139],[-79.2088871,-4.01203495],[-79.20847655,-4.01217544],[-79.20841858,-4.01221049],[-79.20844981,-4.01231176],[-79.20859277,-4.0126329],[-79.20859906,-4.0126968],[-79.20857462,-4.01276206],[-79.20854227,-4.01282102],[-79.20846297,-4.01292339],[-79.20840481,-4.01310749],[-79.20844564,-4.01346301],[-79.20838418,-4.01358364],[-79.20828769,-4.01377301],[-79.20828598,-4.01377832],[-79.2083392,-4.01378861],[-79.20838398,-4.01378966],[-79.20841321,-4.01378657],[-79.20843939,-4.0138005],[-79.20845794,-4.01381729],[-79.2084784,-4.01382643],[-79.20852128,-4.01382796],[-79.20857802,-4.01381277],[-79.20863283,-4.01380476],[-79.20870574,-4.01379965],[-79.20877388,-4.01379933],[-79.2088001,-4.01379268],[-79.20882637,-4.01376595],[-79.20884263,-4.01373871],[-79.20885742,-4.01372821],[-79.20887793,-4.0137206],[-79.20889938,-4.01371299],[-79.20893899,-4.01368676],[-79.20898095,-4.01367346],[-79.20901527,-4.01366492],[-79.20905964,-4.01363918],[-79.20908483,-4.01362133],[-79.20909734,-4.01361247],[-79.20916607,-4.01355998],[-79.20924583,-4.01347307],[-79.20928843,-4.01338608],[-79.20932951,-4.01333784],[-79.20940875,-4.01326863],[-79.20944456,-4.01323569],[-79.20948392,-4.01321754],[-79.2095538,-4.01318043],[-79.20958719,-4.01316088],[-79.20963106,-4.0131471],[-79.20973695,-4.01312013],[-79.20982255,-4.01310475],[-79.20993691,-4.013105],[-79.20999983,-4.01309365],[-79.21009522,-4.01304697],[-79.21013443,-4.01298485],[-79.21015449,-4.01296193],[-79.21017549,-4.0129457],[-79.21020888,-4.01293238],[-79.21024605,-4.01292576],[-79.21027083,-4.01292581],[-79.21028989,-4.01292681],[-79.21031654,-4.01294027],[-79.21034033,-4.01295563],[-79.21037557,-4.01296432],[-79.21039347,-4.01296104],[-79.21042329,-4.01293189],[-79.21043194,-4.01289842],[-79.21042827,-4.01283333],[-79.21043324,-4.01274051],[-79.21052498,-4.01262205],[-79.21057557,-4.01258579],[-79.21062802,-4.01256773],[-79.21067383,-4.01253337],[-79.21074644,-4.01245219],[-79.21078862,-4.01240183],[-79.21084101,-4.01234713],[-79.21088111,-4.01231085],[-79.21093262,-4.01228608],[-79.2110022,-4.0122824],[-79.2110374,-4.01230641],[-79.211084,-4.01235149],[-79.21114204,-4.01239564],[-79.2112401,-4.01243892],[-79.21129154,-4.01244764],[-79.21134292,-4.01248125],[-79.21138479,-4.01251292],[-79.21140845,-4.01258379],[-79.21145686,-4.01267577],[-79.21149959,-4.0127419],[-79.2115261,-4.01282426],[-79.21157173,-4.01287604],[-79.21167239,-4.01293622],[-79.21167893,-4.01293606],[-79.21168192,-4.01293598],[-79.21168816,-4.01294264],[-79.21169456,-4.01294947],[-79.21169484,-4.01294977],[-79.21169619,-4.01295121],[-79.21170707,-4.01295931],[-79.21174623,-4.01299148],[-79.2117857,-4.01302314],[-79.21181228,-4.0130701],[-79.21184219,-4.01312375],[-79.21187977,-4.01315063],[-79.21197886,-4.01315707],[-79.21205413,-4.01316346],[-79.21212602,-4.01319376],[-79.21228742,-4.01324914],[-79.21232266,-4.01326022],[-79.21235392,-4.01326605],[-79.21237446,-4.01327042],[-79.21237749,-4.01327076],[-79.21238263,-4.01327216],[-79.2124147,-4.01327898],[-79.21248665,-4.01329543],[-79.21252289,-4.01331107],[-79.21254997,-4.01332219],[-79.21256542,-4.01333741],[-79.21257354,-4.01334529],[-79.21259394,-4.01336835],[-79.21263257,-4.01340731],[-79.21267808,-4.01343044],[-79.2127605,-4.01346531],[-79.21277744,-4.0134809],[-79.21278389,-4.01352786],[-79.21280702,-4.01357038],[-79.21282782,-4.01359435],[-79.21283972,-4.01359916],[-79.21288115,-4.01358251],[-79.21292106,-4.01357811],[-79.21293653,-4.01358711],[-79.21297365,-4.01363624],[-79.21301675,-4.01367402],[-79.21303508,-4.01368469],[-79.21305346,-4.01368419],[-79.2131126,-4.01369445],[-79.21313702,-4.01370698],[-79.21315368,-4.01373349],[-79.21316538,-4.01375239],[-79.21319817,-4.01379923],[-79.21325347,-4.01384122],[-79.213279,-4.01387686],[-79.21331797,-4.01389549],[-79.21338346,-4.01390879],[-79.21340694,-4.01392798],[-79.2134224,-4.01394327],[-79.21342861,-4.01395973],[-79.21344524,-4.01398249],[-79.21347199,-4.01400977],[-79.21351184,-4.01403468],[-79.2135843,-4.01405881],[-79.21362963,-4.01405452],[-79.21367853,-4.01404694],[-79.21369168,-4.01404524],[-79.21374347,-4.0140615],[-79.21379732,-4.01408226],[-79.2138181,-4.01411639],[-79.21383621,-4.01413976],[-79.21386001,-4.01414998],[-79.21390769,-4.01413633],[-79.2139464,-4.01413671],[-79.21397796,-4.01414306],[-79.21398687,-4.01415325],[-79.21398864,-4.01416163],[-79.21398855,-4.0142008],[-79.2139873,-4.01423041],[-79.21399646,-4.01426033],[-79.21401754,-4.01428879],[-79.21402794,-4.01430138],[-79.21406544,-4.01431103],[-79.21410298,-4.01430214],[-79.21413695,-4.01429533],[-79.21416614,-4.01429271],[-79.21418609,-4.01429335],[-79.21421019,-4.01430536],[-79.21423367,-4.01432396],[-79.21425325,-4.01436108],[-79.21426718,-4.01438923],[-79.21427593,-4.01439413],[-79.21428761,-4.01440294],[-79.21433314,-4.01441878],[-79.21435257,-4.0144265],[-79.2143799,-4.01445646],[-79.2144016,-4.01447386],[-79.21443077,-4.01448199],[-79.21446977,-4.01449399],[-79.21447098,-4.01449403],[-79.21448075,-4.01449585],[-79.21448334,-4.01449633],[-79.21454346,-4.01452163],[-79.21458191,-4.01455796],[-79.21458783,-4.01456368],[-79.21460264,-4.0146017],[-79.2145978,-4.01463578],[-79.21457537,-4.0146788],[-79.21456163,-4.01472913],[-79.21455845,-4.01474775],[-79.21456822,-4.01477409],[-79.2145958,-4.01480045],[-79.21462183,-4.01481647],[-79.21465154,-4.01484704],[-79.21466844,-4.01488117],[-79.21468536,-4.01490662],[-79.21471761,-4.01491176],[-79.21474897,-4.01491774],[-79.2147722,-4.01491988],[-79.2148287,-4.01494266],[-79.2148282,-4.01494132],[-79.21483894,-4.01494584],[-79.21486124,-4.01496263],[-79.21487638,-4.01498241],[-79.21487671,-4.01498621],[-79.21488809,-4.01503438],[-79.21490627,-4.0150767],[-79.2149104,-4.01508775],[-79.21492168,-4.01510362],[-79.21496417,-4.01514798],[-79.21498674,-4.01517674],[-79.21499861,-4.0151971],[-79.21500547,-4.01520459],[-79.21502021,-4.01521949],[-79.21504869,-4.01522583],[-79.21504784,-4.01522521],[-79.21505275,-4.01522653],[-79.21508161,-4.01523646],[-79.21510688,-4.01525745],[-79.2151172,-4.01530323],[-79.21512304,-4.01535707],[-79.21512282,-4.01537775],[-79.21511392,-4.01545185],[-79.21508379,-4.01550203],[-79.21506797,-4.01554864],[-79.21507427,-4.01560823],[-79.21509951,-4.01564325],[-79.21512716,-4.0156816],[-79.21513698,-4.01569522],[-79.215224,-4.01577436],[-79.2152588,-4.0158742],[-79.21527585,-4.0159252],[-79.21527334,-4.01600064],[-79.21527304,-4.01600365],[-79.21527322,-4.01600422],[-79.21527126,-4.016063],[-79.21527672,-4.01618072],[-79.21530856,-4.01632865],[-79.21542171,-4.0165557],[-79.21549495,-4.016731],[-79.21552988,-4.0167461],[-79.21561921,-4.01677114],[-79.21575456,-4.01677152],[-79.21596232,-4.01677209],[-79.21599502,-4.01677809],[-79.2160788,-4.01679346],[-79.21659052,-4.01680391],[-79.21664286,-4.01678588],[-79.21664448,-4.01678569],[-79.2166452,-4.01678537],[-79.21664808,-4.01678408],[-79.21664861,-4.01678488],[-79.21674794,-4.0167704],[-79.21680214,-4.01660594],[-79.21690076,-4.01658786],[-79.21697223,-4.01657475],[-79.21701446,-4.01656701],[-79.21703432,-4.01653235],[-79.21704178,-4.01651934],[-79.21710664,-4.01650714],[-79.21717801,-4.01649371],[-79.21722099,-4.01648562],[-79.217252,-4.01648849],[-79.2173285,-4.01649557],[-79.21733397,-4.01652438],[-79.21745084,-4.01655747],[-79.21772598,-4.01657099],[-79.21800812,-4.01665056],[-79.218131,-4.01667667],[-79.21823589,-4.016758],[-79.21844875,-4.01681374],[-79.21859804,-4.01685713],[-79.21874459,-4.01684166],[-79.21897415,-4.01678115],[-79.21904211,-4.01675331],[-79.21918957,-4.0166474],[-79.21932913,-4.01656086],[-79.21936513,-4.0165753],[-79.21967375,-4.01639205],[-79.21963848,-4.01634034],[-79.21963473,-4.01633309],[-79.21960887,-4.01625211],[-79.21957234,-4.0160714],[-79.21952643,-4.0158165],[-79.21944401,-4.01537131],[-79.21937208,-4.01503262],[-79.21924153,-4.0146268],[-79.21969212,-4.01448424],[-79.21960176,-4.01407301],[-79.21954527,-4.01375707],[-79.21953404,-4.01366135],[-79.21952101,-4.01351777],[-79.21954798,-4.01338768],[-79.21956908,-4.01332456],[-79.21961703,-4.01318494],[-79.21966495,-4.01305872],[-79.21971279,-4.01297078],[-79.21976819,-4.01291157],[-79.22004594,-4.01266163],[-79.22003921,-4.01265623],[-79.22002806,-4.01264655],[-79.22000114,-4.01262319],[-79.21994848,-4.0125775],[-79.2199144,-4.01254768],[-79.21991435,-4.01254764],[-79.2198337,-4.01247708],[-79.21974176,-4.01239664],[-79.21969872,-4.01235898],[-79.21963527,-4.01229732],[-79.21956029,-4.01222442],[-79.21953698,-4.01220177],[-79.21950651,-4.01217215],[-79.21946751,-4.01213424],[-79.21946076,-4.01212768],[-79.21944792,-4.01211294],[-79.21942882,-4.01209102],[-79.21935618,-4.01200764],[-79.21930777,-4.01195207],[-79.2192353,-4.01185599],[-79.21907575,-4.01164443],[-79.21874636,-4.01120766],[-79.21861196,-4.010987],[-79.21856401,-4.01090828],[-79.2185179,-4.01083258],[-79.21845384,-4.0107274],[-79.21839225,-4.01062628],[-79.21835046,-4.01055767],[-79.21831949,-4.01050682],[-79.21824516,-4.01038478],[-79.21817635,-4.01026095],[-79.21812201,-4.01016315],[-79.21807698,-4.01008212],[-79.21805415,-4.01004581],[-79.21803896,-4.01002166],[-79.21801882,-4.00998962],[-79.21800114,-4.00996152],[-79.21797623,-4.0099219],[-79.21796883,-4.00991013],[-79.21795303,-4.00988501],[-79.21793741,-4.00986017],[-79.21792611,-4.0098422],[-79.21788825,-4.009782],[-79.21788403,-4.00977605],[-79.21787055,-4.00975707],[-79.21778014,-4.00962974],[-79.21750441,-4.00924143],[-79.21703865,-4.00858551],[-79.21702075,-4.00856029],[-79.21677557,-4.00827787],[-79.21677551,-4.0082778],[-79.21653027,-4.00799532],[-79.21636487,-4.00776639],[-79.21621626,-4.00755332],[-79.21621617,-4.0075532],[-79.21612353,-4.00742039],[-79.21610761,-4.00739756],[-79.21609338,-4.00737469],[-79.21608539,-4.00736185],[-79.21608536,-4.0073618],[-79.21607417,-4.00734382],[-79.21606109,-4.00732279],[-79.21603745,-4.0072848],[-79.21581875,-4.0073601],[-79.21519537,-4.00753698],[-79.21452366,-4.00788648],[-79.21469761,-4.00843308],[-79.21507833,-4.00952346],[-79.21432894,-4.00969408]]]]}},{"type":"Feature","properties":{"nombre":"Belén","parroquia":"Sucre","parroquiaId":"sucre","poblacion":2492},"geometry":{"type":"MultiPolygon","coordinates":[[[[-79.22104253,-3.97273102],[-79.22101349,-3.97275743],[-79.22101346,-3.97275746],[-79.22100368,-3.97276635],[-79.22091827,-3.97284401],[-79.22074005,-3.97297407],[-79.22044946,-3.97311305],[-79.22024056,-3.9731665],[-79.22019016,-3.97317483],[-79.22014849,-3.97318171],[-79.2200225,-3.97320232],[-79.22002226,-3.97320232],[-79.21981913,-3.97320652],[-79.21981889,-3.97320652],[-79.21955339,-3.97320131],[-79.21955315,-3.9732013],[-79.21933848,-3.9731962],[-79.21933824,-3.9731962],[-79.21919405,-3.97319589],[-79.21908545,-3.97318869],[-79.21896993,-3.97317684],[-79.21887753,-3.97316271],[-79.21877591,-3.97313464],[-79.21866966,-3.97310656],[-79.21828751,-3.97296649],[-79.21796657,-3.97283583],[-79.21679602,-3.97238652],[-79.21679326,-3.97238548],[-79.21679323,-3.97238558],[-79.21679278,-3.97238726],[-79.21679215,-3.97238961],[-79.2167501,-3.9726012],[-79.21670682,-3.9727348],[-79.21655102,-3.97296703],[-79.21627016,-3.97331597],[-79.21615176,-3.97356221],[-79.21600071,-3.97388229],[-79.21566448,-3.97475948],[-79.21550106,-3.97518578],[-79.21509217,-3.97625563],[-79.21506712,-3.97632933],[-79.2150299,-3.97646495],[-79.21500551,-3.97658166],[-79.21499662,-3.97663716],[-79.21499589,-3.97664269],[-79.21498889,-3.97669567],[-79.21498859,-3.97669795],[-79.21498361,-3.976768],[-79.2149826,-3.97683101],[-79.21498471,-3.9768936],[-79.21498483,-3.9768936],[-79.21498528,-3.97689361],[-79.21546125,-3.97872308],[-79.21546473,-3.97873645],[-79.21546747,-3.97874868],[-79.21551538,-3.9787773],[-79.21579152,-3.97905396],[-79.21603235,-3.97920927],[-79.21620755,-3.97927281],[-79.21640572,-3.97929429],[-79.21674495,-3.97929694],[-79.21692788,-3.97931265],[-79.21747074,-3.97945355],[-79.21812619,-3.97958978],[-79.21835656,-3.97964113],[-79.21867846,-3.97972413],[-79.21878514,-3.97974733],[-79.21884802,-3.97975512],[-79.21896111,-3.9797118],[-79.21966441,-3.97935864],[-79.22022634,-3.97905648],[-79.22091511,-3.97870101],[-79.22143503,-3.97843035],[-79.22170594,-3.97830078],[-79.2219129,-3.97822084],[-79.22210169,-3.97816574],[-79.22227427,-3.97812114],[-79.22242996,-3.97809725],[-79.22249923,-3.97808813],[-79.22274322,-3.97807047],[-79.22301954,-3.97808064],[-79.22330057,-3.97812144],[-79.22355687,-3.97816716],[-79.22418261,-3.97828987],[-79.22471064,-3.97839058],[-79.22531459,-3.97850166],[-79.22564226,-3.9785684],[-79.22597852,-3.97862271],[-79.22613194,-3.978624],[-79.22626444,-3.97860574],[-79.22639696,-3.97857481],[-79.2265362,-3.97852343],[-79.22667267,-3.97842707],[-79.22674184,-3.97836452],[-79.22688015,-3.97818776],[-79.22691637,-3.97811791],[-79.22695735,-3.97804329],[-79.22699695,-3.97790461],[-79.22701325,-3.97780415],[-79.22703348,-3.97753205],[-79.22704117,-3.97728145],[-79.2270417,-3.97702904],[-79.22704449,-3.97684123],[-79.22705628,-3.97661756],[-79.22706305,-3.97651829],[-79.22708593,-3.97639871],[-79.22709795,-3.97635029],[-79.2271369,-3.97624741],[-79.22715721,-3.97620926],[-79.22718888,-3.97616147],[-79.22724087,-3.97609635],[-79.2272311,-3.97607628],[-79.22686514,-3.97532413],[-79.22717806,-3.97495753],[-79.22738911,-3.97457137],[-79.22744406,-3.97442165],[-79.22745271,-3.9743098],[-79.22724912,-3.97320558],[-79.22734054,-3.97271403],[-79.2273268,-3.97225602],[-79.22713004,-3.97189471],[-79.22706347,-3.97157799],[-79.22679561,-3.97104768],[-79.22660745,-3.97059141],[-79.22644396,-3.97039478],[-79.22627188,-3.97027834],[-79.22604443,-3.9701091],[-79.22569001,-3.97006188],[-79.22276956,-3.96967279],[-79.22276939,-3.96967279],[-79.22276932,-3.96967279],[-79.22251958,-3.96968299],[-79.22229299,-3.96976215],[-79.2220271,-3.96993054],[-79.2218048,-3.97022204],[-79.22171465,-3.97042088],[-79.22165589,-3.9707102],[-79.22165505,-3.97071432],[-79.22161636,-3.97101376],[-79.22156948,-3.97138273],[-79.22151336,-3.97181896],[-79.22148071,-3.97201806],[-79.22147989,-3.97202307],[-79.22140461,-3.97225912],[-79.22129974,-3.97243363],[-79.22128867,-3.97244808],[-79.22116354,-3.97261152],[-79.22106489,-3.9727107],[-79.22104253,-3.97273102]]]]}},{"type":"Feature","properties":{"nombre":"Gran Colombia","parroquia":"Sucre","parroquiaId":"sucre","poblacion":6039},"geometry":{"type":"MultiPolygon","coordinates":[[[[-79.2052398,-3.97029588],[-79.20519811,-3.97035108],[-79.20479253,-3.97088808],[-79.20445963,-3.97154105],[-79.20421142,-3.97205499],[-79.20390906,-3.97252645],[-79.20353382,-3.97325196],[-79.20317054,-3.97401987],[-79.20293779,-3.9746564],[-79.20293708,-3.97465787],[-79.20292534,-3.97468239],[-79.20292324,-3.97468678],[-79.20287168,-3.9747851],[-79.20277784,-3.97500991],[-79.20260897,-3.97539392],[-79.20242622,-3.97572635],[-79.20223871,-3.97609626],[-79.20214962,-3.97628357],[-79.20212381,-3.9763468],[-79.20212355,-3.97634953],[-79.20211221,-3.97646751],[-79.20211162,-3.97647357],[-79.20210453,-3.97662802],[-79.2021416,-3.97673582],[-79.20214164,-3.97673591],[-79.2022252,-3.97689996],[-79.2022253,-3.97690016],[-79.20234622,-3.977102],[-79.20252295,-3.97739771],[-79.20270429,-3.97772155],[-79.20287144,-3.97808734],[-79.20287153,-3.97808755],[-79.20297134,-3.97829148],[-79.20297144,-3.97829168],[-79.20302244,-3.97840878],[-79.20302253,-3.97840899],[-79.20308284,-3.97857787],[-79.20312457,-3.97870922],[-79.20314281,-3.97890614],[-79.20314249,-3.97905614],[-79.20313772,-3.97910301],[-79.20313752,-3.97910384],[-79.20311908,-3.97918178],[-79.20311887,-3.97918266],[-79.20308135,-3.97926695],[-79.2030062,-3.97948242],[-79.20291228,-3.97974472],[-79.20281845,-3.97996484],[-79.20274809,-3.98012407],[-79.2027222,-3.98022479],[-79.20270329,-3.98033257],[-79.20269368,-3.98045911],[-79.20270271,-3.98059976],[-79.20272572,-3.98075451],[-79.20274409,-3.98089049],[-79.20275774,-3.98105458],[-79.20276682,-3.9811718],[-79.20277114,-3.98133119],[-79.20277565,-3.9814062],[-79.20277994,-3.98157965],[-79.20277952,-3.98177184],[-79.20276515,-3.98194057],[-79.2027437,-3.98214443],[-79.20273412,-3.9822616],[-79.20271977,-3.98242095],[-79.20268195,-3.98264119],[-79.20261606,-3.98288949],[-79.20257464,-3.98307117],[-79.20253595,-3.98324089],[-79.20246986,-3.98358294],[-79.20240386,-3.98388281],[-79.20234971,-3.98410066],[-79.20233075,-3.98423188],[-79.20230687,-3.98448027],[-79.20228292,-3.98476148],[-79.20227813,-3.98481772],[-79.20227796,-3.98489741],[-79.20227292,-3.98507084],[-79.20228647,-3.98527712],[-79.20230487,-3.98540373],[-79.20234193,-3.98553038],[-79.20239285,-3.98572737],[-79.2024392,-3.98587748],[-79.20249248,-3.98606276],[-79.20252023,-3.98618001],[-79.20256193,-3.98632073],[-79.20260362,-3.98646614],[-79.2026778,-3.98666297],[-79.20267788,-3.98666318],[-79.20273817,-3.98684144],[-79.20276123,-3.98697275],[-79.2027889,-3.9871275],[-79.20283063,-3.98725416],[-79.20289553,-3.98742285],[-79.20289561,-3.98742306],[-79.20296515,-3.98760582],[-79.20296523,-3.98760603],[-79.20302083,-3.98776063],[-79.20302091,-3.98776084],[-79.20310669,-3.98798348],[-79.20310678,-3.98798369],[-79.20315312,-3.98809609],[-79.20315321,-3.9880963],[-79.20321812,-3.98825561],[-79.20321821,-3.98825582],[-79.20327847,-3.98841044],[-79.20327856,-3.98841065],[-79.20334359,-3.98855611],[-79.20336448,-3.98860537],[-79.20336665,-3.98860769],[-79.20344179,-3.98868805],[-79.20345848,-3.98870824],[-79.20349766,-3.98875567],[-79.20353852,-3.98880671],[-79.20357586,-3.98885334],[-79.20358003,-3.98885777],[-79.20361394,-3.98889375],[-79.20361397,-3.98889378],[-79.2037193,-3.98900554],[-79.2037363,-3.98901957],[-79.2038013,-3.98907322],[-79.20389105,-3.98915369],[-79.20390193,-3.98916344],[-79.20400258,-3.98924242],[-79.20408462,-3.9892951],[-79.2042189,-3.98936289],[-79.2043047,-3.98940433],[-79.20436063,-3.98944196],[-79.20436157,-3.98944277],[-79.20441281,-3.98948707],[-79.2044463,-3.98953965],[-79.20446858,-3.9895997],[-79.20452061,-3.98971232],[-79.20452529,-3.9897215],[-79.20455027,-3.98977053],[-79.20458745,-3.98984351],[-79.20458754,-3.98984372],[-79.20460697,-3.98987477],[-79.20467685,-3.98998642],[-79.20472092,-3.99005589],[-79.20479594,-3.99017419],[-79.2048769,-3.99030385],[-79.20508382,-3.99063525],[-79.20527905,-3.99108007],[-79.20528028,-3.99108288],[-79.20532199,-3.99117792],[-79.20532197,-3.99099191],[-79.20533548,-3.99025505],[-79.20535238,-3.98960433],[-79.20536111,-3.98887225],[-79.20537443,-3.98822631],[-79.2053974,-3.98752297],[-79.20541597,-3.98715846],[-79.20543094,-3.98703706],[-79.20546692,-3.9869223],[-79.20560946,-3.98645033],[-79.20578647,-3.98589949],[-79.20588141,-3.98562121],[-79.20596808,-3.98520368],[-79.20598338,-3.98474004],[-79.20599617,-3.98411133],[-79.20599102,-3.98385149],[-79.20596873,-3.98358444],[-79.20588804,-3.98321965],[-79.20576294,-3.982905],[-79.2055978,-3.98259745],[-79.20535546,-3.98229546],[-79.20490339,-3.98181502],[-79.2046236,-3.98164502],[-79.20448248,-3.98114972],[-79.20442867,-3.98092633],[-79.20442636,-3.98088963],[-79.20441784,-3.98075443],[-79.20441251,-3.98056102],[-79.20436401,-3.9794094],[-79.20437642,-3.97925106],[-79.20442895,-3.97879899],[-79.20449021,-3.97828825],[-79.20450782,-3.97809153],[-79.20455832,-3.97778616],[-79.20458628,-3.97755522],[-79.20467025,-3.97692617],[-79.20467041,-3.9769241],[-79.20470554,-3.97646857],[-79.20474783,-3.97608108],[-79.20482588,-3.97569656],[-79.20489695,-3.97520432],[-79.20503576,-3.97478881],[-79.20504664,-3.97476582],[-79.20528653,-3.97418023],[-79.20560811,-3.97357951],[-79.20568047,-3.97342662],[-79.20620807,-3.97237782],[-79.20638466,-3.97201933],[-79.20671771,-3.97135399],[-79.20688981,-3.97108736],[-79.2073511,-3.9706046],[-79.20770495,-3.97023645],[-79.20809538,-3.96992272],[-79.2080339,-3.96987366],[-79.20803374,-3.96987353],[-79.20740499,-3.96906363],[-79.20727301,-3.96887897],[-79.20642277,-3.96950555],[-79.20581929,-3.96987345],[-79.2052398,-3.97029588]]]]}},{"type":"Feature","properties":{"nombre":"Capulí","parroquia":"San Sebastián","parroquiaId":"san-sebastian","poblacion":1028},"geometry":{"type":"MultiPolygon","coordinates":[[[[-79.19955974,-4.02696117],[-79.19936566,-4.0270493],[-79.19883159,-4.02723234],[-79.19841194,-4.0273917],[-79.19818056,-4.02752278],[-79.1979873,-4.02764915],[-79.19783212,-4.02779714],[-79.19758802,-4.02797228],[-79.19758776,-4.02797437],[-79.19701396,-4.03265543],[-79.19700744,-4.03268311],[-79.19536059,-4.04090456],[-79.19494368,-4.04826287],[-79.19422176,-4.05099204],[-79.19395433,-4.05185387],[-79.19391192,-4.05251083],[-79.19400424,-4.05314448],[-79.19409892,-4.05356759],[-79.19415856,-4.05383409],[-79.19552391,-4.05562224],[-79.1958925,-4.05610498],[-79.19589555,-4.05617282],[-79.19590446,-4.05637169],[-79.19591431,-4.0565914],[-79.19591734,-4.05665893],[-79.19596292,-4.05610288],[-79.19594935,-4.05564407],[-79.1959394,-4.05530723],[-79.1958823,-4.0541946],[-79.19582878,-4.05311643],[-79.19591449,-4.0530827],[-79.19603957,-4.05303349],[-79.19611663,-4.05303132],[-79.19631513,-4.05302572],[-79.1964823,-4.05286654],[-79.19658557,-4.0527682],[-79.19644705,-4.0525824],[-79.19649193,-4.05239755],[-79.19663803,-4.05157792],[-79.1968502,-4.05090821],[-79.1972997,-4.05013039],[-79.19736498,-4.04985404],[-79.19738056,-4.04967318],[-79.19740367,-4.04929112],[-79.1974572,-4.04888068],[-79.1974539,-4.0485443],[-79.19759049,-4.04809745],[-79.19760635,-4.0477916],[-79.19753996,-4.04760853],[-79.19758199,-4.04736675],[-79.1975925,-4.04719097],[-79.19760533,-4.04634208],[-79.19759156,-4.04612747],[-79.19749238,-4.04588405],[-79.19736473,-4.04562627],[-79.19727961,-4.04546872],[-79.1972203,-4.04526334],[-79.19721185,-4.04496658],[-79.19724361,-4.04478677],[-79.19727994,-4.04437629],[-79.19725368,-4.04389555],[-79.19728952,-4.04370661],[-79.1974301,-4.04328823],[-79.19761102,-4.04293294],[-79.19772455,-4.04284885],[-79.19800008,-4.0427265],[-79.19891879,-4.04234948],[-79.19961999,-4.04194048],[-79.19971243,-4.04178215],[-79.19971257,-4.04172016],[-79.19969156,-4.04160833],[-79.19963195,-4.04141905],[-79.1996077,-4.04132425],[-79.1996062,-4.04125062],[-79.19963634,-4.04118375],[-79.19968976,-4.04114203],[-79.1997414,-4.04114717],[-79.19979798,-4.04118411],[-79.19984409,-4.04122398],[-79.19986783,-4.04124451],[-79.19991941,-4.04128143],[-79.19996938,-4.04128656],[-79.20006274,-4.04127004],[-79.20032631,-4.0411401],[-79.20074014,-4.04087663],[-79.20083535,-4.04077142],[-79.20089892,-4.04066112],[-79.20091602,-4.04046203],[-79.20086655,-4.04022431],[-79.200783,-4.04010646],[-79.20070376,-4.0399947],[-79.20059916,-4.03982378],[-79.20058937,-4.03972503],[-79.20060957,-4.03963472],[-79.20065844,-4.03960353],[-79.20074807,-4.03954634],[-79.2008717,-4.0394027],[-79.20100221,-4.03916036],[-79.20106589,-4.03899484],[-79.20108452,-4.03885766],[-79.20104815,-4.03872706],[-79.20095172,-4.03862812],[-79.2007853,-4.03853237],[-79.20073554,-4.03842851],[-79.20069306,-4.03804187],[-79.2007038,-4.03770723],[-79.20068267,-4.03746454],[-79.20059146,-4.03726521],[-79.20042687,-4.03709584],[-79.20027224,-4.0366748],[-79.20017447,-4.03640104],[-79.20013174,-4.03630532],[-79.20008712,-4.03621521],[-79.20002906,-4.03612958],[-79.19990327,-4.03590739],[-79.19987916,-4.03560894],[-79.19989562,-4.03544727],[-79.19993217,-4.0353561],[-79.19995471,-4.03529615],[-79.19996231,-4.03523616],[-79.19995537,-4.03516123],[-79.1998763,-4.03486752],[-79.19988709,-4.03463035],[-79.19989105,-4.03452911],[-79.19992406,-4.03436524],[-79.20019093,-4.03419267],[-79.20035497,-4.03414012],[-79.20043345,-4.03411405],[-79.20046336,-4.03409786],[-79.20071013,-4.03396091],[-79.20075127,-4.033931],[-79.20080736,-4.03388615],[-79.20080739,-4.03388612],[-79.20086726,-4.03383],[-79.2009309,-4.03375889],[-79.20097589,-4.03368024],[-79.20101341,-4.03359782],[-79.20107913,-4.03343108],[-79.20113173,-4.03328495],[-79.2011656,-4.03316877],[-79.20120331,-4.0330001],[-79.20121851,-4.03288013],[-79.2012262,-4.03278264],[-79.20123182,-4.03274648],[-79.20123551,-4.03272271],[-79.20124893,-4.03263644],[-79.20129983,-4.0325179],[-79.2014102,-4.03231804],[-79.2015039,-4.03213755],[-79.20151527,-4.03208951],[-79.20151167,-4.0320295],[-79.20149499,-4.03197134],[-79.20144283,-4.03191872],[-79.20138318,-4.03186984],[-79.20131244,-4.03177593],[-79.20121192,-4.0316332],[-79.20112257,-4.03150925],[-79.20102209,-4.03136442],[-79.20098091,-4.03114679],[-79.20117406,-4.0310181],[-79.20135518,-4.0310185],[-79.20142987,-4.03101867],[-79.2014971,-4.03101131],[-79.20155687,-4.03100395],[-79.20162041,-4.03097784],[-79.20166157,-4.03094043],[-79.20169527,-4.03089925],[-79.20174604,-4.03072491],[-79.20174631,-4.03060257],[-79.20171704,-4.03048015],[-79.20166921,-4.03040219],[-79.20121935,-4.03014537],[-79.20109021,-4.030108],[-79.20097209,-4.03010033],[-79.20078751,-4.03008879],[-79.20065471,-4.0300403],[-79.20056255,-4.02997336],[-79.20052218,-4.02986575],[-79.20047612,-4.02962307],[-79.20052212,-4.02940604],[-79.20071116,-4.02911085],[-79.20085985,-4.02894732],[-79.2011286,-4.02876418],[-79.20124083,-4.02867443],[-79.20131192,-4.02861083],[-79.20137557,-4.02853597],[-79.20143553,-4.02844235],[-79.20146562,-4.02834492],[-79.2014659,-4.02821741],[-79.2014438,-4.02807486],[-79.20137707,-4.02785345],[-79.20129533,-4.02766577],[-79.20121751,-4.02753726],[-79.20101794,-4.02729202],[-79.20089866,-4.0271905],[-79.20069578,-4.02703699],[-79.20059008,-4.02688056],[-79.20055199,-4.02664008],[-79.20039173,-4.02682214],[-79.20022556,-4.02698254],[-79.20012673,-4.02704978],[-79.19997438,-4.02704467],[-79.19985652,-4.02701331],[-79.19967438,-4.02696027],[-79.19955974,-4.02696117]]]]}},{"type":"Feature","properties":{"nombre":"Sol de los Andes","parroquia":"Punzara","parroquiaId":"punzara","poblacion":2680},"geometry":{"type":"MultiPolygon","coordinates":[[[[-79.20681415,-4.0239471],[-79.20629653,-4.02401989],[-79.20562839,-4.02396314],[-79.20533462,-4.02393827],[-79.20534321,-4.02399211],[-79.20541425,-4.02446454],[-79.20545032,-4.02469143],[-79.20596361,-4.02472252],[-79.20611207,-4.02473165],[-79.2060901,-4.02497133],[-79.20605012,-4.0256043],[-79.20557418,-4.0255731],[-79.20503821,-4.0255389],[-79.20498044,-4.02580721],[-79.20484176,-4.02647297],[-79.2047956,-4.02646622],[-79.2046374,-4.02644955],[-79.20465421,-4.02660175],[-79.20476932,-4.02732873],[-79.20468103,-4.0275397],[-79.20476406,-4.02752924],[-79.20504156,-4.02744373],[-79.2051202,-4.02743529],[-79.20518163,-4.02744835],[-79.20524164,-4.02746283],[-79.20527741,-4.02744712],[-79.20531895,-4.02740989],[-79.20536184,-4.02740424],[-79.20537468,-4.02741719],[-79.20538033,-4.02744735],[-79.20538738,-4.02749043],[-79.20540015,-4.02753639],[-79.20541439,-4.02756083],[-79.20543862,-4.02759246],[-79.20549,-4.02763133],[-79.20555429,-4.02764583],[-79.20563006,-4.02764313],[-79.20575304,-4.02762043],[-79.2058188,-4.02762058],[-79.20591594,-4.02764663],[-79.20601585,-4.02771575],[-79.20609728,-4.0277389],[-79.20617875,-4.02774195],[-79.20634613,-4.0276849],[-79.20663513,-4.0275707],[-79.20681248,-4.02752516],[-79.20694698,-4.0274666],[-79.20705281,-4.02744387],[-79.2071429,-4.0274254],[-79.20726872,-4.02741133],[-79.207496,-4.02741326],[-79.20763313,-4.0274595],[-79.20777601,-4.02748853],[-79.20795039,-4.02749609],[-79.2080133,-4.02748905],[-79.20808348,-4.02742891],[-79.2081507,-4.02741184],[-79.20834226,-4.02740652],[-79.20875538,-4.02740456],[-79.20895978,-4.02740788],[-79.20911111,-4.02749578],[-79.20932379,-4.02763836],[-79.20945939,-4.02773053],[-79.20968352,-4.0278674],[-79.20977061,-4.0279164],[-79.20978903,-4.02798821],[-79.20979164,-4.02810306],[-79.20975273,-4.02824796],[-79.2097711,-4.02834418],[-79.20981104,-4.02838302],[-79.20990402,-4.02835308],[-79.21006146,-4.02826156],[-79.21018445,-4.02823455],[-79.21035464,-4.02819904],[-79.21045317,-4.02824376],[-79.21052877,-4.02832001],[-79.21058437,-4.0283876],[-79.21061277,-4.02847522],[-79.21061967,-4.02858577],[-79.21064387,-4.02863463],[-79.21071242,-4.02866206],[-79.21078098,-4.02868948],[-79.21097825,-4.02868561],[-79.21108685,-4.02870451],[-79.21120108,-4.02876219],[-79.21127241,-4.02882694],[-79.21136379,-4.02887451],[-79.21149818,-4.02886763],[-79.21160398,-4.02885638],[-79.21167972,-4.02886803],[-79.21174541,-4.02889545],[-79.21176967,-4.0289156],[-79.21180251,-4.02893433],[-79.2118825,-4.02896035],[-79.21199261,-4.02894049],[-79.21210432,-4.02884456],[-79.21218878,-4.0287902],[-79.21227026,-4.02878751],[-79.21238313,-4.0288179],[-79.2124445,-4.02885823],[-79.21258578,-4.02896908],[-79.21269705,-4.02907411],[-79.21278107,-4.02921928],[-79.21283372,-4.02933137],[-79.21287638,-4.02943051],[-79.21290909,-4.0295081],[-79.21297909,-4.02952978],[-79.21305335,-4.02956297],[-79.21311899,-4.02961335],[-79.21321175,-4.02968533],[-79.21339195,-4.02964841],[-79.21349065,-4.02961704],[-79.21357073,-4.02960286],[-79.21365785,-4.02963894],[-79.21375198,-4.0297382],[-79.2138262,-4.02978573],[-79.21392765,-4.02980749],[-79.21404633,-4.02979196],[-79.21413778,-4.02980939],[-79.21419918,-4.0298411],[-79.21427621,-4.02991161],[-79.21433045,-4.02994905],[-79.21438755,-4.0299865],[-79.21451049,-4.0299839],[-79.21470927,-4.02994414],[-79.21478646,-4.02994719],[-79.21483357,-4.02997313],[-79.21490058,-4.0300551],[-79.21493613,-4.03014131],[-79.21498001,-4.03033663],[-79.21501695,-4.03044007],[-79.21503543,-4.03048892],[-79.21502948,-4.03059513],[-79.2150608,-4.03065693],[-79.21514505,-4.03069443],[-79.21527082,-4.03070763],[-79.21544518,-4.03072237],[-79.21557082,-4.03079442],[-79.2156821,-4.03089084],[-79.21579338,-4.03099157],[-79.21596321,-4.03112114],[-79.21604172,-4.03117156],[-79.2161459,-4.03125217],[-79.21624155,-4.0313098],[-79.21636994,-4.0314278],[-79.21651231,-4.03160049],[-79.21653194,-4.03158137],[-79.21656603,-4.0315482],[-79.21657686,-4.03153767],[-79.21662747,-4.03146306],[-79.21666206,-4.03137975],[-79.21668058,-4.03129135],[-79.21668772,-4.03120125],[-79.21668944,-4.03111084],[-79.21668984,-4.03107398],[-79.21669044,-4.03102042],[-79.21669144,-4.03093001],[-79.21669244,-4.03083959],[-79.21669344,-4.03074917],[-79.21669445,-4.03065875],[-79.21669769,-4.03047793],[-79.21670126,-4.03038758],[-79.21670707,-4.03029734],[-79.2167158,-4.03020735],[-79.21672789,-4.03011775],[-79.21674336,-4.03002868],[-79.2167622,-4.02994026],[-79.21678436,-4.02985262],[-79.21680983,-4.02976589],[-79.21683849,-4.02968018],[-79.21686981,-4.0295954],[-79.21690309,-4.02951138],[-79.21693769,-4.0294279],[-79.21697295,-4.02934469],[-79.21700833,-4.02926154],[-79.2170437,-4.02917838],[-79.2171134,-4.02901163],[-79.21714042,-4.02894425],[-79.21705584,-4.0289371],[-79.21703418,-4.02893335],[-79.21703414,-4.02893349],[-79.21697494,-4.02893065],[-79.21695665,-4.02892978],[-79.21675819,-4.02891019],[-79.2165208,-4.02887956],[-79.21616989,-4.02881793],[-79.2155465,-4.02871702],[-79.21541932,-4.02869888],[-79.21509134,-4.02865337],[-79.21450667,-4.02857601],[-79.21436809,-4.02805283],[-79.21424524,-4.02757645],[-79.21412223,-4.02717305],[-79.21397552,-4.02671576],[-79.21379322,-4.0261902],[-79.21379339,-4.02611125],[-79.21381651,-4.0258876],[-79.21379203,-4.02564232],[-79.21374837,-4.02545082],[-79.21370652,-4.02544204],[-79.21102816,-4.02464513],[-79.21098501,-4.02463229],[-79.20850923,-4.02389566],[-79.20777048,-4.02377309],[-79.20681415,-4.0239471]]]]}},{"type":"Feature","properties":{"nombre":"Chonta Cruz","parroquia":"Sucre","parroquiaId":"sucre","poblacion":1905},"geometry":{"type":"MultiPolygon","coordinates":[[[[-79.21609338,-4.00737469],[-79.21610761,-4.00739756],[-79.21612353,-4.00742039],[-79.21621617,-4.0075532],[-79.21621626,-4.00755332],[-79.21636487,-4.00776639],[-79.21653027,-4.00799532],[-79.21677551,-4.0082778],[-79.21677557,-4.00827787],[-79.21702075,-4.00856029],[-79.21703865,-4.00858551],[-79.21750441,-4.00924143],[-79.21778014,-4.00962974],[-79.21787055,-4.00975707],[-79.21788403,-4.00977605],[-79.21788825,-4.009782],[-79.21792611,-4.0098422],[-79.21793741,-4.00986017],[-79.21795303,-4.00988501],[-79.21796883,-4.00991013],[-79.21797623,-4.0099219],[-79.21800114,-4.00996152],[-79.21801882,-4.00998962],[-79.21803896,-4.01002166],[-79.21805415,-4.01004581],[-79.21807698,-4.01008212],[-79.21812201,-4.01016315],[-79.21817635,-4.01026095],[-79.21824516,-4.01038478],[-79.21831949,-4.01050682],[-79.21835046,-4.01055767],[-79.21839225,-4.01062628],[-79.21845384,-4.0107274],[-79.2185179,-4.01083258],[-79.21856401,-4.01090828],[-79.21861196,-4.010987],[-79.21874636,-4.01120766],[-79.21907575,-4.01164443],[-79.2192353,-4.01185599],[-79.21930777,-4.01195207],[-79.21935618,-4.01200764],[-79.21942882,-4.01209102],[-79.21944792,-4.01211294],[-79.21946076,-4.01212768],[-79.21946751,-4.01213424],[-79.21950651,-4.01217215],[-79.21953698,-4.01220177],[-79.21956029,-4.01222442],[-79.21963527,-4.01229732],[-79.21969872,-4.01235898],[-79.21974176,-4.01239664],[-79.2198337,-4.01247708],[-79.21991435,-4.01254764],[-79.2199144,-4.01254768],[-79.21994848,-4.0125775],[-79.22000114,-4.01262319],[-79.22002806,-4.01264655],[-79.22003921,-4.01265623],[-79.22004594,-4.01266163],[-79.22090182,-4.01334951],[-79.22099586,-4.01340201],[-79.22102894,-4.01341595],[-79.22102908,-4.01341601],[-79.2210727,-4.01343439],[-79.22111186,-4.01345126],[-79.22114142,-4.013464],[-79.22125931,-4.01350272],[-79.22180803,-4.01367623],[-79.22192144,-4.01374212],[-79.22192178,-4.01374232],[-79.2220175,-4.01379792],[-79.22202079,-4.01379996],[-79.22245434,-4.01406913],[-79.22286836,-4.01431654],[-79.22300084,-4.01442175],[-79.22312368,-4.01454066],[-79.22322348,-4.01468737],[-79.22332869,-4.01490485],[-79.2234033,-4.01504773],[-79.22349056,-4.01513724],[-79.22357687,-4.01519789],[-79.22406377,-4.01549836],[-79.22418606,-4.01557382],[-79.2249549,-4.0160398],[-79.22504686,-4.01608883],[-79.22511538,-4.01610684],[-79.22536271,-4.01617047],[-79.22558928,-4.01621256],[-79.22591518,-4.01627209],[-79.22600853,-4.01629744],[-79.22613486,-4.01633035],[-79.22623377,-4.01636098],[-79.22623419,-4.01636111],[-79.22625454,-4.01636741],[-79.22625545,-4.01636772],[-79.22636624,-4.01640583],[-79.22644825,-4.01644564],[-79.22652441,-4.01649458],[-79.22661142,-4.01656447],[-79.22661353,-4.01656634],[-79.22668286,-4.01662751],[-79.22678843,-4.01673074],[-79.22684616,-4.0167889],[-79.22805923,-4.01801096],[-79.22815958,-4.01814214],[-79.22818364,-4.0181736],[-79.22853505,-4.01870089],[-79.22882845,-4.01911363],[-79.22888681,-4.01917249],[-79.22896228,-4.01920519],[-79.22918948,-4.01913174],[-79.22951536,-4.0190109],[-79.22971882,-4.01889076],[-79.22987937,-4.01876397],[-79.23002973,-4.01862616],[-79.2301515,-4.01848528],[-79.23025469,-4.01833342],[-79.23032994,-4.01817975],[-79.23039946,-4.0180035],[-79.2304566,-4.01780709],[-79.23045662,-4.01780696],[-79.23048476,-4.01760551],[-79.2304976,-4.01751363],[-79.23052642,-4.01730737],[-79.23054321,-4.01718725],[-79.23056705,-4.01701658],[-79.23058482,-4.01688943],[-79.23060453,-4.01674837],[-79.23061363,-4.01668325],[-79.23061771,-4.01665407],[-79.23073538,-4.01581191],[-79.2307894,-4.01542527],[-79.23086995,-4.01484883],[-79.23088182,-4.01469748],[-79.2308941,-4.0146079],[-79.23091866,-4.01442874],[-79.23094324,-4.01424958],[-79.23096873,-4.01407055],[-79.23099559,-4.01389172],[-79.23102382,-4.01371311],[-79.23106854,-4.01344558],[-79.23109881,-4.0132673],[-79.23114362,-4.01299978],[-79.23116747,-4.01282054],[-79.23117793,-4.01264007],[-79.2311763,-4.01254967],[-79.23116994,-4.01245948],[-79.23115886,-4.01236975],[-79.23114309,-4.01228073],[-79.23112268,-4.01219267],[-79.23109769,-4.01210581],[-79.23106818,-4.01202039],[-79.23103424,-4.01193664],[-79.23099596,-4.01185481],[-79.23095345,-4.01177511],[-79.23090681,-4.01169777],[-79.2308562,-4.01162299],[-79.23080173,-4.011551],[-79.23074367,-4.0114819],[-79.23061965,-4.01135081],[-79.23042477,-4.01116296],[-79.23023249,-4.01097247],[-79.23017215,-4.01090536],[-79.23011518,-4.01083535],[-79.23008254,-4.01078692],[-79.23006246,-4.01076206],[-79.23003955,-4.01072313],[-79.22997091,-4.01060646],[-79.22994004,-4.01054086],[-79.22993517,-4.01053052],[-79.22993244,-4.01052472],[-79.2298706,-4.01035498],[-79.22982527,-4.01017999],[-79.22980386,-4.0100773],[-79.22979241,-4.01004385],[-79.22978321,-4.01000334],[-79.2295391,-4.01007363],[-79.22928835,-4.01012859],[-79.22886784,-4.00980326],[-79.2284645,-4.00947126],[-79.22765563,-4.00893836],[-79.22751097,-4.00884809],[-79.22731109,-4.00873856],[-79.22706817,-4.00864419],[-79.22704162,-4.00863461],[-79.22663634,-4.00876388],[-79.22575146,-4.00900695],[-79.22498135,-4.00921815],[-79.22448647,-4.00935851],[-79.2242432,-4.0094824],[-79.22397632,-4.00965658],[-79.22347153,-4.01010973],[-79.22342096,-4.01013928],[-79.22339618,-4.01014114],[-79.22337809,-4.01013536],[-79.22336193,-4.01011619],[-79.22334101,-4.01009317],[-79.22319876,-4.00985108],[-79.22318458,-4.00988236],[-79.22315618,-4.00993164],[-79.22313678,-4.00995163],[-79.22310601,-4.00999433],[-79.22307527,-4.01002746],[-79.22302999,-4.01003275],[-79.22299461,-4.01000635],[-79.22295329,-4.00997157],[-79.2229194,-4.00994548],[-79.22288905,-4.00993435],[-79.22284472,-4.00991302],[-79.22282215,-4.00988336],[-79.22280554,-4.00985491],[-79.22278444,-4.00983393],[-79.22275618,-4.00981712],[-79.22273062,-4.00979703],[-79.22270148,-4.00977334],[-79.22267946,-4.00976582],[-79.22264788,-4.00977173],[-79.22262909,-4.00978724],[-79.22260698,-4.00981979],[-79.22259166,-4.00988136],[-79.22258587,-4.00994176],[-79.2225819,-4.00998631],[-79.22258118,-4.01004463],[-79.22256951,-4.01007242],[-79.22254862,-4.01008972],[-79.22252062,-4.01009384],[-79.22247723,-4.01005188],[-79.22243918,-4.01002338],[-79.22241183,-4.0100009],[-79.22238653,-4.00999366],[-79.22236304,-4.00997597],[-79.22234079,-4.00993704],[-79.2223099,-4.00990079],[-79.22229354,-4.00989208],[-79.22227059,-4.0099016],[-79.22226877,-4.00991595],[-79.22227139,-4.00994586],[-79.22227667,-4.00997967],[-79.22227246,-4.00999999],[-79.22225814,-4.01001312],[-79.22223251,-4.01001815],[-79.22219736,-4.01002465],[-79.22216218,-4.01004252],[-79.22213861,-4.01006221],[-79.22211175,-4.01009146],[-79.22206501,-4.01008507],[-79.22202209,-4.01010113],[-79.22196073,-4.01010578],[-79.22191843,-4.01011287],[-79.22185023,-4.01011421],[-79.22180379,-4.01010663],[-79.22175233,-4.01007841],[-79.22171485,-4.01005769],[-79.2216964,-4.01005376],[-79.2216849,-4.01005422],[-79.22164914,-4.01006706],[-79.22159118,-4.01009851],[-79.22154458,-4.01012984],[-79.22148475,-4.01011924],[-79.22145916,-4.01010932],[-79.22137608,-4.01010614],[-79.22134782,-4.01009203],[-79.22132108,-4.01006416],[-79.22129437,-4.01002163],[-79.22126559,-4.00997103],[-79.22122873,-4.00993835],[-79.22117756,-4.00991282],[-79.22112971,-4.00987174],[-79.22109434,-4.00984146],[-79.22106105,-4.00980759],[-79.22103643,-4.00976627],[-79.22102667,-4.00973275],[-79.22102555,-4.00970254],[-79.2210289,-4.00966517],[-79.22105594,-4.00955666],[-79.22108624,-4.00945415],[-79.22110184,-4.00940006],[-79.22110008,-4.00938929],[-79.22108375,-4.00936533],[-79.22101444,-4.00932869],[-79.2209588,-4.00930793],[-79.22093561,-4.00929173],[-79.22091041,-4.00923575],[-79.22090906,-4.00917354],[-79.22090823,-4.00914423],[-79.22088747,-4.00910471],[-79.22087566,-4.00905803],[-79.22086348,-4.00904275],[-79.22082272,-4.00902382],[-79.22080372,-4.00899597],[-79.22079634,-4.00897023],[-79.22079315,-4.00892746],[-79.22077929,-4.00886582],[-79.22077051,-4.00879552],[-79.22076462,-4.00876291],[-79.22075543,-4.00874345],[-79.22073583,-4.00871799],[-79.22068266,-4.00865717],[-79.22066067,-4.00863648],[-79.22062558,-4.00860949],[-79.22060244,-4.00857176],[-79.22058104,-4.00854868],[-79.22055546,-4.00853876],[-79.22047394,-4.0085009],[-79.22041473,-4.00847894],[-79.22034148,-4.0084731],[-79.2202566,-4.0084759],[-79.2202191,-4.00846655],[-79.22017658,-4.00843715],[-79.22012686,-4.00842777],[-79.2200498,-4.00839859],[-79.22000727,-4.00836949],[-79.21997519,-4.00833473],[-79.21993654,-4.00830354],[-79.21992557,-4.00828258],[-79.21990572,-4.00823648],[-79.21989743,-4.00821224],[-79.21987693,-4.00819096],[-79.21982071,-4.00815884],[-79.21971848,-4.00806292],[-79.21962901,-4.00798407],[-79.21955084,-4.00791631],[-79.21950536,-4.00787434],[-79.21947775,-4.0078363],[-79.21944249,-4.00775518],[-79.21942497,-4.00772912],[-79.21938906,-4.00767431],[-79.21935636,-4.00764822],[-79.21931147,-4.00761074],[-79.21928146,-4.00757928],[-79.21926724,-4.00754366],[-79.21925824,-4.00743986],[-79.21924462,-4.00740125],[-79.21919712,-4.00733476],[-79.21918589,-4.00729316],[-79.21916953,-4.00728505],[-79.21911087,-4.00728164],[-79.21907545,-4.00727319],[-79.21904512,-4.00725069],[-79.21902879,-4.00722852],[-79.21901339,-4.0071917],[-79.21901443,-4.00712412],[-79.21901718,-4.00708943],[-79.21898271,-4.00705646],[-79.21897857,-4.00704389],[-79.21897866,-4.00699903],[-79.21899395,-4.00695271],[-79.21902622,-4.00690194],[-79.2190299,-4.00685619],[-79.21904941,-4.00678536],[-79.21906501,-4.00673305],[-79.21907406,-4.00667745],[-79.21906851,-4.00662959],[-79.21904328,-4.00659035],[-79.21901594,-4.00656398],[-79.21895587,-4.00652228],[-79.21886813,-4.00647065],[-79.21881671,-4.00642567],[-79.21876879,-4.0064148],[-79.21873696,-4.00639918],[-79.21870246,-4.00637817],[-79.21868407,-4.00634524],[-79.21865219,-4.00631685],[-79.21862817,-4.00630235],[-79.21858775,-4.00626774],[-79.21858433,-4.00629342],[-79.21855057,-4.00631417],[-79.21849205,-4.00632814],[-79.21838985,-4.00637578],[-79.21825266,-4.00640879],[-79.21814704,-4.00644738],[-79.2180625,-4.00650013],[-79.21799203,-4.00655292],[-79.21787581,-4.00661266],[-79.21780534,-4.00666191],[-79.2177595,-4.00666181],[-79.21773436,-4.00667353],[-79.21771849,-4.00668372],[-79.21767751,-4.00670145],[-79.21764954,-4.00671635],[-79.21761535,-4.00673343],[-79.21756662,-4.00674515],[-79.21753774,-4.0067521],[-79.21747905,-4.00676694],[-79.2174362,-4.00677806],[-79.21666905,-4.00697336],[-79.21660688,-4.0069844],[-79.21657498,-4.00699007],[-79.21665251,-4.00720468],[-79.21609338,-4.00737469]]]]}},{"type":"Feature","properties":{"nombre":"La Banda","parroquia":"Carigán","parroquiaId":"carigan","poblacion":9337},"geometry":{"type":"MultiPolygon","coordinates":[[[[-79.21415173,-3.9615463],[-79.21436566,-3.96168602],[-79.21409392,-3.96200678],[-79.21384267,-3.96301089],[-79.21387863,-3.96304622],[-79.21415848,-3.9633709],[-79.21432107,-3.96346828],[-79.21435125,-3.96347777],[-79.21437154,-3.96348416],[-79.21457263,-3.96357382],[-79.21463481,-3.96359994],[-79.21467599,-3.96361607],[-79.21478542,-3.963666],[-79.21480761,-3.96367727],[-79.21490336,-3.96372589],[-79.21502267,-3.96378304],[-79.21506058,-3.96379843],[-79.21512871,-3.9638261],[-79.2151441,-3.96383462],[-79.21516212,-3.96380663],[-79.21517062,-3.96379548],[-79.21543796,-3.96399761],[-79.21558888,-3.96411626],[-79.21559456,-3.96412072],[-79.21559475,-3.96412089],[-79.21563215,-3.96414734],[-79.21555765,-3.964295],[-79.21555238,-3.96430751],[-79.21555236,-3.96431756],[-79.21555758,-3.96432714],[-79.21556757,-3.96433434],[-79.21562517,-3.96435887],[-79.21574851,-3.96438833],[-79.21611767,-3.96443052],[-79.21626651,-3.96445117],[-79.21655693,-3.96455109],[-79.21660097,-3.96456785],[-79.21660204,-3.96456837],[-79.21660745,-3.96457063],[-79.21669743,-3.96461254],[-79.21677707,-3.96464921],[-79.2168549,-3.96468837],[-79.2168535,-3.964694],[-79.21685399,-3.96469424],[-79.2167724,-3.96502219],[-79.21670565,-3.96529485],[-79.21664795,-3.96540489],[-79.21657114,-3.96549741],[-79.21652982,-3.96556107],[-79.21652921,-3.96556202],[-79.2165256,-3.96562147],[-79.2165537,-3.96567822],[-79.21661597,-3.96570385],[-79.21672213,-3.96572857],[-79.21706673,-3.96580276],[-79.21739741,-3.96587867],[-79.21763407,-3.96594738],[-79.21791072,-3.96604415],[-79.21814729,-3.96615484],[-79.21835073,-3.96628468],[-79.21855415,-3.96643026],[-79.21867753,-3.96654595],[-79.21880259,-3.96668961],[-79.21891545,-3.96683849],[-79.2190196,-3.96698911],[-79.21911155,-3.96714844],[-79.21918087,-3.96729898],[-79.21922761,-3.96742674],[-79.2193436,-3.96774001],[-79.21949071,-3.96815827],[-79.21972089,-3.96881629],[-79.2199286,-3.96939381],[-79.22000821,-3.96962132],[-79.22013459,-3.96996259],[-79.22018471,-3.97013932],[-79.22022618,-3.9702898],[-79.22026936,-3.97045252],[-79.22032976,-3.97070797],[-79.22036941,-3.97088992],[-79.22042446,-3.97120481],[-79.22046756,-3.97140426],[-79.22051412,-3.97156783],[-79.22076338,-3.972107],[-79.22104253,-3.97273102],[-79.22106489,-3.9727107],[-79.22116354,-3.97261152],[-79.22128867,-3.97244808],[-79.22129974,-3.97243363],[-79.22140461,-3.97225912],[-79.22147989,-3.97202307],[-79.22148071,-3.97201806],[-79.22151336,-3.97181896],[-79.22156948,-3.97138273],[-79.22161636,-3.97101376],[-79.22165505,-3.97071432],[-79.22165589,-3.9707102],[-79.22171465,-3.97042088],[-79.2218048,-3.97022204],[-79.2220271,-3.96993054],[-79.22229299,-3.96976215],[-79.22251958,-3.96968299],[-79.22276932,-3.96967279],[-79.22276939,-3.96967279],[-79.22276956,-3.96967279],[-79.22569001,-3.97006188],[-79.22568482,-3.97005539],[-79.22568241,-3.97005503],[-79.22568275,-3.97005281],[-79.22568261,-3.97005264],[-79.22569566,-3.96996772],[-79.22570857,-3.96989094],[-79.22570871,-3.96989063],[-79.22573163,-3.96983978],[-79.22575972,-3.96981935],[-79.22586684,-3.96979654],[-79.22604028,-3.96976363],[-79.22626213,-3.96974362],[-79.22642403,-3.96974141],[-79.22655656,-3.96975962],[-79.22672465,-3.96984448],[-79.22685706,-3.96991901],[-79.22698438,-3.9699961],[-79.22715111,-3.97010254],[-79.22733973,-3.97013513],[-79.22752072,-3.97015088],[-79.22768128,-3.97017683],[-79.22782904,-3.9702258],[-79.22797548,-3.97030293],[-79.22818111,-3.97049373],[-79.22829226,-3.97056477],[-79.22840382,-3.97056501],[-79.22852574,-3.97050638],[-79.22863805,-3.97044518],[-79.22877327,-3.97039682],[-79.22892431,-3.97034451],[-79.22898507,-3.97031714],[-79.22908648,-3.97024388],[-79.22925625,-3.96994877],[-79.22944027,-3.96967522],[-79.22949133,-3.96975069],[-79.22953996,-3.9698441],[-79.22955531,-3.96991113],[-79.22956598,-3.96993149],[-79.22958742,-3.96993153],[-79.22964938,-3.96992569],[-79.2297173,-3.96991028],[-79.22980529,-3.9698741],[-79.22983252,-3.96983971],[-79.22985074,-3.96978568],[-79.22987583,-3.96963979],[-79.22989415,-3.9694933],[-79.22992287,-3.96943164],[-79.22997347,-3.96938916],[-79.2300903,-3.96934395],[-79.23018374,-3.9693164],[-79.2302648,-3.96928739],[-79.23035305,-3.96924068],[-79.23039465,-3.96917139],[-79.23042522,-3.96913222],[-79.23047533,-3.96909405],[-79.23057646,-3.9690378],[-79.23069432,-3.96895766],[-79.23084174,-3.96886467],[-79.23092236,-3.96882034],[-79.23105166,-3.96873497],[-79.23111848,-3.96867865],[-79.23116724,-3.96860554],[-79.23120401,-3.96856303],[-79.231268,-3.96849666],[-79.231342,-3.96842744],[-79.23144846,-3.96832814],[-79.23152149,-3.96826609],[-79.23162984,-3.96817732],[-79.23169952,-3.968121],[-79.23178828,-3.9680542],[-79.23182789,-3.96802654],[-79.23191913,-3.96791524],[-79.23199692,-3.9678532],[-79.23204228,-3.96781023],[-79.23208957,-3.96775387],[-79.2321068,-3.96771754],[-79.23215841,-3.96764588],[-79.23220948,-3.96760388],[-79.23226338,-3.96757508],[-79.23239408,-3.96750474],[-79.23250375,-3.96746335],[-79.23256761,-3.96745535],[-79.23269958,-3.96745898],[-79.23274198,-3.96746242],[-79.23278678,-3.96745821],[-79.23282731,-3.96744251],[-79.23293855,-3.96733748],[-79.23299015,-3.96727108],[-79.23305223,-3.96720422],[-79.23313997,-3.96716708],[-79.23319004,-3.96715092],[-79.23325961,-3.96714676],[-79.23338965,-3.96716379],[-79.2334311,-3.96716484],[-79.2335207,-3.96715259],[-79.23354122,-3.96713636],[-79.23353572,-3.96703491],[-79.23351898,-3.96692682],[-79.23355418,-3.96688314],[-79.23362456,-3.96683544],[-79.23375689,-3.96678417],[-79.23388896,-3.96673947],[-79.23400247,-3.96668899],[-79.23403254,-3.96666226],[-79.23405595,-3.96663264],[-79.23412368,-3.96659929],[-79.23417328,-3.96657452],[-79.23422435,-3.96653539],[-79.23427736,-3.96647521],[-79.23432423,-3.96639349],[-79.2344022,-3.96624867],[-79.23448013,-3.96612251],[-79.23451213,-3.96608621],[-79.23455507,-3.96605807],[-79.23460466,-3.96604047],[-79.23464516,-3.96604008],[-79.23467806,-3.96602723],[-79.23469332,-3.96602248],[-79.23471426,-3.96603305],[-79.23474904,-3.9660336],[-79.23478258,-3.96601969],[-79.23483917,-3.9659936],[-79.23491114,-3.96598371],[-79.23493591,-3.96598759],[-79.23494213,-3.96597325],[-79.23494505,-3.9659455],[-79.23493899,-3.96588184],[-79.23494065,-3.9658509],[-79.23495197,-3.96582876],[-79.2349682,-3.96581348],[-79.23498063,-3.9657958],[-79.2349893,-3.96574941],[-79.23501231,-3.96568486],[-79.23503816,-3.96562797],[-79.23511401,-3.96558172],[-79.2351627,-3.96553732],[-79.23525105,-3.96544181],[-79.23533315,-3.96537069],[-79.23536519,-3.96531764],[-79.23542591,-3.96521872],[-79.23548272,-3.96516621],[-79.23558006,-3.96509847],[-79.23566217,-3.96502495],[-79.2356894,-3.96499104],[-79.23573912,-3.96491075],[-79.23579835,-3.96483959],[-79.23587902,-3.9647699],[-79.23590867,-3.96471828],[-79.2359622,-3.96463944],[-79.23602239,-3.96456732],[-79.23610015,-3.96451915],[-79.23614067,-3.96450776],[-79.23618496,-3.96451742],[-79.23622402,-3.96452181],[-79.23626694,-3.96450372],[-79.2363924,-3.96443317],[-79.23654455,-3.96435933],[-79.23668242,-3.96427588],[-79.23682271,-3.96417809],[-79.23698811,-3.96406695],[-79.23705982,-3.96405469],[-79.23719351,-3.96401638],[-79.23730821,-3.96400119],[-79.23738492,-3.96367015],[-79.2375061,-3.96314932],[-79.23759836,-3.96278059],[-79.23766164,-3.96259411],[-79.23774206,-3.96241627],[-79.237874,-3.96221128],[-79.23802457,-3.96198191],[-79.23809628,-3.96186723],[-79.23826979,-3.96160633],[-79.23831617,-3.96152449],[-79.23842446,-3.96133342],[-79.23845343,-3.9612823],[-79.2385667,-3.96111602],[-79.23881167,-3.96085671],[-79.23903499,-3.96069785],[-79.23924243,-3.96061216],[-79.23944694,-3.96056092],[-79.239771,-3.96049207],[-79.23981686,-3.96036903],[-79.23988768,-3.96022563],[-79.24003574,-3.95995139],[-79.24004625,-3.95993097],[-79.23978802,-3.95970001],[-79.2394364,-3.95935976],[-79.23927767,-3.95923654],[-79.2390766,-3.95904506],[-79.23906105,-3.95906619],[-79.23906089,-3.95906605],[-79.23903798,-3.95909757],[-79.23886889,-3.95894266],[-79.23877543,-3.95884982],[-79.23877312,-3.95883927],[-79.23872968,-3.95880254],[-79.2384846,-3.95856138],[-79.23847619,-3.95839109],[-79.23847617,-3.95839103],[-79.23847125,-3.9582911],[-79.23846327,-3.95825744],[-79.23843001,-3.95825768],[-79.23832736,-3.95827194],[-79.23815009,-3.95828687],[-79.23806433,-3.95828191],[-79.23800149,-3.95827275],[-79.23799765,-3.95827219],[-79.23797001,-3.95827309],[-79.23793378,-3.9582845],[-79.23788123,-3.95830508],[-79.23776691,-3.95833678],[-79.23764295,-3.95837479],[-79.23759911,-3.95837757],[-79.23751907,-3.9583774],[-79.23739711,-3.95836853],[-79.23731142,-3.95833581],[-79.23720905,-3.95827231],[-79.23715216,-3.95824359],[-79.2370569,-3.95822999],[-79.23691968,-3.95823161],[-79.23680342,-3.95823137],[-79.23668523,-3.95824834],[-79.23654221,-3.95828823],[-79.23636176,-3.95837053],[-79.23624649,-3.95843881],[-79.2361721,-3.95846736],[-79.23606533,-3.9584901],[-79.2359643,-3.95849754],[-79.23584338,-3.95850511],[-79.23564713,-3.95850204],[-79.23553635,-3.95850779],[-79.23547556,-3.9585268],[-79.23538612,-3.95857446],[-79.23530501,-3.95863051],[-79.23522866,-3.95868179],[-79.23513074,-3.95880001],[-79.23497891,-3.95906286],[-79.23480973,-3.95931167],[-79.23477221,-3.95936268],[-79.23468869,-3.9594271],[-79.23461479,-3.95945326],[-79.23454926,-3.95945791],[-79.23448614,-3.95945299],[-79.23438019,-3.95942524],[-79.23428264,-3.9593762],[-79.23425167,-3.95936875],[-79.23414338,-3.95932066],[-79.23404342,-3.9592565],[-79.2339257,-3.95917904],[-79.23366754,-3.95895295],[-79.23352873,-3.95880575],[-79.23343846,-3.95868641],[-79.23334581,-3.95856468],[-79.23315332,-3.95833984],[-79.23293468,-3.95809247],[-79.23289331,-3.95805171],[-79.23288047,-3.95804115],[-79.23275674,-3.95797246],[-79.23250263,-3.95782167],[-79.23239607,-3.95774679],[-79.2322358,-3.95760481],[-79.23211887,-3.9574768],[-79.23199384,-3.95734638],[-79.23192456,-3.95726685],[-79.23189732,-3.95723699],[-79.23187926,-3.9572256],[-79.2318602,-3.95721753],[-79.23184019,-3.95721677],[-79.23182447,-3.95721674],[-79.23180231,-3.95721884],[-79.23175543,-3.95722925],[-79.23165503,-3.95724221],[-79.23148637,-3.95724329],[-79.23131701,-3.95723216],[-79.23113548,-3.95723249],[-79.23100113,-3.95722789],[-79.2309104,-3.9572155],[-79.23084254,-3.95719741],[-79.23079407,-3.95717175],[-79.23078905,-3.95717006],[-79.23068122,-3.95710304],[-79.23060702,-3.95704474],[-79.23057999,-3.95698654],[-79.2305613,-3.95688699],[-79.23053481,-3.95672303],[-79.23050086,-3.956555],[-79.23045049,-3.95637905],[-79.230432,-3.95633522],[-79.23035659,-3.95617428],[-79.23028792,-3.95600073],[-79.23024287,-3.95587761],[-79.23022224,-3.95583306],[-79.23019815,-3.95580601],[-79.23016805,-3.95577265],[-79.23006815,-3.95566234],[-79.22987422,-3.9554799],[-79.22975362,-3.95539782],[-79.22962445,-3.95530997],[-79.22946777,-3.95520086],[-79.22946632,-3.95520008],[-79.22945709,-3.95519343],[-79.22944817,-3.9551856],[-79.22943808,-3.95517777],[-79.22943381,-3.95517464],[-79.22940353,-3.95515975],[-79.22936936,-3.95514836],[-79.22932234,-3.95514552],[-79.22929125,-3.95514663],[-79.22926793,-3.95514775],[-79.22925277,-3.95514811],[-79.22924228,-3.95515004],[-79.22921429,-3.95515427],[-79.22914907,-3.95516423],[-79.2291065,-3.95516716],[-79.22908252,-3.95517038],[-79.22899935,-3.95517254],[-79.22897409,-3.95517288],[-79.2289465,-3.95517282],[-79.22890609,-3.95517078],[-79.22885829,-3.95516912],[-79.22881166,-3.95516707],[-79.22877144,-3.95516679],[-79.2286844,-3.95516543],[-79.22864204,-3.95516495],[-79.22860318,-3.95516447],[-79.22842618,-3.95516234],[-79.22840053,-3.95516189],[-79.22832028,-3.95516113],[-79.22826611,-3.95515556],[-79.22819289,-3.95514045],[-79.22815778,-3.95512901],[-79.22813874,-3.95512],[-79.22811258,-3.95509901],[-79.22806449,-3.95502773],[-79.22801104,-3.95495823],[-79.22791183,-3.95483779],[-79.22782873,-3.95471081],[-79.22775002,-3.95457813],[-79.22773271,-3.95455844],[-79.22773193,-3.95455788],[-79.22769485,-3.95452012],[-79.22765952,-3.95449887],[-79.22762382,-3.954483],[-79.22758311,-3.95447036],[-79.22740781,-3.95440072],[-79.22726783,-3.95435556],[-79.22718035,-3.95431912],[-79.2270972,-3.95427121],[-79.22701115,-3.95420945],[-79.22699052,-3.95419526],[-79.22696089,-3.9541812],[-79.22693695,-3.9541772],[-79.22690944,-3.95417427],[-79.22686478,-3.95417525],[-79.22683237,-3.95418154],[-79.22678065,-3.95419276],[-79.22669737,-3.95421143],[-79.22656749,-3.95424342],[-79.22642664,-3.95425918],[-79.22590344,-3.95429126],[-79.22559703,-3.95431501],[-79.22530446,-3.95432778],[-79.22514198,-3.95433461],[-79.22510766,-3.95434028],[-79.22504808,-3.95435163],[-79.22495557,-3.95438876],[-79.22478727,-3.9544439],[-79.22455792,-3.95452715],[-79.22443918,-3.95457666],[-79.22433189,-3.95461662],[-79.22427518,-3.95462224],[-79.22414231,-3.9545942],[-79.22406754,-3.95457825],[-79.22399323,-3.95457427],[-79.22393605,-3.95457701],[-79.22378685,-3.95460827],[-79.22362858,-3.95464956],[-79.2234961,-3.95466172],[-79.2233084,-3.95465414],[-79.22324978,-3.95466358],[-79.22315872,-3.95469114],[-79.2227992,-3.95482052],[-79.22257368,-3.9548966],[-79.22243822,-3.95496234],[-79.22233707,-3.95502959],[-79.22188361,-3.95534849],[-79.22180729,-3.95538781],[-79.22175368,-3.95539248],[-79.22172629,-3.95538883],[-79.22171322,-3.95537445],[-79.22170973,-3.95533735],[-79.22173168,-3.95526813],[-79.22176369,-3.95516641],[-79.22180294,-3.95502323],[-79.2218044,-3.95501638],[-79.22180465,-3.9550144],[-79.22180544,-3.95501069],[-79.22180946,-3.95497967],[-79.22182497,-3.95486515],[-79.22183574,-3.95478634],[-79.22183904,-3.95475135],[-79.2218434,-3.95464402],[-79.22184703,-3.95454427],[-79.22184814,-3.95444559],[-79.22184776,-3.95436892],[-79.22184775,-3.95428792],[-79.22184734,-3.95423109],[-79.221848,-3.95421935],[-79.2218399,-3.95406243],[-79.22183304,-3.95392484],[-79.22181154,-3.95366312],[-79.22180921,-3.95358085],[-79.22180668,-3.95349985],[-79.22180419,-3.95340513],[-79.22180234,-3.95334578],[-79.22180315,-3.95330465],[-79.22180354,-3.95320381],[-79.22180466,-3.953099],[-79.22181003,-3.95302414],[-79.22181299,-3.95298446],[-79.22181913,-3.95289546],[-79.22185117,-3.95255284],[-79.22189752,-3.95228515],[-79.22198338,-3.95185612],[-79.22201394,-3.95164948],[-79.22204745,-3.95136029],[-79.22208393,-3.95107886],[-79.22208055,-3.95105648],[-79.22207045,-3.95104748],[-79.22204952,-3.95104174],[-79.22202852,-3.95104257],[-79.22197043,-3.95104484],[-79.22191749,-3.95104691],[-79.22184829,-3.95105358],[-79.22175891,-3.95107492],[-79.22169332,-3.95111426],[-79.2216426,-3.9511608],[-79.22162417,-3.9511787],[-79.22160919,-3.95118466],[-79.22159252,-3.95118223],[-79.22156014,-3.95117628],[-79.22148023,-3.95114332],[-79.22134641,-3.95108812],[-79.22116545,-3.9510005],[-79.22104036,-3.95094299],[-79.22097049,-3.95088535],[-79.22096921,-3.9508846],[-79.22096663,-3.95088217],[-79.2208866,-3.95080688],[-79.2208281,-3.9507293],[-79.22068315,-3.95055912],[-79.22044778,-3.95033611],[-79.22033843,-3.95022582],[-79.22029216,-3.95021211],[-79.22014502,-3.94999666],[-79.2201021,-3.94993549],[-79.22007483,-3.94990523],[-79.21997664,-3.94980207],[-79.21970216,-3.94963116],[-79.21970111,-3.94963685],[-79.21966142,-3.94985348],[-79.21966038,-3.94985918],[-79.21945322,-3.95046019],[-79.21928747,-3.95094036],[-79.21928649,-3.9509432],[-79.21926735,-3.95180364],[-79.21949633,-3.95297748],[-79.21952463,-3.95319393],[-79.21949528,-3.95341309],[-79.21949454,-3.95341861],[-79.21841133,-3.95402926],[-79.21764102,-3.95434404],[-79.21734652,-3.95437972],[-79.21681976,-3.95505386],[-79.21652393,-3.95520562],[-79.21631979,-3.95543378],[-79.21623611,-3.95574328],[-79.21623526,-3.95574642],[-79.21620671,-3.95612449],[-79.21620649,-3.95612735],[-79.21611397,-3.95644398],[-79.21583053,-3.95705001],[-79.21582914,-3.95705296],[-79.21588265,-3.95748118],[-79.21612002,-3.95839701],[-79.2161205,-3.95839885],[-79.21586836,-3.95903823],[-79.21555354,-3.95894933],[-79.21490914,-3.95882876],[-79.21469511,-3.95888732],[-79.21427404,-3.95900466],[-79.21415906,-3.95926485],[-79.21415723,-3.95926898],[-79.21454595,-3.96004039],[-79.21454861,-3.9600424],[-79.21455007,-3.96004856],[-79.21465097,-3.96047439],[-79.21466127,-3.96089047],[-79.21466132,-3.96089262],[-79.21457689,-3.96116536],[-79.21434549,-3.96145562],[-79.21415173,-3.9615463]]]]}},{"type":"Feature","properties":{"nombre":"Tierras Coloradas","parroquia":"Sucre","parroquiaId":"sucre","poblacion":3308},"geometry":{"type":"MultiPolygon","coordinates":[[[[-79.23361632,-4.01670094],[-79.23359392,-4.01678296],[-79.23358364,-4.01682064],[-79.23357495,-4.0168525],[-79.23357491,-4.01685263],[-79.23355015,-4.01696665],[-79.23353347,-4.01704345],[-79.23353345,-4.01704359],[-79.23342082,-4.01722752],[-79.23341253,-4.01727548],[-79.2334125,-4.01727561],[-79.23342628,-4.01733673],[-79.23342631,-4.01733675],[-79.23342633,-4.01733677],[-79.23342648,-4.01733686],[-79.23344356,-4.01734876],[-79.23344519,-4.0173499],[-79.23347253,-4.01736646],[-79.23347274,-4.01736643],[-79.23349838,-4.01736378],[-79.23349854,-4.01736376],[-79.23353694,-4.01733086],[-79.23354219,-4.01732577],[-79.23358614,-4.01728326],[-79.23360991,-4.01726544],[-79.23360999,-4.01726538],[-79.23362426,-4.01728241],[-79.23361724,-4.01731095],[-79.23360982,-4.0173411],[-79.23361767,-4.01735497],[-79.23361773,-4.01735507],[-79.23377859,-4.01729963],[-79.23395636,-4.01722229],[-79.2340636,-4.01718665],[-79.23407313,-4.01719819],[-79.23407349,-4.01719862],[-79.23406749,-4.01722453],[-79.23405949,-4.01725042],[-79.23406338,-4.01727617],[-79.2340634,-4.01727633],[-79.2340852,-4.01729033],[-79.23408553,-4.01729039],[-79.23411655,-4.0172963],[-79.23411694,-4.01729637],[-79.23411721,-4.01729634],[-79.2342003,-4.01728659],[-79.23422409,-4.01730059],[-79.234228,-4.01732651],[-79.23423518,-4.01735047],[-79.23424771,-4.01739231],[-79.23427569,-4.01747953],[-79.23442489,-4.01758999],[-79.23445051,-4.01760772],[-79.23466158,-4.01775385],[-79.23466167,-4.01775391],[-79.23474293,-4.01780192],[-79.23488947,-4.01794372],[-79.23502111,-4.01809546],[-79.23506469,-4.01813342],[-79.23512477,-4.01818251],[-79.23515378,-4.01822727],[-79.23516757,-4.01827513],[-79.2351893,-4.01831902],[-79.2351896,-4.01831945],[-79.23521761,-4.01836039],[-79.23521799,-4.01836094],[-79.23526179,-4.01840619],[-79.23529917,-4.01844481],[-79.23530022,-4.01844574],[-79.23533054,-4.01847249],[-79.23533086,-4.01847277],[-79.23548808,-4.01854468],[-79.23548847,-4.01854486],[-79.23553805,-4.01855693],[-79.23560148,-4.01858895],[-79.23560455,-4.01859035],[-79.23564454,-4.01860871],[-79.23564509,-4.01860897],[-79.2356808,-4.01861702],[-79.23574033,-4.01861715],[-79.23577601,-4.01863317],[-79.23581047,-4.01865342],[-79.23590317,-4.01870789],[-79.23601087,-4.01877118],[-79.23604256,-4.01879915],[-79.23605937,-4.01882509],[-79.23645511,-4.01905754],[-79.23645811,-4.0190593],[-79.23650331,-4.01909621],[-79.23651408,-4.01910501],[-79.23653017,-4.0191272],[-79.23662697,-4.01926076],[-79.23662735,-4.01926111],[-79.2366564,-4.01928845],[-79.23665668,-4.01928872],[-79.23669732,-4.01930674],[-79.23678659,-4.01932288],[-79.23690165,-4.01933907],[-79.23690172,-4.01933906],[-79.23699163,-4.01932843],[-79.23719687,-4.0192248],[-79.23731372,-4.01919449],[-79.23751326,-4.01923792],[-79.2375134,-4.01923795],[-79.23944571,-4.01792855],[-79.23948762,-4.01789835],[-79.23967606,-4.01777246],[-79.23989833,-4.01762184],[-79.24002383,-4.01763993],[-79.24006755,-4.01788114],[-79.24015681,-4.01788703],[-79.24017729,-4.01788949],[-79.24032595,-4.01793285],[-79.2404625,-4.01799916],[-79.24057054,-4.01800274],[-79.24058649,-4.01799924],[-79.24060117,-4.01799801],[-79.24067626,-4.01799817],[-79.24071525,-4.01799826],[-79.24086896,-4.01799859],[-79.24103399,-4.01792778],[-79.2411552,-4.01788129],[-79.24119324,-4.0178603],[-79.24207648,-4.01753544],[-79.24189521,-4.01693375],[-79.24180958,-4.01689053],[-79.24166871,-4.01642484],[-79.24167046,-4.01642397],[-79.24166872,-4.01642009],[-79.24172683,-4.01638414],[-79.24172626,-4.01638317],[-79.24498727,-4.01417335],[-79.24497511,-4.01413248],[-79.2448707,-4.01389064],[-79.24485703,-4.01384644],[-79.24480314,-4.01367218],[-79.24476186,-4.0135387],[-79.24467885,-4.01336387],[-79.24464702,-4.01330699],[-79.24456674,-4.01316353],[-79.24453407,-4.01310516],[-79.24441766,-4.0129494],[-79.24431057,-4.01289653],[-79.24417248,-4.01285077],[-79.24402963,-4.01280979],[-79.24391784,-4.01272103],[-79.24386561,-4.01263479],[-79.24380407,-4.01244564],[-79.24374747,-4.01217756],[-79.24369535,-4.01203868],[-79.24365744,-4.0119405],[-79.24358378,-4.01184703],[-79.24317244,-4.01146334],[-79.24281335,-4.01115632],[-79.24270151,-4.01109388],[-79.2425753,-4.01106729],[-79.24228698,-4.0110882],[-79.24186997,-4.01112797],[-79.2415435,-4.01116316],[-79.24113844,-4.0111886],[-79.24058563,-4.01122808],[-79.24032828,-4.01124906],[-79.24022338,-4.01128233],[-79.24015184,-4.01131328],[-79.23996091,-4.01147077],[-79.23982249,-4.01158292],[-79.23959327,-4.01181929],[-79.239524,-4.01190527],[-79.23947609,-4.01202479],[-79.23937794,-4.01224708],[-79.23929892,-4.01243114],[-79.23924389,-4.01254347],[-79.23916273,-4.01261507],[-79.23906968,-4.01267707],[-79.23877402,-4.01278888],[-79.23850698,-4.01288879],[-79.23820893,-4.0130006],[-79.23799668,-4.01310302],[-79.23788935,-4.01315542],[-79.23773901,-4.01327472],[-79.23757667,-4.01342749],[-79.23744535,-4.01356358],[-79.23727097,-4.01377853],[-79.23716817,-4.01394339],[-79.2369911,-4.01430428],[-79.23685945,-4.01458871],[-79.23669225,-4.01478932],[-79.23646799,-4.01493478],[-79.23625812,-4.01503481],[-79.23605296,-4.01515878],[-79.23576656,-4.0153998],[-79.23550165,-4.01560977],[-79.23513414,-4.01589847],[-79.23478588,-4.0160939],[-79.23398213,-4.01649889],[-79.23361632,-4.01670094]]]]}},{"type":"Feature","properties":{"nombre":"Miraflores","parroquia":"Sucre","parroquiaId":"sucre","poblacion":6094},"geometry":{"type":"MultiPolygon","coordinates":[[[[-79.21011432,-3.99878934],[-79.20987771,-3.99880468],[-79.20965928,-3.99879436],[-79.20963048,-3.9987943],[-79.20959009,-3.99879024],[-79.20937436,-3.99878021],[-79.20927707,-3.99877894],[-79.20919775,-3.99878195],[-79.20913745,-3.99878819],[-79.20909736,-3.99879313],[-79.20908558,-3.99879311],[-79.208983,-3.99880909],[-79.20895837,-3.99880523],[-79.20893838,-3.99879466],[-79.20893173,-3.99878316],[-79.20892891,-3.99876593],[-79.20892895,-3.9987487],[-79.20892709,-3.99872669],[-79.20892712,-3.9987152],[-79.20889437,-3.99871544],[-79.20857817,-3.9987105],[-79.20855299,-3.99871991],[-79.20855033,-3.99872091],[-79.20851253,-3.99874221],[-79.20841221,-3.99880255],[-79.20828334,-3.99866569],[-79.20794224,-3.99863464],[-79.20790893,-3.9989549],[-79.20787865,-3.99931007],[-79.20787574,-3.9996831],[-79.20790881,-4.00004092],[-79.20791059,-4.00025587],[-79.20780326,-4.00117059],[-79.20777834,-4.0012932],[-79.20773328,-4.00140114],[-79.20767932,-4.00147867],[-79.2075621,-4.00157701],[-79.20756192,-4.00157716],[-79.20756182,-4.00158037],[-79.20754083,-4.00227092],[-79.20752509,-4.00265983],[-79.20752524,-4.00265979],[-79.20785658,-4.00258191],[-79.20818308,-4.00252869],[-79.20837519,-4.00252911],[-79.20863748,-4.00255873],[-79.20887491,-4.00261734],[-79.20922584,-4.0027322],[-79.20974393,-4.00292005],[-79.21033856,-4.00306034],[-79.21066484,-4.0031067],[-79.21124496,-4.00327186],[-79.21157953,-4.00330993],[-79.2117139,-4.00326251],[-79.21190414,-4.0031758],[-79.21214978,-4.0029947],[-79.21233008,-4.00283282],[-79.21235021,-4.00276085],[-79.21246726,-4.00223565],[-79.21283416,-4.00127211],[-79.21310602,-4.00065488],[-79.21329486,-4.00163262],[-79.21344009,-4.00222146],[-79.21344776,-4.00225255],[-79.21351769,-4.00224261],[-79.21374933,-4.00220866],[-79.21420505,-4.00211205],[-79.21431565,-4.00206378],[-79.21461066,-4.0020215],[-79.2146299,-4.00198481],[-79.21475102,-4.00192478],[-79.21490862,-4.00182972],[-79.21506368,-4.00172364],[-79.21506606,-4.00172128],[-79.21516581,-4.00162234],[-79.21522975,-4.00159521],[-79.21531427,-4.00158379],[-79.21535275,-4.00159344],[-79.21538437,-4.00160137],[-79.215432,-4.00162029],[-79.21544686,-4.00162918],[-79.21545539,-4.00163667],[-79.21546221,-4.00164148],[-79.21547198,-4.00164376],[-79.21547797,-4.00164225],[-79.21548177,-4.00163624],[-79.21548556,-4.0016204],[-79.21548184,-4.00160303],[-79.2154778,-4.00158954],[-79.21547438,-4.0015781],[-79.21546462,-4.00154791],[-79.21546619,-4.00153883],[-79.21550085,-4.00150041],[-79.2155208,-4.00148243],[-79.21561504,-4.00139748],[-79.21574087,-4.00126671],[-79.21580872,-4.0012133],[-79.21582415,-4.001191],[-79.21585955,-4.00112863],[-79.21588407,-4.00102628],[-79.21588557,-4.00099495],[-79.21582115,-4.0009271],[-79.21569385,-4.00085241],[-79.21565469,-4.00078677],[-79.21563978,-4.00074009],[-79.21555732,-4.00064564],[-79.21552262,-4.00060585],[-79.2154507,-4.00059493],[-79.21537162,-4.00058758],[-79.21531165,-4.00055467],[-79.21528535,-4.00048738],[-79.21526191,-4.00042082],[-79.21522404,-4.00030829],[-79.2151961,-4.0002276],[-79.21517119,-4.0001797],[-79.21510339,-4.00013672],[-79.21503105,-4.00009733],[-79.21490661,-4.00002409],[-79.21481239,-3.9999655],[-79.2147822,-3.99993864],[-79.21474471,-3.99986678],[-79.21470278,-3.9997552],[-79.21469104,-3.99967886],[-79.21470196,-3.99958773],[-79.21470846,-3.99955448],[-79.21469539,-3.99953938],[-79.21460915,-3.99953991],[-79.21451531,-3.99952751],[-79.21442583,-3.99948305],[-79.21441287,-3.99941771],[-79.21440514,-3.99930261],[-79.21433314,-3.99927015],[-79.21428738,-3.99922161],[-79.21428817,-3.99913428],[-79.21428907,-3.99899372],[-79.2143035,-3.99893095],[-79.21433344,-3.99885625],[-79.21441933,-3.99879902],[-79.21454875,-3.99871736],[-79.21457501,-3.99869289],[-79.21458642,-3.99865045],[-79.21456931,-3.99857326],[-79.21452894,-3.99851515],[-79.2144202,-3.99839589],[-79.21436375,-3.99833416],[-79.21435071,-3.99830602],[-79.21430371,-3.99828438],[-79.21427106,-3.99823467],[-79.21417003,-3.99813276],[-79.21405589,-3.99803382],[-79.21399951,-3.99794039],[-79.21398475,-3.99787995],[-79.21399169,-3.9978489],[-79.21395675,-3.99751625],[-79.21388887,-3.99738421],[-79.21390819,-3.99731703],[-79.21388349,-3.99728061],[-79.21383438,-3.99718947],[-79.2136209,-3.99675549],[-79.2134045,-3.99635738],[-79.21329649,-3.99606861],[-79.21319529,-3.99590536],[-79.21305438,-3.99568884],[-79.21293463,-3.99550941],[-79.21292057,-3.99539885],[-79.21290397,-3.99514616],[-79.2128913,-3.99505283],[-79.21287852,-3.99501548],[-79.21285431,-3.99497523],[-79.21283006,-3.99495077],[-79.21278454,-3.99492584],[-79.2127233,-3.99491142],[-79.21260297,-3.99492133],[-79.21228479,-3.99498284],[-79.21210186,-3.99502192],[-79.21211516,-3.99520796],[-79.2121125,-3.99533416],[-79.21208554,-3.99540528],[-79.21204727,-3.99547936],[-79.21194211,-3.99563165],[-79.21184478,-3.99574628],[-79.2117265,-3.9959117],[-79.2117025,-3.9959912],[-79.21169221,-3.99606774],[-79.21168907,-3.9961425],[-79.21170437,-3.99622806],[-79.21172508,-3.9962939],[-79.21186533,-3.99682079],[-79.21212895,-3.99785923],[-79.21151653,-3.99815074],[-79.21067517,-3.99854796],[-79.21026307,-3.99874803],[-79.21011432,-3.99878934]]]]}},{"type":"Feature","properties":{"nombre":"Capulí Loma","parroquia":"Sucre","parroquiaId":"sucre","poblacion":899},"geometry":{"type":"MultiPolygon","coordinates":[[[[-79.21547797,-4.00164225],[-79.21547198,-4.00164376],[-79.21546221,-4.00164148],[-79.21545539,-4.00163667],[-79.21544686,-4.00162918],[-79.215432,-4.00162029],[-79.21538437,-4.00160137],[-79.21535275,-4.00159344],[-79.21531427,-4.00158379],[-79.21522975,-4.00159521],[-79.21516581,-4.00162234],[-79.21506606,-4.00172128],[-79.21506368,-4.00172364],[-79.21490862,-4.00182972],[-79.21475102,-4.00192478],[-79.2146299,-4.00198481],[-79.21461066,-4.0020215],[-79.21431565,-4.00206378],[-79.21420505,-4.00211205],[-79.21374933,-4.00220866],[-79.21351769,-4.00224261],[-79.21344776,-4.00225255],[-79.21359891,-4.00261984],[-79.21377155,-4.00302959],[-79.21408706,-4.00359732],[-79.21438056,-4.00415947],[-79.21467174,-4.00451969],[-79.21492822,-4.00482682],[-79.21505076,-4.00501564],[-79.2150972,-4.00519277],[-79.21506071,-4.00551078],[-79.21504912,-4.00577353],[-79.21507629,-4.00594508],[-79.21520523,-4.00618048],[-79.21540891,-4.00646121],[-79.21584599,-4.00697706],[-79.21603745,-4.0072848],[-79.21606109,-4.00732279],[-79.21607417,-4.00734382],[-79.21608536,-4.0073618],[-79.21608539,-4.00736185],[-79.21609338,-4.00737469],[-79.21665251,-4.00720468],[-79.21657498,-4.00699007],[-79.21660688,-4.0069844],[-79.21666905,-4.00697336],[-79.2174362,-4.00677806],[-79.21747905,-4.00676694],[-79.21753774,-4.0067521],[-79.21756662,-4.00674515],[-79.21761535,-4.00673343],[-79.21764954,-4.00671635],[-79.21767751,-4.00670145],[-79.21771849,-4.00668372],[-79.21773436,-4.00667353],[-79.2177595,-4.00666181],[-79.21780534,-4.00666191],[-79.21787581,-4.00661266],[-79.21799203,-4.00655292],[-79.2180625,-4.00650013],[-79.21814704,-4.00644738],[-79.21825266,-4.00640879],[-79.21838985,-4.00637578],[-79.21849205,-4.00632814],[-79.21855057,-4.00631417],[-79.21858433,-4.00629342],[-79.21858775,-4.00626774],[-79.21858543,-4.00626428],[-79.21855788,-4.00622499],[-79.21852181,-4.0061627],[-79.21849234,-4.00612914],[-79.21845901,-4.00611854],[-79.21843327,-4.0061204],[-79.21840843,-4.00615001],[-79.21836923,-4.00621213],[-79.21835967,-4.00622647],[-79.21831202,-4.00622636],[-79.21825201,-4.00621284],[-79.21820061,-4.00618401],[-79.21818734,-4.00615432],[-79.21818464,-4.00607966],[-79.21817144,-4.00601265],[-79.21812869,-4.00595418],[-79.21807545,-4.00589377],[-79.2180317,-4.00585539],[-79.21798318,-4.00581988],[-79.21796333,-4.00574519],[-79.2179511,-4.00566956],[-79.21791979,-4.00560537],[-79.21788551,-4.00559286],[-79.21783315,-4.00556882],[-79.21780747,-4.00554484],[-79.2178058,-4.00543669],[-79.2177117,-4.00532356],[-79.21761946,-4.00523531],[-79.21749008,-4.00513072],[-79.21730742,-4.00499155],[-79.21716471,-4.00488214],[-79.21706958,-4.00480538],[-79.21700105,-4.00477078],[-79.21693912,-4.00476298],[-79.2168649,-4.00471114],[-79.21683066,-4.00468332],[-79.21679161,-4.00467366],[-79.21673827,-4.00465919],[-79.21668021,-4.0046294],[-79.21665549,-4.00460159],[-79.21663468,-4.00453168],[-79.21662823,-4.00442831],[-79.2165903,-4.00434306],[-79.21659614,-4.00428374],[-79.21660683,-4.00418997],[-79.21658125,-4.0041191],[-79.21657092,-4.00404826],[-79.21647671,-4.0039868],[-79.2164501,-4.00395325],[-79.21644075,-4.00387476],[-79.21645135,-4.00381832],[-79.21643522,-4.00378574],[-79.21636115,-4.00366787],[-79.21636984,-4.00361526],[-79.2163624,-4.0035272],[-79.21631213,-4.00341703],[-79.21624854,-4.00329822],[-79.21624667,-4.00328291],[-79.21626768,-4.00326381],[-79.21637072,-4.00320566],[-79.21642325,-4.0031541],[-79.2164252,-4.00313401],[-79.21635392,-4.00304485],[-79.21623314,-4.00292974],[-79.21616184,-4.00285207],[-79.21616095,-4.00282145],[-79.21618292,-4.00279948],[-79.21626309,-4.00274415],[-79.21633189,-4.0026553],[-79.2163454,-4.00257686],[-79.2163056,-4.00247533],[-79.21625438,-4.00236133],[-79.21622875,-4.00231821],[-79.21626225,-4.00224842],[-79.21626533,-4.00214795],[-79.21626173,-4.00204745],[-79.21626089,-4.0019996],[-79.21628388,-4.00194127],[-79.21629458,-4.00183986],[-79.21631292,-4.00173367],[-79.2162825,-4.00170106],[-79.21619115,-4.00163675],[-79.21608163,-4.00160588],[-79.21590452,-4.00154042],[-79.21585939,-4.00153661],[-79.21583202,-4.0015234],[-79.21573035,-4.00144302],[-79.2157161,-4.00141847],[-79.21570842,-4.00139273],[-79.21571131,-4.00132195],[-79.21572851,-4.00129682],[-79.21575323,-4.00126812],[-79.21579786,-4.00122898],[-79.21580872,-4.0012133],[-79.21574087,-4.00126671],[-79.21561504,-4.00139748],[-79.2155208,-4.00148243],[-79.21550085,-4.00150041],[-79.21546619,-4.00153883],[-79.21546462,-4.00154791],[-79.21547438,-4.0015781],[-79.2154778,-4.00158954],[-79.21548184,-4.00160303],[-79.21548556,-4.0016204],[-79.21548177,-4.00163624],[-79.21547797,-4.00164225]]]]}},{"type":"Feature","properties":{"nombre":"Clodoveo","parroquia":"Sucre","parroquiaId":"sucre","poblacion":4069},"geometry":{"type":"MultiPolygon","coordinates":[[[[-79.21546088,-3.97887478],[-79.2154755,-3.97882691],[-79.21547555,-3.97880323],[-79.21547418,-3.97877451],[-79.21546747,-3.97874868],[-79.21522253,-3.97860236],[-79.21502219,-3.97849144],[-79.21478133,-3.97838976],[-79.21465562,-3.97835217],[-79.21449131,-3.97832166],[-79.21433557,-3.9782919],[-79.21423681,-3.97828472],[-79.21414902,-3.97829939],[-79.2141104,-3.97831031],[-79.21402841,-3.97833119],[-79.21393869,-3.97837111],[-79.21362177,-3.97862913],[-79.21345128,-3.97878247],[-79.21342743,-3.97879199],[-79.21341314,-3.97879196],[-79.21338933,-3.97878473],[-79.21335126,-3.97876311],[-79.2132966,-3.97870079],[-79.2132016,-3.97861908],[-79.21313721,-3.97859637],[-79.21306336,-3.97859621],[-79.21294541,-3.97861031],[-79.21282384,-3.97864234],[-79.21277262,-3.97864582],[-79.21274286,-3.97863619],[-79.21266555,-3.97858219],[-79.21249909,-3.97844306],[-79.21245033,-3.97840587],[-79.21238605,-3.97838539],[-79.21235152,-3.97838173],[-79.21219543,-3.97840532],[-79.21178073,-3.97848576],[-79.21136117,-3.97861643],[-79.21129682,-3.97862945],[-79.2112609,-3.97862461],[-79.21122016,-3.9786068],[-79.21119255,-3.97859238],[-79.21114594,-3.978554],[-79.21083127,-3.97821071],[-79.21057071,-3.97795749],[-79.21031199,-3.97772647],[-79.21027493,-3.97769463],[-79.21021308,-3.97765143],[-79.21010929,-3.97761484],[-79.20995214,-3.97757718],[-79.20963678,-3.9775497],[-79.20925376,-3.97752685],[-79.20907562,-3.97750062],[-79.20885528,-3.97746473],[-79.20816968,-3.97737041],[-79.20751813,-3.97725798],[-79.2069688,-3.97712224],[-79.20584053,-3.9768421],[-79.20581624,-3.97683774],[-79.20580051,-3.97683914],[-79.20578836,-3.97684198],[-79.20577906,-3.97684699],[-79.20577403,-3.97685774],[-79.20577058,-3.97686581],[-79.20573004,-3.97704728],[-79.20576186,-3.97705378],[-79.20576193,-3.97705211],[-79.20639514,-3.97720256],[-79.20702898,-3.97740731],[-79.20756307,-3.97764626],[-79.2077464,-3.97773474],[-79.20779386,-3.97776614],[-79.20801437,-3.97824991],[-79.20802856,-3.9782954],[-79.20803799,-3.97834207],[-79.20804256,-3.97843539],[-79.20810185,-3.9791102],[-79.20809606,-3.97912423],[-79.20809176,-3.979129],[-79.20808317,-3.97913903],[-79.20806819,-3.97914634],[-79.20802303,-3.97916777],[-79.20793598,-3.97921184],[-79.20780018,-3.97934764],[-79.20798486,-3.97947072],[-79.20816323,-3.97961035],[-79.20836422,-3.97986774],[-79.20853949,-3.9801179],[-79.20868159,-3.98050436],[-79.20874836,-3.98069399],[-79.2087854,-3.98075149],[-79.20899805,-3.98090555],[-79.20930783,-3.98108853],[-79.20954499,-3.9811436],[-79.2096664,-3.98117975],[-79.20996772,-3.98131104],[-79.21028183,-3.9814768],[-79.21049883,-3.98159786],[-79.21066726,-3.98170732],[-79.21078707,-3.98182816],[-79.21093382,-3.98204668],[-79.21098915,-3.98224203],[-79.21107998,-3.98254081],[-79.21108095,-3.9827547],[-79.21113485,-3.98294717],[-79.21116259,-3.98334056],[-79.21128531,-3.98343557],[-79.21142374,-3.98353636],[-79.21166637,-3.98370627],[-79.21200325,-3.98391659],[-79.21214026,-3.98401737],[-79.21219017,-3.98407059],[-79.21231133,-3.98422589],[-79.212401,-3.98440409],[-79.21245003,-3.98447598],[-79.21265714,-3.98449724],[-79.2128359,-3.98445695],[-79.21297421,-3.98439266],[-79.21313165,-3.98429491],[-79.21319844,-3.98425677],[-79.21320361,-3.98422396],[-79.21323525,-3.98398108],[-79.21324327,-3.98390645],[-79.21325051,-3.98386268],[-79.21325483,-3.98384762],[-79.21326271,-3.98383759],[-79.21327918,-3.98382614],[-79.2133185,-3.98381761],[-79.2133671,-3.98381772],[-79.21346931,-3.98381435],[-79.21350435,-3.98380366],[-79.21351508,-3.9838001],[-79.21353012,-3.98378793],[-79.21354705,-3.98376267],[-79.21358554,-3.98363053],[-79.21360246,-3.98349318],[-79.2136132,-3.98337285],[-79.21365579,-3.98306862],[-79.21382352,-3.98261824],[-79.214043,-3.98203494],[-79.21414,-3.98168298],[-79.21417958,-3.98144956],[-79.21418863,-3.98122564],[-79.2142042,-3.98107925],[-79.21428507,-3.98069663],[-79.21432936,-3.98048523],[-79.21433268,-3.98033968],[-79.21433456,-3.98027948],[-79.21434513,-3.98024123],[-79.21437068,-3.9802069],[-79.21443589,-3.9801328],[-79.21482998,-3.97966282],[-79.21496465,-3.97952243],[-79.21512203,-3.97946392],[-79.21517293,-3.97938185],[-79.2152321,-3.979284],[-79.21531113,-3.97914553],[-79.21536621,-3.97904412],[-79.21546088,-3.97887478]]]]}},{"type":"Feature","properties":{"nombre":"Alborada","parroquia":"Sucre","parroquiaId":"sucre","poblacion":2692},"geometry":{"type":"MultiPolygon","coordinates":[[[[-79.22069792,-3.99840743],[-79.22100914,-3.99775516],[-79.22159821,-3.99635921],[-79.2218039,-3.99598643],[-79.22188088,-3.99592229],[-79.22139732,-3.99501807],[-79.22224537,-3.99454821],[-79.22228111,-3.99461556],[-79.22287393,-3.99573257],[-79.22305709,-3.99573425],[-79.22317384,-3.99572732],[-79.22328109,-3.99570602],[-79.22334545,-3.99568702],[-79.2233979,-3.99567039],[-79.22349095,-3.99560839],[-79.2236994,-3.99542812],[-79.22428934,-3.99487855],[-79.22452615,-3.9946462],[-79.22489246,-3.99433338],[-79.22532486,-3.99392309],[-79.2258761,-3.99340429],[-79.22630154,-3.99301967],[-79.22629159,-3.99299668],[-79.22628806,-3.99297299],[-79.22628815,-3.99293423],[-79.2262961,-3.99288974],[-79.22632481,-3.99283669],[-79.22639582,-3.99271626],[-79.22642168,-3.99265388],[-79.22642467,-3.99259216],[-79.22640335,-3.99253971],[-79.22636409,-3.99251307],[-79.22629196,-3.99249066],[-79.22623771,-3.99245968],[-79.22617208,-3.99239997],[-79.22605928,-3.99234518],[-79.22598862,-3.9922998],[-79.22596797,-3.99226244],[-79.22596882,-3.99219999],[-79.22598823,-3.99214692],[-79.22602565,-3.99203001],[-79.22604158,-3.99193386],[-79.22605894,-3.99183629],[-79.22608921,-3.99171864],[-79.22609149,-3.99165477],[-79.22601808,-3.99155843],[-79.22592822,-3.9914678],[-79.22586403,-3.99140737],[-79.22577138,-3.99128658],[-79.2257044,-3.99118882],[-79.22568455,-3.99111413],[-79.22568324,-3.9910603],[-79.22570195,-3.99100077],[-79.2257493,-3.99091689],[-79.225788,-3.99086817],[-79.22586317,-3.99080947],[-79.2259677,-3.99072501],[-79.22598921,-3.99068917],[-79.22598217,-3.9906425],[-79.2259537,-3.9905886],[-79.22591819,-3.99048158],[-79.22583413,-3.99035579],[-79.22579488,-3.99032484],[-79.22576273,-3.99032118],[-79.22570839,-3.99033327],[-79.22561898,-3.99036394],[-79.22557394,-3.99037102],[-79.22552047,-3.99030702],[-79.22550351,-3.99022086],[-79.225518,-3.99012686],[-79.22554036,-3.99003073],[-79.22562125,-3.98997133],[-79.22578151,-3.98989488],[-79.22584455,-3.98982898],[-79.22589332,-3.98974726],[-79.22590923,-3.98965973],[-79.22591368,-3.9895851],[-79.22588882,-3.98951398],[-79.22578114,-3.98940035],[-79.22569127,-3.98931474],[-79.22567568,-3.98925657],[-79.22566298,-3.98917902],[-79.22563946,-3.98914954],[-79.22560731,-3.98914014],[-79.22555871,-3.98914076],[-79.22549503,-3.98917363],[-79.22545849,-3.98921877],[-79.22539976,-3.9892732],[-79.22531183,-3.98928449],[-79.22524966,-3.9892822],[-79.22512824,-3.9892439],[-79.22504402,-3.98919204],[-79.22501271,-3.98912594],[-79.22501722,-3.98902187],[-79.22502544,-3.98885681],[-79.2250271,-3.98874986],[-79.22497868,-3.98866363],[-79.22490383,-3.98857518],[-79.22483682,-3.9884968],[-79.22477971,-3.9884651],[-79.22474547,-3.98843344],[-79.22471271,-3.98837882],[-79.22467146,-3.98828327],[-79.22466872,-3.988228],[-79.22469463,-3.98814695],[-79.22471907,-3.98808097],[-79.2247642,-3.98803226],[-79.22486081,-3.98797146],[-79.22494241,-3.98791637],[-79.22500829,-3.98785766],[-79.22504628,-3.98780391],[-79.22506002,-3.98772857],[-79.22503876,-3.98764455],[-79.22501736,-3.98762441],[-79.22493877,-3.98761491],[-79.22481516,-3.98759669],[-79.22474231,-3.98757572],[-79.22468301,-3.98756339],[-79.22460236,-3.98751297],[-79.2245302,-3.98750133],[-79.22441437,-3.9875262],[-79.2243035,-3.98756544],[-79.22414051,-3.98758231],[-79.22404907,-3.98756274],[-79.22399271,-3.9875174],[-79.22396927,-3.98745059],[-79.22396513,-3.9873824],[-79.22400026,-3.98732864],[-79.22405771,-3.9872046],[-79.22405645,-3.98712492],[-79.22404013,-3.98707034],[-79.22397661,-3.98702785],[-79.22392088,-3.9870184],[-79.22384653,-3.98702973],[-79.22378221,-3.98702815],[-79.22374152,-3.98700509],[-79.22372302,-3.98696558],[-79.22373313,-3.98691823],[-79.2237654,-3.98687021],[-79.22382131,-3.98679281],[-79.22384571,-3.98674621],[-79.22383726,-3.98668662],[-79.22381807,-3.98663634],[-79.22376384,-3.98659818],[-79.22370025,-3.98658655],[-79.22361444,-3.98660718],[-79.22348998,-3.98665859],[-79.22338479,-3.98671794],[-79.22331892,-3.98677163],[-79.22325087,-3.98684254],[-79.22322224,-3.98686042],[-79.22317721,-3.98686606],[-79.22308505,-3.98684648],[-79.22304155,-3.98680117],[-79.22301452,-3.98674441],[-79.22299899,-3.98665322],[-79.22294989,-3.98655478],[-79.22286588,-3.98640029],[-79.22280038,-3.98628387],[-79.22279415,-3.98619055],[-79.22275147,-3.98609643],[-79.22270171,-3.98597071],[-79.22264911,-3.9858371],[-79.22258223,-3.98569412],[-79.22250465,-3.98554466],[-79.22248907,-3.98548146],[-79.222462,-3.9854369],[-79.22240701,-3.98541741],[-79.22235626,-3.9854216],[-79.2223183,-3.98546028],[-79.22230247,-3.98550762],[-79.22230305,-3.9855715],[-79.22231849,-3.9857036],[-79.22233125,-3.98575171],[-79.2223797,-3.98582288],[-79.22240035,-3.98585594],[-79.22243304,-3.98594357],[-79.22244364,-3.9860003],[-79.22244709,-3.98605557],[-79.22243839,-3.98611728],[-79.22239938,-3.98630668],[-79.22237929,-3.98634325],[-79.22234135,-3.98637187],[-79.22229486,-3.98638972],[-79.22222554,-3.98638598],[-79.22217701,-3.98635573],[-79.22213423,-3.98630683],[-79.22210858,-3.98626873],[-79.22206148,-3.98623992],[-79.22197002,-3.9862268],[-79.22189715,-3.98621372],[-79.22178646,-3.98617329],[-79.22170079,-3.98612932],[-79.22154742,-3.98599621],[-79.22144754,-3.98590986],[-79.22132907,-3.98583208],[-79.22120413,-3.9857708],[-79.22107709,-3.98568871],[-79.22102076,-3.98562614],[-79.22095297,-3.98557862],[-79.22089798,-3.98556056],[-79.22084295,-3.98555972],[-79.22078574,-3.98557539],[-79.22073566,-3.98559681],[-79.22066337,-3.98564618],[-79.22056964,-3.98569622],[-79.2205396,-3.98570405],[-79.22049104,-3.98568672],[-79.22044394,-3.98565503],[-79.22042619,-3.98559829],[-79.2204215,-3.98545473],[-79.2204052,-3.98539082],[-79.22034809,-3.98535839],[-79.22029171,-3.9853231],[-79.2202233,-3.98522893],[-79.22019915,-3.9851571],[-79.22015233,-3.98499622],[-79.22008172,-3.98492788],[-79.22001102,-3.98490404],[-79.21994026,-3.98490676],[-79.21987302,-3.98493317],[-79.21985581,-3.98495826],[-79.21985573,-3.98499486],[-79.21987986,-3.98507458],[-79.21990404,-3.98513062],[-79.21992455,-3.98523187],[-79.21992012,-3.98529574],[-79.21989937,-3.98530861],[-79.21983652,-3.9852891],[-79.21978008,-3.98528036],[-79.21971143,-3.98529529],[-79.21961992,-3.98530944],[-79.21945044,-3.98535286],[-79.21932823,-3.98535403],[-79.21923748,-3.98534378],[-79.21912251,-3.98529975],[-79.21903178,-3.98528161],[-79.21893598,-3.98529576],[-79.21888163,-3.98531143],[-79.21882153,-3.98534144],[-79.218785,-3.98538299],[-79.21875981,-3.98546405],[-79.21875677,-3.98554873],[-79.21875298,-3.98564849],[-79.21872998,-3.98570802],[-79.21867271,-3.98575311],[-79.21852687,-3.98577002],[-79.21844543,-3.98575262],[-79.21840118,-3.98572453],[-79.21840488,-3.98566496],[-79.21842073,-3.98560614],[-79.21842369,-3.98556021],[-79.21840662,-3.98552429],[-79.21832745,-3.98544875],[-79.21819474,-3.98534511],[-79.2180962,-3.98530111],[-79.21802903,-3.98529594],[-79.21798826,-3.98531308],[-79.21793735,-3.98539048],[-79.21790157,-3.9854105],[-79.21785154,-3.9854104],[-79.2178001,-3.98540239],[-79.21774297,-3.98538217],[-79.2176187,-3.9853417],[-79.21756301,-3.98531503],[-79.21751877,-3.98528263],[-79.21748884,-3.98524165],[-79.21741602,-3.98520417],[-79.21737032,-3.98518541],[-79.21730187,-3.98510918],[-79.21728193,-3.98507756],[-79.21725634,-3.98501362],[-79.21719293,-3.98492018],[-79.21715584,-3.98488493],[-79.21710226,-3.98487548],[-79.21703219,-3.9848904],[-79.21696145,-3.98490608],[-79.21682991,-3.98492207],[-79.21671646,-3.98494383],[-79.21666017,-3.98497529],[-79.21663534,-3.98500395],[-79.2166047,-3.985068],[-79.21658732,-3.98517323],[-79.21657086,-3.98529474],[-79.21656115,-3.98537989],[-79.21655152,-3.98542867],[-79.21653718,-3.98544874],[-79.21649899,-3.98548119],[-79.2163217,-3.98550091],[-79.21629691,-3.98550946],[-79.21625395,-3.98554478],[-79.21619567,-3.98561739],[-79.21614305,-3.98571201],[-79.21612476,-3.98579715],[-79.21610075,-3.98588514],[-79.21605293,-3.98596447],[-79.2159804,-3.98601407],[-79.21591554,-3.98604551],[-79.21583352,-3.98607404],[-79.21576393,-3.98608633],[-79.21571343,-3.9860824],[-79.21567444,-3.98604595],[-79.21567454,-3.98600001],[-79.21568226,-3.98595505],[-79.2157176,-3.98591972],[-79.21579206,-3.98585671],[-79.21583322,-3.98577259],[-79.21583718,-3.98570465],[-79.21582495,-3.98562902],[-79.21579646,-3.98558589],[-79.21572981,-3.98556087],[-79.21559449,-3.98556153],[-79.21549635,-3.98555462],[-79.21543732,-3.98553343],[-79.21539259,-3.98550367],[-79.21535262,-3.98548157],[-79.21527355,-3.98547087],[-79.21518778,-3.98547356],[-79.21512774,-3.98547726],[-79.21507532,-3.9854781],[-79.2150163,-3.98545022],[-79.21491834,-3.98536005],[-79.21487937,-3.98531403],[-79.21483852,-3.98525747],[-79.21480337,-3.98520572],[-79.21475099,-3.98519125],[-79.21470523,-3.98520359],[-79.21468422,-3.9852246],[-79.21466985,-3.98525902],[-79.21465734,-3.98531259],[-79.21464487,-3.98535275],[-79.21462291,-3.98537472],[-79.21458952,-3.98538995],[-79.2145571,-3.9853985],[-79.21450182,-3.98540603],[-79.2144456,-3.98540304],[-79.21437798,-3.98538375],[-79.21429042,-3.98533476],[-79.214201,-3.98526087],[-79.21413634,-3.98519757],[-79.21407737,-3.98514576],[-79.21406693,-3.98512564],[-79.2140475,-3.98507978],[-79.21404818,-3.98503852],[-79.21405657,-3.985017],[-79.21411984,-3.98494895],[-79.21419209,-3.98486717],[-79.21424166,-3.98480328],[-79.21424525,-3.98479252],[-79.21424535,-3.98474766],[-79.21423525,-3.98473388],[-79.21418528,-3.98470685],[-79.21411868,-3.98466125],[-79.21402882,-3.98462756],[-79.21394132,-3.98460225],[-79.21379615,-3.98453195],[-79.21372659,-3.98447498],[-79.21366887,-3.98445332],[-79.21354391,-3.98440161],[-79.21347551,-3.984359],[-79.21343573,-3.98430269],[-79.21339589,-3.9842697],[-79.21334232,-3.98425523],[-79.21329051,-3.98425213],[-79.21319844,-3.98425677],[-79.21313165,-3.98429491],[-79.21297421,-3.98439266],[-79.2128359,-3.98445695],[-79.21265714,-3.98449724],[-79.21245003,-3.98447598],[-79.21262837,-3.98479795],[-79.21270944,-3.98485822],[-79.21282012,-3.98490272],[-79.21292967,-3.98491971],[-79.21307977,-3.98491525],[-79.21305094,-3.98502883],[-79.21304115,-3.98514604],[-79.2130528,-3.98527048],[-79.21308352,-3.98538538],[-79.2130894,-3.98542128],[-79.21308732,-3.98543332],[-79.21307013,-3.98551574],[-79.21303663,-3.98558745],[-79.21300202,-3.98561847],[-79.2129531,-3.98565425],[-79.21279931,-3.98571373],[-79.21263364,-3.98576368],[-79.21243932,-3.98583496],[-79.21225333,-3.98591471],[-79.21215549,-3.98599225],[-79.2121113,-3.98604599],[-79.21210046,-3.9860986],[-79.21210268,-3.98617755],[-79.21212629,-3.98627331],[-79.21219861,-3.98643017],[-79.21227374,-3.98663874],[-79.21234305,-3.9868408],[-79.2123967,-3.98708579],[-79.21243384,-3.98727045],[-79.21244768,-3.98747982],[-79.21245912,-3.98769876],[-79.21242759,-3.98795589],[-79.21240212,-3.98816637],[-79.21240902,-3.98828242],[-79.21244881,-3.98860908],[-79.21246636,-3.98875626],[-79.21249221,-3.9889202],[-79.21254665,-3.98908421],[-79.21259158,-3.98918338],[-79.21263441,-3.98926384],[-79.21268314,-3.98931419],[-79.21270971,-3.98933764],[-79.21278416,-3.98941848],[-79.21281861,-3.98946401],[-79.21284468,-3.98952508],[-79.21287063,-3.98964476],[-79.21288968,-3.98975178],[-79.21289636,-3.98986492],[-79.21289137,-3.98996779],[-79.21283851,-3.99017463],[-79.21269364,-3.99051883],[-79.21263736,-3.9906394],[-79.21265258,-3.99064496],[-79.21265257,-3.99064499],[-79.21298738,-3.99076802],[-79.21298681,-3.99103003],[-79.21299353,-3.99103288],[-79.21325133,-3.99112642],[-79.21333879,-3.99115815],[-79.21337541,-3.9911116],[-79.21340963,-3.99109615],[-79.21347545,-3.99106615],[-79.2135248,-3.99105047],[-79.21356342,-3.99103548],[-79.21359777,-3.99101905],[-79.2136214,-3.99099541],[-79.2136394,-3.9909567],[-79.21365663,-3.99089931],[-79.21368534,-3.99084339],[-79.21371686,-3.99081044],[-79.2137505,-3.99078611],[-79.21379097,-3.99076461],[-79.2138272,-3.99074984],[-79.21382785,-3.99075019],[-79.21397515,-3.99082656],[-79.21412756,-3.99088166],[-79.21417148,-3.99089001],[-79.21479936,-3.99100866],[-79.21498143,-3.99104375],[-79.21487038,-3.99112259],[-79.21479554,-3.99121783],[-79.21476871,-3.9914133],[-79.21475808,-3.99169894],[-79.21475308,-3.99203196],[-79.2147639,-3.99231335],[-79.2147946,-3.9926608],[-79.21483541,-3.99295661],[-79.21487782,-3.99324355],[-79.2149083,-3.9936214],[-79.21495695,-3.99426174],[-79.21498289,-3.99482738],[-79.21500268,-3.99559111],[-79.21503014,-3.99610939],[-79.21505557,-3.99624725],[-79.21509943,-3.99636896],[-79.2151708,-3.99650445],[-79.21533196,-3.9966742],[-79.2154646,-3.99681086],[-79.21557582,-3.99693455],[-79.21563418,-3.99705239],[-79.21568396,-3.9971659],[-79.21570239,-3.99723772],[-79.21569794,-3.99731092],[-79.21568059,-3.99740132],[-79.21565176,-3.99751322],[-79.215623,-3.99759355],[-79.21554978,-3.99772787],[-79.21565253,-3.99778733],[-79.21580648,-3.99785662],[-79.21593357,-3.99791216],[-79.21615946,-3.99799089],[-79.21617252,-3.99799475],[-79.21705701,-3.99825623],[-79.21819163,-3.9985487],[-79.21869406,-3.99866464],[-79.21877778,-3.9986876],[-79.21893859,-3.99868795],[-79.21906426,-3.99867366],[-79.21916911,-3.99865953],[-79.21931117,-3.99862635],[-79.2194641,-3.99857097],[-79.21972693,-3.99849901],[-79.21996624,-3.99844116],[-79.22014833,-3.99840901],[-79.22036375,-3.9983846],[-79.22061815,-3.9983976],[-79.22069792,-3.99840743]]]]}},{"type":"Feature","properties":{"nombre":"Obrapía","parroquia":"Sucre","parroquiaId":"sucre","poblacion":1271},"geometry":{"type":"MultiPolygon","coordinates":[[[[-79.22489246,-3.99433338],[-79.22452615,-3.9946462],[-79.22428934,-3.99487855],[-79.2236994,-3.99542812],[-79.22349095,-3.99560839],[-79.2233979,-3.99567039],[-79.22334545,-3.99568702],[-79.22328109,-3.99570602],[-79.22317384,-3.99572732],[-79.22305709,-3.99573425],[-79.22287393,-3.99573257],[-79.22228111,-3.99461556],[-79.22224537,-3.99454821],[-79.22139732,-3.99501807],[-79.22188088,-3.99592229],[-79.2218039,-3.99598643],[-79.22159821,-3.99635921],[-79.22100914,-3.99775516],[-79.22069792,-3.99840743],[-79.22086339,-3.99842782],[-79.22138942,-3.99853993],[-79.22210078,-3.99871493],[-79.22273557,-3.9988621],[-79.22322289,-3.99898354],[-79.22375372,-3.99911399],[-79.22387075,-3.99914372],[-79.2239493,-3.99917739],[-79.2240278,-3.99923259],[-79.22403962,-3.99924408],[-79.22416449,-3.99936567],[-79.22429057,-3.99945446],[-79.22443456,-3.99952177],[-79.2245512,-3.99956748],[-79.2246804,-3.99961527],[-79.2246969,-3.99961909],[-79.22468754,-3.99968242],[-79.22467943,-3.99972088],[-79.22462165,-3.99999464],[-79.22467653,-4.00003524],[-79.22470127,-4.00005354],[-79.2247035,-4.00009569],[-79.22482773,-4.00025731],[-79.22528129,-4.00069628],[-79.22554784,-4.0009684],[-79.2257666,-4.0011641],[-79.22595684,-4.00132721],[-79.22600725,-4.0013723],[-79.2260429,-4.00138812],[-79.22622431,-4.00146847],[-79.22640041,-4.00156072],[-79.22651652,-4.00162892],[-79.22669059,-4.00177763],[-79.22690839,-4.00197908],[-79.22716138,-4.00220931],[-79.22732112,-4.00237522],[-79.22749952,-4.00257604],[-79.22761202,-4.00270219],[-79.22772236,-4.00279334],[-79.2279384,-4.00292779],[-79.22824388,-4.00311749],[-79.22856934,-4.0033311],[-79.22907567,-4.00362887],[-79.22930503,-4.00377196],[-79.2294228,-4.00395501],[-79.22949324,-4.00404679],[-79.22952832,-4.00407678],[-79.22956579,-4.00409839],[-79.22959317,-4.00410682],[-79.22960604,-4.00410834],[-79.22961461,-4.00410926],[-79.22962771,-4.00410809],[-79.22964023,-4.00410453],[-79.22965574,-4.004095],[-79.22966468,-4.00409083],[-79.22967483,-4.00407769],[-79.2296844,-4.00405917],[-79.22969719,-4.00400291],[-79.22970458,-4.00391279],[-79.22971138,-4.00382262],[-79.22971761,-4.00373241],[-79.22972326,-4.00364217],[-79.22972833,-4.00355189],[-79.22973282,-4.00346157],[-79.22973673,-4.00337123],[-79.22974006,-4.00328087],[-79.2297428,-4.00319049],[-79.22974497,-4.00310009],[-79.22974655,-4.00300968],[-79.22974756,-4.00291926],[-79.22974798,-4.00282883],[-79.22974783,-4.00273841],[-79.22974709,-4.00264798],[-79.22974577,-4.00255757],[-79.22974387,-4.00246716],[-79.22974139,-4.00237677],[-79.22973846,-4.00228639],[-79.22973551,-4.00219602],[-79.22973255,-4.00210564],[-79.22972959,-4.00201526],[-79.22972681,-4.00192488],[-79.22972544,-4.00183447],[-79.22972715,-4.00174407],[-79.22973361,-4.00165389],[-79.22974644,-4.00156441],[-79.22976705,-4.00147642],[-79.22979567,-4.00139072],[-79.22983205,-4.00130804],[-79.2298759,-4.00122909],[-79.22992682,-4.00115456],[-79.22998439,-4.00108507],[-79.23004811,-4.00102122],[-79.23011743,-4.00096357],[-79.23019378,-4.00091135],[-79.23027035,-4.00086852],[-79.23035201,-4.00083044],[-79.23043566,-4.00079701],[-79.23052051,-4.00076675],[-79.23060592,-4.00073811],[-79.23069142,-4.00070977],[-79.23077692,-4.00068142],[-79.23086243,-4.00065307],[-79.23094793,-4.00062472],[-79.23103343,-4.00059637],[-79.23111894,-4.00056803],[-79.23120444,-4.00053968],[-79.23128994,-4.00051133],[-79.23137545,-4.00048298],[-79.23146095,-4.00045463],[-79.23154645,-4.00042629],[-79.23163196,-4.00039795],[-79.23171757,-4.00036991],[-79.23180344,-4.00034271],[-79.23188973,-4.0003169],[-79.23197658,-4.00029304],[-79.23206407,-4.00027168],[-79.23215219,-4.00025311],[-79.23224085,-4.00023735],[-79.23232997,-4.00022442],[-79.23241941,-4.00021403],[-79.23250906,-4.00020562],[-79.23259883,-4.00019863],[-79.23268867,-4.00019248],[-79.23277852,-4.00018662],[-79.23286837,-4.00018077],[-79.23295823,-4.00017493],[-79.23304808,-4.00016908],[-79.23313794,-4.00016323],[-79.23322779,-4.00015738],[-79.23331764,-4.00015153],[-79.2334075,-4.00014568],[-79.23349894,-4.00013993],[-79.23356353,-4.00013558],[-79.23356402,-4.00013549],[-79.23358721,-4.00013398],[-79.23367706,-4.00012814],[-79.23376692,-4.00012229],[-79.23385677,-4.00011644],[-79.23394662,-4.00011059],[-79.23403648,-4.00010474],[-79.23412633,-4.00009889],[-79.23421619,-4.00009304],[-79.23430604,-4.00008719],[-79.23439589,-4.00008135],[-79.23448575,-4.0000755],[-79.2345756,-4.00006965],[-79.23466546,-4.0000638],[-79.23475531,-4.00005795],[-79.23484516,-4.0000521],[-79.23493502,-4.00004625],[-79.23502487,-4.0000404],[-79.23511473,-4.00003455],[-79.23515754,-4.00003177],[-79.23520458,-4.00002871],[-79.23529443,-4.00002286],[-79.23535971,-4.00001861],[-79.23538429,-4.00001701],[-79.23547414,-4.00001116],[-79.23556399,-4.00000521],[-79.23565373,-3.99999779],[-79.23574307,-3.99998667],[-79.23583148,-3.99996966],[-79.23591797,-3.99994463],[-79.23600101,-3.99990982],[-79.23607909,-3.9998649],[-79.23615097,-3.99981055],[-79.23621556,-3.99974762],[-79.23624638,-3.99970898],[-79.23627182,-3.9996771],[-79.23631941,-3.99960038],[-79.23632614,-3.99958679],[-79.23635947,-3.99951943],[-79.23639374,-3.99943582],[-79.23642415,-3.99935071],[-79.2364528,-3.99926499],[-79.23648124,-3.99917919],[-79.23650968,-3.99909339],[-79.23653811,-3.9990076],[-79.23656655,-3.9989218],[-79.23659499,-3.998836],[-79.23662343,-3.9987502],[-79.23665186,-3.9986644],[-79.23667953,-3.99857835],[-79.23670459,-3.99849151],[-79.23672507,-3.99840347],[-79.23673883,-3.99831474],[-79.23657025,-3.99839206],[-79.23647539,-3.99840861],[-79.23641629,-3.99841996],[-79.23634529,-3.99842029],[-79.23622953,-3.99840951],[-79.23615954,-3.998384],[-79.23610862,-3.99835375],[-79.23607199,-3.99833022],[-79.23604818,-3.99832012],[-79.23597532,-3.9983013],[-79.23588671,-3.99829345],[-79.23575943,-3.99832428],[-79.23564787,-3.99835227],[-79.23556873,-3.99837316],[-79.23549718,-3.99841415],[-79.23547472,-3.99844377],[-79.23546467,-3.99846385],[-79.23544643,-3.99852793],[-79.23540963,-3.99857618],[-79.2353829,-3.99860052],[-79.23535192,-3.99860381],[-79.23530855,-3.99860706],[-79.23524608,-3.99863085],[-79.23517218,-3.99865653],[-79.23510735,-3.99866883],[-79.23506444,-3.99868118],[-79.23502103,-3.99870597],[-79.23499856,-3.99874038],[-79.23497464,-3.99878243],[-79.23486915,-3.99887121],[-79.23477608,-3.99894517],[-79.23470022,-3.99899286],[-79.23468874,-3.99901389],[-79.23468584,-3.99903494],[-79.2346915,-3.99905983],[-79.23470051,-3.99907851],[-79.23470998,-3.9991082],[-79.23470375,-3.99912254],[-79.23468608,-3.99914547],[-79.2346465,-3.99915687],[-79.23461432,-3.99916518],[-79.23454042,-3.99914698],[-79.23430825,-3.99909408],[-79.23415465,-3.9990636],[-79.23402038,-3.99901809],[-79.23390609,-3.99898985],[-79.23380395,-3.99895734],[-79.23377969,-3.99893934],[-79.23377765,-3.99888909],[-79.2337585,-3.99882086],[-79.23374512,-3.99872968],[-79.23367392,-3.99860177],[-79.23361756,-3.99855355],[-79.23358688,-3.99852908],[-79.23347191,-3.99848433],[-79.23325833,-3.99842645],[-79.23313047,-3.99839244],[-79.23303544,-3.99838075],[-79.2329976,-3.99835986],[-79.23292193,-3.99831878],[-79.2328641,-3.99829138],[-79.23282984,-3.99826762],[-79.23281348,-3.99823098],[-79.23281284,-3.99819796],[-79.23282868,-3.99814416],[-79.23289328,-3.99801295],[-79.23291628,-3.99795199],[-79.23293645,-3.99787883],[-79.23296012,-3.99784084],[-79.23299231,-3.99782583],[-79.23307099,-3.99779801],[-79.23312683,-3.9977565],[-79.23314984,-3.99769267],[-79.23315785,-3.99761948],[-79.23311435,-3.99757416],[-79.23303658,-3.99751514],[-79.23297305,-3.9974784],[-79.23284525,-3.99741568],[-79.23271386,-3.99736084],[-79.23264172,-3.99733915],[-79.23255526,-3.99732892],[-79.23251455,-3.99731376],[-79.23250459,-3.99729579],[-79.23250466,-3.99726278],[-79.23252404,-3.99722406],[-79.23257274,-3.99717464],[-79.23258065,-3.99715312],[-79.23258018,-3.997039],[-79.23257386,-3.99698587],[-79.23255679,-3.99694923],[-79.23252612,-3.99692045],[-79.23250969,-3.99691468],[-79.23247755,-3.99690599],[-79.23238318,-3.99691871],[-79.23228809,-3.99693358],[-79.23211795,-3.996949],[-79.23197003,-3.9969372],[-79.23185643,-3.99692259],[-79.23178216,-3.99689372],[-79.23171288,-3.99687061],[-79.23165078,-3.99683315],[-79.23162445,-3.99677998],[-79.23161739,-3.99673977],[-79.23160526,-3.99672826],[-79.23151244,-3.99668643],[-79.2314146,-3.99665176],[-79.23135961,-3.99662939],[-79.23124253,-3.99656741],[-79.23114829,-3.99652343],[-79.23107118,-3.9964845],[-79.23098339,-3.99642761],[-79.23094489,-3.99638303],[-79.23093712,-3.99633994],[-79.23091223,-3.99628247],[-79.23087727,-3.9962544],[-79.2308273,-3.99622558],[-79.23073732,-3.99619237],[-79.23066308,-3.99615202],[-79.23058169,-3.99611308],[-79.23051022,-3.99610862],[-79.23034806,-3.99607167],[-79.23022595,-3.99602475],[-79.23016381,-3.99600595],[-79.2300696,-3.99594402],[-79.22998403,-3.99589854],[-79.22990983,-3.99583808],[-79.22980698,-3.99580724],[-79.22969833,-3.99581083],[-79.22959632,-3.99583262],[-79.22951427,-3.99587742],[-79.22942456,-3.99593944],[-79.22937308,-3.99595081],[-79.22929016,-3.99595828],[-79.22925585,-3.99595821],[-79.22921774,-3.99595526],[-79.22918346,-3.99594274],[-79.22913302,-3.99591201],[-79.22910162,-3.99589184],[-79.22907304,-3.995887],[-79.22902444,-3.99588689],[-79.22897775,-3.99588488],[-79.22894349,-3.99586183],[-79.22892735,-3.99583309],[-79.22892647,-3.99580055],[-79.22892856,-3.99571347],[-79.22890097,-3.99569235],[-79.22885239,-3.99568363],[-79.22879043,-3.99569403],[-79.22875896,-3.99570449],[-79.22872549,-3.99575801],[-79.22869105,-3.99582014],[-79.22861844,-3.99590707],[-79.2285917,-3.99593381],[-79.22854211,-3.99595092],[-79.22849255,-3.99595273],[-79.22844304,-3.99593253],[-79.2283631,-3.99588259],[-79.22831935,-3.9958423],[-79.22826146,-3.99573308],[-79.22822635,-3.99566027],[-79.22822651,-3.99558849],[-79.22824186,-3.99553972],[-79.22831824,-3.99547002],[-79.22835838,-3.99541843],[-79.22836328,-3.99535336],[-79.22833878,-3.99522603],[-79.22832561,-3.99514561],[-79.2283086,-3.99508146],[-79.22827055,-3.99504884],[-79.22824303,-3.99499614],[-79.22821941,-3.99489848],[-79.22816907,-3.99481989],[-79.22812341,-3.99478247],[-79.228013,-3.99472098],[-79.22786828,-3.99466325],[-79.22778831,-3.99462575],[-79.22773032,-3.99456342],[-79.2276343,-3.99445794],[-79.22750591,-3.99433517],[-79.22743845,-3.99424506],[-79.22739954,-3.99416938],[-79.22736817,-3.99413486],[-79.22733104,-3.99411659],[-79.22727864,-3.99411169],[-79.22725,-3.99413269],[-79.22721559,-3.99418333],[-79.22717442,-3.99427129],[-79.22713327,-3.99435542],[-79.22708649,-3.99439264],[-79.22701306,-3.99442023],[-79.22698351,-3.99442208],[-79.22694542,-3.99441147],[-79.22691116,-3.99438747],[-79.22688938,-3.99432426],[-79.22685422,-3.99427825],[-79.22677806,-3.99424268],[-79.22668666,-3.99420324],[-79.22659338,-3.99415328],[-79.2265239,-3.99411389],[-79.22648872,-3.9940784],[-79.22645363,-3.99399889],[-79.2264585,-3.99394914],[-79.22647005,-3.99389844],[-79.2264692,-3.99384868],[-79.22644645,-3.99379121],[-79.22642463,-3.9937481],[-79.22638468,-3.9937126],[-79.22633426,-3.99367421],[-79.22631051,-3.99363875],[-79.22631057,-3.99361195],[-79.22631253,-3.99358325],[-79.22632983,-3.99351534],[-79.2263558,-3.99340343],[-79.22637398,-3.99337093],[-79.22640835,-3.99333846],[-79.22644369,-3.99330313],[-79.22647246,-3.99321802],[-79.22648219,-3.99312617],[-79.22648035,-3.99309363],[-79.22646706,-3.99306967],[-79.22641745,-3.99306682],[-79.22637221,-3.9930593],[-79.22632794,-3.99304198],[-79.22630154,-3.99301967],[-79.2258761,-3.99340429],[-79.22532486,-3.99392309],[-79.22489246,-3.99433338]]]]}},{"type":"Feature","properties":{"nombre":"Los Eucaliptos","parroquia":"Sucre","parroquiaId":"sucre","poblacion":1492},"geometry":{"type":"MultiPolygon","coordinates":[[[[-79.23951164,-3.99055668],[-79.23952938,-3.99066957],[-79.24005955,-3.99066957],[-79.24004369,-3.99068474],[-79.2400204,-3.99071226],[-79.24001116,-3.99075465],[-79.24000685,-3.99079281],[-79.24001059,-3.9908575],[-79.24001964,-3.99090418],[-79.24005749,-3.99097848],[-79.24008203,-3.99102236],[-79.24010977,-3.99105529],[-79.24014341,-3.99112322],[-79.24014616,-3.99115151],[-79.24013903,-3.99119532],[-79.24007675,-3.99126713],[-79.2400479,-3.99134652],[-79.24001306,-3.99143098],[-79.23998158,-3.99148561],[-79.23997044,-3.99152554],[-79.23996901,-3.99157327],[-79.23996894,-3.99160775],[-79.23995568,-3.99163424],[-79.23993316,-3.99166734],[-79.23991462,-3.99169382],[-79.23990531,-3.99172563],[-79.23990956,-3.99183302],[-79.23990254,-3.99186314],[-79.23990335,-3.99189694],[-79.23990528,-3.99189764],[-79.23987834,-3.99194115],[-79.23983668,-3.99202352],[-79.23981118,-3.99207107],[-79.2397984,-3.99211355],[-79.2397924,-3.99214415],[-79.23978769,-3.99217092],[-79.23977237,-3.99220999],[-79.23975029,-3.99224225],[-79.23971463,-3.99229148],[-79.23970102,-3.99232121],[-79.23969761,-3.99233565],[-79.23969755,-3.99236456],[-79.23968752,-3.99250268],[-79.23968572,-3.99259214],[-79.23968088,-3.99272013],[-79.23967981,-3.99274198],[-79.23967713,-3.99280914],[-79.23967623,-3.99283379],[-79.23967475,-3.99293028],[-79.23967279,-3.99305695],[-79.2396679,-3.99316703],[-79.23966872,-3.99318063],[-79.23965709,-3.99333831],[-79.23962831,-3.99342438],[-79.23962801,-3.99356793],[-79.23962776,-3.99368277],[-79.23961332,-3.99375452],[-79.23961292,-3.99394114],[-79.23959835,-3.9940703],[-79.23956958,-3.99415637],[-79.23956921,-3.99432863],[-79.23958326,-3.9944435],[-79.23958878,-3.99452601],[-79.23959767,-3.99452365],[-79.23968342,-3.99450831],[-79.23977014,-3.9945001],[-79.23985724,-3.99449909],[-79.23994413,-3.99450527],[-79.24003021,-3.99451862],[-79.24011491,-3.99453902],[-79.24019765,-3.99456636],[-79.24027787,-3.99460043],[-79.2408194,-3.99485736],[-79.24085699,-3.9948721],[-79.24089623,-3.99488151],[-79.24093639,-3.99488541],[-79.24093648,-3.99488541],[-79.24097671,-3.99488372],[-79.24101641,-3.99487648],[-79.24105474,-3.99486383],[-79.24109097,-3.994846],[-79.24112442,-3.99482334],[-79.24165349,-3.99440879],[-79.24173797,-3.99434259],[-79.24182877,-3.99424851],[-79.24199659,-3.99411702],[-79.24213317,-3.99415483],[-79.24213929,-3.99415916],[-79.24219865,-3.99426246],[-79.24226435,-3.99438104],[-79.242332,-3.994508],[-79.24235105,-3.99454399],[-79.24235618,-3.99455312],[-79.24244786,-3.99467816],[-79.24246177,-3.99471389],[-79.24247986,-3.99473708],[-79.24248685,-3.99474981],[-79.24250795,-3.99481251],[-79.2425176,-3.99486151],[-79.24251923,-3.99492868],[-79.24251939,-3.99492858],[-79.24252208,-3.99497016],[-79.24252544,-3.99502748],[-79.24253471,-3.99508934],[-79.24254132,-3.99515029],[-79.24254864,-3.99518481],[-79.2425553,-3.99522042],[-79.2425661,-3.99525451],[-79.24259773,-3.99533511],[-79.24264921,-3.99541766],[-79.24265704,-3.99543979],[-79.24268843,-3.9955081],[-79.24273093,-3.995592],[-79.24275632,-3.99566467],[-79.2428302,-3.99582125],[-79.24284972,-3.99586092],[-79.24289398,-3.99593279],[-79.24291173,-3.99598666],[-79.24295334,-3.99602862],[-79.24303666,-3.9960587],[-79.24309616,-3.99608276],[-79.24315566,-3.99611279],[-79.24321099,-3.99614665],[-79.24327112,-3.9961795],[-79.24335125,-3.99624877],[-79.24341142,-3.99627484],[-79.24343521,-3.99629283],[-79.24349474,-3.99630492],[-79.24361414,-3.99628467],[-79.24370071,-3.9962681],[-79.24374173,-3.99626798],[-79.24382242,-3.99625777],[-79.24388794,-3.99625792],[-79.24400709,-3.99624023],[-79.24412628,-3.99621058],[-79.24421569,-3.99617488],[-79.244292,-3.99614519],[-79.2443528,-3.99611536],[-79.24441837,-3.99609158],[-79.24447794,-3.99608572],[-79.24458518,-3.99608456],[-79.2446893,-3.99607022],[-79.24472174,-3.99606086],[-79.24476357,-3.99604896],[-79.24483093,-3.99606367],[-79.24493642,-3.99614652],[-79.24499588,-3.9961945],[-79.2450439,-3.99624239],[-79.24509279,-3.99628827],[-79.24514093,-3.996336],[-79.24519325,-3.99638787],[-79.24521579,-3.9964103],[-79.24523957,-3.99643427],[-79.24527521,-3.99647622],[-79.2453391,-3.99660795],[-79.24536031,-3.99666197],[-79.24537556,-3.9967117],[-79.2453853,-3.99674727],[-79.24540558,-3.99678753],[-79.24541145,-3.99682941],[-79.24541135,-3.99687726],[-79.24541212,-3.99696923],[-79.24541107,-3.99700885],[-79.24538707,-3.99709254],[-79.24538907,-3.99718038],[-79.245397,-3.99725965],[-79.24541219,-3.9973385],[-79.24542827,-3.99740279],[-79.24545238,-3.99749495],[-79.24546947,-3.99755328],[-79.24548129,-3.99759517],[-79.24548123,-3.99762508],[-79.24549553,-3.99766811],[-79.2455108,-3.99770584],[-79.24552862,-3.99774481],[-79.24556422,-3.99781068],[-79.24556577,-3.99781408],[-79.24566117,-3.99786706],[-79.24572294,-3.99794854],[-79.24584491,-3.99810432],[-79.24587812,-3.99816899],[-79.24589231,-3.99822165],[-79.2459017,-3.99828627],[-79.2459111,-3.9983485],[-79.24592291,-3.99839398],[-79.24595612,-3.99846104],[-79.24600359,-3.99854488],[-79.24607246,-3.99864791],[-79.24613903,-3.99871265],[-79.24619612,-3.99875345],[-79.24626038,-3.99878469],[-79.24630558,-3.99881589],[-79.24633889,-3.99883749],[-79.24634837,-3.99886144],[-79.24635305,-3.99889973],[-79.24635302,-3.99891499],[-79.24660858,-3.99887066],[-79.24661321,-3.99887183],[-79.24684669,-3.99893098],[-79.24700157,-3.99891935],[-79.24715205,-3.99879146],[-79.24720151,-3.99874941],[-79.24724024,-3.9987165],[-79.24727204,-3.99832578],[-79.24735766,-3.99727325],[-79.24745463,-3.99648392],[-79.2475554,-3.99599159],[-79.2475511,-3.99593384],[-79.24759564,-3.99580046],[-79.24763936,-3.99566955],[-79.24767897,-3.99555578],[-79.24772951,-3.99557721],[-79.24775643,-3.99558016],[-79.24777643,-3.99557532],[-79.24781764,-3.99554502],[-79.24783344,-3.99552435],[-79.24785715,-3.99551364],[-79.24791403,-3.99552452],[-79.24794799,-3.99552098],[-79.24799925,-3.99550707],[-79.24818349,-3.99545936],[-79.24831475,-3.99534353],[-79.24855845,-3.99493768],[-79.24873373,-3.99482864],[-79.24878163,-3.99478841],[-79.24880229,-3.9947682],[-79.24881504,-3.99474453],[-79.24882217,-3.99469255],[-79.24884101,-3.99464024],[-79.24890427,-3.99453421],[-79.24894482,-3.99443447],[-79.24897389,-3.99431064],[-79.24899683,-3.99419513],[-79.24902122,-3.99411361],[-79.24932443,-3.99358961],[-79.24937662,-3.99356051],[-79.24943482,-3.99354725],[-79.24952678,-3.99353651],[-79.24957123,-3.99350866],[-79.24961675,-3.99344058],[-79.24964182,-3.99338041],[-79.24964129,-3.99333411],[-79.24962076,-3.99329093],[-79.24960948,-3.99321784],[-79.24959568,-3.99314601],[-79.2495191,-3.99295225],[-79.24942496,-3.9927598],[-79.24933046,-3.99265146],[-79.24949084,-3.9924445],[-79.25150557,-3.99147119],[-79.2508347,-3.9910335],[-79.25061781,-3.990892],[-79.25022791,-3.99063762],[-79.2483066,-3.98965209],[-79.24750228,-3.98915223],[-79.2465343,-3.98855065],[-79.24637154,-3.9884495],[-79.24591763,-3.9881674],[-79.24584365,-3.98808809],[-79.24547918,-3.98769739],[-79.24541368,-3.98756765],[-79.24495419,-3.9866575],[-79.24495262,-3.98665775],[-79.24488326,-3.9866708],[-79.24482023,-3.98667356],[-79.24475485,-3.98667649],[-79.24473859,-3.9866798],[-79.24470711,-3.98668621],[-79.24468063,-3.98669666],[-79.24465943,-3.98670568],[-79.2446491,-3.98671325],[-79.24448564,-3.98668752],[-79.24433435,-3.98666371],[-79.24359073,-3.98633534],[-79.24307992,-3.98633535],[-79.24270494,-3.98617077],[-79.24250775,-3.98639841],[-79.24209793,-3.98686799],[-79.24209247,-3.98687424],[-79.24173178,-3.98728752],[-79.24171925,-3.98730188],[-79.24169147,-3.98733371],[-79.24166726,-3.98728861],[-79.24150951,-3.98708251],[-79.24146238,-3.98711616],[-79.2414477,-3.98712664],[-79.24144743,-3.98712684],[-79.24144271,-3.9871302],[-79.24112772,-3.9873688],[-79.24075762,-3.98753739],[-79.24037376,-3.98773764],[-79.24039595,-3.98777491],[-79.2407364,-3.98810486],[-79.24085739,-3.98812043],[-79.24102277,-3.98813534],[-79.24104223,-3.98813709],[-79.24124605,-3.98818634],[-79.2414402,-3.98825788],[-79.24158236,-3.98832637],[-79.24161815,-3.98834361],[-79.24162679,-3.98834777],[-79.24158472,-3.98846173],[-79.24156445,-3.98858227],[-79.24156423,-3.98868371],[-79.24157717,-3.98887514],[-79.24158271,-3.98895746],[-79.24160161,-3.9890331],[-79.24164028,-3.98906457],[-79.24183294,-3.98914557],[-79.24190814,-3.98918114],[-79.24193581,-3.98920164],[-79.24195476,-3.98921569],[-79.24198116,-3.98925916],[-79.24198812,-3.98927223],[-79.24199225,-3.98929078],[-79.24199221,-3.98930693],[-79.24199218,-3.98932188],[-79.24198559,-3.98934101],[-79.24197901,-3.98935475],[-79.24197124,-3.98936669],[-79.24196168,-3.98938043],[-79.24195332,-3.98939058],[-79.24194377,-3.98939834],[-79.24191445,-3.98942013],[-79.24177998,-3.98949584],[-79.24154436,-3.989568],[-79.24148978,-3.98958472],[-79.24125092,-3.98965788],[-79.24117724,-3.98968428],[-79.24103211,-3.98972778],[-79.24082169,-3.98979085],[-79.24076241,-3.98979398],[-79.24074836,-3.9897963],[-79.24073196,-3.98979744],[-79.24070648,-3.98980238],[-79.24068598,-3.98980646],[-79.24065142,-3.98981285],[-79.24055671,-3.98981909],[-79.2405425,-3.98982144],[-79.24052902,-3.98982905],[-79.24052491,-3.98983257],[-79.24052327,-3.98983845],[-79.24052201,-3.98983684],[-79.24052174,-3.98983846],[-79.240439,-3.9898389],[-79.24032736,-3.98980343],[-79.23999227,-3.98969512],[-79.23975724,-3.98961158],[-79.23971966,-3.98958129],[-79.23967725,-3.9895471],[-79.23964986,-3.98952503],[-79.23961203,-3.98949454],[-79.23942419,-3.98932187],[-79.23911448,-3.98912112],[-79.23901915,-3.98905645],[-79.23902572,-3.98915234],[-79.23904082,-3.98936215],[-79.23904087,-3.98936283],[-79.23911662,-3.98943605],[-79.23920697,-3.98952118],[-79.23923064,-3.98959301],[-79.23928394,-3.98973308],[-79.239419,-3.9900779],[-79.23945343,-3.99018625],[-79.23951485,-3.99037956],[-79.23954318,-3.99049805],[-79.23954075,-3.99052317],[-79.23952283,-3.99054706],[-79.23951164,-3.99055668]]]]}}]}