{"type":"FeatureCollection","features":[{"type":"Feature","id":"limites_parroquias_urbanas_ciudad_loja.1","geometry":{"type":"MultiPolygon","coordinates":[[[[-79.23920175,-3.98399358,0],[-79.23878366,-3.98373374,0],[-79.23840084,-3.98349746,0],[-79.23784581,-3.98315088,0],[-79.23751153,-3.98308315,0],[-79.23740218,-3.983061,0],[-79.23729245,-3.98303877,0],[-79.23696761,-3.98297296,0],[-79.2362936,-3.98283641,0],[-79.23540156,-3.98263302,0],[-79.23534842,-3.98261817,0],[-79.23514937,-3.98257221,0],[-79.23475769,-3.98239038,0],[-79.23443249,-3.9821674,0],[-79.23401598,-3.98176958,0],[-79.23365644,-3.98134331,0],[-79.23362253,-3.98130279,0],[-79.23330379,-3.98092189,0],[-79.23261572,-3.98008363,0],[-79.2321394,-3.97955867,0],[-79.23116392,-3.97856894,0],[-79.22954058,-3.97713879,0],[-79.22937224,-3.97700612,0],[-79.22878601,-3.97649884,0],[-79.22856727,-3.97634331,0],[-79.22795773,-3.9760057,0],[-79.22783474,-3.9759562,0],[-79.22771587,-3.9759308,0],[-79.22757191,-3.97593363,0],[-79.22745292,-3.97596166,0],[-79.22733178,-3.97602426,0],[-79.22724087,-3.97609635,0],[-79.22686514,-3.97532413,0],[-79.22717807,-3.97495753,0],[-79.22738911,-3.97457137,0],[-79.22744407,-3.97442164,0],[-79.22745271,-3.9743098,0],[-79.22724913,-3.97320558,0],[-79.22734054,-3.97271403,0],[-79.22732681,-3.97225603,0],[-79.22713004,-3.97189471,0],[-79.22706347,-3.97157799,0],[-79.22679561,-3.97104768,0],[-79.22660745,-3.97059141,0],[-79.22644396,-3.97039478,0],[-79.22627189,-3.97027834,0],[-79.22604444,-3.9701091,0],[-79.22300064,-3.96970357,0],[-79.22276939,-3.96967279,0],[-79.22251958,-3.96968299,0],[-79.222293,-3.96976215,0],[-79.2220271,-3.96993054,0],[-79.2218048,-3.97022204,0],[-79.22171465,-3.97042088,0],[-79.22165505,-3.97071432,0],[-79.22161636,-3.97101376,0],[-79.22156948,-3.97138273,0],[-79.22151336,-3.97181896,0],[-79.22147989,-3.97202307,0],[-79.22140461,-3.97225912,0],[-79.22129974,-3.97243363,0],[-79.22116354,-3.97261152,0],[-79.22106489,-3.9727107,0],[-79.22101346,-3.97275746,0],[-79.22091827,-3.97284401,0],[-79.22074005,-3.97297407,0],[-79.22044946,-3.97311305,0],[-79.22024056,-3.9731665,0],[-79.22019016,-3.97317483,0],[-79.22014849,-3.97318171,0],[-79.2200225,-3.97320232,0],[-79.21981889,-3.97320652,0],[-79.21955339,-3.97320131,0],[-79.21933848,-3.9731962,0],[-79.21919405,-3.97319589,0],[-79.21908545,-3.97318869,0],[-79.21896993,-3.97317684,0],[-79.21887753,-3.97316271,0],[-79.2187759,-3.97313464,0],[-79.21866966,-3.97310656,0],[-79.21828751,-3.97296649,0],[-79.21796657,-3.97283583,0],[-79.21679326,-3.97238548,0],[-79.2167501,-3.9726012,0],[-79.21670682,-3.9727348,0],[-79.21655102,-3.97296703,0],[-79.2163701,-3.9731918,0],[-79.21627016,-3.97331597,0],[-79.21615176,-3.97356221,0],[-79.21600071,-3.97388229,0],[-79.21566448,-3.97475948,0],[-79.21562235,-3.97486937,0],[-79.21550106,-3.97518578,0],[-79.21509217,-3.97625563,0],[-79.21506712,-3.97632933,0],[-79.2150299,-3.97646495,0],[-79.21500551,-3.97658166,0],[-79.21499662,-3.97663716,0],[-79.21498859,-3.97669796,0],[-79.21498361,-3.976768,0],[-79.2149826,-3.97683101,0],[-79.21498471,-3.9768936,0],[-79.21423294,-3.97687714,0],[-79.21417419,-3.9768742,0],[-79.21413053,-3.97686575,0],[-79.21408449,-3.97685213,0],[-79.21406297,-3.97684576,0],[-79.21399232,-3.97681636,0],[-79.21391442,-3.97676606,0],[-79.21383139,-3.9766865,0],[-79.21372771,-3.97653691,0],[-79.21355666,-3.97628065,0],[-79.21324151,-3.97580995,0],[-79.21266176,-3.97487343,0],[-79.21204984,-3.97398082,0],[-79.21156149,-3.97323517,0],[-79.21098093,-3.9723779,0],[-79.21039304,-3.97149277,0],[-79.20955541,-3.97023672,0],[-79.20897898,-3.9701149,0],[-79.20858319,-3.97005445,0],[-79.20828516,-3.97007416,0],[-79.20803374,-3.96987353,0],[-79.20799129,-3.96981885,0],[-79.20740498,-3.96906363,0],[-79.20727301,-3.96887897,0],[-79.20642278,-3.96950555,0],[-79.20581929,-3.96987345,0],[-79.2052398,-3.97029588,0],[-79.20479253,-3.97088808,0],[-79.20445964,-3.97154105,0],[-79.20421142,-3.97205499,0],[-79.20390906,-3.97252645,0],[-79.20353382,-3.97325196,0],[-79.20317054,-3.97401987,0],[-79.20293779,-3.9746564,0],[-79.20287168,-3.9747851,0],[-79.20277784,-3.97500991,0],[-79.20260898,-3.97539392,0],[-79.20242622,-3.97572635,0],[-79.20223871,-3.97609626,0],[-79.20214962,-3.97628357,0],[-79.20212381,-3.9763468,0],[-79.20211162,-3.97647357,0],[-79.20210453,-3.97662802,0],[-79.20214164,-3.97673591,0],[-79.2022253,-3.97690017,0],[-79.20234622,-3.977102,0],[-79.20252295,-3.97739771,0],[-79.20270429,-3.97772155,0],[-79.20287153,-3.97808755,0],[-79.20297144,-3.97829168,0],[-79.20302253,-3.97840899,0],[-79.20308285,-3.97857787,0],[-79.20312457,-3.97870922,0],[-79.20314281,-3.97890614,0],[-79.20314249,-3.97905614,0],[-79.20313772,-3.97910301,0],[-79.20311888,-3.97918266,0],[-79.20308135,-3.97926696,0],[-79.2030062,-3.97948242,0],[-79.20291228,-3.97974473,0],[-79.20281845,-3.97996484,0],[-79.20274809,-3.98012407,0],[-79.2027222,-3.98022479,0],[-79.20270329,-3.98033257,0],[-79.20269368,-3.98045911,0],[-79.20270271,-3.98059976,0],[-79.20272572,-3.98075451,0],[-79.20274409,-3.98089049,0],[-79.20275774,-3.98105459,0],[-79.20276682,-3.9811718,0],[-79.20277114,-3.98133119,0],[-79.20277565,-3.9814062,0],[-79.20277994,-3.98157965,0],[-79.20277952,-3.98177184,0],[-79.20276515,-3.98194057,0],[-79.20274371,-3.98214443,0],[-79.20273412,-3.9822616,0],[-79.20271977,-3.98242095,0],[-79.20268195,-3.98264119,0],[-79.20261606,-3.98288949,0],[-79.20253595,-3.98324089,0],[-79.20246986,-3.98358294,0],[-79.20240386,-3.98388281,0],[-79.20234971,-3.98410066,0],[-79.20233075,-3.98423188,0],[-79.20230687,-3.98448027,0],[-79.20228293,-3.98476148,0],[-79.20227814,-3.98481772,0],[-79.20227796,-3.98489741,0],[-79.20227292,-3.98507084,0],[-79.20228647,-3.98527713,0],[-79.20230487,-3.98540373,0],[-79.20234194,-3.98553038,0],[-79.20239285,-3.98572737,0],[-79.2024392,-3.98587748,0],[-79.20249248,-3.98606276,0],[-79.20252023,-3.98618001,0],[-79.20256193,-3.98632073,0],[-79.20260363,-3.98646614,0],[-79.20267788,-3.98666318,0],[-79.20273818,-3.98684145,0],[-79.20276123,-3.98697275,0],[-79.2027889,-3.9871275,0],[-79.20283063,-3.98725416,0],[-79.20289562,-3.98742306,0],[-79.20296523,-3.98760603,0],[-79.20302091,-3.98776084,0],[-79.20310678,-3.9879837,0],[-79.20315321,-3.9880963,0],[-79.20321821,-3.98825582,0],[-79.20327856,-3.98841065,0],[-79.20334359,-3.98855611,0],[-79.20336449,-3.98860537,0],[-79.20344179,-3.98868805,0],[-79.20349766,-3.98875567,0],[-79.20357586,-3.98885334,0],[-79.2037193,-3.98900554,0],[-79.2038013,-3.98907322,0],[-79.20390193,-3.98916344,0],[-79.20400258,-3.98924242,0],[-79.20408462,-3.9892951,0],[-79.2042189,-3.98936289,0],[-79.20426436,-3.98938485,0],[-79.2043047,-3.98940433,0],[-79.20436063,-3.98944196,0],[-79.20441281,-3.98948707,0],[-79.2044463,-3.98953965,0],[-79.20446858,-3.9895997,0],[-79.20452061,-3.98971232,0],[-79.20458754,-3.98984372,0],[-79.20467685,-3.98998642,0],[-79.20479594,-3.99017419,0],[-79.20508382,-3.99063525,0],[-79.20532199,-3.99117792,0],[-79.20563206,-3.99181851,0],[-79.20565108,-3.99213954,0],[-79.20559772,-3.99265091,0],[-79.20539357,-3.99451302,0],[-79.20539333,-3.99451504,0],[-79.20553823,-3.99452576,0],[-79.20570456,-3.9945614,0],[-79.20690817,-3.99458632,0],[-79.20701353,-3.99460141,0],[-79.20751495,-3.99443725,0],[-79.20764815,-3.99440226,0],[-79.20774798,-3.99440805,0],[-79.20786072,-3.99443243,0],[-79.20854605,-3.99472174,0],[-79.20829763,-3.99502758,0],[-79.20775834,-3.99474787,0],[-79.20765849,-3.99475137,0],[-79.20759549,-3.9948125,0],[-79.20755195,-3.99528219,0],[-79.20751184,-3.99587257,0],[-79.20744409,-3.99642019,0],[-79.20739722,-3.99671346,0],[-79.20732629,-3.99702154,0],[-79.20725747,-3.99721079,0],[-79.20718439,-3.99765812,0],[-79.2070678,-3.99855657,0],[-79.20794224,-3.9986346,0],[-79.20790893,-3.9989549,0],[-79.20787865,-3.99931007,0],[-79.20787574,-3.9996831,0],[-79.20790881,-4.00004092,0],[-79.20791059,-4.00025587,0],[-79.20780326,-4.00117059,0],[-79.20777834,-4.0012932,0],[-79.20773328,-4.00140114,0],[-79.20767932,-4.00147868,0],[-79.20756192,-4.00157716,0],[-79.20754083,-4.00227092,0],[-79.20752509,-4.00265983,0],[-79.20785658,-4.00258191,0],[-79.20818308,-4.00252869,0],[-79.20837519,-4.00252911,0],[-79.20863748,-4.00255873,0],[-79.20887491,-4.00261734,0],[-79.20922584,-4.00273221,0],[-79.20974393,-4.00292005,0],[-79.21033856,-4.00306034,0],[-79.21066485,-4.0031067,0],[-79.21124496,-4.00327186,0],[-79.21157953,-4.00330993,0],[-79.21171391,-4.00326251,0],[-79.21190414,-4.0031758,0],[-79.21214978,-4.0029947,0],[-79.21233009,-4.00283282,0],[-79.21235021,-4.00276085,0],[-79.21246726,-4.00223566,0],[-79.21283416,-4.00127211,0],[-79.21310602,-4.00065488,0],[-79.21329487,-4.00163263,0],[-79.21344776,-4.00225255,0],[-79.21359891,-4.00261984,0],[-79.21377155,-4.00302959,0],[-79.21408707,-4.00359732,0],[-79.21438056,-4.00415947,0],[-79.21467174,-4.00451969,0],[-79.21492822,-4.00482682,0],[-79.21505076,-4.00501564,0],[-79.2150972,-4.00519277,0],[-79.21506071,-4.00551078,0],[-79.21504912,-4.00577353,0],[-79.21507629,-4.00594508,0],[-79.21520524,-4.00618048,0],[-79.21540891,-4.00646122,0],[-79.21584599,-4.00697706,0],[-79.21603347,-4.00727839,0],[-79.21608295,-4.00735793,0],[-79.21610761,-4.00739757,0],[-79.21636488,-4.00776639,0],[-79.21653028,-4.00799532,0],[-79.21702075,-4.00856029,0],[-79.21788825,-4.009782,0],[-79.21807698,-4.01008212,0],[-79.21824516,-4.01038478,0],[-79.21874636,-4.01120766,0],[-79.21930777,-4.01195207,0],[-79.21946076,-4.01212768,0],[-79.21969872,-4.01235899,0],[-79.21994848,-4.0125775,0],[-79.22003922,-4.01265623,0],[-79.22090182,-4.01334952,0],[-79.22099586,-4.01340201,0],[-79.22107271,-4.01343439,0],[-79.22114142,-4.013464,0],[-79.22125931,-4.01350272,0],[-79.22180803,-4.01367623,0],[-79.22201751,-4.01379792,0],[-79.22245435,-4.01406913,0],[-79.22286836,-4.01431654,0],[-79.22300084,-4.01442175,0],[-79.22312369,-4.01454066,0],[-79.22322348,-4.01468737,0],[-79.22332869,-4.01490485,0],[-79.22340331,-4.01504773,0],[-79.22349056,-4.01513724,0],[-79.22357687,-4.01519789,0],[-79.22418606,-4.01557383,0],[-79.2249549,-4.0160398,0],[-79.22504686,-4.01608883,0],[-79.22511538,-4.01610684,0],[-79.22536272,-4.01617047,0],[-79.22558929,-4.01621256,0],[-79.22591518,-4.01627209,0],[-79.22600853,-4.01629744,0],[-79.22613486,-4.01633035,0],[-79.22625454,-4.01636741,0],[-79.22636624,-4.01640583,0],[-79.22644825,-4.01644564,0],[-79.22652441,-4.01649458,0],[-79.22661142,-4.01656447,0],[-79.22668286,-4.01662751,0],[-79.22678843,-4.01673074,0],[-79.22805923,-4.01801096,0],[-79.22818364,-4.0181736,0],[-79.22853505,-4.0187009,0],[-79.22882845,-4.01911363,0],[-79.22888681,-4.01917249,0],[-79.22896228,-4.01920519,0],[-79.22918948,-4.01913175,0],[-79.22951536,-4.0190109,0],[-79.22971882,-4.01889076,0],[-79.22987938,-4.01876397,0],[-79.23002973,-4.01862616,0],[-79.23015151,-4.01848528,0],[-79.23025469,-4.01833342,0],[-79.23032994,-4.01817975,0],[-79.23039946,-4.0180035,0],[-79.2304566,-4.01780709,0],[-79.23086995,-4.01484883,0],[-79.23129733,-4.01435605,0],[-79.23134474,-4.01421422,0],[-79.23166114,-4.01533465,0],[-79.23176024,-4.01598779,0],[-79.23206506,-4.01591906,0],[-79.23313576,-4.01710825,0],[-79.23325931,-4.0169593,0],[-79.233461,-4.01679552,0],[-79.23361632,-4.01670094,0],[-79.23357492,-4.01685263,0],[-79.23353345,-4.01704359,0],[-79.23342082,-4.01722752,0],[-79.23341251,-4.01727561,0],[-79.23342628,-4.01733673,0],[-79.23344519,-4.0173499,0],[-79.23347253,-4.01736646,0],[-79.23349854,-4.01736376,0],[-79.23353694,-4.01733086,0],[-79.23358614,-4.01728327,0],[-79.23360999,-4.01726538,0],[-79.23362427,-4.01728242,0],[-79.23360983,-4.01734111,0],[-79.23361773,-4.01735508,0],[-79.23377859,-4.01729963,0],[-79.23395636,-4.01722229,0],[-79.2340636,-4.01718665,0],[-79.23407349,-4.01719863,0],[-79.23406749,-4.01722453,0],[-79.23405949,-4.01725041,0],[-79.23406341,-4.01727633,0],[-79.2340852,-4.01729033,0],[-79.23411694,-4.01729637,0],[-79.23420031,-4.01728659,0],[-79.23422409,-4.01730059,0],[-79.234228,-4.01732651,0],[-79.23424771,-4.01739231,0],[-79.23427569,-4.01747953,0],[-79.23442489,-4.01758999,0],[-79.23466167,-4.01775391,0],[-79.23474293,-4.01780191,0],[-79.23488947,-4.01794372,0],[-79.23502111,-4.01809546,0],[-79.23506469,-4.01813342,0],[-79.23512477,-4.01818251,0],[-79.23515378,-4.01822727,0],[-79.23516757,-4.01827513,0],[-79.2351893,-4.01831902,0],[-79.23521799,-4.01836093,0],[-79.23529917,-4.01844481,0],[-79.23533086,-4.01847278,0],[-79.23548847,-4.01854486,0],[-79.23553805,-4.01855692,0],[-79.23560148,-4.01858895,0],[-79.2356451,-4.01860897,0],[-79.2356808,-4.01861702,0],[-79.23574033,-4.01861715,0],[-79.23577602,-4.01863317,0],[-79.23601087,-4.01877118,0],[-79.23604257,-4.01879915,0],[-79.23605938,-4.01882509,0],[-79.23645811,-4.0190593,0],[-79.23651408,-4.01910501,0],[-79.23662698,-4.01926076,0],[-79.23665668,-4.01928872,0],[-79.23669733,-4.01930674,0],[-79.23678659,-4.01932288,0],[-79.23690165,-4.01933907,0],[-79.23699164,-4.01932843,0],[-79.23719687,-4.0192248,0],[-79.23731373,-4.01919449,0],[-79.2375134,-4.01923795,0],[-79.23944571,-4.01792855,0],[-79.23948762,-4.01789835,0],[-79.23967606,-4.01777246,0],[-79.23989833,-4.01762184,0],[-79.24002383,-4.01763993,0],[-79.24006755,-4.01788114,0],[-79.24015681,-4.01788703,0],[-79.24017729,-4.01788949,0],[-79.24032595,-4.01793285,0],[-79.2404625,-4.01799916,0],[-79.24057054,-4.01800274,0],[-79.24058649,-4.01799924,0],[-79.24060117,-4.01799801,0],[-79.24067626,-4.01799817,0],[-79.24071525,-4.01799826,0],[-79.24074881,-4.01799833,0],[-79.24086896,-4.01799859,0],[-79.24103399,-4.01792778,0],[-79.2411552,-4.01788129,0],[-79.24119324,-4.0178603,0],[-79.24207648,-4.01753544,0],[-79.24189521,-4.01693375,0],[-79.24180958,-4.01689053,0],[-79.24166871,-4.01642484,0],[-79.24167046,-4.01642397,0],[-79.24166872,-4.01642009,0],[-79.24172683,-4.01638414,0],[-79.24172626,-4.01638317,0],[-79.24498727,-4.01417335,0],[-79.24498135,-4.01413159,0],[-79.24496392,-4.01400859,0],[-79.24516013,-4.01388269,0],[-79.24521185,-4.01385523,0],[-79.24522523,-4.01383804,0],[-79.24525004,-4.01382469,0],[-79.24527483,-4.013819,0],[-79.24530374,-4.0138144,0],[-79.24531583,-4.01382434,0],[-79.24532873,-4.01383628,0],[-79.24534304,-4.01385154,0],[-79.24535783,-4.01387095,0],[-79.24536976,-4.01389126,0],[-79.24538444,-4.01392564,0],[-79.24541371,-4.01393606,0],[-79.24544802,-4.01393613,0],[-79.24548994,-4.01394005,0],[-79.24551851,-4.0139516,0],[-79.24554707,-4.01396506,0],[-79.24557371,-4.01398234,0],[-79.24559468,-4.01398047,0],[-79.24560426,-4.01395752,0],[-79.24562721,-4.01392312,0],[-79.2456635,-4.01388683,0],[-79.24569214,-4.01386392,0],[-79.24571508,-4.01382952,0],[-79.24575133,-4.01381046,0],[-79.24580665,-4.01378952,0],[-79.24589818,-4.01377058,0],[-79.24596108,-4.0137688,0],[-79.24600492,-4.0137689,0],[-79.24604305,-4.01376132,0],[-79.24606974,-4.01375755,0],[-79.24610023,-4.01375953,0],[-79.24613831,-4.01377684,0],[-79.24616499,-4.01378264,0],[-79.2462488,-4.01380387,0],[-79.24629263,-4.01380971,0],[-79.24633455,-4.01381554,0],[-79.24636123,-4.0138156,0],[-79.24636793,-4.01381682,0],[-79.24686536,-4.0142604,0],[-79.24686531,-4.01428179,0],[-79.24689736,-4.01436043,0],[-79.24692696,-4.01442069,0],[-79.24696492,-4.01449734,0],[-79.24699339,-4.01455003,0],[-79.24706472,-4.01461718,0],[-79.24709794,-4.01467946,0],[-79.24712641,-4.01473694,0],[-79.24712147,-4.01481827,0],[-79.24711179,-4.01489003,0],[-79.24711169,-4.01493788,0],[-79.24711152,-4.01501444,0],[-79.24718002,-4.01510973,0],[-79.24719697,-4.01516296,0],[-79.24721583,-4.0152587,0],[-79.24723473,-4.01533531,0],[-79.24724412,-4.01539753,0],[-79.24725826,-4.01546934,0],[-79.2472724,-4.01554593,0],[-79.24727226,-4.01560814,0],[-79.24729584,-4.01572303,0],[-79.24732429,-4.01579008,0],[-79.24738124,-4.01589547,0],[-79.24745247,-4.01601047,0],[-79.24749521,-4.01607755,0],[-79.24754743,-4.01616858,0],[-79.24760446,-4.01624048,0],[-79.24765201,-4.01628365,0],[-79.24770426,-4.01636032,0],[-79.24776607,-4.01642266,0],[-79.2478088,-4.01649932,0],[-79.24787062,-4.01655687,0],[-79.24796591,-4.01655707,0],[-79.24803262,-4.01655722,0],[-79.24805645,-4.01655727,0],[-79.24810891,-4.01653346,0],[-79.2481423,-4.01651917,0],[-79.24821859,-4.01649541,0],[-79.24829481,-4.01650036,0],[-79.24834707,-4.01657225,0],[-79.24841841,-4.01663461,0],[-79.24849998,-4.01672226,0],[-79.24857133,-4.01674671,0],[-79.24857309,-4.01674139,0],[-79.24858396,-4.01668886,0],[-79.2485886,-4.01663749,0],[-79.24859867,-4.01658691,0],[-79.24861405,-4.01653769,0],[-79.24864163,-4.01647042,0],[-79.24867357,-4.01640512,0],[-79.24870973,-4.01634207,0],[-79.24874996,-4.01628157,0],[-79.24885019,-4.01621453,0],[-79.24892435,-4.01619279,0],[-79.24896051,-4.0161822,0],[-79.24898279,-4.01617976,0],[-79.24872577,-4.01592054,0],[-79.24868462,-4.01587904,0],[-79.24854133,-4.01552514,0],[-79.24871041,-4.01504332,0],[-79.24896562,-4.01469304,0],[-79.24913653,-4.01445846,0],[-79.24918394,-4.0143934,0],[-79.24929477,-4.01435529,0],[-79.24941618,-4.01431354,0],[-79.24938372,-4.01428532,0],[-79.24820381,-4.01325941,0],[-79.24822448,-4.0132447,0],[-79.24825463,-4.01322324,0],[-79.24835015,-4.01315526,0],[-79.24844769,-4.01308585,0],[-79.24854406,-4.01301726,0],[-79.24851102,-4.01301424,0],[-79.24845295,-4.01300893,0],[-79.24839194,-4.01298791,0],[-79.2483514,-4.01296928,0],[-79.24834508,-4.01296638,0],[-79.2482958,-4.01293499,0],[-79.2482585,-4.01290235,0],[-79.24825681,-4.01289421,0],[-79.24826618,-4.01284576,0],[-79.24826092,-4.01282079,0],[-79.24824971,-4.01280259,0],[-79.24816983,-4.01271959,0],[-79.24812787,-4.01262949,0],[-79.24809684,-4.01256287,0],[-79.24808163,-4.01253023,0],[-79.24802368,-4.0124272,0],[-79.24795695,-4.01234856,0],[-79.24792878,-4.01225853,0],[-79.24788534,-4.01214658,0],[-79.24787923,-4.01213034,0],[-79.24786923,-4.01210377,0],[-79.24784941,-4.01206277,0],[-79.24782742,-4.01202935,0],[-79.24780656,-4.01200475,0],[-79.24772799,-4.01191214,0],[-79.24772649,-4.01191038,0],[-79.2477112,-4.01189236,0],[-79.24769377,-4.01187181,0],[-79.24767608,-4.01185334,0],[-79.24764241,-4.01181818,0],[-79.24755987,-4.011732,0],[-79.24754095,-4.01171224,0],[-79.24744464,-4.01160696,0],[-79.24730558,-4.01145493,0],[-79.24721402,-4.01132008,0],[-79.24717311,-4.01124133,0],[-79.24714388,-4.01118507,0],[-79.24707054,-4.01104388,0],[-79.247032,-4.01095781,0],[-79.24698986,-4.01087624,0],[-79.24694964,-4.01081602,0],[-79.24690725,-4.01076782,0],[-79.24685406,-4.01071038,0],[-79.24676564,-4.01058052,0],[-79.24674994,-4.01055751,0],[-79.24672582,-4.01053327,0],[-79.24669333,-4.0105006,0],[-79.24667719,-4.01051025,0],[-79.24656539,-4.01057683,0],[-79.24655723,-4.01058169,0],[-79.24645351,-4.01064351,0],[-79.24634901,-4.01070577,0],[-79.24634829,-4.01070616,0],[-79.24628762,-4.01073972,0],[-79.24617339,-4.01080307,0],[-79.24591386,-4.010947,0],[-79.2459116,-4.01094825,0],[-79.24588455,-4.0109633,0],[-79.24584327,-4.01098437,0],[-79.24583259,-4.01098983,0],[-79.24563086,-4.0110931,0],[-79.24549973,-4.01116023,0],[-79.24530826,-4.01126399,0],[-79.24528626,-4.01127588,0],[-79.24522189,-4.01131073,0],[-79.24510324,-4.01138382,0],[-79.24495545,-4.01147729,0],[-79.24468065,-4.01168285,0],[-79.24459854,-4.01169702,0],[-79.24459268,-4.01164196,0],[-79.24458358,-4.01157888,0],[-79.24457163,-4.01154593,0],[-79.24456338,-4.0115232,0],[-79.24453948,-4.01147308,0],[-79.24452674,-4.01138774,0],[-79.24453057,-4.01132376,0],[-79.24454736,-4.01124591,0],[-79.24459932,-4.01112733,0],[-79.24465863,-4.01102545,0],[-79.24470315,-4.01093097,0],[-79.2447218,-4.01084755,0],[-79.24473307,-4.01076041,0],[-79.24473131,-4.0107159,0],[-79.24476098,-4.01066125,0],[-79.24480359,-4.01059643,0],[-79.24481109,-4.01054452,0],[-79.2448112,-4.01049074,0],[-79.24479289,-4.01041837,0],[-79.24478184,-4.01040629,0],[-79.24474503,-4.01034872,0],[-79.24470633,-4.01030784,0],[-79.24467506,-4.01025213,0],[-79.24464746,-4.01020385,0],[-79.24463279,-4.0101556,0],[-79.24462551,-4.01010552,0],[-79.24462382,-4.01002947,0],[-79.24462955,-4.00994232,0],[-79.2446333,-4.00991266,0],[-79.24465001,-4.00987375,0],[-79.24467412,-4.00982558,0],[-79.24470011,-4.00976258,0],[-79.24470392,-4.00970695,0],[-79.2447059,-4.00964575,0],[-79.24469316,-4.00955856,0],[-79.24466741,-4.00950843,0],[-79.24463977,-4.00947685,0],[-79.24459369,-4.00943966,0],[-79.24455497,-4.00940804,0],[-79.24448859,-4.00936246,0],[-79.24443143,-4.00931783,0],[-79.24439088,-4.00928065,0],[-79.24434303,-4.00920637,0],[-79.24431185,-4.00910615,0],[-79.24428248,-4.00902078,0],[-79.24424025,-4.00890756,0],[-79.24419239,-4.00883327,0],[-79.24414449,-4.00877939,0],[-79.24406894,-4.00870319,0],[-79.24401551,-4.00864187,0],[-79.24394371,-4.00854064,0],[-79.24385718,-4.0084162,0],[-79.24377064,-4.00829547,0],[-79.24372649,-4.00821192,0],[-79.24367503,-4.00809497,0],[-79.24365304,-4.00801703,0],[-79.24364943,-4.00797715,0],[-79.24365696,-4.00791225,0],[-79.24367379,-4.007814,0],[-79.24367393,-4.00774909,0],[-79.24365759,-4.00761552,0],[-79.24362452,-4.00753571,0],[-79.24357295,-4.00747069,0],[-79.24351764,-4.00742791,0],[-79.24343647,-4.00738508,0],[-79.24340514,-4.00735534,0],[-79.24339965,-4.00733586,0],[-79.24337763,-4.00726533,0],[-79.24337964,-4.00719301,0],[-79.24336682,-4.0071392,0],[-79.24336505,-4.00710396,0],[-79.24333933,-4.0070427,0],[-79.24331909,-4.00700742,0],[-79.24330256,-4.00696288,0],[-79.24329528,-4.00691464,0],[-79.24329353,-4.00687013,0],[-79.24327711,-4.00677366,0],[-79.2432661,-4.00674396,0],[-79.2432865,-4.00670042,0],[-79.24331244,-4.00666153,0],[-79.243355,-4.00662082,0],[-79.24337913,-4.00656524,0],[-79.24337924,-4.00651517,0],[-79.24336083,-4.00648545,0],[-79.24332948,-4.00646498,0],[-79.24328335,-4.00644634,0],[-79.24322616,-4.00642025,0],[-79.24318929,-4.00638865,0],[-79.24316905,-4.00635337,0],[-79.24316919,-4.00628846,0],[-79.24317852,-4.00624582,0],[-79.24318785,-4.00619762,0],[-79.24318795,-4.00615311,0],[-79.24318066,-4.00610673,0],[-79.24315496,-4.0060362,0],[-79.24312922,-4.00598051,0],[-79.24313119,-4.00592395,0],[-79.24313498,-4.00587945,0],[-79.24312948,-4.00585718,0],[-79.24310921,-4.00583859,0],[-79.24307966,-4.00583853,0],[-79.24305011,-4.00583847,0],[-79.2430206,-4.00582542,0],[-79.24300586,-4.0058087,0],[-79.24296161,-4.00577336,0],[-79.24291551,-4.00574359,0],[-79.2428694,-4.00571382,0],[-79.24280115,-4.00567844,0],[-79.2427495,-4.00564865,0],[-79.24272004,-4.0056115,0],[-79.24270167,-4.00556324,0],[-79.24269253,-4.00552056,0],[-79.24269271,-4.0054334,0],[-79.2426965,-4.00539075,0],[-79.24270403,-4.005324,0],[-79.24270966,-4.00527951,0],[-79.24270795,-4.00521645,0],[-79.242721,-4.00516177,0],[-79.24272476,-4.00512839,0],[-79.24272482,-4.00510243,0],[-79.24271197,-4.00506531,0],[-79.2426899,-4.00502261,0],[-79.242642,-4.00496687,0],[-79.24261625,-4.00492045,0],[-79.24258866,-4.00486475,0],[-79.24255922,-4.00481647,0],[-79.24255005,-4.00478863,0],[-79.24254459,-4.00475153,0],[-79.24254652,-4.00471258,0],[-79.24255581,-4.00468479,0],[-79.24256142,-4.00464956,0],[-79.24256148,-4.00462174,0],[-79.24254861,-4.00459761,0],[-79.24252647,-4.00458458,0],[-79.24249513,-4.00456225,0],[-79.24246008,-4.00454363,0],[-79.24241579,-4.0045287,0],[-79.24236968,-4.00449893,0],[-79.24234021,-4.00446734,0],[-79.24231627,-4.00443483,0],[-79.24228678,-4.00440509,0],[-79.24225542,-4.00439205,0],[-79.24221664,-4.00439196,0],[-79.24216492,-4.00439371,0],[-79.24205571,-4.00432507,0],[-79.24187579,-4.00372065,0],[-79.24186919,-4.00369849,0],[-79.24171029,-4.00316466,0],[-79.24197609,-4.00279579,0],[-79.24238094,-4.00223395,0],[-79.24327675,-4.00099076,0],[-79.24396914,-4.00002988,0],[-79.2443719,-4.00003685,0],[-79.24477732,-3.99984632,0],[-79.24503968,-3.99970333,0],[-79.2453498,-3.99951259,0],[-79.24575522,-3.99932206,0],[-79.24623617,-3.99905442,0],[-79.24626874,-3.99892961,0],[-79.24660858,-3.99887066,0],[-79.24661321,-3.99887183,0],[-79.24684669,-3.99893098,0],[-79.24700157,-3.99891935,0],[-79.24715205,-3.99879146,0],[-79.24720151,-3.99874941,0],[-79.24724024,-3.9987165,0],[-79.24727204,-3.99832578,0],[-79.24735766,-3.99727325,0],[-79.24745463,-3.99648392,0],[-79.2475554,-3.99599159,0],[-79.2475511,-3.99593384,0],[-79.24759564,-3.99580046,0],[-79.24763936,-3.99566955,0],[-79.24767897,-3.99555578,0],[-79.24772951,-3.99557721,0],[-79.24775643,-3.99558016,0],[-79.24777643,-3.99557532,0],[-79.24781764,-3.99554502,0],[-79.24783344,-3.99552435,0],[-79.24785715,-3.99551364,0],[-79.24791403,-3.99552452,0],[-79.24794799,-3.99552098,0],[-79.24799925,-3.99550707,0],[-79.24818349,-3.99545936,0],[-79.24831475,-3.99534353,0],[-79.24855845,-3.99493768,0],[-79.24873373,-3.99482864,0],[-79.24878163,-3.99478841,0],[-79.24880229,-3.9947682,0],[-79.24881504,-3.99474453,0],[-79.24882217,-3.99469255,0],[-79.24884101,-3.99464024,0],[-79.24890427,-3.99453421,0],[-79.24894482,-3.99443447,0],[-79.24897389,-3.99431064,0],[-79.24899683,-3.99419513,0],[-79.24902122,-3.99411361,0],[-79.24932443,-3.99358961,0],[-79.24937662,-3.99356051,0],[-79.24943482,-3.99354725,0],[-79.24952678,-3.99353651,0],[-79.24957123,-3.99350866,0],[-79.24961675,-3.99344058,0],[-79.24964182,-3.99338041,0],[-79.24964129,-3.99333411,0],[-79.24962076,-3.99329093,0],[-79.24960948,-3.99321784,0],[-79.24959568,-3.99314601,0],[-79.2495191,-3.99295225,0],[-79.24942496,-3.9927598,0],[-79.24933046,-3.99265146,0],[-79.24949084,-3.9924445,0],[-79.25150557,-3.99147119,0],[-79.2508347,-3.9910335,0],[-79.25022791,-3.99063762,0],[-79.2483066,-3.98965209,0],[-79.24750228,-3.98915223,0],[-79.24637154,-3.9884495,0],[-79.24591763,-3.9881674,0],[-79.24547918,-3.98769739,0],[-79.24541368,-3.98756765,0],[-79.24495419,-3.9866575,0],[-79.24495262,-3.98665775,0],[-79.24488326,-3.9866708,0],[-79.24482023,-3.98667356,0],[-79.24475485,-3.98667649,0],[-79.24473859,-3.9866798,0],[-79.24470711,-3.98668621,0],[-79.24468063,-3.98669666,0],[-79.24465943,-3.98670568,0],[-79.2446491,-3.98671325,0],[-79.24433435,-3.98666371,0],[-79.24404695,-3.9865368,0],[-79.24359073,-3.98633534,0],[-79.24307992,-3.98633535,0],[-79.24270494,-3.98617077,0],[-79.24268716,-3.98615972,0],[-79.23997339,-3.98447315,0],[-79.23983975,-3.9843901,0],[-79.23965136,-3.98427301,0],[-79.23939965,-3.98411658,0],[-79.23920175,-3.98399358,0]]]]},"geometry_name":"geom","properties":{"id":1,"fid":1,"objectid":1,"subclasifi":"PARROQUIA URBANA","parroquia":"SUCRE","cod_parroq":3,"shape_length":23336.88660335634,"shape_area":1.8203675814875294E7}},{"type":"Feature","id":"limites_parroquias_urbanas_ciudad_loja.2","geometry":{"type":"MultiPolygon","coordinates":[[[[-79.19591734,-4.05665893,0],[-79.19596292,-4.05610288,0],[-79.19594935,-4.05564407,0],[-79.1959394,-4.05530723,0],[-79.1958823,-4.0541946,0],[-79.19582878,-4.05311643,0],[-79.19603957,-4.05303349,0],[-79.19631513,-4.05302572,0],[-79.19640126,-4.0529437,0],[-79.19658557,-4.0527682,0],[-79.19644705,-4.0525824,0],[-79.19649193,-4.05239755,0],[-79.19663803,-4.05157792,0],[-79.1968502,-4.05090821,0],[-79.1972997,-4.05013039,0],[-79.19736498,-4.04985404,0],[-79.19738056,-4.04967318,0],[-79.19740367,-4.04929112,0],[-79.1974572,-4.04888068,0],[-79.1974539,-4.0485443,0],[-79.19759049,-4.04809746,0],[-79.19760635,-4.0477916,0],[-79.19753996,-4.04760853,0],[-79.19758199,-4.04736676,0],[-79.1975925,-4.04719097,0],[-79.19760533,-4.04634208,0],[-79.19759156,-4.04612747,0],[-79.19749238,-4.04588405,0],[-79.19736474,-4.04562627,0],[-79.19727961,-4.04546872,0],[-79.1972203,-4.04526334,0],[-79.19721185,-4.04496658,0],[-79.19724362,-4.04478677,0],[-79.19727994,-4.04437629,0],[-79.19725368,-4.04389555,0],[-79.19728952,-4.04370661,0],[-79.1974301,-4.04328823,0],[-79.19761102,-4.04293295,0],[-79.19772455,-4.04284885,0],[-79.19800008,-4.0427265,0],[-79.19891879,-4.04234949,0],[-79.19961999,-4.04194048,0],[-79.19971243,-4.04178215,0],[-79.19971257,-4.04172016,0],[-79.19969157,-4.04160833,0],[-79.19963195,-4.04141906,0],[-79.19960771,-4.04132425,0],[-79.1996062,-4.04125062,0],[-79.19963634,-4.04118375,0],[-79.19968976,-4.04114204,0],[-79.1997414,-4.04114717,0],[-79.19979798,-4.04118411,0],[-79.19984409,-4.04122398,0],[-79.19986783,-4.04124451,0],[-79.19991941,-4.04128143,0],[-79.19996939,-4.04128657,0],[-79.20006274,-4.04127004,0],[-79.20032631,-4.0411401,0],[-79.20074014,-4.04087664,0],[-79.20083536,-4.04077143,0],[-79.20089892,-4.04066113,0],[-79.20091602,-4.04046204,0],[-79.20086656,-4.04022431,0],[-79.200783,-4.04010646,0],[-79.20070376,-4.0399947,0],[-79.20059916,-4.03982378,0],[-79.20058938,-4.03972503,0],[-79.20060957,-4.03963472,0],[-79.20065844,-4.03960353,0],[-79.20074807,-4.03954634,0],[-79.2008717,-4.03940271,0],[-79.20100221,-4.03916036,0],[-79.20106589,-4.03899484,0],[-79.20108452,-4.03885767,0],[-79.20104815,-4.03872706,0],[-79.20095172,-4.03862812,0],[-79.2007853,-4.03853237,0],[-79.20073554,-4.03842851,0],[-79.20069307,-4.03804187,0],[-79.2007038,-4.03770723,0],[-79.20068267,-4.03746454,0],[-79.20059146,-4.03726521,0],[-79.20042687,-4.03709584,0],[-79.20027224,-4.0366748,0],[-79.20017448,-4.03640104,0],[-79.20013174,-4.03630532,0],[-79.20008713,-4.03621522,0],[-79.20002906,-4.03612958,0],[-79.19990327,-4.03590739,0],[-79.19987917,-4.03560894,0],[-79.19989563,-4.03544727,0],[-79.19993217,-4.0353561,0],[-79.19995471,-4.03529614,0],[-79.19996231,-4.03523616,0],[-79.19995537,-4.03516123,0],[-79.1998763,-4.03486752,0],[-79.19988709,-4.03463035,0],[-79.19989105,-4.03452911,0],[-79.19992406,-4.03436524,0],[-79.20019093,-4.03419267,0],[-79.20035497,-4.03414013,0],[-79.20043345,-4.03411405,0],[-79.20046336,-4.03409786,0],[-79.20071013,-4.03396091,0],[-79.20075128,-4.033931,0],[-79.20080739,-4.03388612,0],[-79.20086726,-4.03383,0],[-79.2009309,-4.03375889,0],[-79.20097589,-4.03368024,0],[-79.20101341,-4.03359782,0],[-79.20107913,-4.03343109,0],[-79.20113174,-4.03328495,0],[-79.2011656,-4.03316877,0],[-79.20120332,-4.0330001,0],[-79.20121852,-4.03288013,0],[-79.2012262,-4.03278264,0],[-79.20123554,-4.03272258,0],[-79.20124893,-4.03263644,0],[-79.20129983,-4.0325179,0],[-79.20141021,-4.03231804,0],[-79.20150391,-4.03213755,0],[-79.20151527,-4.03208951,0],[-79.20151167,-4.0320295,0],[-79.20149499,-4.03197134,0],[-79.20144283,-4.03191872,0],[-79.20138318,-4.03186984,0],[-79.20131244,-4.03177593,0],[-79.20121192,-4.0316332,0],[-79.20112257,-4.03150925,0],[-79.20102209,-4.03136442,0],[-79.20098091,-4.0311468,0],[-79.20117406,-4.0310181,0],[-79.20135518,-4.0310185,0],[-79.20142987,-4.03101867,0],[-79.2014971,-4.03101132,0],[-79.20155687,-4.03100395,0],[-79.20162041,-4.03097784,0],[-79.20166157,-4.03094043,0],[-79.20169527,-4.03089925,0],[-79.20174604,-4.03072492,0],[-79.20174631,-4.03060257,0],[-79.20171704,-4.03048015,0],[-79.20166921,-4.03040219,0],[-79.20121935,-4.03014537,0],[-79.20109022,-4.030108,0],[-79.20097209,-4.03010033,0],[-79.20078751,-4.0300888,0],[-79.20065471,-4.0300403,0],[-79.20056255,-4.02997336,0],[-79.20052218,-4.02986575,0],[-79.20047612,-4.02962307,0],[-79.20052212,-4.02940604,0],[-79.20071116,-4.02911085,0],[-79.20085986,-4.02894732,0],[-79.2011286,-4.02876418,0],[-79.20124083,-4.02867443,0],[-79.20131192,-4.02861083,0],[-79.20137557,-4.02853597,0],[-79.20143553,-4.02844235,0],[-79.20146562,-4.02834492,0],[-79.2014659,-4.02821741,0],[-79.20144381,-4.02807486,0],[-79.20137707,-4.02785345,0],[-79.20129533,-4.02766577,0],[-79.20121752,-4.02753726,0],[-79.20101794,-4.02729202,0],[-79.20089866,-4.0271905,0],[-79.20069578,-4.02703699,0],[-79.20059008,-4.02688056,0],[-79.20055199,-4.02664008,0],[-79.20061077,-4.02637308,0],[-79.20088388,-4.02617912,0],[-79.20103547,-4.02611077,0],[-79.20108784,-4.02606964,0],[-79.20114399,-4.02600976,0],[-79.20118895,-4.02594236,0],[-79.20123223,-4.02579057,0],[-79.20126242,-4.02564439,0],[-79.20126275,-4.02549438,0],[-79.20126664,-4.02542689,0],[-79.2012594,-4.02532187,0],[-79.20124101,-4.02519057,0],[-79.20122262,-4.02506303,0],[-79.20118928,-4.02494295,0],[-79.20113348,-4.02484533,0],[-79.20087388,-4.0240404,0],[-79.20086735,-4.02399854,0],[-79.20083652,-4.02380062,0],[-79.20098487,-4.02319524,0],[-79.20127302,-4.02254394,0],[-79.20167733,-4.02203564,0],[-79.2022233,-4.02100005,0],[-79.20284968,-4.01934708,0],[-79.20265761,-4.01795198,0],[-79.20278401,-4.01602591,0],[-79.20265125,-4.01527716,0],[-79.20268237,-4.01501343,0],[-79.20286175,-4.01400157,0],[-79.2033934,-4.01112548,0],[-79.20405533,-4.00601,0],[-79.20459899,-4.00145689,0],[-79.20471956,-4.00045707,0],[-79.19886704,-4.00010706,0],[-79.19879154,-4.00116442,0],[-79.1986258,-4.00348542,0],[-79.19552853,-4.00330318,0],[-79.19546475,-4.00330861,0],[-79.19524505,-4.00335601,0],[-79.19514736,-4.00339051,0],[-79.19499268,-4.00346508,0],[-79.19487101,-4.00352374,0],[-79.19458939,-4.00333463,0],[-79.19429762,-4.00290327,0],[-79.19420434,-4.00276537,0],[-79.19423559,-4.00272056,0],[-79.19429761,-4.00263896,0],[-79.19418958,-4.00258026,0],[-79.19412701,-4.00254627,0],[-79.19397363,-4.00246236,0],[-79.1939039,-4.00260046,0],[-79.19378845,-4.00256262,0],[-79.19361555,-4.00253496,0],[-79.19351184,-4.00253329,0],[-79.19344907,-4.00255323,0],[-79.19338241,-4.00263085,0],[-79.19310609,-4.00228253,0],[-79.19264256,-4.00238319,0],[-79.19219344,-4.00248073,0],[-79.19215391,-4.00248885,0],[-79.19192906,-4.00220345,0],[-79.19174607,-4.00226631,0],[-79.19164448,-4.00234632,0],[-79.19143744,-4.00279331,0],[-79.19129944,-4.00268142,0],[-79.1912905,-4.00267394,0],[-79.191169,-4.0025874,0],[-79.19101165,-4.00252595,0],[-79.19086366,-4.00251483,0],[-79.19078666,-4.00252754,0],[-79.19073532,-4.00254215,0],[-79.19068762,-4.00256596,0],[-79.19063439,-4.00260633,0],[-79.19045708,-4.00282034,0],[-79.19030648,-4.00297091,0],[-79.19023312,-4.00299835,0],[-79.19017997,-4.00300192,0],[-79.19013784,-4.00299078,0],[-79.1901049,-4.00297231,0],[-79.1900745,-4.00295091,0],[-79.19000863,-4.00288512,0],[-79.18992974,-4.00279699,0],[-79.18990075,-4.00276539,0],[-79.18989302,-4.00275388,0],[-79.18987301,-4.0027332,0],[-79.18984101,-4.00270474,0],[-79.19001944,-4.00259832,0],[-79.18992477,-4.00243325,0],[-79.1900055,-4.00238623,0],[-79.19023723,-4.00238987,0],[-79.19019804,-4.00172354,0],[-79.18964285,-4.00195517,0],[-79.18937238,-4.00136653,0],[-79.18895781,-4.00152699,0],[-79.18881505,-4.00117336,0],[-79.18869298,-4.00122715,0],[-79.18839419,-4.00135261,0],[-79.18836628,-4.00116741,0],[-79.1883363,-4.00103359,0],[-79.18818926,-4.00065283,0],[-79.18810134,-4.00042144,0],[-79.18806113,-4.00044863,0],[-79.18804875,-4.00052756,0],[-79.18804442,-4.00061599,0],[-79.18794084,-4.00058411,0],[-79.18783884,-4.00055118,0],[-79.18774759,-4.0005214,0],[-79.18764472,-4.00048796,0],[-79.18755934,-4.00046134,0],[-79.18738827,-4.00039253,0],[-79.18743126,-4.00016407,0],[-79.18743611,-4.00003263,0],[-79.18743028,-3.99991647,0],[-79.18740761,-3.99984458,0],[-79.1873864,-3.99979868,0],[-79.18735205,-3.99977038,0],[-79.18727993,-3.99972462,0],[-79.18721398,-3.9996963,0],[-79.1870947,-3.99965322,0],[-79.18701091,-3.99962734,0],[-79.18689673,-3.99962296,0],[-79.18679575,-3.99964338,0],[-79.18671707,-3.99964603,0],[-79.18665152,-3.99963836,0],[-79.18658317,-3.9996241,0],[-79.18652979,-3.99961693,0],[-79.18628475,-3.99958255,0],[-79.18601841,-3.9995702,0],[-79.18568769,-3.99956555,0],[-79.185671,-4.00046187,0],[-79.18144142,-4.00351056,0],[-79.18153206,-4.0037392,0],[-79.18319626,-4.0079373,0],[-79.18131518,-4.00900518,0],[-79.18266559,-4.01106413,0],[-79.18274428,-4.01106431,0],[-79.18293492,-4.01112304,0],[-79.18328294,-4.01128208,0],[-79.18357412,-4.01148195,0],[-79.18376908,-4.01153632,0],[-79.18399051,-4.01152075,0],[-79.18425264,-4.0114863,0],[-79.18447898,-4.01141014,0],[-79.18465143,-4.01141337,0],[-79.18486057,-4.01144506,0],[-79.18504708,-4.01148523,0],[-79.1851743,-4.01148835,0],[-79.18526485,-4.0114488,0],[-79.18531034,-4.01133534,0],[-79.18538712,-4.01116808,0],[-79.18555417,-4.01102073,0],[-79.18569316,-4.0109707,0],[-79.18991461,-4.01076935,0],[-79.1899269,-4.01076877,0],[-79.18994584,-4.01076787,0],[-79.19340305,-4.01053218,0],[-79.19342119,-4.01058426,0],[-79.19422322,-4.01288682,0],[-79.19422642,-4.01289601,0],[-79.19422648,-4.01289618,0],[-79.19482025,-4.01461742,0],[-79.19594345,-4.01786152,0],[-79.19604748,-4.01816199,0],[-79.19600943,-4.0210455,0],[-79.19602068,-4.02106302,0],[-79.19633957,-4.0215392,0],[-79.19648422,-4.02276289,0],[-79.19649261,-4.02283385,0],[-79.19648798,-4.02301737,0],[-79.19580632,-4.0236496,0],[-79.19582721,-4.02375753,0],[-79.19599001,-4.02459874,0],[-79.19628049,-4.02583884,0],[-79.19652062,-4.02679586,0],[-79.19675886,-4.02716442,0],[-79.19724221,-4.02722246,0],[-79.19767358,-4.02727426,0],[-79.19767154,-4.02729093,0],[-79.19758802,-4.02797228,0],[-79.19758776,-4.02797437,0],[-79.19701396,-4.03265543,0],[-79.19700744,-4.03268311,0],[-79.19536059,-4.04090456,0],[-79.19494368,-4.04826287,0],[-79.19422176,-4.05099204,0],[-79.19395433,-4.05185387,0],[-79.19391192,-4.05251083,0],[-79.19400424,-4.05314448,0],[-79.19409892,-4.05356759,0],[-79.19415856,-4.05383409,0],[-79.19552391,-4.05562224,0],[-79.1958925,-4.05610498,0],[-79.19589555,-4.05617282,0],[-79.19590446,-4.05637169,0],[-79.19591431,-4.0565914,0],[-79.19591734,-4.05665893,0]]]]},"geometry_name":"geom","properties":{"id":2,"fid":2,"objectid":2,"subclasifi":"PARROQUIA URBANA","parroquia":"SAN SEBASTIÁN","cod_parroq":2,"shape_length":18571.167245527908,"shape_area":4980709.08841575}},{"type":"Feature","id":"limites_parroquias_urbanas_ciudad_loja.3","geometry":{"type":"MultiPolygon","coordinates":[[[[-79.20405533,-4.00601,0],[-79.2033934,-4.01112548,0],[-79.20286175,-4.01400157,0],[-79.20268237,-4.01501343,0],[-79.20265125,-4.01527716,0],[-79.20278401,-4.01602591,0],[-79.20265761,-4.01795198,0],[-79.20284968,-4.01934708,0],[-79.2022233,-4.02100005,0],[-79.20167733,-4.02203564,0],[-79.20127302,-4.02254394,0],[-79.20098487,-4.02319524,0],[-79.20083652,-4.02380062,0],[-79.20086735,-4.02399854,0],[-79.20087388,-4.0240404,0],[-79.20113348,-4.02484533,0],[-79.20118928,-4.02494295,0],[-79.20122262,-4.02506303,0],[-79.20124101,-4.02519057,0],[-79.2012594,-4.02532187,0],[-79.20126664,-4.02542689,0],[-79.20126275,-4.02549438,0],[-79.20126242,-4.02564439,0],[-79.20123223,-4.02579057,0],[-79.20118895,-4.02594236,0],[-79.20114399,-4.02600976,0],[-79.20108784,-4.02606964,0],[-79.20103547,-4.02611077,0],[-79.20088388,-4.02617912,0],[-79.20061077,-4.02637308,0],[-79.20055199,-4.02664008,0],[-79.20059008,-4.02688056,0],[-79.20069578,-4.02703699,0],[-79.20089866,-4.0271905,0],[-79.20101794,-4.02729202,0],[-79.20121752,-4.02753726,0],[-79.20129533,-4.02766577,0],[-79.20137707,-4.02785345,0],[-79.20144381,-4.02807486,0],[-79.2014659,-4.02821741,0],[-79.20146562,-4.02834492,0],[-79.20143553,-4.02844235,0],[-79.20137557,-4.02853597,0],[-79.20131192,-4.02861083,0],[-79.20124083,-4.02867443,0],[-79.2011286,-4.02876418,0],[-79.20085986,-4.02894732,0],[-79.20071116,-4.02911085,0],[-79.20052212,-4.02940604,0],[-79.20047612,-4.02962307,0],[-79.20052218,-4.02986575,0],[-79.20056255,-4.02997336,0],[-79.20065471,-4.0300403,0],[-79.20078751,-4.0300888,0],[-79.20097209,-4.03010033,0],[-79.20109022,-4.030108,0],[-79.20121935,-4.03014537,0],[-79.20166921,-4.03040219,0],[-79.20171704,-4.03048015,0],[-79.20174631,-4.03060257,0],[-79.20174604,-4.03072492,0],[-79.20169527,-4.03089925,0],[-79.20166157,-4.03094043,0],[-79.20162041,-4.03097784,0],[-79.20155687,-4.03100395,0],[-79.2014971,-4.03101132,0],[-79.20142987,-4.03101867,0],[-79.20135518,-4.0310185,0],[-79.20117406,-4.0310181,0],[-79.20098091,-4.0311468,0],[-79.20102209,-4.03136442,0],[-79.20112257,-4.03150925,0],[-79.20121192,-4.0316332,0],[-79.20131244,-4.03177593,0],[-79.20138318,-4.03186984,0],[-79.20144283,-4.03191872,0],[-79.20149499,-4.03197134,0],[-79.20151167,-4.0320295,0],[-79.20151527,-4.03208951,0],[-79.20150391,-4.03213755,0],[-79.20141021,-4.03231804,0],[-79.20129983,-4.0325179,0],[-79.20124893,-4.03263644,0],[-79.20123554,-4.03272258,0],[-79.2012262,-4.03278264,0],[-79.20121852,-4.03288013,0],[-79.20120332,-4.0330001,0],[-79.2011656,-4.03316877,0],[-79.20113174,-4.03328495,0],[-79.20107913,-4.03343109,0],[-79.20101341,-4.03359782,0],[-79.20097589,-4.03368024,0],[-79.2009309,-4.03375889,0],[-79.20086726,-4.03383,0],[-79.20080739,-4.03388612,0],[-79.20075128,-4.033931,0],[-79.20071013,-4.03396091,0],[-79.20046336,-4.03409786,0],[-79.20043345,-4.03411405,0],[-79.20035497,-4.03414013,0],[-79.20019093,-4.03419267,0],[-79.19992406,-4.03436524,0],[-79.19989105,-4.03452911,0],[-79.19988709,-4.03463035,0],[-79.1998763,-4.03486752,0],[-79.19995537,-4.03516123,0],[-79.19996231,-4.03523616,0],[-79.19995471,-4.03529614,0],[-79.19993217,-4.0353561,0],[-79.19989563,-4.03544727,0],[-79.19987917,-4.03560894,0],[-79.19990327,-4.03590739,0],[-79.20002906,-4.03612958,0],[-79.20008713,-4.03621522,0],[-79.20013174,-4.03630532,0],[-79.20017448,-4.03640104,0],[-79.20027224,-4.0366748,0],[-79.20042687,-4.03709584,0],[-79.20059146,-4.03726521,0],[-79.20068267,-4.03746454,0],[-79.2007038,-4.03770723,0],[-79.20069307,-4.03804187,0],[-79.20073554,-4.03842851,0],[-79.2007853,-4.03853237,0],[-79.20095172,-4.03862812,0],[-79.20104815,-4.03872706,0],[-79.20108452,-4.03885767,0],[-79.20106589,-4.03899484,0],[-79.20100221,-4.03916036,0],[-79.2008717,-4.03940271,0],[-79.20074807,-4.03954634,0],[-79.20065844,-4.03960353,0],[-79.20060957,-4.03963472,0],[-79.20058938,-4.03972503,0],[-79.20059916,-4.03982378,0],[-79.20070376,-4.0399947,0],[-79.200783,-4.04010646,0],[-79.20086656,-4.04022431,0],[-79.20091602,-4.04046204,0],[-79.20089892,-4.04066113,0],[-79.20083536,-4.04077143,0],[-79.20074014,-4.04087664,0],[-79.20032631,-4.0411401,0],[-79.20006274,-4.04127004,0],[-79.19996939,-4.04128657,0],[-79.19991941,-4.04128143,0],[-79.19986783,-4.04124451,0],[-79.19984409,-4.04122398,0],[-79.19979798,-4.04118411,0],[-79.1997414,-4.04114717,0],[-79.19968976,-4.04114204,0],[-79.19963634,-4.04118375,0],[-79.1996062,-4.04125062,0],[-79.19960771,-4.04132425,0],[-79.19963195,-4.04141906,0],[-79.19969157,-4.04160833,0],[-79.19971257,-4.04172016,0],[-79.19971243,-4.04178215,0],[-79.19961999,-4.04194048,0],[-79.19891879,-4.04234949,0],[-79.19800008,-4.0427265,0],[-79.19772455,-4.04284885,0],[-79.19761102,-4.04293295,0],[-79.1974301,-4.04328823,0],[-79.19728952,-4.04370661,0],[-79.19725368,-4.04389555,0],[-79.19727994,-4.04437629,0],[-79.19724362,-4.04478677,0],[-79.19721185,-4.04496658,0],[-79.1972203,-4.04526334,0],[-79.19727961,-4.04546872,0],[-79.19736474,-4.04562627,0],[-79.19749238,-4.04588405,0],[-79.19759156,-4.04612747,0],[-79.19760533,-4.04634208,0],[-79.1975925,-4.04719097,0],[-79.19758199,-4.04736676,0],[-79.19753996,-4.04760853,0],[-79.19760635,-4.0477916,0],[-79.19759049,-4.04809746,0],[-79.1974539,-4.0485443,0],[-79.1974572,-4.04888068,0],[-79.19740367,-4.04929112,0],[-79.19738056,-4.04967318,0],[-79.19736498,-4.04985404,0],[-79.1972997,-4.05013039,0],[-79.1968502,-4.05090821,0],[-79.19663803,-4.05157792,0],[-79.19649193,-4.05239755,0],[-79.19644705,-4.0525824,0],[-79.19658557,-4.0527682,0],[-79.19640126,-4.0529437,0],[-79.19631513,-4.05302572,0],[-79.19603957,-4.05303349,0],[-79.19582878,-4.05311643,0],[-79.1958823,-4.0541946,0],[-79.1959394,-4.05530723,0],[-79.19594935,-4.05564407,0],[-79.19596292,-4.05610288,0],[-79.19591734,-4.05665893,0],[-79.19592156,-4.05675321,0],[-79.19592458,-4.0568201,0],[-79.19592809,-4.05689796,0],[-79.19593769,-4.05711087,0],[-79.19594637,-4.05719315,0],[-79.19594727,-4.05720166,0],[-79.19596164,-4.05733787,0],[-79.19596692,-4.05736781,0],[-79.1959712,-4.05739207,0],[-79.19599481,-4.05748876,0],[-79.19600096,-4.05751398,0],[-79.19607894,-4.05783335,0],[-79.1960597,-4.05796009,0],[-79.1961045,-4.05817073,0],[-79.19613051,-4.05825692,0],[-79.19618496,-4.05841734,0],[-79.19622043,-4.05853465,0],[-79.19627203,-4.05868666,0],[-79.19629813,-4.05877974,0],[-79.19636209,-4.05899308,0],[-79.19640462,-4.05898551,0],[-79.19646564,-4.05897464,0],[-79.19666709,-4.05892573,0],[-79.19673078,-4.05891027,0],[-79.19718589,-4.05879977,0],[-79.1972221,-4.0589111,0],[-79.19724448,-4.05897074,0],[-79.19724513,-4.05897253,0],[-79.19732324,-4.05926958,0],[-79.19733878,-4.05932469,0],[-79.19736052,-4.0593902,0],[-79.19737744,-4.05943355,0],[-79.19740022,-4.0594742,0],[-79.19741872,-4.05949875,0],[-79.19744652,-4.05954846,0],[-79.19747602,-4.05960504,0],[-79.19750701,-4.05964028,0],[-79.19752889,-4.05968193,0],[-79.19754275,-4.05972681,0],[-79.19755928,-4.05978408,0],[-79.19757798,-4.05984064,0],[-79.19758377,-4.05991098,0],[-79.19758937,-4.0599791,0],[-79.19760733,-4.06008485,0],[-79.19762287,-4.06022323,0],[-79.19766138,-4.06031736,0],[-79.19771363,-4.06038828,0],[-79.19773608,-4.06041907,0],[-79.19776095,-4.06044779,0],[-79.19778264,-4.06049504,0],[-79.19780148,-4.06052854,0],[-79.19781757,-4.06058093,0],[-79.1978265,-4.06061441,0],[-79.19783246,-4.06064851,0],[-79.19783382,-4.06068315,0],[-79.1978317,-4.06070656,0],[-79.19781808,-4.06075627,0],[-79.19780992,-4.06078419,0],[-79.19778821,-4.06082574,0],[-79.19776561,-4.06086674,0],[-79.19776469,-4.06091358,0],[-79.19776633,-4.06094676,0],[-79.19776067,-4.0609794,0],[-79.19775451,-4.06100009,0],[-79.19774992,-4.06103887,0],[-79.19774983,-4.06107784,0],[-79.19774251,-4.061131,0],[-79.19775414,-4.06116439,0],[-79.19775584,-4.06121322,0],[-79.19776563,-4.06126099,0],[-79.19778892,-4.06131991,0],[-79.19780862,-4.06136688,0],[-79.19782643,-4.06141466,0],[-79.19784506,-4.06146209,0],[-79.19786693,-4.06150816,0],[-79.19789274,-4.0615622,0],[-79.19791721,-4.06161687,0],[-79.19793838,-4.06165173,0],[-79.19795986,-4.06171056,0],[-79.19798648,-4.06176713,0],[-79.19801165,-4.06182434,0],[-79.19802966,-4.06186697,0],[-79.1980547,-4.06190581,0],[-79.19807274,-4.06193298,0],[-79.19811223,-4.06198913,0],[-79.19815407,-4.06204339,0],[-79.19817389,-4.06208413,0],[-79.19824714,-4.06220924,0],[-79.19833536,-4.06235992,0],[-79.19837735,-4.06242656,0],[-79.1984334,-4.06253203,0],[-79.19845177,-4.06257376,0],[-79.19846852,-4.06261322,0],[-79.19852113,-4.06256252,0],[-79.19857589,-4.06251752,0],[-79.19863919,-4.06247698,0],[-79.19872599,-4.06243883,0],[-79.19880371,-4.06239659,0],[-79.19885079,-4.06236388,0],[-79.19892907,-4.06235013,0],[-79.19909704,-4.06233431,0],[-79.1992306,-4.06236617,0],[-79.19932191,-4.06240661,0],[-79.19938632,-4.0624347,0],[-79.19944984,-4.06246251,0],[-79.19957381,-4.06251071,0],[-79.19970711,-4.06262259,0],[-79.19986831,-4.06269475,0],[-79.19988256,-4.0621573,0],[-79.19987858,-4.06212411,0],[-79.19986147,-4.06207168,0],[-79.19961827,-4.06089873,0],[-79.19960311,-4.06087139,0],[-79.19954699,-4.06080182,0],[-79.19951212,-4.0607304,0],[-79.19950302,-4.06069149,0],[-79.19950587,-4.06066555,0],[-79.19953596,-4.06061814,0],[-79.19955108,-4.06058165,0],[-79.19955206,-4.06054222,0],[-79.19954179,-4.06050404,0],[-79.1995339,-4.06045004,0],[-79.19953348,-4.06039542,0],[-79.19953013,-4.0603695,0],[-79.19953617,-4.0601587,0],[-79.19934688,-4.05979033,0],[-79.19860442,-4.05770034,0],[-79.19824496,-4.05752031,0],[-79.19800558,-4.05600053,0],[-79.19796916,-4.05486121,0],[-79.19796885,-4.05485154,0],[-79.19798235,-4.05482602,0],[-79.19802485,-4.05474565,0],[-79.19805668,-4.05468543,0],[-79.19817291,-4.05446563,0],[-79.19830841,-4.05420937,0],[-79.19833665,-4.05415569,0],[-79.1983509,-4.0541282,0],[-79.19837419,-4.05408183,0],[-79.19839247,-4.0540437,0],[-79.19839983,-4.05402729,0],[-79.19841342,-4.05399702,0],[-79.19843079,-4.05395488,0],[-79.19843996,-4.05393077,0],[-79.19844226,-4.05392435,0],[-79.19844864,-4.05390648,0],[-79.19845618,-4.05388384,0],[-79.19846319,-4.05386103,0],[-79.19847027,-4.0538358,0],[-79.19847666,-4.05381039,0],[-79.19848202,-4.05378624,0],[-79.19848668,-4.05376194,0],[-79.1984905,-4.05373836,0],[-79.19849925,-4.05362933,0],[-79.19849919,-4.05360266,0],[-79.19849828,-4.05357601,0],[-79.19849651,-4.0535494,0],[-79.19849589,-4.05354311,0],[-79.19848554,-4.05346721,0],[-79.19848195,-4.05344814,0],[-79.19847641,-4.05342253,0],[-79.19847078,-4.05339933,0],[-79.19846462,-4.05337628,0],[-79.19845742,-4.0533515,0],[-79.19844971,-4.05332688,0],[-79.19843492,-4.05328377,0],[-79.19841681,-4.0532359,0],[-79.19840087,-4.05319673,0],[-79.1983804,-4.05314903,0],[-79.19836784,-4.05312072,0],[-79.19834288,-4.05306543,0],[-79.19825417,-4.05286996,0],[-79.19816294,-4.05266893,0],[-79.19803139,-4.05237906,0],[-79.1979086,-4.05210851,0],[-79.19788404,-4.05205409,0],[-79.19787212,-4.05202724,0],[-79.19785304,-4.05198276,0],[-79.19783866,-4.05194744,0],[-79.19782266,-4.05190514,0],[-79.19781007,-4.05186847,0],[-79.19780364,-4.05184791,0],[-79.19779765,-4.05182732,0],[-79.19779268,-4.05180868,0],[-79.19778815,-4.05179004,0],[-79.19778378,-4.05176984,0],[-79.19777995,-4.05174952,0],[-79.19777699,-4.05173097,0],[-79.19777457,-4.05171234,0],[-79.19777281,-4.05169431,0],[-79.19777326,-4.05164052,0],[-79.19777172,-4.05163876,0],[-79.19802358,-4.05139894,0],[-79.19843746,-4.05100484,0],[-79.20399356,-4.04571425,0],[-79.20497003,-4.04478441,0],[-79.20574938,-4.0440423,0],[-79.20575107,-4.04404391,0],[-79.20581584,-4.04402047,0],[-79.20591972,-4.04399728,0],[-79.20597976,-4.04399104,0],[-79.20605907,-4.04398886,0],[-79.20608641,-4.04399069,0],[-79.20611968,-4.04401183,0],[-79.20615811,-4.04405894,0],[-79.20617395,-4.04410509,0],[-79.20618475,-4.0441893,0],[-79.20619964,-4.04425751,0],[-79.20621945,-4.04429662,0],[-79.20625138,-4.04431269,0],[-79.20631612,-4.04435597,0],[-79.20641089,-4.04437924,0],[-79.20655863,-4.0443906,0],[-79.20661445,-4.0443947,0],[-79.20666431,-4.04440783,0],[-79.2067072,-4.04443289,0],[-79.20673006,-4.04448014,0],[-79.20672701,-4.04451621,0],[-79.20670664,-4.04456481,0],[-79.2066776,-4.04462841,0],[-79.20664778,-4.04467337,0],[-79.20660614,-4.04469137,0],[-79.20656549,-4.04471054,0],[-79.20654184,-4.04473535,0],[-79.20653044,-4.04476209,0],[-79.20652463,-4.04478387,0],[-79.20652972,-4.04480441,0],[-79.20658227,-4.04486221,0],[-79.2066423,-4.04491488,0],[-79.20668271,-4.04496389,0],[-79.20673487,-4.04499828,0],[-79.2068037,-4.0450205,0],[-79.20688366,-4.04502049,0],[-79.20694843,-4.04500879,0],[-79.20699018,-4.04498537,0],[-79.20708139,-4.04490591,0],[-79.20722532,-4.04480496,0],[-79.20753016,-4.04470978,0],[-79.20758828,-4.04469446,0],[-79.20760701,-4.04468952,0],[-79.20766305,-4.04484291,0],[-79.20766464,-4.04498,0],[-79.20769418,-4.04513776,0],[-79.20772765,-4.0452317,0],[-79.20780042,-4.0453089,0],[-79.20787888,-4.0453372,0],[-79.20800011,-4.04544634,0],[-79.20813949,-4.04549665,0],[-79.20833575,-4.04551372,0],[-79.20846367,-4.0454876,0],[-79.20858278,-4.04541851,0],[-79.20859414,-4.04540994,0],[-79.20864098,-4.04536429,0],[-79.20864824,-4.04546016,0],[-79.20865849,-4.04554925,0],[-79.20870956,-4.04579007,0],[-79.2087567,-4.04576513,0],[-79.20879141,-4.04574884,0],[-79.2088435,-4.0457287,0],[-79.20896313,-4.04570564,0],[-79.2090124,-4.04569905,0],[-79.20925022,-4.04569515,0],[-79.20932056,-4.04581476,0],[-79.20937586,-4.04589246,0],[-79.20942902,-4.04595751,0],[-79.20943342,-4.04579801,0],[-79.20943318,-4.04578661,0],[-79.20943242,-4.04576392,0],[-79.20942719,-4.045644,0],[-79.2094098,-4.0455265,0],[-79.20940734,-4.04539575,0],[-79.20940593,-4.04532041,0],[-79.20940117,-4.04506839,0],[-79.2094488,-4.04470255,0],[-79.20945189,-4.04464504,0],[-79.20944395,-4.04457187,0],[-79.2094151,-4.04450725,0],[-79.20928462,-4.04426218,0],[-79.20928228,-4.04425819,0],[-79.20918827,-4.04409712,0],[-79.20910927,-4.04394738,0],[-79.20909001,-4.04390059,0],[-79.20908822,-4.04389634,0],[-79.20905758,-4.043743,0],[-79.20902801,-4.04355767,0],[-79.2090162,-4.04348209,0],[-79.20900811,-4.04342921,0],[-79.2090074,-4.04342478,0],[-79.2089922,-4.04333757,0],[-79.20899139,-4.04333314,0],[-79.20897239,-4.0431697,0],[-79.20897249,-4.04316518,0],[-79.20897651,-4.04289654,0],[-79.20888659,-4.04258908,0],[-79.20877787,-4.04227886,0],[-79.20873826,-4.04219106,0],[-79.20870609,-4.04211973,0],[-79.20839292,-4.04152501,0],[-79.20900125,-4.04095468,0],[-79.21029905,-4.03973794,0],[-79.21051128,-4.03953896,0],[-79.21198033,-4.03816165,0],[-79.21198286,-4.03816247,0],[-79.21228457,-4.03844356,0],[-79.21253745,-4.03873725,0],[-79.21275766,-4.03899298,0],[-79.21286497,-4.0391176,0],[-79.21295849,-4.03922957,0],[-79.21303174,-4.03931729,0],[-79.21304811,-4.03933689,0],[-79.21318279,-4.03949814,0],[-79.21322951,-4.03955408,0],[-79.21322985,-4.03956484,0],[-79.2130103,-4.04014804,0],[-79.21311153,-4.0402613,0],[-79.21316333,-4.04031767,0],[-79.21325676,-4.04041937,0],[-79.21345371,-4.04063374,0],[-79.21350653,-4.04069124,0],[-79.21358894,-4.04078707,0],[-79.21360074,-4.04080375,0],[-79.21367689,-4.04089651,0],[-79.21378877,-4.04100364,0],[-79.21392571,-4.04113334,0],[-79.2140646,-4.04126643,0],[-79.21422329,-4.04141849,0],[-79.21457116,-4.04175183,0],[-79.21485314,-4.04202264,0],[-79.21537137,-4.04251181,0],[-79.21601446,-4.0431386,0],[-79.21610209,-4.0432134,0],[-79.21631268,-4.04339317,0],[-79.21655878,-4.04359518,0],[-79.21660026,-4.04352755,0],[-79.21665379,-4.04346663,0],[-79.21670341,-4.04342523,0],[-79.21679858,-4.04334596,0],[-79.21686521,-4.04330822,0],[-79.21694217,-4.04328216,0],[-79.2169917,-4.04327884,0],[-79.2170374,-4.04329639,0],[-79.21702316,-4.04318251,0],[-79.21697416,-4.04293862,0],[-79.21695163,-4.04282644,0],[-79.21682932,-4.0427145,0],[-79.21665092,-4.04276221,0],[-79.21662805,-4.04264027,0],[-79.21660361,-4.04256008,0],[-79.21657428,-4.04246379,0],[-79.21657065,-4.04245188,0],[-79.21650253,-4.04226717,0],[-79.21639982,-4.04204441,0],[-79.21631774,-4.04190126,0],[-79.21623462,-4.04177873,0],[-79.21609365,-4.04159604,0],[-79.21590668,-4.04140492,0],[-79.2158018,-4.04131182,0],[-79.21568098,-4.04121932,0],[-79.2155953,-4.04115837,0],[-79.21550538,-4.04110057,0],[-79.21541141,-4.04104231,0],[-79.21530937,-4.0409654,0],[-79.21524592,-4.0409101,0],[-79.21523507,-4.04089843,0],[-79.21516094,-4.04081873,0],[-79.21515474,-4.04081206,0],[-79.21510687,-4.04075436,0],[-79.21505263,-4.04068877,0],[-79.21488631,-4.04048151,0],[-79.21474694,-4.04030958,0],[-79.21464441,-4.040172,0],[-79.21462683,-4.0401375,0],[-79.21448669,-4.03986312,0],[-79.21443099,-4.03972266,0],[-79.21418893,-4.03911212,0],[-79.21398099,-4.03858762,0],[-79.21357346,-4.03733897,0],[-79.21332151,-4.03693422,0],[-79.21387243,-4.03638771,0],[-79.21817778,-4.03235115,0],[-79.21822144,-4.03231022,0],[-79.21827683,-4.03227268,0],[-79.22768659,-4.02589675,0],[-79.22768877,-4.0258977,0],[-79.22849927,-4.02615526,0],[-79.22941237,-4.02696776,0],[-79.22974731,-4.0273661,0],[-79.23017062,-4.02779982,0],[-79.2305964,-4.02833668,0],[-79.23080854,-4.02894962,0],[-79.23058033,-4.02915871,0],[-79.23024349,-4.02935103,0],[-79.23015286,-4.02940277,0],[-79.22999381,-4.0295618,0],[-79.22994605,-4.02959931,0],[-79.22919325,-4.03019058,0],[-79.22932031,-4.03025263,0],[-79.22894291,-4.03090368,0],[-79.22799829,-4.03138384,0],[-79.22772956,-4.03152044,0],[-79.22745088,-4.03313339,0],[-79.22711735,-4.03381044,0],[-79.22702284,-4.03407497,0],[-79.2273592,-4.03413754,0],[-79.22771255,-4.03392762,0],[-79.22836637,-4.0333487,0],[-79.22885472,-4.03343089,0],[-79.22931205,-4.03347782,0],[-79.2297163,-4.03343135,0],[-79.22999837,-4.03339893,0],[-79.23011619,-4.0318029,0],[-79.23087194,-4.03134519,0],[-79.23088033,-4.03134704,0],[-79.23096255,-4.03161253,0],[-79.23126305,-4.03191177,0],[-79.23136985,-4.03188138,0],[-79.23143456,-4.03192363,0],[-79.23165215,-4.03177864,0],[-79.23186959,-4.03170638,0],[-79.23198542,-4.03135448,0],[-79.23204534,-4.03107715,0],[-79.23206131,-4.03092427,0],[-79.23210544,-4.03062889,0],[-79.23274385,-4.02948976,0],[-79.23279241,-4.02895047,0],[-79.23281415,-4.028709,0],[-79.23249403,-4.02867002,0],[-79.23272284,-4.02682458,0],[-79.22843125,-4.02563035,0],[-79.22832371,-4.02546504,0],[-79.23730019,-4.01938243,0],[-79.2375134,-4.01923795,0],[-79.23731373,-4.01919449,0],[-79.23719687,-4.0192248,0],[-79.23699164,-4.01932843,0],[-79.23690165,-4.01933907,0],[-79.23678659,-4.01932288,0],[-79.23669733,-4.01930674,0],[-79.23665668,-4.01928872,0],[-79.23662698,-4.01926076,0],[-79.23651408,-4.01910501,0],[-79.23645811,-4.0190593,0],[-79.23605938,-4.01882509,0],[-79.23604257,-4.01879915,0],[-79.23601087,-4.01877118,0],[-79.23577602,-4.01863317,0],[-79.23574033,-4.01861715,0],[-79.2356808,-4.01861702,0],[-79.2356451,-4.01860897,0],[-79.23560148,-4.01858895,0],[-79.23553805,-4.01855692,0],[-79.23548847,-4.01854486,0],[-79.23533086,-4.01847278,0],[-79.23529917,-4.01844481,0],[-79.23521799,-4.01836093,0],[-79.2351893,-4.01831902,0],[-79.23516757,-4.01827513,0],[-79.23515378,-4.01822727,0],[-79.23512477,-4.01818251,0],[-79.23506469,-4.01813342,0],[-79.23502111,-4.01809546,0],[-79.23488947,-4.01794372,0],[-79.23474293,-4.01780191,0],[-79.23466167,-4.01775391,0],[-79.23442489,-4.01758999,0],[-79.23427569,-4.01747953,0],[-79.23424771,-4.01739231,0],[-79.234228,-4.01732651,0],[-79.23422409,-4.01730059,0],[-79.23420031,-4.01728659,0],[-79.23411694,-4.01729637,0],[-79.2340852,-4.01729033,0],[-79.23406341,-4.01727633,0],[-79.23405949,-4.01725041,0],[-79.23406749,-4.01722453,0],[-79.23407349,-4.01719863,0],[-79.2340636,-4.01718665,0],[-79.23395636,-4.01722229,0],[-79.23377859,-4.01729963,0],[-79.23361773,-4.01735508,0],[-79.23360983,-4.01734111,0],[-79.23362427,-4.01728242,0],[-79.23360999,-4.01726538,0],[-79.23358614,-4.01728327,0],[-79.23353694,-4.01733086,0],[-79.23349854,-4.01736376,0],[-79.23347253,-4.01736646,0],[-79.23344519,-4.0173499,0],[-79.23342628,-4.01733673,0],[-79.23341251,-4.01727561,0],[-79.23342082,-4.01722752,0],[-79.23353345,-4.01704359,0],[-79.23357492,-4.01685263,0],[-79.23361632,-4.01670094,0],[-79.233461,-4.01679552,0],[-79.23325931,-4.0169593,0],[-79.23313576,-4.01710825,0],[-79.23206506,-4.01591906,0],[-79.23176024,-4.01598779,0],[-79.23166114,-4.01533465,0],[-79.23134474,-4.01421422,0],[-79.23129733,-4.01435605,0],[-79.23086995,-4.01484883,0],[-79.2304566,-4.01780709,0],[-79.23039946,-4.0180035,0],[-79.23032994,-4.01817975,0],[-79.23025469,-4.01833342,0],[-79.23015151,-4.01848528,0],[-79.23002973,-4.01862616,0],[-79.22987938,-4.01876397,0],[-79.22971882,-4.01889076,0],[-79.22951536,-4.0190109,0],[-79.22918948,-4.01913175,0],[-79.22896228,-4.01920519,0],[-79.22888681,-4.01917249,0],[-79.22882845,-4.01911363,0],[-79.22853505,-4.0187009,0],[-79.22818364,-4.0181736,0],[-79.22805923,-4.01801096,0],[-79.22678843,-4.01673074,0],[-79.22668286,-4.01662751,0],[-79.22661142,-4.01656447,0],[-79.22652441,-4.01649458,0],[-79.22644825,-4.01644564,0],[-79.22636624,-4.01640583,0],[-79.22625454,-4.01636741,0],[-79.22613486,-4.01633035,0],[-79.22600853,-4.01629744,0],[-79.22591518,-4.01627209,0],[-79.22558929,-4.01621256,0],[-79.22536272,-4.01617047,0],[-79.22511538,-4.01610684,0],[-79.22504686,-4.01608883,0],[-79.2249549,-4.0160398,0],[-79.22418606,-4.01557383,0],[-79.22357687,-4.01519789,0],[-79.22349056,-4.01513724,0],[-79.22340331,-4.01504773,0],[-79.22332869,-4.01490485,0],[-79.22322348,-4.01468737,0],[-79.22312369,-4.01454066,0],[-79.22300084,-4.01442175,0],[-79.22286836,-4.01431654,0],[-79.22245435,-4.01406913,0],[-79.22201751,-4.01379792,0],[-79.22180803,-4.01367623,0],[-79.22125931,-4.01350272,0],[-79.22114142,-4.013464,0],[-79.22107271,-4.01343439,0],[-79.22099586,-4.01340201,0],[-79.22090182,-4.01334952,0],[-79.22003922,-4.01265623,0],[-79.21994848,-4.0125775,0],[-79.21969872,-4.01235899,0],[-79.21946076,-4.01212768,0],[-79.21930777,-4.01195207,0],[-79.21874636,-4.01120766,0],[-79.21824516,-4.01038478,0],[-79.21807698,-4.01008212,0],[-79.21788825,-4.009782,0],[-79.21702075,-4.00856029,0],[-79.21653028,-4.00799532,0],[-79.21636488,-4.00776639,0],[-79.21610761,-4.00739757,0],[-79.21608295,-4.00735793,0],[-79.21603347,-4.00727839,0],[-79.21584599,-4.00697706,0],[-79.21540891,-4.00646122,0],[-79.21520524,-4.00618048,0],[-79.21507629,-4.00594508,0],[-79.21504912,-4.00577353,0],[-79.21506071,-4.00551078,0],[-79.2150972,-4.00519277,0],[-79.21505076,-4.00501564,0],[-79.21492822,-4.00482682,0],[-79.21467174,-4.00451969,0],[-79.21438056,-4.00415947,0],[-79.21408707,-4.00359732,0],[-79.21377155,-4.00302959,0],[-79.21359891,-4.00261984,0],[-79.21344776,-4.00225255,0],[-79.21329487,-4.00163263,0],[-79.21310602,-4.00065488,0],[-79.21283416,-4.00127211,0],[-79.21246726,-4.00223566,0],[-79.21235021,-4.00276085,0],[-79.21233009,-4.00283282,0],[-79.21214978,-4.0029947,0],[-79.21190414,-4.0031758,0],[-79.21171391,-4.00326251,0],[-79.21157953,-4.00330993,0],[-79.21124496,-4.00327186,0],[-79.21066485,-4.0031067,0],[-79.21033856,-4.00306034,0],[-79.20974393,-4.00292005,0],[-79.20922584,-4.00273221,0],[-79.20887491,-4.00261734,0],[-79.20863748,-4.00255873,0],[-79.20837519,-4.00252911,0],[-79.20818308,-4.00252869,0],[-79.20785658,-4.00258191,0],[-79.20752509,-4.00265983,0],[-79.20752417,-4.00268264,0],[-79.2074993,-4.00316467,0],[-79.20747869,-4.00332731,0],[-79.2074306,-4.00353057,0],[-79.20728208,-4.00390467,0],[-79.20705151,-4.00421518,0],[-79.20636865,-4.00490392,0],[-79.20603198,-4.00525248,0],[-79.20589952,-4.00536105,0],[-79.20581466,-4.00549604,0],[-79.20576795,-4.00561077,0],[-79.20570088,-4.00594048,0],[-79.2056406,-4.0062717,0],[-79.20555301,-4.00655981,0],[-79.20543217,-4.00680238,0],[-79.20533171,-4.00698877,0],[-79.20525212,-4.00688692,0],[-79.20522383,-4.00674809,0],[-79.20515253,-4.00667257,0],[-79.2046017,-4.00635555,0],[-79.20432337,-4.00616952,0],[-79.2042247,-4.00608078,0],[-79.2041617,-4.00601724,0],[-79.20405533,-4.00601,0]]]]},"geometry_name":"geom","properties":{"id":3,"fid":3,"objectid":3,"subclasifi":"PARROQUIA URBANA","parroquia":"PUNZARA","cod_parroq":6,"shape_length":26062.07727205277,"shape_area":1.0533167085850494E7}},{"type":"Feature","id":"limites_parroquias_urbanas_ciudad_loja.4","geometry":{"type":"MultiPolygon","coordinates":[[[[-79.18670098,-3.98873848,0],[-79.18666287,-3.98873646,0],[-79.18661545,-3.98873395,0],[-79.18656475,-3.98874016,0],[-79.18650152,-3.98875151,0],[-79.18638934,-3.98878698,0],[-79.18626457,-3.98885768,0],[-79.18623409,-3.98888076,0],[-79.18618563,-3.98892605,0],[-79.18612056,-3.98899752,0],[-79.18593841,-3.9893259,0],[-79.18584578,-3.98952318,0],[-79.18581556,-3.989581,0],[-79.1857739,-3.98966075,0],[-79.18571648,-3.98977083,0],[-79.18567421,-3.98995294,0],[-79.18565258,-3.99004585,0],[-79.18555863,-3.99022549,0],[-79.18547365,-3.99038083,0],[-79.18545463,-3.99040479,0],[-79.18544205,-3.99042064,0],[-79.18544133,-3.99042145,0],[-79.18543429,-3.9904303,0],[-79.18543068,-3.99043472,0],[-79.18532269,-3.99057003,0],[-79.18531159,-3.99058456,0],[-79.18523508,-3.99065556,0],[-79.18516288,-3.99073099,0],[-79.18494651,-3.99114176,0],[-79.18491686,-3.99118774,0],[-79.18484586,-3.99129785,0],[-79.1847772,-3.99140433,0],[-79.18472978,-3.99147123,0],[-79.18465965,-3.99155065,0],[-79.18456857,-3.99165389,0],[-79.18448316,-3.99172062,0],[-79.18408576,-3.99203161,0],[-79.18373889,-3.99228775,0],[-79.18341741,-3.99252629,0],[-79.18323485,-3.99266205,0],[-79.18299524,-3.99283549,0],[-79.18282049,-3.99294768,0],[-79.18278546,-3.99296731,0],[-79.18270469,-3.99301257,0],[-79.18264641,-3.99304522,0],[-79.18258874,-3.99306463,0],[-79.18252805,-3.99306992,0],[-79.1824852,-3.9930644,0],[-79.18239005,-3.99305198,0],[-79.18235083,-3.99305656,0],[-79.1823107,-3.99306699,0],[-79.18227906,-3.99308296,0],[-79.18224948,-3.99310299,0],[-79.1822233,-3.99313435,0],[-79.18220315,-3.99316595,0],[-79.18219359,-3.99320238,0],[-79.18219193,-3.99327225,0],[-79.18220514,-3.99333257,0],[-79.1822317,-3.99338717,0],[-79.18226663,-3.9934284,0],[-79.18228386,-3.9934423,0],[-79.18229636,-3.99345239,0],[-79.18232731,-3.99346203,0],[-79.18237922,-3.9934698,0],[-79.18243119,-3.99346549,0],[-79.18246436,-3.9934579,0],[-79.18255027,-3.99341621,0],[-79.18263323,-3.99339055,0],[-79.18329642,-3.99341212,0],[-79.18337644,-3.99342378,0],[-79.18351082,-3.9934126,0],[-79.18359206,-3.99339735,0],[-79.18359691,-3.99339749,0],[-79.18360273,-3.99339535,0],[-79.18361664,-3.99339274,0],[-79.18371961,-3.99337,0],[-79.18377194,-3.99335323,0],[-79.18379971,-3.99334433,0],[-79.18389169,-3.99337263,0],[-79.18397625,-3.99338353,0],[-79.184016,-3.99337961,0],[-79.18423161,-3.99325382,0],[-79.18433959,-3.99314781,0],[-79.18438039,-3.99312867,0],[-79.18456362,-3.99304271,0],[-79.18457695,-3.99303646,0],[-79.18461941,-3.99300573,0],[-79.18462905,-3.99299609,0],[-79.18470734,-3.992904,0],[-79.18487653,-3.99276379,0],[-79.18489948,-3.99274914,0],[-79.18492134,-3.99273518,0],[-79.18502304,-3.99268264,0],[-79.1850312,-3.99267842,0],[-79.18526079,-3.99262408,0],[-79.18529716,-3.99261455,0],[-79.18541638,-3.99256696,0],[-79.18547074,-3.99255445,0],[-79.18549462,-3.99255586,0],[-79.18552299,-3.99255804,0],[-79.18558046,-3.99258862,0],[-79.18558104,-3.99258903,0],[-79.18562083,-3.9926176,0],[-79.18569462,-3.99264899,0],[-79.18577234,-3.99265853,0],[-79.18578359,-3.99265918,0],[-79.1857869,-3.99269728,0],[-79.18609653,-3.99448907,0],[-79.18571324,-3.99819274,0],[-79.18568769,-3.99956555,0],[-79.18601841,-3.9995702,0],[-79.18628475,-3.99958255,0],[-79.18652979,-3.99961693,0],[-79.18658317,-3.9996241,0],[-79.18665152,-3.99963836,0],[-79.18671707,-3.99964603,0],[-79.18679575,-3.99964338,0],[-79.18689673,-3.99962296,0],[-79.18701091,-3.99962734,0],[-79.1870947,-3.99965322,0],[-79.18721398,-3.9996963,0],[-79.18727993,-3.99972462,0],[-79.18735205,-3.99977038,0],[-79.1873864,-3.99979868,0],[-79.18740761,-3.99984458,0],[-79.18743028,-3.99991647,0],[-79.18743611,-4.00003263,0],[-79.18743126,-4.00016407,0],[-79.18738827,-4.00039253,0],[-79.18755934,-4.00046134,0],[-79.18764472,-4.00048796,0],[-79.18774759,-4.0005214,0],[-79.18783884,-4.00055118,0],[-79.18794084,-4.00058411,0],[-79.18804442,-4.00061599,0],[-79.18804875,-4.00052756,0],[-79.18806113,-4.00044863,0],[-79.18810134,-4.00042144,0],[-79.18818926,-4.00065283,0],[-79.1883363,-4.00103359,0],[-79.18836628,-4.00116741,0],[-79.18839419,-4.00135261,0],[-79.18869298,-4.00122715,0],[-79.18881505,-4.00117336,0],[-79.18895781,-4.00152699,0],[-79.18937238,-4.00136653,0],[-79.18964285,-4.00195517,0],[-79.19019804,-4.00172354,0],[-79.19023723,-4.00238987,0],[-79.1900055,-4.00238623,0],[-79.18992477,-4.00243325,0],[-79.19001944,-4.00259832,0],[-79.18984101,-4.00270474,0],[-79.18987301,-4.0027332,0],[-79.18989302,-4.00275388,0],[-79.18990075,-4.00276539,0],[-79.18992974,-4.00279699,0],[-79.19000863,-4.00288512,0],[-79.1900745,-4.00295091,0],[-79.1901049,-4.00297231,0],[-79.19013784,-4.00299078,0],[-79.19017997,-4.00300192,0],[-79.19023312,-4.00299835,0],[-79.19030648,-4.00297091,0],[-79.19045708,-4.00282034,0],[-79.19063439,-4.00260633,0],[-79.19068762,-4.00256596,0],[-79.19073532,-4.00254215,0],[-79.19078666,-4.00252754,0],[-79.19086366,-4.00251483,0],[-79.19101165,-4.00252595,0],[-79.191169,-4.0025874,0],[-79.1912905,-4.00267394,0],[-79.19129944,-4.00268142,0],[-79.19143744,-4.00279331,0],[-79.19164448,-4.00234632,0],[-79.19174607,-4.00226631,0],[-79.19192906,-4.00220345,0],[-79.19215391,-4.00248885,0],[-79.19219344,-4.00248073,0],[-79.19264256,-4.00238319,0],[-79.19310609,-4.00228253,0],[-79.19338241,-4.00263085,0],[-79.19344907,-4.00255323,0],[-79.19351184,-4.00253329,0],[-79.19361555,-4.00253496,0],[-79.19378845,-4.00256262,0],[-79.1939039,-4.00260046,0],[-79.19397363,-4.00246236,0],[-79.19412701,-4.00254627,0],[-79.19418958,-4.00258026,0],[-79.19429761,-4.00263896,0],[-79.19423559,-4.00272056,0],[-79.19420434,-4.00276537,0],[-79.19429762,-4.00290327,0],[-79.19458939,-4.00333463,0],[-79.19487101,-4.00352374,0],[-79.19499268,-4.00346508,0],[-79.19514736,-4.00339051,0],[-79.19524505,-4.00335601,0],[-79.19546475,-4.00330861,0],[-79.19552853,-4.00330318,0],[-79.1986258,-4.00348542,0],[-79.19879154,-4.00116442,0],[-79.19886704,-4.00010706,0],[-79.20471956,-4.00045707,0],[-79.20459899,-4.00145689,0],[-79.20405533,-4.00601,0],[-79.2041617,-4.00601724,0],[-79.2042247,-4.00608078,0],[-79.20432337,-4.00616952,0],[-79.2046017,-4.00635555,0],[-79.20515253,-4.00667257,0],[-79.20522383,-4.00674809,0],[-79.20525212,-4.00688692,0],[-79.20533171,-4.00698877,0],[-79.20543217,-4.00680238,0],[-79.20555301,-4.00655981,0],[-79.2056406,-4.0062717,0],[-79.20570088,-4.00594048,0],[-79.20576795,-4.00561077,0],[-79.20581466,-4.00549604,0],[-79.20589952,-4.00536105,0],[-79.20603198,-4.00525248,0],[-79.20636865,-4.00490392,0],[-79.20705151,-4.00421518,0],[-79.20728208,-4.00390467,0],[-79.2074306,-4.00353057,0],[-79.20747869,-4.00332731,0],[-79.2074993,-4.00316467,0],[-79.20752417,-4.00268264,0],[-79.20752509,-4.00265983,0],[-79.20754083,-4.00227092,0],[-79.20756192,-4.00157716,0],[-79.20767932,-4.00147868,0],[-79.20773328,-4.00140114,0],[-79.20777834,-4.0012932,0],[-79.20780326,-4.00117059,0],[-79.20791059,-4.00025587,0],[-79.20790881,-4.00004092,0],[-79.20787574,-3.9996831,0],[-79.20787865,-3.99931007,0],[-79.20790893,-3.9989549,0],[-79.20794224,-3.9986346,0],[-79.2070678,-3.99855657,0],[-79.20718439,-3.99765812,0],[-79.20725747,-3.99721079,0],[-79.20732629,-3.99702154,0],[-79.20739722,-3.99671346,0],[-79.20744409,-3.99642019,0],[-79.20751184,-3.99587257,0],[-79.20755195,-3.99528219,0],[-79.20759549,-3.9948125,0],[-79.20765849,-3.99475137,0],[-79.20775834,-3.99474787,0],[-79.20829763,-3.99502758,0],[-79.20854605,-3.99472174,0],[-79.20786072,-3.99443243,0],[-79.20774798,-3.99440805,0],[-79.20764815,-3.99440226,0],[-79.20751495,-3.99443725,0],[-79.20701353,-3.99460141,0],[-79.20690817,-3.99458632,0],[-79.20570456,-3.9945614,0],[-79.20553823,-3.99452576,0],[-79.20539333,-3.99451504,0],[-79.20539357,-3.99451302,0],[-79.20559772,-3.99265091,0],[-79.20565108,-3.99213954,0],[-79.20563206,-3.99181851,0],[-79.20532199,-3.99117792,0],[-79.20508382,-3.99063525,0],[-79.20479594,-3.99017419,0],[-79.20467685,-3.98998642,0],[-79.20458754,-3.98984372,0],[-79.20452061,-3.98971232,0],[-79.20446858,-3.9895997,0],[-79.2044463,-3.98953965,0],[-79.20441281,-3.98948707,0],[-79.20436063,-3.98944196,0],[-79.2043047,-3.98940433,0],[-79.20426436,-3.98938485,0],[-79.2042189,-3.98936289,0],[-79.20408462,-3.9892951,0],[-79.20400258,-3.98924242,0],[-79.20390193,-3.98916344,0],[-79.2038013,-3.98907322,0],[-79.2037193,-3.98900554,0],[-79.20357586,-3.98885334,0],[-79.20349766,-3.98875567,0],[-79.20344179,-3.98868805,0],[-79.20336449,-3.98860537,0],[-79.20342254,-3.9887391,0],[-79.20346427,-3.98887044,0],[-79.20347157,-3.98889343,0],[-79.20347406,-3.98892429,0],[-79.20347805,-3.9889736,0],[-79.20348714,-3.98908613,0],[-79.20348227,-3.98917987,0],[-79.20344922,-3.98934855,0],[-79.20341633,-3.98945161,0],[-79.203346,-3.98959677,0],[-79.20325702,-3.98972783,0],[-79.2031541,-3.98983542,0],[-79.20305351,-3.98994067,0],[-79.20296932,-3.99002018,0],[-79.20288051,-3.99007623,0],[-79.20279167,-3.99014635,0],[-79.20271216,-3.99022118,0],[-79.20264198,-3.99029603,0],[-79.20244091,-3.99045966,0],[-79.20222114,-3.99063731,0],[-79.20204343,-3.99079161,0],[-79.20187037,-3.9909553,0],[-79.20168328,-3.99113302,0],[-79.20148802,-3.99137038,0],[-79.2011189,-3.99133245,0],[-79.20064258,-3.99121608,0],[-79.19990187,-3.99094918,0],[-79.19979656,-3.99091123,0],[-79.19931232,-3.99134609,0],[-79.19872816,-3.99229756,0],[-79.1986245,-3.99208709,0],[-79.19817402,-3.99202274,0],[-79.19788819,-3.99203699,0],[-79.19744739,-3.99223624,0],[-79.1972635,-3.99225703,0],[-79.19639551,-3.99224662,0],[-79.19633913,-3.9921446,0],[-79.19635009,-3.99206862,0],[-79.19649991,-3.99194566,0],[-79.19677695,-3.99177344,0],[-79.19695631,-3.9916039,0],[-79.19704498,-3.99143729,0],[-79.19715446,-3.99127812,0],[-79.19727636,-3.99115509,0],[-79.19752404,-3.99094684,0],[-79.19759666,-3.99080657,0],[-79.19762911,-3.99060424,0],[-79.19783884,-3.98979074,0],[-79.19790794,-3.98963182,0],[-79.19801263,-3.98950029,0],[-79.19788156,-3.98941578,0],[-79.19741743,-3.98964299,0],[-79.19709224,-3.98973719,0],[-79.19621454,-3.98981935,0],[-79.19553213,-3.98971709,0],[-79.19505614,-3.98973804,0],[-79.19127624,-3.99062108,0],[-79.19127472,-3.99065655,0],[-79.1912723,-3.9907184,0],[-79.19126145,-3.99107166,0],[-79.19125648,-3.99116481,0],[-79.19125506,-3.99119287,0],[-79.19124808,-3.99133684,0],[-79.19124502,-3.9913995,0],[-79.19122577,-3.99152249,0],[-79.19100414,-3.99144743,0],[-79.19090406,-3.99143107,0],[-79.19081227,-3.99143795,0],[-79.19076937,-3.99143869,0],[-79.19054969,-3.99145158,0],[-79.19037258,-3.99146787,0],[-79.19037218,-3.99146791,0],[-79.19027374,-3.99147696,0],[-79.19021261,-3.99148259,0],[-79.19003927,-3.99150119,0],[-79.18989912,-3.9914937,0],[-79.18981403,-3.99149279,0],[-79.18973179,-3.99149189,0],[-79.18962666,-3.99149669,0],[-79.18924726,-3.99152001,0],[-79.18901415,-3.99152304,0],[-79.18871481,-3.99153036,0],[-79.18831392,-3.99153922,0],[-79.18817805,-3.99154373,0],[-79.18805909,-3.99154072,0],[-79.18826355,-3.9912172,0],[-79.18830617,-3.99113991,0],[-79.18800503,-3.99095935,0],[-79.1878621,-3.99078814,0],[-79.1877431,-3.99059899,0],[-79.18762065,-3.99030867,0],[-79.18756495,-3.99017661,0],[-79.1875437,-3.99011551,0],[-79.18741397,-3.98974262,0],[-79.18721266,-3.98920387,0],[-79.18717723,-3.98915062,0],[-79.18713651,-3.98910133,0],[-79.18709093,-3.98905654,0],[-79.18704097,-3.98901673,0],[-79.18698718,-3.98898232,0],[-79.18693014,-3.98895369,0],[-79.18687045,-3.98893114,0],[-79.18681701,-3.98891709,0],[-79.18680875,-3.98891492,0],[-79.18680832,-3.98891486,0],[-79.18670098,-3.98873848,0]]]]},"geometry_name":"geom","properties":{"id":4,"fid":4,"objectid":4,"subclasifi":"PARROQUIA URBANA","parroquia":"SAGRARIO","cod_parroq":1,"shape_length":11701.578252350397,"shape_area":3056482.632473942}},{"type":"Feature","id":"limites_parroquias_urbanas_ciudad_loja.5","geometry":{"type":"MultiPolygon","coordinates":[[[[-79.2240546,-3.93538264,0],[-79.22391638,-3.93522939,0],[-79.22338986,-3.93464564,0],[-79.22328479,-3.93468496,0],[-79.22302403,-3.93471739,0],[-79.22254023,-3.93470669,0],[-79.22127739,-3.93485583,0],[-79.22091602,-3.93484147,0],[-79.22012054,-3.93477317,0],[-79.21999204,-3.934755,0],[-79.22002346,-3.93447026,0],[-79.22007317,-3.93401985,0],[-79.22014956,-3.93332541,0],[-79.22015045,-3.93290254,0],[-79.22013284,-3.93220867,0],[-79.22008163,-3.93147594,0],[-79.22011853,-3.93063515,0],[-79.22024559,-3.93007487,0],[-79.21853969,-3.93008895,0],[-79.21840309,-3.93009166,0],[-79.21779443,-3.93010372,0],[-79.21772181,-3.93017138,0],[-79.21759754,-3.93039329,0],[-79.21747634,-3.93039773,0],[-79.21733739,-3.93043512,0],[-79.21753835,-3.93296923,0],[-79.21766577,-3.9329635,0],[-79.21759607,-3.93379318,0],[-79.21748327,-3.93379122,0],[-79.21741493,-3.93438526,0],[-79.21720225,-3.9343924,0],[-79.21682905,-3.93443663,0],[-79.21661475,-3.93448654,0],[-79.21639887,-3.9345586,0],[-79.21639617,-3.9345598,0],[-79.21615393,-3.93466712,0],[-79.21603461,-3.93472004,0],[-79.21585237,-3.93476477,0],[-79.2150482,-3.93488177,0],[-79.2149879,-3.93488356,0],[-79.21493439,-3.93488514,0],[-79.21479646,-3.93488747,0],[-79.21473937,-3.93488997,0],[-79.21461455,-3.93490534,0],[-79.21458036,-3.93489379,0],[-79.21456227,-3.93491074,0],[-79.21435931,-3.93489801,0],[-79.21413752,-3.93490449,0],[-79.21402846,-3.93489612,0],[-79.21392738,-3.93488522,0],[-79.21388478,-3.93488063,0],[-79.21381285,-3.9348774,0],[-79.21381282,-3.93488769,0],[-79.21381269,-3.93494974,0],[-79.21375414,-3.9349414,0],[-79.21369919,-3.93493358,0],[-79.21361386,-3.93492462,0],[-79.21350026,-3.93491272,0],[-79.21342547,-3.93492083,0],[-79.21340995,-3.93492252,0],[-79.21335158,-3.93492885,0],[-79.21303948,-3.93490675,0],[-79.21298793,-3.93488817,0],[-79.21289715,-3.93485545,0],[-79.2128035,-3.93482161,0],[-79.21275052,-3.93479834,0],[-79.21263849,-3.93474914,0],[-79.2126361,-3.93474809,0],[-79.21260982,-3.93469966,0],[-79.2124841,-3.93467452,0],[-79.21243256,-3.93452168,0],[-79.21242238,-3.93448368,0],[-79.21238658,-3.93446769,0],[-79.21226695,-3.93441435,0],[-79.21219327,-3.93441542,0],[-79.21216362,-3.93441585,0],[-79.21210793,-3.93438627,0],[-79.2120462,-3.93432065,0],[-79.21204433,-3.93431866,0],[-79.21200497,-3.93427689,0],[-79.21196497,-3.93420238,0],[-79.21194504,-3.93417584,0],[-79.21192579,-3.93417029,0],[-79.21189001,-3.93414263,0],[-79.21181158,-3.93414843,0],[-79.21179934,-3.93414813,0],[-79.21172022,-3.93415456,0],[-79.21159795,-3.93416451,0],[-79.21151874,-3.93413182,0],[-79.2112521,-3.93402181,0],[-79.21121643,-3.93402902,0],[-79.21114858,-3.93404274,0],[-79.21111492,-3.93404954,0],[-79.21094584,-3.93404827,0],[-79.2107785,-3.93403109,0],[-79.21066708,-3.93405663,0],[-79.21050016,-3.93405364,0],[-79.21042291,-3.93403669,0],[-79.21042127,-3.93414399,0],[-79.2104116,-3.93419289,0],[-79.21042806,-3.9344226,0],[-79.21047531,-3.93455825,0],[-79.2106464,-3.93481276,0],[-79.21105808,-3.93520161,0],[-79.21106546,-3.93520539,0],[-79.21135783,-3.93502168,0],[-79.21174635,-3.93492965,0],[-79.2120698,-3.93499183,0],[-79.21217616,-3.9350182,0],[-79.21230084,-3.93502931,0],[-79.21288343,-3.93549988,0],[-79.21299812,-3.93550061,0],[-79.21307953,-3.9355022,0],[-79.21319502,-3.93551411,0],[-79.21325866,-3.93552067,0],[-79.21330646,-3.93552565,0],[-79.21343779,-3.93553914,0],[-79.21358137,-3.935554,0],[-79.21361692,-3.9355577,0],[-79.21379605,-3.93557617,0],[-79.21387257,-3.93558284,0],[-79.21397537,-3.93559183,0],[-79.21407271,-3.93560396,0],[-79.2140978,-3.93560708,0],[-79.21411281,-3.93560895,0],[-79.21433874,-3.93563719,0],[-79.21436709,-3.93564331,0],[-79.21441695,-3.93565255,0],[-79.21446385,-3.93565772,0],[-79.21451183,-3.93566099,0],[-79.21446454,-3.93579761,0],[-79.21444468,-3.93585432,0],[-79.21437794,-3.93604491,0],[-79.21430996,-3.93613212,0],[-79.21419047,-3.93630632,0],[-79.2145333,-3.9364018,0],[-79.21459898,-3.93643065,0],[-79.21464751,-3.93646521,0],[-79.21466173,-3.93649969,0],[-79.21466734,-3.93654851,0],[-79.21466728,-3.93657722,0],[-79.21466095,-3.93686431,0],[-79.21497762,-3.93677647,0],[-79.21492557,-3.93814796,0],[-79.21482689,-3.94074789,0],[-79.21274906,-3.94448804,0],[-79.21275388,-3.94435754,0],[-79.21274244,-3.94413621,0],[-79.21271616,-3.94389092,0],[-79.21267422,-3.94380447,0],[-79.21263784,-3.94376015,0],[-79.21260317,-3.94371792,0],[-79.21252547,-3.94362327,0],[-79.21217281,-3.94329923,0],[-79.2119911,-3.94374834,0],[-79.2119801,-3.94377552,0],[-79.21169053,-3.94438597,0],[-79.21169972,-3.94440762,0],[-79.21164803,-3.94453916,0],[-79.21150671,-3.9449039,0],[-79.21139251,-3.94529674,0],[-79.21132664,-3.94557655,0],[-79.21120655,-3.94582098,0],[-79.2111605,-3.94592969,0],[-79.21108818,-3.94610041,0],[-79.21092379,-3.94638996,0],[-79.21073288,-3.94657193,0],[-79.2106693,-3.94673316,0],[-79.21022262,-3.9475023,0],[-79.21016586,-3.94760004,0],[-79.21015317,-3.94762679,0],[-79.21015453,-3.94764656,0],[-79.21014987,-3.94767747,0],[-79.21014371,-3.94769617,0],[-79.21012287,-3.94775789,0],[-79.21009639,-3.94784428,0],[-79.21017227,-3.94810849,0],[-79.21021671,-3.94812341,0],[-79.21024434,-3.94813052,0],[-79.21028287,-3.9481344,0],[-79.21031133,-3.94813085,0],[-79.21033736,-3.94812367,0],[-79.210358,-3.94811277,0],[-79.21047233,-3.94803869,0],[-79.21054959,-3.94795367,0],[-79.21062331,-3.94787255,0],[-79.21066979,-3.94782146,0],[-79.21068883,-3.94780053,0],[-79.21082926,-3.94764602,0],[-79.21090161,-3.94757918,0],[-79.21093984,-3.94756231,0],[-79.2110402,-3.94756402,0],[-79.21100088,-3.9476348,0],[-79.2106974,-3.94818106,0],[-79.21018339,-3.94910629,0],[-79.20861543,-3.95195843,0],[-79.20850549,-3.95215843,0],[-79.20843954,-3.95227838,0],[-79.20822206,-3.95225685,0],[-79.20803037,-3.95224063,0],[-79.20782248,-3.95223292,0],[-79.20758283,-3.95217914,0],[-79.2072233,-3.95207308,0],[-79.20705685,-3.95196883,0],[-79.20707079,-3.95203798,0],[-79.20707082,-3.95203813,0],[-79.207106,-3.95223761,0],[-79.20713228,-3.95242141,0],[-79.20712062,-3.95252666,0],[-79.20705169,-3.95267771,0],[-79.20691214,-3.95287646,0],[-79.20642475,-3.95353765,0],[-79.20641938,-3.95354644,0],[-79.20635161,-3.95364274,0],[-79.20455944,-3.95337563,0],[-79.20447054,-3.95541289,0],[-79.20414868,-3.95610398,0],[-79.20431588,-3.95785704,0],[-79.20386885,-3.95826419,0],[-79.20331439,-3.9587692,0],[-79.20312165,-3.95894474,0],[-79.20311873,-3.9589475,0],[-79.20004713,-3.96184209,0],[-79.20000971,-3.96187736,0],[-79.19970107,-3.96230306,0],[-79.19951863,-3.96223717,0],[-79.19929253,-3.96214098,0],[-79.19907825,-3.9620807,0],[-79.19898276,-3.96217619,0],[-79.19889889,-3.96240329,0],[-79.1988984,-3.96263058,0],[-79.19877877,-3.96286957,0],[-79.19861354,-3.96290238,0],[-79.19854044,-3.96291689,0],[-79.1982546,-3.96290431,0],[-79.19792814,-3.96298121,0],[-79.19787857,-3.96287532,0],[-79.19778908,-3.9627913,0],[-79.19767521,-3.96272375,0],[-79.19753719,-3.96265077,0],[-79.19743962,-3.96259395,0],[-79.19735556,-3.96249475,0],[-79.19724607,-3.96235653,0],[-79.19718878,-3.9622247,0],[-79.19716074,-3.96216016,0],[-79.19710594,-3.96198019,0],[-79.19702537,-3.96171557,0],[-79.19665704,-3.96163119,0],[-79.1963714,-3.96156576,0],[-79.19641504,-3.96141448,0],[-79.19645631,-3.96123264,0],[-79.19633854,-3.9613163,0],[-79.19630301,-3.96133015,0],[-79.19628288,-3.96133801,0],[-79.19620806,-3.96136719,0],[-79.19609832,-3.96140032,0],[-79.19589946,-3.96142855,0],[-79.19586107,-3.96144501,0],[-79.19576916,-3.96151625,0],[-79.19559506,-3.96167013,0],[-79.19550801,-3.96178505,0],[-79.19549476,-3.96179406,0],[-79.19538924,-3.96183615,0],[-79.19510746,-3.96194232,0],[-79.19507635,-3.96196323,0],[-79.19492963,-3.96206506,0],[-79.19488483,-3.96210156,0],[-79.19482742,-3.96214169,0],[-79.19478354,-3.96216888,0],[-79.19477679,-3.96217306,0],[-79.19466879,-3.96222451,0],[-79.19457027,-3.96226521,0],[-79.19453182,-3.96228953,0],[-79.19446227,-3.9623519,0],[-79.19442932,-3.9623758,0],[-79.19440754,-3.9623916,0],[-79.19432883,-3.96243415,0],[-79.19422035,-3.96248966,0],[-79.19401156,-3.96254074,0],[-79.19399475,-3.96254486,0],[-79.1939597,-3.96255343,0],[-79.19385629,-3.96257626,0],[-79.19377579,-3.9626184,0],[-79.19366821,-3.96277587,0],[-79.19363923,-3.96283052,0],[-79.19359896,-3.96290647,0],[-79.19352212,-3.96304854,0],[-79.19351789,-3.96321391,0],[-79.19348697,-3.96335617,0],[-79.1934294,-3.96341754,0],[-79.19331835,-3.96342887,0],[-79.19319951,-3.96346704,0],[-79.19301924,-3.96360128,0],[-79.19278533,-3.96376227,0],[-79.19265492,-3.96386579,0],[-79.19252073,-3.96391939,0],[-79.19247839,-3.96401542,0],[-79.19235942,-3.96415359,0],[-79.19228226,-3.96439956,0],[-79.19217465,-3.96457628,0],[-79.19202097,-3.96481819,0],[-79.19187124,-3.96498325,0],[-79.19188462,-3.96615834,0],[-79.19181467,-3.96669735,0],[-79.19179571,-3.96684344,0],[-79.19177949,-3.96696839,0],[-79.19124392,-3.96699241,0],[-79.19112494,-3.96697966,0],[-79.19100454,-3.96696676,0],[-79.19068401,-3.96692611,0],[-79.1902538,-3.96686867,0],[-79.18972781,-3.96679844,0],[-79.18959637,-3.96678089,0],[-79.18957034,-3.96681682,0],[-79.1895513,-3.96685756,0],[-79.1895505,-3.96686433,0],[-79.18954465,-3.96691372,0],[-79.18954464,-3.96691385,0],[-79.18952818,-3.96705288,0],[-79.1895494,-3.96713244,0],[-79.18955586,-3.96715667,0],[-79.18958501,-3.96726592,0],[-79.18961856,-3.96739166,0],[-79.18962588,-3.96741913,0],[-79.18965797,-3.96753942,0],[-79.18966995,-3.96758432,0],[-79.18975405,-3.96770507,0],[-79.18976857,-3.96772591,0],[-79.18987557,-3.96778933,0],[-79.1899928,-3.96818374,0],[-79.18999319,-3.96818504,0],[-79.18999618,-3.96819512,0],[-79.1900806,-3.96881256,0],[-79.19020776,-3.96931843,0],[-79.19024724,-3.96941344,0],[-79.19021047,-3.97010226,0],[-79.19019189,-3.9704504,0],[-79.19063076,-3.97049708,0],[-79.19069656,-3.97050408,0],[-79.19141205,-3.97058018,0],[-79.19184273,-3.970626,0],[-79.19220387,-3.97066441,0],[-79.19247428,-3.97145087,0],[-79.19230841,-3.97230136,0],[-79.19314646,-3.97295301,0],[-79.19303084,-3.97311951,0],[-79.19298575,-3.97323375,0],[-79.19173218,-3.97640963,0],[-79.19173461,-3.97708297,0],[-79.19173514,-3.97722984,0],[-79.19173613,-3.97750389,0],[-79.19175557,-3.98290184,0],[-79.19176448,-3.98537686,0],[-79.19174027,-3.98537518,0],[-79.19155936,-3.98536257,0],[-79.19125608,-3.98534145,0],[-79.1905928,-3.98536296,0],[-79.18995789,-3.98635682,0],[-79.18981268,-3.98652493,0],[-79.18965995,-3.98664709,0],[-79.18955174,-3.98674857,0],[-79.18924789,-3.98682992,0],[-79.18813056,-3.98768784,0],[-79.18779077,-3.9878484,0],[-79.18764,-3.98791965,0],[-79.18692133,-3.98825066,0],[-79.1867484,-3.98866564,0],[-79.18671629,-3.98874269,0],[-79.18670098,-3.98873848,0],[-79.18680832,-3.98891486,0],[-79.18680875,-3.98891492,0],[-79.18681701,-3.98891709,0],[-79.18687045,-3.98893114,0],[-79.18693014,-3.98895369,0],[-79.18698718,-3.98898232,0],[-79.18704097,-3.98901673,0],[-79.18709093,-3.98905654,0],[-79.18713651,-3.98910133,0],[-79.18717723,-3.98915062,0],[-79.18721266,-3.98920387,0],[-79.18741397,-3.98974262,0],[-79.1875437,-3.99011551,0],[-79.18756495,-3.99017661,0],[-79.18762065,-3.99030867,0],[-79.1877431,-3.99059899,0],[-79.1878621,-3.99078814,0],[-79.18800503,-3.99095935,0],[-79.18830617,-3.99113991,0],[-79.18826355,-3.9912172,0],[-79.18805909,-3.99154072,0],[-79.18817805,-3.99154373,0],[-79.18831392,-3.99153922,0],[-79.18871481,-3.99153036,0],[-79.18901415,-3.99152304,0],[-79.18924726,-3.99152001,0],[-79.18962666,-3.99149669,0],[-79.18973179,-3.99149189,0],[-79.18981403,-3.99149279,0],[-79.18989912,-3.9914937,0],[-79.19003927,-3.99150119,0],[-79.19021261,-3.99148259,0],[-79.19027374,-3.99147696,0],[-79.19037218,-3.99146791,0],[-79.19037258,-3.99146787,0],[-79.19054969,-3.99145158,0],[-79.19076937,-3.99143869,0],[-79.19081227,-3.99143795,0],[-79.19090406,-3.99143107,0],[-79.19100414,-3.99144743,0],[-79.19122577,-3.99152249,0],[-79.19124502,-3.9913995,0],[-79.19124808,-3.99133684,0],[-79.19125506,-3.99119287,0],[-79.19125648,-3.99116481,0],[-79.19126145,-3.99107166,0],[-79.1912723,-3.9907184,0],[-79.19127472,-3.99065655,0],[-79.19127624,-3.99062108,0],[-79.19505614,-3.98973804,0],[-79.19553213,-3.98971709,0],[-79.19621454,-3.98981935,0],[-79.19709224,-3.98973719,0],[-79.19741743,-3.98964299,0],[-79.19788156,-3.98941578,0],[-79.19801263,-3.98950029,0],[-79.19790794,-3.98963182,0],[-79.19783884,-3.98979074,0],[-79.19762911,-3.99060424,0],[-79.19759666,-3.99080657,0],[-79.19752404,-3.99094684,0],[-79.19727636,-3.99115509,0],[-79.19715446,-3.99127812,0],[-79.19704498,-3.99143729,0],[-79.19695631,-3.9916039,0],[-79.19677695,-3.99177344,0],[-79.19649991,-3.99194566,0],[-79.19635009,-3.99206862,0],[-79.19633913,-3.9921446,0],[-79.19639551,-3.99224662,0],[-79.1972635,-3.99225703,0],[-79.19744739,-3.99223624,0],[-79.19788819,-3.99203699,0],[-79.19817402,-3.99202274,0],[-79.1986245,-3.99208709,0],[-79.19872816,-3.99229756,0],[-79.19931232,-3.99134609,0],[-79.19979656,-3.99091123,0],[-79.19990187,-3.99094918,0],[-79.20064258,-3.99121608,0],[-79.2011189,-3.99133245,0],[-79.20148802,-3.99137038,0],[-79.20168328,-3.99113302,0],[-79.20187037,-3.9909553,0],[-79.20204343,-3.99079161,0],[-79.20222114,-3.99063731,0],[-79.20244091,-3.99045966,0],[-79.20264198,-3.99029603,0],[-79.20271216,-3.99022118,0],[-79.20279167,-3.99014635,0],[-79.20288051,-3.99007623,0],[-79.20296932,-3.99002018,0],[-79.20305351,-3.98994067,0],[-79.2031541,-3.98983542,0],[-79.20325702,-3.98972783,0],[-79.203346,-3.98959677,0],[-79.20341633,-3.98945161,0],[-79.20344922,-3.98934855,0],[-79.20348227,-3.98917987,0],[-79.20348714,-3.98908613,0],[-79.20347805,-3.9889736,0],[-79.20347406,-3.98892429,0],[-79.20347157,-3.98889343,0],[-79.20346427,-3.98887044,0],[-79.20342254,-3.9887391,0],[-79.20336449,-3.98860537,0],[-79.20334359,-3.98855611,0],[-79.20327856,-3.98841065,0],[-79.20321821,-3.98825582,0],[-79.20315321,-3.9880963,0],[-79.20310678,-3.9879837,0],[-79.20302091,-3.98776084,0],[-79.20296523,-3.98760603,0],[-79.20289562,-3.98742306,0],[-79.20283063,-3.98725416,0],[-79.2027889,-3.9871275,0],[-79.20276123,-3.98697275,0],[-79.20273818,-3.98684145,0],[-79.20267788,-3.98666318,0],[-79.20260363,-3.98646614,0],[-79.20256193,-3.98632073,0],[-79.20252023,-3.98618001,0],[-79.20249248,-3.98606276,0],[-79.2024392,-3.98587748,0],[-79.20239285,-3.98572737,0],[-79.20234194,-3.98553038,0],[-79.20230487,-3.98540373,0],[-79.20228647,-3.98527713,0],[-79.20227292,-3.98507084,0],[-79.20227796,-3.98489741,0],[-79.20227814,-3.98481772,0],[-79.20228293,-3.98476148,0],[-79.20230687,-3.98448027,0],[-79.20233075,-3.98423188,0],[-79.20234971,-3.98410066,0],[-79.20240386,-3.98388281,0],[-79.20246986,-3.98358294,0],[-79.20253595,-3.98324089,0],[-79.20261606,-3.98288949,0],[-79.20268195,-3.98264119,0],[-79.20271977,-3.98242095,0],[-79.20273412,-3.9822616,0],[-79.20274371,-3.98214443,0],[-79.20276515,-3.98194057,0],[-79.20277952,-3.98177184,0],[-79.20277994,-3.98157965,0],[-79.20277565,-3.9814062,0],[-79.20277114,-3.98133119,0],[-79.20276682,-3.9811718,0],[-79.20275774,-3.98105459,0],[-79.20274409,-3.98089049,0],[-79.20272572,-3.98075451,0],[-79.20270271,-3.98059976,0],[-79.20269368,-3.98045911,0],[-79.20270329,-3.98033257,0],[-79.2027222,-3.98022479,0],[-79.20274809,-3.98012407,0],[-79.20281845,-3.97996484,0],[-79.20291228,-3.97974473,0],[-79.2030062,-3.97948242,0],[-79.20308135,-3.97926696,0],[-79.20311888,-3.97918266,0],[-79.20313772,-3.97910301,0],[-79.20314249,-3.97905614,0],[-79.20314281,-3.97890614,0],[-79.20312457,-3.97870922,0],[-79.20308285,-3.97857787,0],[-79.20302253,-3.97840899,0],[-79.20297144,-3.97829168,0],[-79.20287153,-3.97808755,0],[-79.20270429,-3.97772155,0],[-79.20252295,-3.97739771,0],[-79.20234622,-3.977102,0],[-79.2022253,-3.97690017,0],[-79.20214164,-3.97673591,0],[-79.20210453,-3.97662802,0],[-79.20211162,-3.97647357,0],[-79.20212381,-3.9763468,0],[-79.20214962,-3.97628357,0],[-79.20223871,-3.97609626,0],[-79.20242622,-3.97572635,0],[-79.20260898,-3.97539392,0],[-79.20277784,-3.97500991,0],[-79.20287168,-3.9747851,0],[-79.20293779,-3.9746564,0],[-79.20317054,-3.97401987,0],[-79.20353382,-3.97325196,0],[-79.20390906,-3.97252645,0],[-79.20421142,-3.97205499,0],[-79.20445964,-3.97154105,0],[-79.20479253,-3.97088808,0],[-79.2052398,-3.97029588,0],[-79.20581929,-3.96987345,0],[-79.20642278,-3.96950555,0],[-79.20727301,-3.96887897,0],[-79.20777327,-3.96856156,0],[-79.20835044,-3.96839008,0],[-79.20866321,-3.96820108,0],[-79.20885551,-3.96796511,0],[-79.20919832,-3.96740969,0],[-79.20942453,-3.96651234,0],[-79.209455,-3.96625431,0],[-79.20955761,-3.96594731,0],[-79.20961453,-3.96581589,0],[-79.20965085,-3.96566831,0],[-79.20971778,-3.96546806,0],[-79.20990214,-3.96481106,0],[-79.21015678,-3.96435686,0],[-79.21036255,-3.96417448,0],[-79.21050771,-3.96407662,0],[-79.2106857,-3.96404187,0],[-79.21086329,-3.96404226,0],[-79.21100264,-3.96399194,0],[-79.21112796,-3.96389301,0],[-79.21172731,-3.96350311,0],[-79.21208521,-3.96312137,0],[-79.21224089,-3.96267942,0],[-79.21231652,-3.96230388,0],[-79.2123612,-3.962082,0],[-79.21256857,-3.96172996,0],[-79.21269476,-3.96165523,0],[-79.21283956,-3.96160398,0],[-79.21296093,-3.96159955,0],[-79.21311962,-3.96160458,0],[-79.21327361,-3.96162367,0],[-79.21339026,-3.96164267,0],[-79.21349758,-3.96165697,0],[-79.21358161,-3.96165246,0],[-79.21367497,-3.96164797,0],[-79.21378703,-3.96162947,0],[-79.21415173,-3.9615463,0],[-79.21434549,-3.96145562,0],[-79.2145769,-3.96116536,0],[-79.21466132,-3.96089262,0],[-79.21465097,-3.96047439,0],[-79.21454861,-3.9600424,0],[-79.21415723,-3.95926898,0],[-79.21427404,-3.95900466,0],[-79.21469511,-3.95888732,0],[-79.21490914,-3.95882876,0],[-79.21555354,-3.95894933,0],[-79.21586836,-3.95903823,0],[-79.2161205,-3.95839885,0],[-79.21588266,-3.95748119,0],[-79.21582915,-3.95705296,0],[-79.21611397,-3.95644398,0],[-79.21620649,-3.95612735,0],[-79.21623526,-3.95574642,0],[-79.21631979,-3.95543378,0],[-79.21652394,-3.95520563,0],[-79.21681976,-3.95505386,0],[-79.21734653,-3.95437972,0],[-79.21764102,-3.95434404,0],[-79.21841133,-3.95402926,0],[-79.21949454,-3.95341861,0],[-79.21952463,-3.95319393,0],[-79.21949633,-3.95297748,0],[-79.21926735,-3.95180364,0],[-79.21928649,-3.9509432,0],[-79.21945322,-3.95046019,0],[-79.21966038,-3.94985918,0],[-79.21970216,-3.94963116,0],[-79.22003945,-3.94897125,0],[-79.22025477,-3.94869227,0],[-79.22028357,-3.94830359,0],[-79.22020615,-3.94796463,0],[-79.22020169,-3.94788567,0],[-79.22019715,-3.94780523,0],[-79.22018378,-3.94750988,0],[-79.22017956,-3.94729892,0],[-79.22017425,-3.94718756,0],[-79.22017062,-3.9471114,0],[-79.22016615,-3.9470804,0],[-79.22014763,-3.94695197,0],[-79.2201199,-3.94682065,0],[-79.22010122,-3.94680234,0],[-79.21986372,-3.94656962,0],[-79.21958447,-3.94614432,0],[-79.21927526,-3.94563988,0],[-79.21926842,-3.94558342,0],[-79.21916399,-3.94472118,0],[-79.219156,-3.94465521,0],[-79.21919188,-3.94433318,0],[-79.21931348,-3.94412818,0],[-79.21939048,-3.94402588,0],[-79.21943051,-3.94397269,0],[-79.21992782,-3.94377202,0],[-79.22023495,-3.94351255,0],[-79.22051998,-3.94305729,0],[-79.22061823,-3.94294968,0],[-79.22081814,-3.94269625,0],[-79.22101978,-3.94233568,0],[-79.22112665,-3.94179441,0],[-79.22110291,-3.94147782,0],[-79.22108171,-3.94119513,0],[-79.22113341,-3.94102649,0],[-79.22118665,-3.94090498,0],[-79.22119907,-3.94087662,0],[-79.22129738,-3.94074089,0],[-79.22140495,-3.94063799,0],[-79.22153536,-3.94053367,0],[-79.22156859,-3.94050709,0],[-79.22164259,-3.94042012,0],[-79.22219441,-3.93977155,0],[-79.22253006,-3.93968386,0],[-79.22275399,-3.9392749,0],[-79.2229843,-3.93872176,0],[-79.22303146,-3.93849216,0],[-79.22311854,-3.9381478,0],[-79.22312614,-3.93809994,0],[-79.22317058,-3.93781977,0],[-79.22321314,-3.93755735,0],[-79.22326493,-3.93734652,0],[-79.22330725,-3.93720129,0],[-79.22337137,-3.93705395,0],[-79.22344813,-3.93691779,0],[-79.2235172,-3.9367989,0],[-79.22362586,-3.93662538,0],[-79.22377344,-3.93636084,0],[-79.22387177,-3.93621573,0],[-79.22391887,-3.93611887,0],[-79.22395146,-3.93605183,0],[-79.22403589,-3.93585982,0],[-79.22406422,-3.93570518,0],[-79.22406129,-3.93561752,0],[-79.22405983,-3.93557392,0],[-79.22405618,-3.93551707,0],[-79.22405079,-3.93543327,0],[-79.2240546,-3.93538264,0]]]]},"geometry_name":"geom","properties":{"id":5,"fid":5,"objectid":5,"subclasifi":"PARROQUIA URBANA","parroquia":"EL VALLE","cod_parroq":4,"shape_length":22755.179767272715,"shape_area":8362784.271313274}},{"type":"Feature","id":"limites_parroquias_urbanas_ciudad_loja.6","geometry":{"type":"MultiPolygon","coordinates":[[[[-79.22293421,-3.93427327,0],[-79.22338986,-3.93464564,0],[-79.22391638,-3.93522939,0],[-79.2240546,-3.93538264,0],[-79.22405079,-3.93543327,0],[-79.22405618,-3.93551707,0],[-79.22405983,-3.93557392,0],[-79.22406129,-3.93561752,0],[-79.22406422,-3.93570519,0],[-79.22403589,-3.93585982,0],[-79.22395146,-3.93605183,0],[-79.22387177,-3.93621573,0],[-79.22377344,-3.93636084,0],[-79.22362586,-3.93662538,0],[-79.2235172,-3.9367989,0],[-79.22344813,-3.93691779,0],[-79.22337137,-3.93705395,0],[-79.22330725,-3.93720129,0],[-79.22326493,-3.93734652,0],[-79.22321314,-3.93755735,0],[-79.22317058,-3.93781977,0],[-79.22312614,-3.93809994,0],[-79.22311854,-3.9381478,0],[-79.22303146,-3.93849216,0],[-79.2229843,-3.93872176,0],[-79.22275399,-3.9392749,0],[-79.22253006,-3.93968386,0],[-79.22219441,-3.93977155,0],[-79.22164259,-3.94042012,0],[-79.22156859,-3.94050709,0],[-79.22153536,-3.94053367,0],[-79.22140495,-3.94063799,0],[-79.22129738,-3.94074089,0],[-79.22119907,-3.94087662,0],[-79.22118665,-3.94090498,0],[-79.22113341,-3.94102649,0],[-79.22108171,-3.94119513,0],[-79.22110291,-3.94147782,0],[-79.22112665,-3.94179441,0],[-79.22101978,-3.94233568,0],[-79.22081814,-3.94269625,0],[-79.22061823,-3.94294968,0],[-79.22051998,-3.94305729,0],[-79.22023495,-3.94351255,0],[-79.21992782,-3.94377202,0],[-79.21943051,-3.94397269,0],[-79.21939048,-3.94402588,0],[-79.21931348,-3.94412818,0],[-79.21919188,-3.94433318,0],[-79.219156,-3.94465521,0],[-79.21916399,-3.94472118,0],[-79.21926842,-3.94558342,0],[-79.21927526,-3.94563988,0],[-79.21958447,-3.94614432,0],[-79.21986372,-3.94656962,0],[-79.22010122,-3.94680234,0],[-79.2201199,-3.94682065,0],[-79.22014763,-3.94695197,0],[-79.22016615,-3.9470804,0],[-79.22017062,-3.9471114,0],[-79.22017425,-3.94718756,0],[-79.22017956,-3.94729892,0],[-79.22018378,-3.94750988,0],[-79.22019715,-3.94780523,0],[-79.22020169,-3.94788567,0],[-79.22020615,-3.94796463,0],[-79.22028357,-3.94830359,0],[-79.22025477,-3.94869227,0],[-79.22003945,-3.94897125,0],[-79.21970216,-3.94963116,0],[-79.21966038,-3.94985918,0],[-79.21945322,-3.95046019,0],[-79.21928649,-3.9509432,0],[-79.21926735,-3.95180364,0],[-79.21949633,-3.95297748,0],[-79.21952463,-3.95319393,0],[-79.21949454,-3.95341861,0],[-79.21841133,-3.95402926,0],[-79.21764102,-3.95434404,0],[-79.21734653,-3.95437972,0],[-79.21681976,-3.95505386,0],[-79.21652394,-3.95520563,0],[-79.21631979,-3.95543378,0],[-79.21623526,-3.95574642,0],[-79.21620649,-3.95612735,0],[-79.21611397,-3.95644398,0],[-79.21582915,-3.95705296,0],[-79.21588266,-3.95748119,0],[-79.2161205,-3.95839885,0],[-79.21586836,-3.95903823,0],[-79.21555354,-3.95894933,0],[-79.21490914,-3.95882876,0],[-79.21469511,-3.95888732,0],[-79.21427404,-3.95900466,0],[-79.21415723,-3.95926898,0],[-79.21454861,-3.9600424,0],[-79.21465097,-3.96047439,0],[-79.21466132,-3.96089262,0],[-79.2145769,-3.96116536,0],[-79.21434549,-3.96145562,0],[-79.21415173,-3.9615463,0],[-79.21378703,-3.96162947,0],[-79.21367497,-3.96164797,0],[-79.21358161,-3.96165246,0],[-79.21349758,-3.96165697,0],[-79.21339026,-3.96164267,0],[-79.21327361,-3.96162367,0],[-79.21311962,-3.96160458,0],[-79.21296093,-3.96159955,0],[-79.21283956,-3.96160398,0],[-79.21269476,-3.96165523,0],[-79.21256857,-3.96172996,0],[-79.2123612,-3.962082,0],[-79.21231652,-3.96230388,0],[-79.21224089,-3.96267942,0],[-79.21208521,-3.96312137,0],[-79.21172731,-3.96350311,0],[-79.21112796,-3.96389301,0],[-79.21100264,-3.96399194,0],[-79.21086329,-3.96404226,0],[-79.2106857,-3.96404187,0],[-79.21050771,-3.96407662,0],[-79.21036255,-3.96417448,0],[-79.21015678,-3.96435686,0],[-79.20990214,-3.96481106,0],[-79.20971778,-3.96546806,0],[-79.20965085,-3.96566831,0],[-79.20961453,-3.96581589,0],[-79.20955761,-3.96594731,0],[-79.209455,-3.96625431,0],[-79.20942453,-3.96651234,0],[-79.20919832,-3.96740969,0],[-79.20885551,-3.96796511,0],[-79.20866321,-3.96820108,0],[-79.20835044,-3.96839008,0],[-79.20777327,-3.96856156,0],[-79.20727301,-3.96887897,0],[-79.20740498,-3.96906363,0],[-79.20799129,-3.96981885,0],[-79.20803374,-3.96987353,0],[-79.20828516,-3.97007416,0],[-79.20858319,-3.97005445,0],[-79.20897898,-3.9701149,0],[-79.20955541,-3.97023672,0],[-79.21039304,-3.97149277,0],[-79.21098093,-3.9723779,0],[-79.21156149,-3.97323517,0],[-79.21204984,-3.97398082,0],[-79.21266176,-3.97487343,0],[-79.21324151,-3.97580995,0],[-79.21355666,-3.97628065,0],[-79.21372771,-3.97653691,0],[-79.21383139,-3.9766865,0],[-79.21391442,-3.97676606,0],[-79.21399232,-3.97681636,0],[-79.21406297,-3.97684576,0],[-79.21408449,-3.97685213,0],[-79.21413053,-3.97686575,0],[-79.21417419,-3.9768742,0],[-79.21423294,-3.97687714,0],[-79.21498471,-3.9768936,0],[-79.2149826,-3.97683101,0],[-79.21498361,-3.976768,0],[-79.21498859,-3.97669796,0],[-79.21499662,-3.97663716,0],[-79.21500551,-3.97658166,0],[-79.2150299,-3.97646495,0],[-79.21506712,-3.97632933,0],[-79.21509217,-3.97625563,0],[-79.21550106,-3.97518578,0],[-79.21562235,-3.97486937,0],[-79.21566448,-3.97475948,0],[-79.21600071,-3.97388229,0],[-79.21615176,-3.97356221,0],[-79.21627016,-3.97331597,0],[-79.2163701,-3.9731918,0],[-79.21655102,-3.97296703,0],[-79.21670682,-3.9727348,0],[-79.2167501,-3.9726012,0],[-79.21679326,-3.97238548,0],[-79.21796657,-3.97283583,0],[-79.21828751,-3.97296649,0],[-79.21866966,-3.97310656,0],[-79.2187759,-3.97313464,0],[-79.21887753,-3.97316271,0],[-79.21896993,-3.97317684,0],[-79.21908545,-3.97318869,0],[-79.21919405,-3.97319589,0],[-79.21933848,-3.9731962,0],[-79.21955339,-3.97320131,0],[-79.21981889,-3.97320652,0],[-79.2200225,-3.97320232,0],[-79.22014849,-3.97318171,0],[-79.22019016,-3.97317483,0],[-79.22024056,-3.9731665,0],[-79.22044946,-3.97311305,0],[-79.22074005,-3.97297407,0],[-79.22091827,-3.97284401,0],[-79.22101346,-3.97275746,0],[-79.22106489,-3.9727107,0],[-79.22116354,-3.97261152,0],[-79.22129974,-3.97243363,0],[-79.22140461,-3.97225912,0],[-79.22147989,-3.97202307,0],[-79.22151336,-3.97181896,0],[-79.22156948,-3.97138273,0],[-79.22161636,-3.97101376,0],[-79.22165505,-3.97071432,0],[-79.22171465,-3.97042088,0],[-79.2218048,-3.97022204,0],[-79.2220271,-3.96993054,0],[-79.222293,-3.96976215,0],[-79.22251958,-3.96968299,0],[-79.22276939,-3.96967279,0],[-79.22300064,-3.96970357,0],[-79.22604444,-3.9701091,0],[-79.22627189,-3.97027834,0],[-79.22644396,-3.97039478,0],[-79.22660745,-3.97059141,0],[-79.22679561,-3.97104768,0],[-79.22706347,-3.97157799,0],[-79.22713004,-3.97189471,0],[-79.22732681,-3.97225603,0],[-79.22734054,-3.97271403,0],[-79.22724913,-3.97320558,0],[-79.22745271,-3.9743098,0],[-79.22744407,-3.97442164,0],[-79.22738911,-3.97457137,0],[-79.22717807,-3.97495753,0],[-79.22686514,-3.97532413,0],[-79.22724087,-3.97609635,0],[-79.22733178,-3.97602426,0],[-79.22745292,-3.97596166,0],[-79.22757191,-3.97593363,0],[-79.22771587,-3.9759308,0],[-79.22783474,-3.9759562,0],[-79.22795773,-3.9760057,0],[-79.22856727,-3.97634331,0],[-79.22878601,-3.97649884,0],[-79.22937224,-3.97700612,0],[-79.22954058,-3.97713879,0],[-79.23116392,-3.97856894,0],[-79.2321394,-3.97955867,0],[-79.23261572,-3.98008363,0],[-79.23330379,-3.98092189,0],[-79.23362253,-3.98130279,0],[-79.23365644,-3.98134331,0],[-79.23401598,-3.98176958,0],[-79.23443249,-3.9821674,0],[-79.23475769,-3.98239038,0],[-79.23514937,-3.98257221,0],[-79.23534842,-3.98261817,0],[-79.23540156,-3.98263302,0],[-79.2362936,-3.98283641,0],[-79.23696761,-3.98297296,0],[-79.23751153,-3.98308315,0],[-79.23784581,-3.98315088,0],[-79.2387729,-3.98119766,0],[-79.23900389,-3.980711,0],[-79.23911685,-3.98047302,0],[-79.24351295,-3.97121097,0],[-79.24744632,-3.96292353,0],[-79.24757693,-3.96299527,0],[-79.24760044,-3.962999,0],[-79.24763932,-3.96300733,0],[-79.2481792,-3.96319259,0],[-79.24839907,-3.96326804,0],[-79.24846149,-3.96328945,0],[-79.24867073,-3.96336125,0],[-79.24868094,-3.96335735,0],[-79.25069391,-3.96258937,0],[-79.25095685,-3.96198205,0],[-79.25135912,-3.96105294,0],[-79.25165037,-3.96038025,0],[-79.2526878,-3.96091714,0],[-79.25282063,-3.96095556,0],[-79.25313728,-3.96104715,0],[-79.25330652,-3.9610828,0],[-79.25347704,-3.96111872,0],[-79.25378924,-3.96118448,0],[-79.25386265,-3.96119939,0],[-79.25419916,-3.96126772,0],[-79.2560061,-3.96100883,0],[-79.25633885,-3.96086223,0],[-79.25634233,-3.96086075,0],[-79.25634252,-3.96086068,0],[-79.25694802,-3.96061397,0],[-79.25721638,-3.96049026,0],[-79.25759109,-3.96031753,0],[-79.25759554,-3.96031558,0],[-79.25812953,-3.9600924,0],[-79.2581355,-3.96009008,0],[-79.25814023,-3.96008846,0],[-79.25850397,-3.95997146,0],[-79.25850551,-3.95997097,0],[-79.25856096,-3.95993183,0],[-79.2592654,-3.95943466,0],[-79.25933144,-3.95938806,0],[-79.25954672,-3.95922291,0],[-79.26003717,-3.9588467,0],[-79.26004434,-3.9588412,0],[-79.2602814,-3.95866314,0],[-79.25961939,-3.95831854,0],[-79.25960708,-3.95831213,0],[-79.25899667,-3.95857115,0],[-79.25825536,-3.95897935,0],[-79.25822838,-3.95898482,0],[-79.25807683,-3.95901555,0],[-79.25780831,-3.9590689,0],[-79.25749437,-3.9591263,0],[-79.25724949,-3.95917817,0],[-79.25710458,-3.95928684,0],[-79.25661186,-3.95956289,0],[-79.25609711,-3.95985127,0],[-79.25408302,-3.96058201,0],[-79.25383891,-3.96055568,0],[-79.25381149,-3.96053858,0],[-79.25377324,-3.96050657,0],[-79.25371513,-3.96042494,0],[-79.2536614,-3.96023572,0],[-79.25364189,-3.96010543,0],[-79.25363253,-3.96004292,0],[-79.25359946,-3.95985122,0],[-79.25356734,-3.95967992,0],[-79.25355974,-3.95963934,0],[-79.25355962,-3.95963887,0],[-79.25349344,-3.95914527,0],[-79.2541356,-3.95865947,0],[-79.25360947,-3.95774773,0],[-79.25332696,-3.95762079,0],[-79.25318532,-3.95757554,0],[-79.25307621,-3.95751857,0],[-79.25283604,-3.95738269,0],[-79.25274353,-3.95730105,0],[-79.25265358,-3.95719661,0],[-79.25250383,-3.9569824,0],[-79.25231717,-3.95679133,0],[-79.2523085,-3.95678332,0],[-79.25230113,-3.95677751,0],[-79.25218623,-3.95669321,0],[-79.25215714,-3.95666095,0],[-79.25208632,-3.95658237,0],[-79.25199162,-3.95644863,0],[-79.25192045,-3.95615106,0],[-79.25190914,-3.95610374,0],[-79.25186653,-3.95571939,0],[-79.25193944,-3.95515832,0],[-79.25208713,-3.9548389,0],[-79.25219967,-3.95434755,0],[-79.25244916,-3.95357112,0],[-79.25288181,-3.95283118,0],[-79.25274517,-3.95256767,0],[-79.25254429,-3.95218193,0],[-79.25279629,-3.95165096,0],[-79.25295338,-3.95131994,0],[-79.2534819,-3.95020632,0],[-79.25039285,-3.94824233,0],[-79.24436271,-3.94440838,0],[-79.24432403,-3.94438379,0],[-79.24427876,-3.94435501,0],[-79.24355823,-3.94389689,0],[-79.24354522,-3.94385305,0],[-79.24318525,-3.94263982,0],[-79.24324272,-3.94249639,0],[-79.2433287,-3.9423913,0],[-79.24338628,-3.94220002,0],[-79.24342512,-3.94185558,0],[-79.24349244,-3.94155904,0],[-79.24349322,-3.94118977,0],[-79.24342116,-3.94112811,0],[-79.24341724,-3.94112554,0],[-79.24340538,-3.94111776,0],[-79.24332504,-3.94106508,0],[-79.24331522,-3.94105864,0],[-79.24329484,-3.94104527,0],[-79.24327572,-3.94103273,0],[-79.24311936,-3.94089545,0],[-79.24310804,-3.94087895,0],[-79.24310612,-3.94087478,0],[-79.24309837,-3.94085791,0],[-79.24309234,-3.94084114,0],[-79.24308257,-3.94081399,0],[-79.2429988,-3.94053077,0],[-79.24298262,-3.94045417,0],[-79.24279832,-3.94035216,0],[-79.24277294,-3.94033811,0],[-79.24276159,-3.94033183,0],[-79.24274614,-3.94032184,0],[-79.24274446,-3.9403204,0],[-79.24273954,-3.94031617,0],[-79.24259926,-3.94007989,0],[-79.24259761,-3.9400747,0],[-79.24258338,-3.9400299,0],[-79.24258061,-3.94002119,0],[-79.24257382,-3.93999983,0],[-79.24256002,-3.93995638,0],[-79.24244386,-3.93979582,0],[-79.24243313,-3.9397867,0],[-79.24242729,-3.93978174,0],[-79.24240355,-3.93976158,0],[-79.2421079,-3.93959108,0],[-79.24207939,-3.93957737,0],[-79.24205544,-3.93956585,0],[-79.24202845,-3.93955287,0],[-79.24188196,-3.93947172,0],[-79.24177208,-3.93937673,0],[-79.24175655,-3.9393609,0],[-79.24174865,-3.93934949,0],[-79.24174294,-3.93934125,0],[-79.24159289,-3.93908583,0],[-79.24156489,-3.93905405,0],[-79.24153123,-3.93901587,0],[-79.24148228,-3.93896032,0],[-79.24147311,-3.93895261,0],[-79.241073,-3.93860962,0],[-79.24106505,-3.93860087,0],[-79.24105863,-3.93859251,0],[-79.24098215,-3.93848449,0],[-79.24089525,-3.93841874,0],[-79.24075311,-3.93837066,0],[-79.24073724,-3.93836277,0],[-79.24072253,-3.93835287,0],[-79.24070924,-3.93834112,0],[-79.24026334,-3.93835413,0],[-79.2401259,-3.93836129,0],[-79.24011863,-3.93836147,0],[-79.24009398,-3.93835913,0],[-79.23991773,-3.93832421,0],[-79.23968956,-3.93827476,0],[-79.23950445,-3.93821236,0],[-79.23920675,-3.93807374,0],[-79.23895501,-3.93799976,0],[-79.23871486,-3.93797053,0],[-79.23859598,-3.93795606,0],[-79.2382397,-3.93792912,0],[-79.23786116,-3.93792832,0],[-79.2378459,-3.93792828,0],[-79.23767693,-3.93795319,0],[-79.23764869,-3.93795735,0],[-79.23764866,-3.93795736,0],[-79.23749423,-3.93798012,0],[-79.23745838,-3.93798632,0],[-79.23743987,-3.93799075,0],[-79.23742105,-3.93799621,0],[-79.23736168,-3.93801594,0],[-79.23734482,-3.93802155,0],[-79.23724479,-3.9380548,0],[-79.23667007,-3.93799179,0],[-79.23659425,-3.93799163,0],[-79.23649322,-3.93799142,0],[-79.23637959,-3.93802229,0],[-79.23637333,-3.93802383,0],[-79.23633146,-3.93803307,0],[-79.2362783,-3.93804481,0],[-79.23625127,-3.93805078,0],[-79.23603351,-3.93785966,0],[-79.23600821,-3.93779112,0],[-79.23594498,-3.93775283,0],[-79.23589693,-3.93773894,0],[-79.23575317,-3.93773863,0],[-79.23569829,-3.93773852,0],[-79.23565381,-3.93773842,0],[-79.23558343,-3.93773827,0],[-79.2352273,-3.93774207,0],[-79.23522105,-3.93773482,0],[-79.23521988,-3.93773346,0],[-79.23521894,-3.93773237,0],[-79.23521864,-3.93773195,0],[-79.23521818,-3.93773146,0],[-79.23500007,-3.93733384,0],[-79.23498396,-3.93728822,0],[-79.23497343,-3.93727017,0],[-79.2349576,-3.93724301,0],[-79.23494177,-3.93721584,0],[-79.23491011,-3.93716152,0],[-79.23490263,-3.93714869,0],[-79.23480913,-3.93708853,0],[-79.2347026,-3.93708117,0],[-79.23463257,-3.93712684,0],[-79.23462193,-3.93713378,0],[-79.23460552,-3.93714449,0],[-79.23458048,-3.93716082,0],[-79.23432702,-3.93726897,0],[-79.2342048,-3.93731861,0],[-79.23420009,-3.93732042,0],[-79.23419505,-3.93732214,0],[-79.23399363,-3.9373864,0],[-79.2338994,-3.93741708,0],[-79.23374452,-3.93745984,0],[-79.23342677,-3.93745518,0],[-79.23337742,-3.9374238,0],[-79.23326516,-3.93745237,0],[-79.23314738,-3.93750007,0],[-79.2330688,-3.93756328,0],[-79.23299881,-3.93759739,0],[-79.23293396,-3.93761609,0],[-79.23285038,-3.93762447,0],[-79.23285031,-3.93762446,0],[-79.23280513,-3.93761379,0],[-79.23276145,-3.93757975,0],[-79.23271681,-3.93752572,0],[-79.23266321,-3.93748166,0],[-79.23260956,-3.93745758,0],[-79.23256383,-3.93745149,0],[-79.23256377,-3.93745151,0],[-79.23252104,-3.93746938,0],[-79.23247823,-3.93749126,0],[-79.23243241,-3.93752811,0],[-79.23240554,-3.93754004,0],[-79.23238318,-3.93755562,0],[-79.23236045,-3.93757429,0],[-79.23231662,-3.93760757,0],[-79.23228412,-3.93764413,0],[-79.23222972,-3.93769529,0],[-79.2321794,-3.93772693,0],[-79.23215912,-3.93773746,0],[-79.23213803,-3.93774637,0],[-79.23213779,-3.93774638,0],[-79.2321048,-3.93774793,0],[-79.23210456,-3.93774793,0],[-79.23207562,-3.93774787,0],[-79.23207538,-3.93774787,0],[-79.23203105,-3.93774858,0],[-79.23203081,-3.93774859,0],[-79.23200187,-3.93774852,0],[-79.23200164,-3.93774852,0],[-79.2319573,-3.93774762,0],[-79.23195725,-3.93774762,0],[-79.2319184,-3.93774998,0],[-79.23191816,-3.93774997,0],[-79.23189166,-3.93774911,0],[-79.23184548,-3.93774331,0],[-79.23178317,-3.93773807,0],[-79.23178296,-3.93773807,0],[-79.23178293,-3.93773807,0],[-79.23171257,-3.93773895,0],[-79.23164858,-3.93772661,0],[-79.23159353,-3.93769869,0],[-79.23153845,-3.93768487,0],[-79.23144043,-3.93766594,0],[-79.23144019,-3.93766593,0],[-79.23138775,-3.93766338,0],[-79.23138751,-3.93766338,0],[-79.23135372,-3.93766331,0],[-79.23132535,-3.93766488,0],[-79.23130184,-3.93766646,0],[-79.2313018,-3.93766644,0],[-79.23127107,-3.93765581,0],[-79.23121113,-3.93764103,0],[-79.23115443,-3.93762951,0],[-79.23106614,-3.93760409,0],[-79.2309973,-3.93758523,0],[-79.23099706,-3.93758523,0],[-79.23094462,-3.93758512,0],[-79.23091057,-3.937594,0],[-79.23086031,-3.93759959,0],[-79.23080357,-3.93760516,0],[-79.23075006,-3.93761237,0],[-79.23074982,-3.93761237,0],[-79.23070468,-3.93761228,0],[-79.2306269,-3.93760153,0],[-79.23056458,-3.93756477,0],[-79.23052249,-3.93753945,0],[-79.23049498,-3.93751741,0],[-79.23045616,-3.93748071,0],[-79.23044975,-3.93744325,0],[-79.23045792,-3.9374156,0],[-79.2304766,-3.93739366,0],[-79.2304871,-3.93738247,0],[-79.23051559,-3.9373521,0],[-79.23054475,-3.93731349,0],[-79.23056005,-3.93729291,0],[-79.23061289,-3.93721651,0],[-79.23063485,-3.93717749,0],[-79.23063007,-3.93713841,0],[-79.23061235,-3.93708628,0],[-79.23060922,-3.93703418,0],[-79.23061258,-3.93697884,0],[-79.23059894,-3.93691126,0],[-79.23058518,-3.93684418,0],[-79.23055632,-3.93675608,0],[-79.23054504,-3.93669303,0],[-79.23053422,-3.93665966,0],[-79.23051819,-3.9366341,0],[-79.23050463,-3.93661183,0],[-79.23048734,-3.93660562,0],[-79.23047709,-3.9366057,0],[-79.23047684,-3.9366057,0],[-79.23047104,-3.93661369,0],[-79.23046479,-3.93662566,0],[-79.23044578,-3.93663407,0],[-79.23040451,-3.93664256,0],[-79.23035354,-3.93664245,0],[-79.23028532,-3.93661945,0],[-79.23022278,-3.93659931,0],[-79.23014033,-3.93657485,0],[-79.2300357,-3.93651712,0],[-79.22992293,-3.93644697,0],[-79.22988745,-3.93639718,0],[-79.22987981,-3.93635366,0],[-79.22989227,-3.93631329,0],[-79.22991554,-3.93628382,0],[-79.22993155,-3.93627818,0],[-79.22999449,-3.93625602,0],[-79.23007469,-3.9362531,0],[-79.23007478,-3.9362531,0],[-79.23009301,-3.93625444,0],[-79.23016131,-3.93625949,0],[-79.23016135,-3.93625947,0],[-79.23016155,-3.93625949,0],[-79.23023895,-3.93623635,0],[-79.23029788,-3.93616345,0],[-79.23030885,-3.93609823,0],[-79.23028733,-3.93603448,0],[-79.2302511,-3.93598926,0],[-79.23020399,-3.93594264,0],[-79.23016055,-3.93592118,0],[-79.2301358,-3.93590895,0],[-79.23013423,-3.93590723,0],[-79.23018289,-3.93568266,0],[-79.23019587,-3.93562274,0],[-79.2302567,-3.93550894,0],[-79.23035663,-3.9354728,0],[-79.23058707,-3.93549714,0],[-79.23070225,-3.93551442,0],[-79.23085871,-3.93553789,0],[-79.23121606,-3.93558079,0],[-79.23170915,-3.93492627,0],[-79.23198989,-3.93455361,0],[-79.23322687,-3.93291162,0],[-79.23238222,-3.93218878,0],[-79.23230946,-3.93212652,0],[-79.23223146,-3.93220195,0],[-79.23178922,-3.93219587,0],[-79.23143462,-3.93219101,0],[-79.23120958,-3.93216831,0],[-79.23117636,-3.93216496,0],[-79.23084101,-3.93213185,0],[-79.23073004,-3.93213478,0],[-79.23051221,-3.9321691,0],[-79.23042876,-3.93215889,0],[-79.2303382,-3.93204747,0],[-79.2302961,-3.93149866,0],[-79.22963923,-3.93180259,0],[-79.22936841,-3.93192791,0],[-79.22936602,-3.93196087,0],[-79.22935405,-3.93212644,0],[-79.22948917,-3.93244254,0],[-79.22952434,-3.93270818,0],[-79.2295305,-3.93284273,0],[-79.22927577,-3.93369485,0],[-79.22883507,-3.93516905,0],[-79.2288348,-3.93516912,0],[-79.22872795,-3.93522327,0],[-79.22862268,-3.93526345,0],[-79.22853782,-3.93526636,0],[-79.22843893,-3.93521799,0],[-79.22836941,-3.93517279,0],[-79.22829215,-3.93513223,0],[-79.22822106,-3.93510101,0],[-79.22815767,-3.93508223,0],[-79.22815743,-3.93508223,0],[-79.22808652,-3.93508208,0],[-79.22808628,-3.93508208,0],[-79.22806799,-3.9350825,0],[-79.22802464,-3.9350835,0],[-79.22793176,-3.93511126,0],[-79.22786512,-3.93517171,0],[-79.22784507,-3.93519353,0],[-79.22782123,-3.93521947,0],[-79.2278124,-3.93522909,0],[-79.22779781,-3.93525896,0],[-79.22778133,-3.93529272,0],[-79.22776418,-3.93535638,0],[-79.22776354,-3.93537367,0],[-79.22776224,-3.93540877,0],[-79.2277609,-3.93544493,0],[-79.22776534,-3.93553971,0],[-79.22777126,-3.93566246,0],[-79.2277587,-3.93575099,0],[-79.22774,-3.93581465,0],[-79.22769506,-3.93585339,0],[-79.22763469,-3.93587036,0],[-79.22763445,-3.93587035,0],[-79.22757127,-3.93587022,0],[-79.22752336,-3.93584837,0],[-79.22749571,-3.9357582,0],[-79.22746799,-3.93570065,0],[-79.22741548,-3.93565704,0],[-79.22740401,-3.9356523,0],[-79.22738148,-3.93564299,0],[-79.22738124,-3.93564299,0],[-79.22732424,-3.93564286,0],[-79.22725926,-3.93565049,0],[-79.22720973,-3.93566437,0],[-79.22717723,-3.93567052,0],[-79.22713077,-3.93569372,0],[-79.22703016,-3.93572147,0],[-79.22702999,-3.93572145,0],[-79.22696985,-3.93571513,0],[-79.22693896,-3.93568865,0],[-79.22692823,-3.93564513,0],[-79.22692066,-3.93556743,0],[-79.22689608,-3.93548503,0],[-79.22685907,-3.93542902,0],[-79.22679575,-3.93538253,0],[-79.22670768,-3.93533082,0],[-79.22662076,-3.93528681,0],[-79.22653074,-3.93528072,0],[-79.22653068,-3.93528073,0],[-79.22643704,-3.93529917,0],[-79.22638188,-3.93532955,0],[-79.22633189,-3.93536483,0],[-79.22631616,-3.93539527,0],[-79.22631118,-3.93543949,0],[-79.22632765,-3.93551521,0],[-79.22632746,-3.9356076,0],[-79.22634004,-3.9356725,0],[-79.22635753,-3.9357325,0],[-79.22635744,-3.93577673,0],[-79.22634467,-3.93579734,0],[-79.22631039,-3.93581103,0],[-79.22631022,-3.935811,0],[-79.22626735,-3.93580308,0],[-79.22622531,-3.93577841,0],[-79.22618822,-3.93573116,0],[-79.22615217,-3.93565736,0],[-79.22611602,-3.93562681,0],[-79.22607008,-3.93560017,0],[-79.22601339,-3.93556663,0],[-79.22591855,-3.93552416,0],[-79.22574845,-3.93543337,0],[-79.22569765,-3.93538707,0],[-79.2256342,-3.93531026,0],[-79.22555222,-3.93520491,0],[-79.22553631,-3.93518861,0],[-79.22549362,-3.93514483,0],[-79.22548673,-3.93514003,0],[-79.22546528,-3.93512511,0],[-79.2254312,-3.935113,0],[-79.22543198,-3.93511274,0],[-79.22522901,-3.93475958,0],[-79.22523567,-3.93475393,0],[-79.22522049,-3.93474475,0],[-79.22518467,-3.93472309,0],[-79.22509638,-3.9346697,0],[-79.22495378,-3.93451627,0],[-79.22481547,-3.93458297,0],[-79.22480351,-3.93453923,0],[-79.22473037,-3.93427176,0],[-79.22464975,-3.93409454,0],[-79.22467866,-3.93394148,0],[-79.22473124,-3.93386025,0],[-79.22479815,-3.93375991,0],[-79.22483636,-3.93371692,0],[-79.2248441,-3.933669,0],[-79.2248535,-3.93361079,0],[-79.22485567,-3.93359734,0],[-79.22482731,-3.93349201,0],[-79.22479511,-3.93340159,0],[-79.2247869,-3.93337852,0],[-79.22478468,-3.93337229,0],[-79.22482298,-3.93328624,0],[-79.22470864,-3.93328121,0],[-79.22465633,-3.93323803,0],[-79.22487131,-3.93296096,0],[-79.22508191,-3.93250205,0],[-79.22508203,-3.93249065,0],[-79.22508791,-3.93191829,0],[-79.22511014,-3.93180885,0],[-79.22512354,-3.93174288,0],[-79.22513229,-3.93169977,0],[-79.22507982,-3.93154321,0],[-79.22506823,-3.93150866,0],[-79.22503884,-3.93144104,0],[-79.2249537,-3.93132762,0],[-79.22495269,-3.93132627,0],[-79.22491474,-3.93127573,0],[-79.22489429,-3.93124849,0],[-79.22390231,-3.93085679,0],[-79.22367383,-3.93076657,0],[-79.22366037,-3.93075937,0],[-79.22360731,-3.93073099,0],[-79.2235926,-3.93072313,0],[-79.22350715,-3.93067743,0],[-79.22343907,-3.93064102,0],[-79.22339672,-3.93061837,0],[-79.22339355,-3.93067936,0],[-79.22338874,-3.93077209,0],[-79.22338633,-3.93081859,0],[-79.22338082,-3.93092457,0],[-79.22337281,-3.93105282,0],[-79.2233666,-3.9311523,0],[-79.2233608,-3.93124513,0],[-79.22335671,-3.93131068,0],[-79.22334926,-3.93142981,0],[-79.22335407,-3.93148929,0],[-79.22336298,-3.93159954,0],[-79.22337023,-3.93168915,0],[-79.22337898,-3.93179736,0],[-79.22339976,-3.93188162,0],[-79.22341748,-3.93195343,0],[-79.22343944,-3.93204248,0],[-79.22344258,-3.93210149,0],[-79.22344832,-3.93220949,0],[-79.2234541,-3.93231813,0],[-79.22344053,-3.93239219,0],[-79.22342326,-3.9324865,0],[-79.2233475,-3.93257308,0],[-79.22331627,-3.93260877,0],[-79.22326931,-3.93263811,0],[-79.22319415,-3.93268506,0],[-79.22256861,-3.9328981,0],[-79.22237012,-3.93303548,0],[-79.22218623,-3.93347914,0],[-79.22224666,-3.93373957,0],[-79.22233771,-3.93393882,0],[-79.22283186,-3.93420846,0],[-79.22290116,-3.93424627,0],[-79.22293421,-3.93427327,0]]]]},"geometry_name":"geom","properties":{"id":6,"fid":6,"objectid":6,"subclasifi":"PARROQUIA URBANA","parroquia":"CARIGAN","cod_parroq":5,"shape_length":23539.433453070626,"shape_area":1.5465057191922553E7}}],"totalFeatures":6,"numberMatched":6,"numberReturned":6,"timeStamp":"2026-09-19T19:47:37.323Z","crs":{"type":"name","properties":{"name":"urn:ogc:def:crs:EPSG::4326"}}}